Date,AAPL,AMZN,GOOGL,JPM,META,MSFT,NVDA,TSLA,UNH,XOM
2015-01-05,-0.02857631034773542,-0.02073069374229033,-0.0192377727866284,-0.031537403555098695,-0.016191468323693236,-0.009238151041848558,-0.01703469669947156,-0.042950328828715974,-0.01660854983304207,-0.027743337151428623
2015-01-06,9.466957524229821e-05,-0.02309805250552857,-0.02498905599234736,-0.02627099199559671,-0.01356506876427609,-0.014785796379460389,-0.03078710269944319,0.005648255842151179,-0.002019924919479349,-0.00533022904741473
2015-01-07,0.013924564329509484,0.010543956937772861,-0.0029454082097529165,0.0015248593438025061,0.0,0.012624977652827933,-0.0026090350345603953,-0.0015631517125408972,0.01015854695067275,0.010081532390781437
2015-01-08,0.037702738133212246,0.006812759380520335,0.0034781759652170448,0.02210022143631407,0.026308889301047078,0.02899362405508125,0.036927275539847794,-0.00156553106269541,0.04662905740517964,0.016507801331682434
2015-01-09,0.001071693476356291,-0.011818170381278284,-0.012286440349785925,-0.01753998333307593,-0.0056439789170755405,-0.008440398021280198,0.004020064607870587,-0.01898062692006783,-0.009403962442440428,-0.001410739030507535
2015-01-12,-0.024949259377591876,-0.018765211590182393,-0.0073363714242494354,-0.008631443002066102,-0.013207283852238311,-0.01258155709328054,-0.01261703410522591,-0.021768130883067914,-0.011344532434428258,-0.01940506268011129
2015-01-13,0.00883958690124662,0.011362407445480715,0.009490966735545744,0.00016979914905226973,-0.0035258295959590845,-0.005163174024665999,-0.0015245013198339893,0.010037948528329803,0.005058119816533279,-0.0036602468190574024
2015-01-14,-0.0038179016542779737,-0.004999968410075042,0.008196612463896484,-0.035109334427999773,-0.0022260660540954005,-0.008666086891176235,0.004060561926160395,-0.05826208511535263,0.002519093732202374,-0.0028931154669130416
2015-01-15,-0.027515190903359254,-0.021785701035730624,-0.0038020410698972958,-0.03256164450613426,-0.029670072129235524,-0.010498372230975304,-0.0071173168577356545,-0.0042646091303445875,0.010876504536997471,-0.008729698373975445
2015-01-16,-0.007800483743051348,0.013121402610751216,0.01271608596289899,0.016949906400513505,0.015144568376262046,0.016572499802239134,0.018200864396043657,0.006234752215779189,0.012462579879666058,0.023990719645782217
2015-01-20,0.025430832420645474,-0.004481346448052067,-0.0010192839055020344,-0.003941082904184449,0.014000996617807697,0.0032388279705005112,0.003001518705846745,-0.005922112022732375,-0.0014190501578637792,-0.0003292164872514817
2015-01-21,0.007605748770187269,0.0266255183222718,0.02028551006482818,0.0032256090215258366,0.0065369997001875,-0.010183385502728149,0.013888877572103357,0.023887916243012904,0.034431674309579774,0.008526432928075561
2015-01-22,0.025682700782166775,0.04303046145131587,0.03197798843093893,0.02996387641313543,0.011788466624317881,0.02600894957358892,0.01709485745479362,0.025366093948943954,0.04060218292245435,0.010826066043115208
2015-01-23,0.005146906407711266,0.006648407611927956,0.008617294114867998,-0.01592764661533274,0.0023153975992094345,0.0010602178608396465,0.0029011301312070817,-0.0016380356186696048,-0.01638287099093878,-0.021550873161758535
2015-01-26,0.0010613594860187545,-0.008777508890486037,-0.009697202599354896,0.0015863204463310507,-0.004249082126774652,-0.0036093938021394384,-0.00435555184359798,0.025795883487268887,-0.003487988119620937,0.009526810718524278
2015-01-27,-0.03564111841169755,-0.009441849857626305,-0.029362014104049598,-0.010091433666573424,-0.022443623047100413,-0.09709861171426847,-0.04920202414076413,-0.002763444831417415,-0.01443938960179175,-0.008866832008566928
2015-01-28,0.05499276549731852,-0.009301429174865683,-0.016950424767828584,-0.026138817357171124,0.006051841250160419,-0.03506664694281426,-0.016436126447154115,-0.03261671754106088,-0.014189936941665447,-0.033541658686622795
2015-01-29,0.030658578143237126,0.025566165189589755,0.001559983174117964,0.016663791554862924,0.022822842868409726,0.019712267591922177,0.024048452080547126,0.028822750890941436,0.008537948923235299,-0.00421529098195985
2015-01-30,-0.014742085258560566,0.1269489157684572,0.04629762953179385,-0.023445082965261578,-0.02716063214230133,-0.039077675618037676,-0.02976113822682834,-0.007827891211321799,-0.0291249200349998,-0.0018285891753706382
2015-02-02,0.012469049610080558,0.027651261355507578,-0.010002487410291291,0.01984619718991649,-0.012193630925435218,0.021548460643920624,0.021639097175193658,0.03541650455001054,0.00974101003591526,0.024407870732752638
2015-02-03,0.00016841027575178154,-0.002527378513748023,0.0020648289670535166,0.022284438105912376,0.00545263647859749,0.007722139247696615,0.024667786658999175,0.03457130456060133,0.0048350226924506225,0.029370267440719442
2015-02-04,0.007640178123078459,0.0032953190647652506,-0.013592839189779977,-0.006012810576747667,0.0030456970568500394,0.0057525868711746555,0.002483283422910319,0.0008697468597585222,0.0010196440235165551,-0.008600604046595673
2015-02-05,0.007112366650512461,0.024749489304619617,0.007065034141532886,0.0068937177150619556,-0.00026442213579198036,0.014474203631577438,0.016236330170762696,0.01110267180298662,0.00830495158741242,0.009792173418041422
2015-02-06,-0.008456534784355301,0.0010425830406616764,0.00761477944530759,0.0195367793699492,-0.015192339610443875,-0.0009431786049340868,-0.004401505635858681,-0.016562460365371068,-0.011274449067673933,-0.0018562486077160385
2015-02-09,0.006620520759271895,-0.00998884955846854,-0.008653604352613838,-0.0012100761562875526,-0.00040283937123331703,-0.0011796408680823842,-0.0009813665410432439,0.0005518871416418817,-0.010369582557392633,0.000655687237627931
2015-02-10,0.019029271456808834,0.006563030833522425,0.020347854227845564,0.01100807620509217,0.010024769629781955,0.005649775967577122,0.027584794544376578,-0.005486790495772485,0.023021551844932795,-0.00602513487137882
2015-02-11,0.023168474745549908,0.005720888815523967,-0.004006876691589392,-0.0015407830397202932,0.017403240657130805,-0.00517783763477904,-0.006704741820828753,-0.016267296304893594,0.008043109259885653,-0.004515139552408644
2015-02-12,0.012572764670034061,0.005396701104405952,0.014778936244342636,0.020350065269123255,-0.0036663659831386248,0.016614470725820122,0.06915266999202493,-0.047738135628800464,-9.108550095807798e-05,0.019348117886551327
2015-02-13,0.004890634974080574,0.012279459098634262,0.009387743761965531,0.0016771182625148163,-0.006448766530076742,0.017940131966272956,0.0004481928498684919,0.004377269986898078,-0.0036482046180746027,0.01076778829429865
2015-02-17,0.005884232715596402,-0.01690343200013241,-0.011221010902897169,0.007180585155290779,-0.001849936084188804,0.000458878760246775,0.003132850526173408,0.0028422373753069544,0.002919729141770577,-0.003433197528188991
2015-02-18,0.006938361554119653,-0.005502082900133491,-0.004339538905050353,-0.01222066456313481,0.014575724538428295,-0.0011481569688939672,-0.011685644627227884,0.0005381783039690399,9.123642827457327e-05,-0.022167569100252364
2015-02-19,-0.002099745460692173,0.014966312035109902,0.006978213770404684,-0.0023609166962003936,0.034718112040892125,-0.0006893424421108963,0.002708988272105341,0.034845074204363315,0.002365434211172847,-0.017401019441987586
2015-02-20,0.008141101171974,0.012220527796125482,-0.008545956300540215,0.00957756635617974,0.006025655860858121,0.008241625030846465,0.007187737650202799,0.02518669958065304,0.023266557846330777,0.005352061344375454
2015-02-23,0.026668000866066903,-0.009217168822113446,-0.01263013591004751,-0.007553594922353577,-0.013355344981219269,0.006590584309226532,-0.00808991858456571,-0.046044145136946664,0.033013554128345335,-0.01017166508489626
2015-02-24,-0.006259704991509985,-0.004085748360366676,0.0067992870927443385,0.0244666581101558,-0.004959088025663224,-0.0013601849272510255,0.010589062617351359,-0.015700937648674383,-0.00836866778508585,0.004595470687336203
2015-02-25,-0.02590592040669278,0.017750023321773792,0.015985958569029055,0.005247828860984993,0.014049908981084132,-0.002270721580437328,-0.007648658502492866,-0.0017162494669841497,-0.012027222487017323,0.0020109005613758294
2015-02-26,0.012576791389949748,-0.001480172383095798,0.0216160755593675,0.007170784236421171,0.010627260001945627,0.0015898332053632224,0.0027060079458449755,0.01669345934649604,-0.003425674706638736,-0.01065896271071219
2015-02-27,-0.015142401185263618,-0.012131520665915154,0.005954110913399198,-0.0048838779411962,-0.018070501612062997,-0.004777408413675911,-0.00632642132154509,-0.0187568262214745,-0.00026379281293873683,-0.0012417651343721206
2015-03-02,0.004892629044836518,0.014364015123052923,0.021782680055396034,0.007964456490844016,0.009828585204297269,0.0006840460149523316,0.024184180111050942,-0.030002041037217854,0.006753348581041895,-0.0056633528673215375
2015-03-03,0.0020890133084380228,-0.0027264055823154843,0.006534779234958576,0.003232507775765796,-0.0018826216355785743,-0.013768247071407799,-0.018758910798098626,0.011237539737762316,-0.013552697392694477,-0.004781693744865952
2015-03-04,-0.006358992629321403,-0.004926161193133822,-0.0007950802493027886,0.0025785373590224325,0.0161997211668516,-0.005096106513616092,0.011208550680033716,0.014328632289798915,0.008470276020453383,-0.005034346483308057
2015-03-05,-0.016709622738339303,0.013263489096297565,0.005345970740756036,-0.0020946073006265515,0.003824487815698628,0.0011602669842755626,0.01898910922989571,-0.008981189592245054,0.008486055472995026,-0.005060104886545498
2015-03-06,0.001501935813365844,-0.020159086597809534,-0.014779332358277435,-0.018065548896673625,-0.014886742600896848,-0.01755002489742833,-0.013653428101767808,-0.034222991262336,-0.01677912508094123,-0.01287912484139753
2015-03-09,0.004256466205030309,-0.004033482888479241,0.002092431600860906,0.009968157267584342,-0.007149581494637347,0.011500817737391133,0.002657092640083844,-0.015594438016240424,0.017736797491514224,-0.005503693988797719
2015-03-10,-0.020903080777619095,-0.024196744784348488,-0.025134701213464505,-0.025359232777537596,-0.024079136528328077,-0.019321791629009807,0.017101816789974196,-0.002938104609135431,-0.021464742612009327,-0.010624614738320182
2015-03-11,-0.018399852262471872,-0.008534029363169621,-0.007458445644636683,0.00465898593228327,0.00025770891161506614,-0.00119031151060069,-0.005230906697655272,0.017810238003898436,0.005649706039474546,-0.0028526644955887553
2015-03-12,0.017918008245797718,0.021253517088100537,0.009813455775180651,0.018584583128707984,0.017380650490965675,-0.023133848333996027,-0.009220640065922136,-0.01387723588855585,0.018980942594731782,0.0023775891681097213
2015-03-13,-0.0069344536009628725,-0.009827987507792043,-0.014665966819449719,-0.006047660785035542,-0.011211529846431954,0.008738271850382522,0.0013223417847681338,-0.012587386429474445,0.0032157931938245634,-0.004164664214294481
2015-03-16,0.010944073613377011,0.0074469833398575465,0.015503108749071431,0.013838300139068612,0.00025625550461752164,0.004340237321068715,0.011824446223413214,0.036530447505924324,0.027977917805456394,0.010556112119532631
2015-03-17,0.0165883407700357,-0.0038374794735981962,-0.007201196964067401,-0.003888028372756902,0.016388328058018205,0.003363348379404771,0.01211564007212783,-0.0049688967921734046,-0.007792746653807469,-0.0080549972418641
2015-03-18,0.01119339578958454,0.008620474519045398,0.015216899281712755,0.002270155042324005,0.01934313427384336,0.019002788162475314,-0.016478654357097312,0.03024707436572859,0.01986906331614233,0.02339195820998169
2015-03-19,-0.007579179165994668,-0.005077608480877715,-0.004407778062617151,-0.008947010916238014,0.02248644791257344,-0.004953412379065327,0.01518793427890976,-0.025533757903858405,0.006647226326230504,-0.019474963520865675
2015-03-20,-0.012628248551575395,0.013967947123365439,0.0022681794896704135,0.008947010916237907,0.012609182059021978,0.013854930996345582,0.010708149408490346,0.012343618570630861,-0.013506007984310805,0.0015390953741019273
2015-03-23,0.010351144470831198,-0.008970268052454936,0.000743134253533955,-0.009927511298195036,0.0074897827610298584,-0.0004667888677747205,-0.03291683207199397,0.007794746195763983,-0.0008397514298093638,0.010472305163382151
2015-03-24,-0.004096136530449857,-0.0027229378138794243,0.021297449760493328,-0.011184495906212783,0.010368791203929318,0.0009329429957760578,-0.013744338941724313,0.010414901829068896,-0.007758495551706696,-0.010708918036936578
2015-03-25,-0.02647399036477466,-0.008402162599518113,-0.018418441858737734,-0.014158707855367816,-0.02841546862567248,-0.03414271424998469,-0.06263551541609479,-0.03747727079732416,-0.013466529727872014,0.004014022140798764
2015-03-26,0.006946215467983394,-0.009779169500559888,-0.00594361270983721,-0.0011751398631191232,0.0010848350835887155,-0.006048044010493862,-0.0033327955952085027,-0.020223661788001102,-0.0024911973430266077,-0.006383602269250405
2015-03-27,-0.008000468770713458,0.008700279674878311,-0.010863435385400433,0.0001679492194679558,0.0034876264198567164,-0.005840979625761049,0.019363124747191093,-0.028823861915902877,0.015026067199975884,-0.008814705819830288
2015-03-30,0.024999341407566007,0.010816716379716264,0.006418131784826202,0.02340183209639897,-0.0012011222155821411,-0.00024408426005857647,0.004200215658666154,0.02966381526583562,0.02502121411640503,0.024231742149841667
2015-03-31,-0.015470931014528311,-0.00666947398762797,-0.011542902649038374,-0.006253011541401121,-0.011848767618523234,-0.007351139290039401,-0.025472912492791662,-0.009490228947205274,-0.022651421383509014,-0.007384506370015867
2015-04-01,-0.0014475054521341081,-0.004957122812163059,-0.009436875695051238,-0.0038295684914115514,-0.006712060391000307,0.0014746232454198997,0.0038149143793701685,-0.006270690148005495,-0.007126529068145345,-0.0063733444300662
2015-04-02,0.0085749863576907,0.005360142637337408,-0.014998479754575677,0.009463038971730125,-0.0013477786087148914,-0.010616131259669533,0.002377290687590334,0.01801467764900878,-0.0007664735047623648,-0.0018961222121511268
2015-04-06,0.016068553566680636,0.012785614000309035,0.00486508418415056,-0.0008264814047157829,0.010731987143333267,0.030794579509808132,0.028553043562716256,0.06142509264600836,0.0028927861681593823,0.009797886961485877
2015-04-07,-0.010577741322484726,-0.006999740390030553,0.0016716035469305477,0.006264720345947224,-0.0014567181581007517,-0.000481626403728237,0.008729989374027525,0.0007382967353085246,-0.0029780737525063493,0.007256545123876745
2015-04-08,-0.0032594507781661354,0.017972639576541403,0.007278159060985672,0.0032809945895254616,-0.0004859198458908089,-0.002652451810076578,0.007292636900768174,0.021513574325074822,0.007132580148594311,-0.01990566820912707
2015-04-09,0.007614635314699505,0.006119776472180107,-0.0014951641330278448,0.006856263754018215,-0.001338060772453699,0.0014474777855134815,0.02289647016231208,0.01158564245693915,0.0030412146151722274,0.006994553994476812
2015-04-10,0.004257537643761326,-0.002323202927133299,0.000948350512341712,0.0037348813424318526,-0.0015832722286759841,0.0057692641359408745,0.010156969693507913,0.003848138043136459,0.0037888687888159157,0.010692777857285158
2015-04-13,-0.001968684819170418,-0.0007581425134450244,0.0001822342400154318,0.0059784248337546725,0.011754086275751868,0.0009583163165225518,-0.00926948072542885,-0.005324746976747791,0.0031043187980984072,-0.0025747209739957824
2015-04-14,-0.004345273932831642,0.007166474179881308,-0.01628074779091043,0.015506933155906113,0.006125083296065772,-0.0026372876243791464,-0.008461618856908826,-0.01112082935895186,0.004596868551023153,0.015002953966312882
2015-04-15,0.0037928182608345773,-0.004319782926109481,0.0023315070288689476,0.018389408244249682,-0.009745600094309347,0.014539444620638765,0.012003280853471686,0.0017818964701395738,-0.021919520764638146,0.016599310841580974
2015-04-16,-0.004822684924949754,0.006731727364913847,0.004573368472995827,-0.006248710585583094,-0.004847868036425357,-0.0023690618234380296,-0.006205943878210524,-0.005451990154159205,0.035831796411530115,-0.003981718477465641
2015-04-17,-0.011318634026991112,-0.027522754520884297,-0.020033037700482394,-0.015318201339887372,-0.018763133552150014,-0.012891174145788026,-0.012978797917921048,0.000435356518677135,-0.024053410208587672,-0.009160702506909313
2015-04-20,0.022588441966178357,0.036471305516949735,0.021889501473699217,0.00634526956910176,0.02819476744279627,0.030524140811201535,-0.00496697718193943,-0.00737762051520866,-0.001095513972111453,0.0035600801649262616
2015-04-21,-0.005421802315261535,0.004278268482925638,-0.002961032568322928,-0.0148152430710611,0.006358357442776389,-0.006312058802931582,-0.001359444139605674,0.019967868746211544,0.0058854843381834655,-0.004135197366069256
2015-04-22,0.013384041918422677,-0.0035340375596052956,0.011464114853208127,0.010060069488758774,0.012006196323202253,0.008174591670052783,0.01126907187819285,0.04678474050637763,-0.012400343303083282,0.006653488721674733
2015-04-23,0.008130317316971704,0.0004873365248035342,0.014964548329688441,-0.0022270239907738135,-0.0265819922055001,0.008108309187202019,-0.004041751757928685,-0.003835254342096437,0.003812543504256217,0.0009143972419781615
2015-04-24,0.004693280538342148,0.1269489157684572,0.028646251364010406,-0.0031899141639747703,-0.010735632724289922,0.09652473588824625,-0.008588051916411349,-0.0007779222876597997,0.0036294208749110407,-0.006532357845294031
2015-04-27,0.018027826853092642,-0.014802328720787992,-0.013230784889131498,-0.004161952164732367,0.004650234983910088,0.0033365422182111974,0.00768715311769215,0.0583302672383117,-0.02085813867628847,0.00045934529907065306
2015-04-28,-0.01588079944534809,-0.021317346584747692,-0.0030959517609432073,0.006714779336722965,-0.015130737656341037,0.02325451636854161,0.004942650556647765,-0.004631839899719443,0.011547154652480346,0.009038954148849107
2015-04-29,-0.014815303866535715,0.00013976146658735783,-0.005294311758480423,0.013295301745931583,-0.002606173992503379,-0.0020359329635875685,-0.007648658502492866,0.008511120452263243,-0.03443253939733594,0.0007967375132033588
2015-04-30,-0.027504781254538032,-0.017835140106403087,-0.0227364859691758,-0.005360412460745218,-0.021352374561292232,-0.008598054231665198,0.0027060079458449755,-0.02791897023681704,-0.01964430108048258,-0.005706587687958833
2015-05-01,0.02991168202190158,0.0025808892506080355,0.0043458182551663685,0.005517658983492642,0.0027891190851331137,0.0004112387545231599,0.02447328132821308,-8.841021510166788e-05,0.016028646233023733,0.01679769500096623
2015-05-04,-0.0019405471250814063,0.0004019838049338454,0.0030435454001970274,0.017299883206167047,-0.0022813564850060063,-0.008668855689204677,-0.006173108888560526,0.019626467298796236,0.011942556046483433,0.0029219976807527176
2015-05-05,-0.022790600282897883,-0.0043827314519974065,-0.01788560479023715,-0.004956663239786318,-0.01598809464072696,-0.013355923764060175,-0.025987325557344884,0.010529570494660813,-0.010441882838225657,-0.005627094241995722
2015-05-06,-0.006299535687072548,-0.004974474679941024,-0.014766803009035557,-0.007481529139320981,0.006938284887213254,-0.028122848031484085,0.0031729136059217133,-0.010876662094637066,0.0010578054375805512,-0.0047510721525870665
2015-05-07,0.006166121776913674,0.018393385562940696,0.012923429038398593,0.009033057147448086,0.004216409297489047,0.009034337166174664,0.017493037429691705,0.027268756923558395,0.011128308730620953,-0.00671227973899085
2015-05-08,0.01866547390335186,0.01582704434698185,0.012667559576519853,0.01523230359914668,0.001019568348721049,0.022234943060804,-0.07667696100474296,-0.0008026891786145386,0.007985069348384114,0.015742619786660368
2015-05-11,-0.010238738748307049,-0.0019387370635095265,-0.005791303645773898,-0.0006111473864583853,-0.006389152220698459,-0.007990020292791288,-0.00964806700562781,0.012098410758755259,-0.007897937592338509,-0.016910839262494384
2015-05-12,-0.003568792310382568,-0.004236723783933855,-0.01300133980999232,-0.0013761128388114709,-0.007074883438715144,-0.0004220624469571208,0.009648067005627684,0.02168478414483605,-0.0011329826673051526,0.002762224744910034
2015-05-13,0.0011118329464629003,-0.009674996692712878,0.0014096487899125547,0.0024447647044865237,0.012571933394133726,0.005896011142271256,0.005744709899953021,-0.006394518342469454,0.010585676705920722,-0.00530049368624851
2015-05-14,0.023063026803155116,0.012594017600344542,0.017838388248831077,0.008057225004313724,0.036672880858346295,0.02262666246066905,0.016098881362809177,0.003776028799023596,0.02278341617884869,0.004725673767424776
2015-05-15,-0.0013964333722217546,-0.014634230809673496,-0.004946707545153464,-0.00257739731245685,-0.011744123627339837,-0.008658133777035013,0.00046974592012754424,0.019232142191383122,0.00672660815233934,0.00436001554702069
2015-05-18,0.010967128831922945,-0.0017856359365701227,0.00032938289057522996,0.008163107263536416,0.0057037574396365505,-0.006021953017810914,-0.0014096670378222604,-0.0003617749088878535,0.003931025517467578,-0.005740932957420452
2015-05-19,-0.000922220346198229,-0.008335766490117151,0.004762953529149937,0.008843878726529041,-0.0030956779787284887,-0.0025193292518552487,-0.006253967995895946,-0.0064933318726669185,0.006240869689453276,0.0016107438747852377
2015-05-20,-7.69778268710378e-05,0.0050853414440791295,0.005863106353120058,-0.007940638413164907,-0.000992652010490774,0.0,0.0,-0.011353287570736796,0.0057074149924925726,0.001608294478744029
2015-05-21,0.010174012647926734,0.01816544858996659,0.007752647162442566,0.0025536999549805517,-0.0008693077669540447,-0.0033681973112351356,-0.007155126697753099,0.005183918619289489,-0.006454247695580638,0.0009174430171622593
2015-05-22,0.008714287603022928,-0.009310350922674376,-0.004121115904305023,-0.0027041574556446566,0.0007452764981010761,-0.01102646219976493,-0.0014368816905438086,0.008553835328295118,-0.007248439468005904,-0.007943369663893975
2015-05-26,-0.022277111214767942,-0.005063886094626784,-0.013306759027365616,-0.01119541828516514,-0.015137631388190277,-0.006631932763113887,-0.006251567886919442,-0.001090469364007163,-0.011352787261561963,-0.013615198760855648
2015-05-27,0.018497800965640323,0.013887592912888979,0.012819605867318618,0.011195418285165062,0.015261662657043226,0.021657066529428275,0.052161172077873755,-0.00012128808890102426,0.010181240985793493,-0.0028156995767427053
2015-05-28,-0.0019710954001929707,-0.011305538821696852,-0.00012632484764015474,-0.004070464923373114,-0.004978190540400618,-0.0033661644754184985,0.01364281439205992,0.016116428556298173,0.0014224410565009872,0.0
2015-05-29,-0.011447982981264057,0.006216398486480132,-0.01611667437927437,-0.006364664012969126,-0.012050006009269984,-0.012512201515112745,-0.0004520682533847374,-0.0025883372774883786,0.004920308958274138,0.001056960761150408
2015-06-01,0.0019935052997499692,0.003929522453572549,0.007108116964859751,0.004550340722504912,0.013795303418504278,0.007864404850508018,0.01123378525952266,-0.005397323849431632,-0.0029161853967797557,-0.0008218237624721826
2015-06-02,-0.004452599424890704,0.00016242924792519466,0.008593546496437465,-0.000908397553556086,0.001866361774235993,-0.006584876706541092,-0.01985640220048009,-0.004419362352227391,-0.017760551267868165,0.00011718721420857246
2015-06-03,0.0012299741292448475,0.012909683360482354,0.00241612620090777,0.010247141910070137,0.024559276511392884,-0.0014929737075535575,-0.010999136220403022,0.0025736219652755413,0.005082594102295393,-0.0022344014645523337
2015-06-04,-0.005857601353651712,-0.01339705027547289,-0.006504324192803361,-0.005562585776825706,-0.0047419257098300464,-0.010513601124894138,0.017812998445193528,-0.012406423354541639,-0.014468417597022486,-0.008630090616435142
2015-06-05,-0.005503914892539671,-0.00893059519904854,-0.003922900746007094,0.016299588508834006,0.001096237540323357,-0.004756851674166239,0.0076664339055392775,0.013008689596127656,-0.001029055636800846,0.0007121853696871402
2015-06-08,-0.006628892351040116,-0.00811342514389438,-0.011070588836032657,-0.007892157978518624,-0.018058352752935918,-0.008925824464790592,-0.023177796216833656,0.028294672033666528,0.003255551129084605,0.006740113159911145
2015-06-09,-0.0029775458262790763,0.0046644732113107,-0.0024316161512094136,0.0043265149269494626,0.0,-0.0017512987761747355,0.005044735443417667,-0.00113214509669344,0.0006837144690737932,-0.003186847210492246
2015-06-10,0.011393208659508169,0.012356345908307004,0.019073276510611123,0.015947576752126536,0.01830185006561274,0.020811643579321627,-0.01800223167349897,-0.02092050364232466,0.01324655117108093,0.007420912365809081
2015-06-11,-0.0022528950263836804,0.005094164796486129,-0.004643458828672349,0.003801758894341356,-0.004024789536004473,-0.0036540297871143,0.010655860096182345,0.0028281472936911066,0.010701085693356092,-0.001409243811190582
2015-06-12,-0.011104351331368724,-0.007069303623812147,-0.004683339499344694,-0.003947989937075659,-0.0036727264443694317,-0.010172099187000043,-0.027565055366805428,-0.0028679764483065502,-0.014095269103418982,-0.012654911457485313
2015-06-15,-0.0019679027346463226,-0.01464429435721301,-0.008198286064932232,-0.0038168266045771706,-0.010108623243367105,-0.010715944993375437,-0.0018968186075815725,-0.0012374338282701012,0.011241634804186105,-0.003576625478043415
2015-06-16,0.005343292661842135,0.008437903938059568,0.0034379241856914516,0.005573287417572868,0.004327043666214017,0.007665918260677657,0.012264160846546687,0.010883927745015778,0.021370225862936198,0.011401417678254271
2015-06-17,-0.0023536976609043357,0.0012863624751618726,0.0031699382127597926,-0.003369447841780645,0.008965193196982963,0.0030500267326978767,0.011652441935998287,0.028393631742213578,-0.015003271718399661,0.0005899254689851085
2015-06-18,0.0045460304818702585,0.02670825222184991,0.01737486527399447,0.009348412323634354,0.013600887363395289,0.01618340054658532,0.016544407412245218,0.005667283729091548,0.00955819526227699,0.008813047553205713
2015-06-19,-0.010060037538834178,-0.010225263170542422,0.0024064502540083886,-0.01022933505722397,-0.004836238642622501,-0.013359084084697073,-0.003195791501191165,0.002364655052021524,-0.004642662260901283,-0.003163609953725644
2015-06-22,0.00794623362404031,0.003145077468608174,0.003866650724004505,0.012842941377585904,0.02666819057967948,0.0028154011138836576,-0.00412346947739458,-0.010415685822857295,-0.0006651427694698895,-0.00046967147967368853
2015-06-23,-0.00455526781765177,0.021989311417397437,0.006606935047995218,0.011391198382987263,0.036384628462625884,-0.006945608529873954,-0.026047882500513757,0.029881379086844274,0.02049532202655423,-0.0011748920974171849
2015-06-24,0.008465922379548557,-0.011614518831298546,-0.008592131824609875,-0.010521362361414193,0.01108985275314829,-0.005898240736365859,-0.009945681570340523,-0.009383820283772002,-0.029517007444096608,-0.004594799491374229
2015-06-25,-0.004772999739218521,-0.0016800538374842117,-0.0011106124844344717,-0.005375028298106978,-0.009952659105433527,0.0002186170852605553,0.007586607480601926,0.01355925805276423,0.02617133553080838,-0.00889645924348812
2015-06-26,-0.005899873834601745,-0.0045547095123684034,-0.008802849945796063,0.004360146018061063,0.00034120363281352163,-0.008579546955264982,-0.020521087757951917,-0.006344692767190736,0.007492239528786683,-0.0008341915216993283
2015-06-29,-0.017669890768469868,-0.018987650467357453,-0.021585225588071057,-0.025708079640060555,-0.025431605899988063,-0.019860257204782003,-0.030349554227176726,-0.019164806231762376,-0.016855138845645535,-0.012479451910459016
2015-06-30,0.007201081090383342,0.009792319313729854,-0.0022381085612184467,0.00829865160168074,-0.0003497243969486886,-0.00497062915535677,-0.0004972819437888794,0.023535842676817006,0.006661426862258724,0.004577770868038795
2015-07-01,0.009284795065969947,0.007573314318589781,0.006018555661063743,0.011079315380065314,0.013203757832767291,0.0067721041865325925,0.014318084786330116,0.0033121051692337686,0.011248073546425735,-0.010025720044368493
2015-07-02,-0.0012643967650348923,0.0007313792115561281,0.007408463698406204,-0.008113259300837335,0.004362910356125615,-0.0011254039372824238,0.000979704744400268,0.03959218179886062,-0.0128065385599151,0.009304212580744903
2015-07-06,-0.0034860022466780155,-0.0038226041830913536,-0.003147506143333602,-0.0028173192688155514,0.0029741128038806336,-0.00022567323901893723,-0.012318596093823598,-0.0010718486621204945,0.0028690944419706545,-0.007363912247570388
2015-07-07,-0.002463547088021596,0.0015582933786275465,0.008050213528177214,-0.007902938574260648,-0.003776359278155714,-0.0020296434193179474,-0.019019779640143345,-0.04324998266363249,-0.012023712265151539,0.004111485984072151
2015-07-08,-0.02513647188783345,-0.01620495854921257,-0.015260646298638079,-0.02072212060466163,-0.018164543658674592,-0.0013549526306622305,-0.007099111885516671,-0.04943247714978346,-0.016034631344526026,-0.010920083339023135
2015-07-09,-0.020607191619034706,0.010855409939170349,0.005431076515665615,0.010339041626308734,0.002681787435414554,0.006309493213850607,-0.012289127174015578,0.011542844689962467,0.004702948142687813,-0.004523974741781787
2015-07-10,0.02638326777035434,0.02077765950262371,0.020822918223733264,0.014118589713787655,0.02381749139152087,0.0020192240836250145,0.0173652105446182,0.004757516993591066,0.023273276923132347,0.007569473968157854
2015-07-13,0.01912166775107433,0.02682897612278171,0.027700645795207614,0.01539165336439772,0.02415157727593453,0.020632986432774444,0.006560632788488126,0.011547946093778832,0.0024528794301264516,0.002429187678850688
2015-07-14,-0.00039784770436697946,0.021713079555152615,0.02154217459650159,0.013855665378264234,-0.0046721299012182785,0.001755232652393433,0.0005029096198761088,0.01322461194395776,0.02061121346265611,0.008337243018352506
2015-07-15,0.009586781597434601,-0.009452349965458655,-0.0003765480688051999,0.002170375322137738,0.0008915527794608825,0.0030637535970061283,-0.007063542408364342,-0.009493350092744896,0.006856602019737465,-0.004219983563270674
2015-07-16,0.013237925055606375,0.03051473282903452,0.030059419510956722,0.005333257983747395,0.012070258821222058,0.019477313714398765,0.022033923919735354,0.013363230698704974,-0.0074167369473617725,0.0018108406321586735
2015-07-17,0.008600519460640079,0.01571250303118269,0.0949619894583252,-0.0050442153562548445,0.044351294246581026,-0.0008576226508979807,-0.005961298488181124,0.02948450757237186,-0.008682401754643828,-0.003625263635545953
2015-07-20,0.018724995210373584,0.01048300082484486,-0.00973833217456108,0.0007222783208586269,0.03048772412977884,0.006414171059581349,-0.018607759607162756,0.027294636659552916,-0.009736409547612556,-0.010342230177480033
2015-07-21,-0.010044915408592849,-0.00020494080940346978,0.0036163386777269264,-0.0023130847855098815,0.00489058509595868,0.007643259187695618,0.004558162690522569,-0.05644179613123731,-0.01470185150979578,-0.0012239985460618657
2015-07-22,-0.043214864333465934,0.0005531344451505448,-0.0003596054747971695,0.01408313589339367,-0.013816022878167402,-0.0374961075601774,-0.01938823905953219,0.004114947181273161,-0.0020705482034222697,0.0015905308341743207
2015-07-23,-0.0004795107018490229,-0.012551067355651577,-0.029743111945172443,-0.006298514342300173,-0.01662543262155663,0.012438758288899324,0.012289127174015499,-0.0025043254332856916,-0.010669619826527218,-0.007978981404601935
2015-07-24,-0.005287237262867633,0.09346463575117221,-0.030028502083291705,-0.010537655517298714,0.01569751543588213,-0.0036938224337053323,-0.01177397948748614,-0.00672163769474665,-0.011716795672286623,-0.014899573135222749
2015-07-27,-0.013992826897487069,0.003751736482401084,0.00533117797070042,-0.013146801256640845,-0.029093775941824263,-0.01292594130494887,-0.00568044207040272,-0.0478468521890086,-0.000508731172021162,-0.008543022398715924
2015-07-28,0.004956157581526116,-0.01017557202723197,0.0021092201487215704,0.0005880273459551902,0.01182329810341572,-0.0002204553794015166,0.02151723486988611,0.045621401391761185,0.03041135922197671,0.03982239533499394
2015-07-29,-0.003165989958272007,0.0056302031879088225,0.002679483453382593,0.012993955925503014,0.017683124138594887,0.020736329566223705,0.012090639345601107,-0.0037833480487480878,0.0,0.007969865738514064
2015-07-30,-0.005053518027437268,0.014562582082145125,0.004721146256649834,0.0014492404664086043,-0.018523077161286407,0.012665016446220576,0.002500901295335728,0.011194777500451487,-0.007931081645498814,-0.0015645365904374015
2015-07-31,-0.008782747075437674,-0.0011370388129638095,-0.01068045327457797,-0.007414531195481131,-0.012683716758465502,-0.003846887729528572,-0.0035027558210442462,-0.0024017057645460025,0.006943508962873159,-0.046858142937210884
2015-08-03,-0.02386032617799379,-0.002091214682903946,0.010921256459813249,0.0,0.0013818181664840177,0.002352828902209841,0.01689918497310784,-0.02341693366667038,-0.004210270331117988,-0.014625117658823105
2015-08-04,-0.03260967234465823,-0.005867313359490785,-0.0051884598348185635,-0.0010219496747107541,-0.0008503000258974155,0.0154747263502779,0.003935034615886054,0.023905279104246856,-0.00041322213861216437,-0.011467198687817634
2015-08-05,0.006607471845960158,0.009561244357738303,0.017998715640131963,0.0039365336668470705,0.024988345481702364,0.0008406592574848853,0.010256624462800651,0.014354910391804768,0.025168902900119597,0.0
2015-08-06,0.00217361084241926,-0.014159117203467297,-0.004674728494262507,-0.007008739162967993,-0.013781826758225141,-0.02038253465083159,-0.00633689294134639,-0.09304349445674888,-0.015287527441075177,0.011851179769495089
2015-08-07,0.003382043426811415,-0.013002960688429046,-0.00863214599709845,-0.0029345100255987744,-0.008658111328901022,0.0025705694959966773,0.11664176556974244,-0.014816884909300457,-0.0018045029067648662,-0.016266545079063572
2015-08-10,0.035712321562520875,0.002637071045348761,-0.0018831316689613211,0.012268100293020565,-0.0015917479682196456,0.01254403037226266,0.03422045465843471,-0.005665272337093259,0.005403468481016639,0.02468273091813412
2015-08-11,-0.05344133051849065,0.006581288985736997,0.04014026924700075,-0.009626473522369823,-0.005645372488439815,-0.019629536801121936,-0.00505910792506095,-0.015757566178395816,-0.0017979390613759995,-0.0068161098303239865
2015-08-12,0.015302424354245453,-0.0029429145338807517,0.0016933830909703629,-0.014616070345260964,0.006070042796651218,0.007085506428859148,0.0025320767219015002,0.003364595943075023,-0.008707845084669527,0.016637205581337383
2015-08-13,-0.000781442457343162,0.007105195874011613,-0.007199096197386542,0.004600043341774569,-0.008101468568836291,-0.0002138985383769356,-0.008467023426056935,0.018058242572414077,-0.005626531479998641,-0.0017785788223859968
2015-08-14,0.007009626231628103,0.0035055506963879903,0.004157430109340711,0.005020364544613309,0.01054031866388534,0.0057611524096984855,0.0008500091246924745,0.0026355170560445813,0.0041402068055366665,-0.0036939711704809296
2015-08-17,0.010295309804240314,0.006937030886517252,0.0068521448833847596,0.0026479197459513396,-0.0052031742690013295,0.006785638526091,-0.006392802699721742,0.04754579507431742,0.02287316004380554,0.005218760178806876
2015-08-18,-0.005649423572310521,-0.000373756509223592,-0.00778112357837601,0.0020543221698893525,0.013114992294160927,0.00551548940080365,-0.00914364044558252,0.022222705240830896,0.01347692326750433,-0.011106530117169913
2015-08-19,-0.012872189466168369,-0.003932793184296871,0.007680475831810208,-0.00898288906954338,0.0014700520537967608,-0.014061028386340501,-0.003906829071555195,-0.021203538585942035,-0.018334457931562912,-0.021670561788807014
2015-08-20,-0.020733341720969932,-0.032691014838186455,-0.02120191198598472,-0.024862921644994953,-0.05112215587898897,-0.020592585113070622,-0.03677037420170623,-0.05256225251947507,-0.028230967275166642,-0.022016977545003695
2015-08-21,-0.0631131817465913,-0.04219384732642084,-0.053582321243733216,-0.036131761055825155,-0.0509679362028315,-0.058395917010447315,-0.03163243312509015,-0.048259598621907714,-0.029739326590251206,-0.033268310898490125
2015-08-24,-0.025279062839561817,-0.06496054361794366,-0.04107883832535574,-0.054110868172759875,-0.04722858703405544,-0.032804983117260884,-0.03604015920404437,-0.05294364086806093,-0.05161922626736268,-0.04842942535298935
2015-08-25,0.0059944006249491675,0.006453422872329922,-0.009166623774934794,-0.005659290342127653,0.01102440496350958,-0.029460770405895984,-0.02098082932584375,0.005285962390938471,-0.00408341986096198,-0.00014570306979477986
2015-08-26,0.055770487069761364,0.07116757438876509,0.07434594933925737,0.04886188120878269,0.04924925485596289,0.05387165104966326,0.07273301586769268,0.021625113606494616,0.03115201437214135,0.053691721617614034
2015-08-27,0.029021552510041813,0.03454240059306778,0.012382286143648003,0.024650065359468874,0.02871529799550304,0.027481888670160402,0.03690814867148449,0.07763125535114371,0.03728285385485111,0.03189948079921189
2015-08-28,0.003270975820535773,-0.0006947859679200845,-0.01245805512441225,-0.005442941886734905,0.014164354668091949,0.0006830517601877081,0.004408856211504707,0.022342022386702107,-0.004169169209602756,0.002934849040198467
2015-08-31,-0.004689217454025936,-0.00993309597204411,-0.018157271337872663,-0.0004680703017045379,-0.017513271473273705,-0.00937651299410497,-0.011059185233891744,0.0023315329812339173,-0.013563366276914056,0.0022620339639570055
2015-09-01,-0.045726330272698554,-0.032397395121310214,-0.02859172058776521,-0.04222042510472932,-0.02490781905365302,-0.039846082528062286,-0.04178643542644022,-0.042779605118654994,-0.026892971904387067,-0.04290637798792922
2015-09-02,0.041994776632208505,0.027824551312481315,0.024089544147803097,0.018062103035518917,0.030038398112680473,0.03616262491541451,0.029702688493635675,0.03726373473123927,0.014106077383876741,0.01582853198958937
2015-09-03,-0.017691709705295388,-0.011484759497810694,-0.012262506767372382,0.0017565183237750117,-0.019546820572930345,0.003223614520291034,0.002698022207533732,-0.008595998590490855,-0.0021030945057183095,0.007618573811536177
2015-09-04,-0.01001631772896671,-0.011397696150875184,-0.012780515029572411,-0.01900516963055052,0.001247257350743259,-0.020672061881476984,-0.023626761650758703,-0.01493346749689931,-0.014402716273796188,-0.018189126126948008
2015-09-08,0.027441143932331383,0.03648072176048199,0.023444642091171763,0.026633875409586956,0.014286479011552559,0.0295972098294459,0.04186929384406994,0.025465472117565627,0.032657668768535895,0.01425088628811256
2015-09-09,-0.019420017824571527,-0.0012567781186459805,-0.0007301784175821682,-0.015637597084958446,0.010112971392900452,-0.018859629818361878,-0.0200402202803521,0.002977404618816599,-0.004421685123661336,-0.020619509611387532
2015-09-10,0.02173231016050232,0.010297163664101251,0.011850293900675284,0.007689813314117043,0.016884602720448123,0.005095205792175981,0.01562118636256575,-0.0017290732428101338,0.014578459928381964,0.007196309227494893
2015-09-11,0.014463371405115343,0.013692615148410357,0.006460623049187578,-0.0015971650381243333,0.0007606620176870205,0.004379525973221196,0.0030962956027769358,0.0070581602387096015,0.0163930505066874,0.002341396612775874
2015-09-14,0.009585368183985272,-0.015340696921933065,-0.004327780681576474,-0.002881555140510248,0.002820451828157019,-0.010171427165269024,0.0017638404575727093,0.011719740597531185,-0.007610883470991344,-0.002754818292916419
2015-09-15,0.008376946241213615,0.0018969878443180286,0.019127134089205418,0.019054364370672174,0.006371430743162583,0.021604950632640126,0.010957821883951615,0.001499728214054951,0.018753277273408114,0.005091079505537616
2015-09-16,0.00111756066972875,0.009564143002022603,0.0006763171974629192,0.008768962519368676,0.0059027474119286855,0.007249712041659065,0.006950894622721908,0.03365832894647959,0.009287758286148166,0.01957081551204683
2015-09-17,-0.02162211371207238,0.021534090980653404,0.009198405862689182,-0.0235041019694637,0.009478711296214994,-0.0011289970119151536,0.009049691693179488,-0.0006866630064168644,0.017266693130241588,0.0021512426308156365
2015-09-18,-0.004134384354326027,0.002576149550911345,-0.016134315519309064,-0.027673874901588433,0.0006358187858110706,-0.017554238497114967,-0.0008588130074075535,-0.005548217153139337,-0.006430031022088444,-0.02419564584658652
2015-09-21,0.015394515241102356,0.014936202215630164,0.009127149450399465,0.008333826792156851,0.012108612137193778,0.014385548475340267,0.010252275461122924,0.013642977216394011,0.011931730719256517,0.009721437144788195
2015-09-22,-0.015835232704409924,-0.018384944291586505,-0.02087661687814531,-0.008826489182311128,-0.02748038432057282,-0.004772494044070599,-0.02757570606085334,-0.012415868304537009,-0.008182614813298903,-0.008896339370159394
2015-09-23,0.008080268310696243,-0.004337060639394074,0.00013782930422561596,-0.004442463362878035,0.01080630367268236,-0.0006835186388153477,0.004793827780743786,0.0004597368093267585,0.0028431888535316455,-0.006067371276952944
2015-09-24,0.005930641473653489,-0.004337155982388765,0.0024765084768171423,-0.006950316695176598,0.004671453406030823,0.0009112208963285909,0.01894980478073559,0.007859912445560249,-0.017924278286927497,0.005929971943387012
2015-09-25,-0.002525271566911075,-0.01795890931377515,-0.022795157072308645,0.020544879636419076,-0.0175238694981197,0.0006829967492816729,0.007226203934115919,-0.02388434853425441,-0.039759435482534224,0.0068510978484561565
2015-09-28,-0.019987298545218395,-0.03927338173950382,-0.025151649185046268,-0.024538151754785822,-0.039130037873047384,-0.014903279411285763,-0.01321717099282583,-0.03356465899801779,-0.03204545551301688,-0.00864034978376972
2015-09-29,-0.030521475025204938,-0.015978259064668845,-0.00263052458449669,-0.0023369584886019507,-0.02888538309667725,0.0034587815250335103,0.01744403474268684,-0.007190844829297469,0.013397147159437045,0.005083470515891526
2015-09-30,0.011305871710517224,0.03139272768568419,0.024997750645534896,0.018707419389325193,0.03659003866508085,0.018700884341451354,0.03887986218133325,0.007070030341408839,0.015550102685544976,0.01873527746063569
2015-10-01,-0.0065493713875107605,0.017102700194569404,0.0056701722994370865,0.00735384203156655,0.01161213738638599,0.007876647698979033,-0.01966459757449133,-0.034901542885867484,0.005158592179346262,-0.003908028865930481
2015-10-02,0.00727394121024017,0.022445600200184785,0.02308050220312808,-0.002791810555098103,0.012239338643546533,0.021291513731884492,0.0257313544795638,0.03155463266830967,0.01885895918326545,0.024277789304343784
2015-10-05,0.0036176095024470843,0.020702796539557356,0.022113257759296265,0.01970283874601011,0.020851969889715823,0.022994257636093324,0.024692552141541205,-0.00575231068616969,0.006876958369199401,0.01218155866693396
2015-10-06,0.004772751815114314,-0.01146926859723264,-5.9514257036297594e-05,0.000483830938375709,-0.01295455750663852,0.0025706715657226845,0.012898542878024133,-0.019237233296969004,-0.030549790257995934,0.01396264624505113
2015-10-07,-0.004772751815114326,0.008263728262103982,-0.002444863510897523,0.0012883617217752017,-0.004319626291402942,0.0010686549728411683,0.010430681840909228,-0.040138936881572086,0.003269197575115542,0.016678817264170993
2015-10-08,-0.01162172334901957,-0.01633369648571856,-0.004487787456658009,0.0,0.0007569558803860148,0.013793486209480963,0.005748153735718403,-0.022849132781449556,-0.0030107161775607054,0.010425538386811898
2015-10-09,0.023645122515276687,0.012377089879623358,0.006336854537947118,-0.003224351063180876,0.008292881141514396,-0.00719160156141126,-0.003828491767827728,-0.02695673780977736,0.027110154589193768,-0.009667879103840935
2015-10-12,-0.004648722835696228,0.019064999316853213,0.007702203341425425,-0.003396923174248286,0.010880015727176258,-0.00233752157979997,0.010683317113343471,-0.02342700383143294,0.026802873426073494,0.0005045317816649063
2015-10-13,0.0017010168214173066,-0.0023474269842082953,0.00991478373496961,-0.002757795205524461,-0.0014862761817714969,-0.0023432807847421047,0.0018954568416823365,0.016880587647177092,0.012008341457380224,-0.0017671297062694844
2015-10-14,-0.014234404860810308,-0.007442413670491155,-0.004048073539638545,-0.02567260382084086,-0.0005314247571719272,-0.004488437300045995,0.03571807606679182,-0.010868425439148318,-0.015606001674956902,0.01255336913472281
2015-10-15,0.014860450782809072,0.031810601732728636,0.018363205788561154,0.0311811860679572,0.019892176097454993,0.007044591079901301,0.002555501169542533,0.020220199401692323,-0.015687399486364495,0.01633326358052255
2015-10-16,-0.0073576251713365305,0.014684357306616063,0.0033133791438891605,0.008687154939504763,0.01633110585873124,0.010579873739769582,0.015554477834728013,0.025429643865455483,-0.0015826586723810363,0.012198029318849246
2015-10-19,0.006194808824405596,0.004178628795449432,0.0066368086620664235,-0.0033695082878980763,0.009489575820869473,0.002312457944500044,-0.001796213032401833,0.004790089906799497,0.006231947100988235,-0.018230346839847936
2015-10-20,0.018093839142819965,-0.021640437393723278,-0.028916572434264026,0.004810045051827547,-0.015041035856647492,0.0031450526043405756,-0.0014393147494001785,-0.06835117046145145,-0.0025714253700160356,-0.00197739632707221
2015-10-21,-8.835929891900484e-05,-0.009152467645848823,-0.01213178784085781,-0.0073847791838301795,0.00113320835647585,-0.012003814792143797,-0.013048542425009546,-0.013896997938755871,-0.019369117888393166,-0.0076999269250596445
2015-10-22,0.015179797195081538,0.014540110170808777,0.013807153505140352,0.018044660573885776,0.026020447925922063,0.017431702513362266,0.03548112260578316,0.007728686982366763,-0.037085982290456475,0.03286602294787226
2015-10-23,0.030525042072681183,0.06041703456412543,0.05455261200083201,0.010703596170708752,0.02496917909709245,0.09601046415866817,0.006667729329411105,-0.012499911621996889,0.018369955028240494,0.0010853881063617717
2015-10-26,-0.032431605282414754,0.015865991188240783,0.016257246543342044,0.0004694212807898786,0.015342930051663704,0.025767047699431278,-0.0045574009516507205,0.029081868404439975,0.005248381164922111,-0.021437706659379063
2015-10-27,-0.006352340287129792,0.003935684634853103,0.0023222684099662083,-0.004077071876362594,-0.0006746480721872584,-0.01037641754426008,-0.0007025734698607577,-0.02307386560608883,0.02407931579465337,-0.0016021441694431555
2015-10-28,0.040378198164268325,0.009917716371994578,0.005579340969288053,0.028807853377581998,0.004809920062072918,0.005386765134438558,0.008054576632307945,0.012331597380900512,0.003428759224398197,0.014568156545473663
2015-10-29,0.010509067133777385,0.015197489637304624,0.010703584762778433,-0.004437058285031441,0.0065049009693725355,-0.011552175059207805,-0.03514111977621457,-0.006264837843194175,-0.0005846391723947971,-0.0006078550587477782
2015-10-30,-0.008582603096862288,-0.0010379437598100534,-0.010066031341383785,-0.014831167445638902,-0.028138330655010906,-0.013584899248316025,0.02462190830639085,-0.022458975944985506,-0.016253766124524047,0.006183073623500561
2015-11-02,0.013960768386999483,0.003906705122261544,0.013938524869584,0.019878839105742188,0.013055581099279586,0.011333692461543084,0.011565037906376965,0.03261373712572758,0.007696714174807458,0.030236911432308108
2015-11-03,0.011404881019549657,-0.004849823028025014,0.0014433776899789661,0.003655173874023246,-0.007091282154551337,0.01694786818735903,-0.006993126565996801,-0.025774895577753698,-0.008716104254315574,0.018242418748704477
2015-11-04,-0.004660850415929492,0.024703971340571496,0.008629330301040794,0.0010636095922923914,0.013170841995155098,0.00460589804920743,-0.016628664946440403,0.1059219136005671,-0.02600196134767818,-0.010068096829396809
2015-11-05,-0.004620521151953434,0.022675677410498654,0.007071529000432021,0.00891971280332034,0.045329913437571194,-0.0003673707466592827,-0.011482032352764645,0.0006041858295331785,0.013774256797759227,-0.013701081352993286
2015-11-06,0.0011570807664120877,0.005657632795229069,0.001221981405028992,0.029950254696756367,-0.01538075799109803,0.009881105959964968,0.1297801961408533,0.002542454778221519,-0.01229287346669495,-0.004016947618404669
2015-11-09,-0.004055794386192922,-0.005901677514696447,-0.009008482844603453,-0.0157527344767473,-0.0057119364059473,-0.013935110063739512,-0.004447310219437823,-0.030721921604877106,-0.004801871450833102,-0.02160748503081494
2015-11-10,-0.03202437383389672,0.006371801622698443,0.004613273214894452,0.004293756754972746,0.013246425911669597,-0.01207389242441994,-0.019286857198964783,-0.039975463341660966,0.014164950443220192,0.004869266162862866
2015-11-11,-0.005667714577788044,0.020361782245871995,0.009176270477612823,-0.004887451169109238,0.010142189503419897,0.0026128615888491376,-0.009784739888395986,0.011846407719766909,-0.011717290867825424,-0.00890402657888288
2015-11-12,-0.003364828800535216,-0.011427833535744648,-0.011460445173296516,-0.020248364945288075,-0.009123207915190414,-0.0061701034361332395,-0.0036121027469493607,-0.02842651669418848,-0.01513028973206969,-0.027450038579306908
2015-11-13,-0.02964361031023777,-0.03555551684774463,-0.021997214019920202,-0.006688829067938492,-0.038406368863217424,-0.00904287303245028,-0.019934148681693256,-0.02737417981437927,-0.012576806431674971,-0.01663445556707472
2015-11-16,0.01624622551480057,0.008464080178710955,0.013887983885465407,0.014386571065634256,0.00086531013004061,0.01744716288479487,0.019934148681693256,0.033787245996180895,0.021401187709784233,0.03522361594953426
2015-11-17,-0.004300779933783417,-0.006986209277764125,-0.005934217453634758,-0.005730216324819223,0.010422451848026221,-0.008272347973130275,0.0,-0.0014474450123940017,0.00499527563189982,-0.011687171640941215
2015-11-18,0.03117426109397493,0.030977875324577683,0.018632737655186284,0.019764301618779075,0.02480161946717943,0.016476906687270698,0.024302198151334446,0.032503323710174184,0.024694775472330063,0.009707744495599824
2015-11-19,0.012623486270279743,-0.003426870357171514,-9.222428669277934e-05,0.003108721134760594,-0.014110542380988125,0.0016698316969713898,0.0028962535439649877,0.003296700922651906,-0.058116931423440016,-0.005464127595898873
2015-11-20,0.004368379994252803,0.010799405843003132,0.022200962040348503,-0.0017747219505131711,0.009926086892434039,0.004623889327241753,0.008638300337726699,-0.00810313545175424,0.020931033230967948,-0.006371706386056185
2015-11-23,-0.013077871739932514,0.015644812781888586,-0.0003859671973818335,-0.009820759224677728,-0.0034535499392344153,0.0,-0.01508610408339636,-0.010325289314524337,-0.007196027458988807,0.006122137900536302
2015-11-24,0.009550817640891728,-0.011613803368476512,-0.00914425310201943,-0.0014956573261401414,-0.01137821900078427,0.001107060340951026,0.008053024217135153,0.00229354391959643,0.009141405744450626,0.01973425616602614
2015-11-25,-0.007175658732078873,0.006223590044783705,-0.00048117129249702803,0.0011967809831250498,-0.0031257121686109083,-0.010376563682139966,-0.0012843950384706579,0.050871625742564236,0.010720840597715406,-0.007723662288423242
2015-11-27,-0.0018656182992319444,-0.0030846857313211024,0.0035168061338346946,0.004625609682759717,0.00037931528202593664,0.004460521910181943,0.00831747490473176,0.008542120546783584,-0.0006122488201979488,-0.00024642743438019107
2015-11-30,0.004150686281697215,-0.012645237381074675,-0.011884179105085189,-0.007321281822246052,-0.01154078821933671,0.007757508944981437,0.010457966875788401,-0.005845827169811036,-0.014358438988639064,0.005279831896132311
2015-12-01,-0.008147909243205463,0.021223168795362995,0.027079543187246095,0.013850762762474671,0.027253752562906807,0.015880475776236098,0.031955742238236974,0.02965239508444062,0.03101123311226306,0.0028123537408955095
2015-12-02,-0.009074978924195795,-0.0045016246967343925,-0.007607237569504329,-0.014151223587254104,-0.009850449695872577,-0.00018135715228142512,-0.007662718569294295,-0.02216728039521691,0.016109747698014328,-0.028990943626179235
2015-12-03,-0.009331405621017428,-0.014542862655202382,-0.012483763535978264,-0.012984826228954981,-0.016061223034375658,-0.018462713907459915,-0.0021564033529740292,0.0030987975992940553,-0.02269690199639078,-0.01443442513382996
2015-12-04,0.032705832742217875,0.00954529186108015,0.01423057008858194,0.03126883288022979,0.017097726502884374,0.03106192922170109,0.039896346150771665,-0.010062873706305039,0.023546732201780024,0.00572286913216273
2015-12-07,-0.006320629612179682,-0.004186292980946955,-0.008014542615000729,-0.013195939468554562,-0.005382756554930422,-0.0017901196762135562,-0.01914478340936573,0.0032501536272098092,-0.015664734084083583,-0.026469612173540456
2015-12-08,-0.0004228517767422256,0.01113464962931569,0.002777561353112913,-0.015644481506923952,0.008297939671953738,-0.0003585188190655977,0.013499537930982547,-0.01926452521184706,-0.0002589292384343184,-0.028662282991662895
2015-12-09,-0.02232275870415428,-0.018687478684151916,-0.016375561709853048,-0.007608967037039919,-0.01790739109629089,-0.014624993974765155,-0.025653996897661423,-0.009750976347211632,-0.007188388388178192,0.013310532771961243
2015-12-10,0.004745582610863471,-0.003722288377978472,-0.0032969189616483406,0.0022888685929878107,0.007808643826578999,0.005260718529041047,0.00822034630343711,0.011293491647282305,0.010032143400806572,0.0007929286391180036
2015-12-11,-0.026075729748937335,-0.034046342569693445,-0.01273814362901457,-0.023751990079954606,-0.03180354303204368,-0.02213583129083777,-0.014968949026944277,-0.045268765577998055,-0.001980786918548919,-0.017996911432533107
2015-12-14,-0.006203606190179304,0.027365635063433754,0.016022033101646283,0.0031166641951796558,0.024568222464170213,0.019781016357150866,0.00245913918120782,0.007162505690348391,-0.0011218067376117537,0.02247907641310366
2015-12-15,-0.017850590389502485,0.001108929475256666,-0.003218022798915611,0.028075795235304388,-0.0010514175314876152,0.0010876000611480282,0.01220661232776155,0.01141779682858444,0.015077783690507664,0.04374830189984787
2015-12-16,0.0076636181923599896,0.0256757540486396,0.02147546726111259,0.021403317134506994,0.021198866620247628,0.01670780449253365,0.0060478077228748464,0.05892837348959033,0.010319960880251484,-0.0035314115830295174
2015-12-17,-0.021424062330642892,-0.00760540519332874,-0.008742681635862606,-0.018683869433187925,-0.005351999328783457,-0.007690493630058761,-0.015188694721917691,-0.004787376861655864,0.003276567416137666,-0.015148912899430041
2015-12-18,-0.027442240787954805,-0.009754435069844242,-0.017004749548111264,-0.02877433471924989,-0.020737033155668876,-0.028591763818689397,-0.01635566619189909,-0.012633510372626498,-0.028933217645218584,-0.008760406770797535
2015-12-21,0.012186229552634669,0.0005568800757596681,0.0052053854939463975,0.017546915361492315,0.006992117162971557,0.012848904174178248,0.023371145975653165,0.009070905109061408,0.013634580591254046,-0.00025908840514401364
2015-12-22,-0.0009321419344414803,-0.002048627001940745,0.008285716580744179,0.002133633508414845,0.007038255128080174,0.00943914746233215,0.0009113251280052843,-0.011286348541965068,0.00025563327566740075,0.005035263128162565
2015-12-23,0.012787431255948015,0.0008290357791071377,0.0017973532254188479,0.015860339708200378,-0.00837533582103511,0.008455660948526886,0.003940074589933077,-0.0010878299663785369,0.010587532126597705,0.03218736045811999
2015-12-24,-0.005354668901035258,-0.0013720937334212534,-0.003480269822573872,-0.0019501993471909588,0.003720407660275211,-0.0026911919045669217,0.003321815220225228,0.003780431193691777,-0.0029532396501770557,-0.010782824693839189
2015-12-28,-0.011263741917858883,0.0185507057627864,0.02118843941698852,-0.0033090382121779525,0.008627692648897215,0.005017588783447733,-0.0009050977073596268,-0.007050851966452754,-8.465871103637054e-05,-0.007465059363416634
2015-12-29,0.017814273749170516,0.027419884076997837,0.01487154129223357,0.01034144698999719,0.012477369977628171,0.010666423809161015,0.016163365522314243,0.035357883762594786,0.012513219837952646,0.005320051613589543
2015-12-30,-0.013144414298204801,-0.007085948930284084,-0.004620640341980899,-0.007182540556614178,-0.009743473601148406,-0.004252802002503305,-0.008647852004513953,0.003787272114281592,-0.0075392560553608845,-0.013353576462645771
2015-12-31,-0.019381630798424112,-0.019312533856740727,-0.01567303823779856,-0.008445178129154317,-0.014795449759976468,-0.014849551285849005,-0.012961661628923201,0.00803185157604771,-0.010822233995914553,-0.0020503574867169858
2016-01-04,0.0008548149872763546,-0.059276317391402614,-0.02415811485701864,-0.030495380710449622,-0.023589525958126228,-0.01233235765451847,-0.018062284811199144,-0.07167199374655636,-0.010081148717619368,-0.006305713551438383
2016-01-05,-0.025378654085716865,-0.0050362826582582305,0.002748163608338087,0.0017275173996277138,0.004976866983293319,0.004551568645796767,0.015936306351034178,8.951101253942103e-05,0.0018871672040860759,0.008484368364528603
2016-01-06,-0.01976389644865143,-0.0018003578167065514,-0.0028930986340372266,-0.014540808948665348,0.0023334326980966576,-0.018332235684826323,-0.04222922563789625,-0.019843788561297093,-0.010251177179347117,-0.008355383740725928
2016-01-07,-0.04312119342884954,-0.039841165185002386,-0.024435494122973786,-0.04127996966669712,-0.050286775342703524,-0.03540189270502843,-0.04045194652710248,-0.015597626568759423,-0.029881458963091686,-0.016135383009198985
2016-01-08,0.005274152989386889,-0.0014649816495862417,-0.013710493647003366,-0.022653915028727923,-0.0060435644484129495,0.0030618473814624206,-0.021700171212117668,-0.021798618902587004,-0.017368284612510252,-0.02040882025479915
2016-01-11,0.016062206261663433,0.017456438647195635,0.0029505793929377466,-0.0015289235177836811,0.001847580403866789,-0.000573309384743962,0.0016862045471825664,-0.015041470598887025,-0.005279300665211403,-0.013479589438629024
2016-01-12,0.014409006651306172,0.00024284299430716287,0.01659956552862958,0.002207476058446502,0.018895391271627895,0.009135983034228221,0.016706350256455067,0.010148015367819617,0.024162803691620754,0.02028441122159377
2016-01-13,-0.02604651364464502,-0.06016654204035878,-0.03518670652475497,-0.02786057487525625,-0.040352463234683694,-0.02183572497899635,-0.030958425083265805,-0.04709850033150001,-0.027361622051137055,0.0059661896161013585
2016-01-14,0.021635078279668114,0.0190504563776785,0.016292940183684684,0.01488650294546535,0.030238128570971207,0.02806859749510811,-0.020370142674552335,0.02888335550021133,0.013909619002514667,0.044848150394618425
2016-01-15,-0.02430829752480549,-0.03924225838410732,-0.028991925675496282,-0.020132491718506042,-0.035174982296984764,-0.04073546821310911,-0.0559486749975994,-0.005788304635901255,-0.013543409219066162,-0.019655825543023062
2016-01-19,-0.004850341466310628,0.007513188458676298,0.012017575984281688,-0.0005257605240702542,0.003049163434191675,-0.008468846416235264,0.008082379569269773,-0.0013180497358616836,0.029842076197945485,-0.015327074860424592
2016-01-20,0.0013436072490314883,-0.004728536149936751,-0.0007232472766512426,-0.026663793231046756,-0.009598969026684846,0.0045387798765880874,0.005473411353672589,-0.02984700672603167,0.019440506916773743,-0.04306043437922645
2016-01-21,-0.005074926320673236,0.005668023638552371,0.01122309463395086,-0.004694904166816486,-0.0020158562183409065,-0.006122561317121071,0.011577206699752995,0.006371174528862555,-0.01130181356763068,0.012493191474916784
2016-01-22,0.05180176267612607,0.03647325227997746,0.025529252100136554,0.030305368639322993,0.039359675497542636,0.03522817612048678,0.023112689244607784,0.012819409432011437,0.007285878373910219,0.032790048579073486
2016-01-25,-0.019715629831026895,0.0002514756298703957,-0.01601024665515614,-0.022911645429313576,-0.009540778610171117,-0.009607939009868354,-0.0010554233415987937,-0.030935193433109923,-0.008343848755558214,-0.03441093056748095
2016-01-26,0.00551553136736945,0.007881289814971014,0.00023136265779750195,0.025191821549390366,0.003395667323215572,0.007310465412200535,0.009804209454302238,-0.014463994522802691,0.0051023312315615485,0.0361069932336683
2016-01-27,-0.06796465489231539,-0.030223487844411107,-0.022338234655529806,-0.0007010868374663079,-0.030139373888140027,-0.01837765590441667,-0.011917367417736004,-0.028773321328083013,-0.014406370939766268,-0.01855423501148019
2016-01-28,0.007146212194401834,0.08538869217334837,0.041919549091896255,0.00419872522829812,0.1442860029369376,0.016266752830155544,-0.010991060704776623,0.00862962340794968,-0.008493039712376195,0.02232819039377501
2016-01-29,0.03395816919402906,-0.07915119292354683,0.01728913920725954,0.03802483481233278,0.02801553547166439,0.05657141470714421,0.043257243186401326,0.007876153690118506,0.033374740667866505,0.011108196805723296
2016-02-01,-0.009392412191143756,-0.020985298936447353,0.012296942192776812,-0.010814714830947127,0.025342236127318903,-0.0069218770058740295,0.00034153566890284627,0.029579034008357437,0.006318887709702672,-0.02024192993721621
2016-02-02,-0.020429267105364544,-0.04031036118155143,0.013069768992580359,-0.031583949661533904,-0.004179189537354731,-0.031754579297727646,-0.043242496938342576,-0.07461581641391855,-0.017495971577637354,-0.022535470991662577
2016-02-03,0.019599057424026876,-0.03883536271861415,-0.04121365489561549,0.0066406197193440005,-0.016894455604105275,-0.015975679890959535,0.0049770092523229925,-0.05222091533974821,-0.009972428785047442,0.05083749280669236
2016-02-04,0.00800306788689706,0.009725297854782525,-0.026160604384488986,0.017097682219056918,-0.01971568185299618,-0.0030722621420641396,0.00035438715556391375,0.01060764461422636,0.012778333520467856,0.017055729656264798
2016-02-05,-0.027071032756171,-0.06576003261553948,-0.036647964328584526,-0.011192463962312648,-0.059861180330912124,-0.036026096171722616,-0.06517682123241547,-0.07537675524991229,-0.021955734260293056,0.003126909563431859
2016-02-08,0.010474428374242574,-0.028338744199446216,0.0005679448312929335,-0.021174746800970593,-0.04239666857090773,-0.015065085968451276,-0.04686232312014044,-0.09414848949038832,-0.015333717098635635,0.013396079528743162
2016-02-09,-0.00021047396683470502,-0.01243098411350577,-0.0044690027755748775,-0.0060317047102117225,-0.002107560045991456,-0.002634374070186464,0.010649011065961191,0.0017553033123812,0.010308833741403059,-0.004361072851464859
2016-02-10,-0.007608776501500356,0.017295163383573304,0.008281876587121857,-0.012173663407657178,0.01456096855572076,0.008687776237095655,-0.0023566340041401494,-0.03138101482046277,0.014113508938233097,-0.009157301847517207
2016-02-11,-0.006064654900245279,0.02683455051919019,-0.000693348908866917,-0.04513169019269044,0.00896963142877397,-0.00040234564256005635,-0.0051249954116942605,0.0462446823259849,-0.01898320477512999,0.0031450202221865835
2016-02-12,0.003090065405381871,0.0064497248637008404,0.0007497897392247039,0.07999950641698352,0.000980636753604075,0.01616953378649065,0.016852732178687723,0.0037809843708239777,0.010789421337336073,0.017805366531457714
2016-02-16,0.027804334396167654,0.02727318794641811,0.015093280797907921,0.014848297434919886,-0.003928936574915667,0.01876974752189209,0.04780898928507774,0.026976687450607925,0.029345233314945818,0.0023422251494533996
2016-02-17,0.015198519547440248,0.02464111086088663,0.01977150498496702,0.0071720598641447485,0.03472146011902546,0.025699208421491624,0.02452095452132544,0.08348200981104029,0.026988057667110602,0.009557930407702595
2016-02-18,-0.019138197500410365,-0.01718482189718473,-0.019952791485270353,-0.016469401567458655,-0.016581630547552774,-0.004397365208940839,0.08254271979236438,-0.01138775377170307,-0.007211242960572818,0.005472469668301559
2016-02-19,-0.0022884890422502926,0.018681582324656512,0.006390511897669183,0.00017282957960846693,0.010574958998666588,-0.007114575344829572,0.013227408247523866,-0.0011399463291754239,0.001956563803027187,0.0006059501181191225
2016-02-22,0.008708700094401561,0.04496369647179335,0.009564883944625801,0.01288758817286052,0.024466419556589045,0.015889888213843004,0.03486497573181089,0.06484609004893599,0.030050391728671844,-0.0013338218693711799
2016-02-23,-0.022864829489211848,-0.01179406802845524,-0.016262122855459325,-0.04273026081011419,-0.015991345020542853,-0.028317142803619844,0.0025347208482501037,-0.002986283132399764,-0.0009899998774335437,-0.014179296739229826
2016-02-24,0.01478095792210706,0.0019874008292603204,0.0050201048438856906,0.0003562161835204875,0.013374937554869458,0.0035106760320538152,0.006937862368865678,0.01005033020281575,-0.007872513083584554,0.0035633141791936145
2016-02-25,0.0068444177439894865,0.002001462317041723,0.011337938385060638,0.015378475788756903,0.011072458474216219,0.014305564236481647,0.002197236052165136,0.04601958194893397,0.008285056799737827,0.005993079737753624
2016-02-26,0.001548903274614122,0.0001440843730898221,-0.00585997011340709,0.009253642884298854,-0.0013890047635294052,-0.015474081272676854,-0.006606786142047617,0.015406524266142536,0.0010720135370597811,-0.0031749627611199656
2016-02-29,-0.002272860768237728,-0.004892808931288433,-0.010595575539485818,-0.021786048953394383,-0.009309138340468755,-0.00822098504111189,-0.006515468805257721,0.00831877164214484,-0.018550606635526396,-0.019766071355669147
2016-03-01,0.038946284193924874,0.046881936272885824,0.03419579105826867,0.05022708875590017,0.026761713995329364,0.03286562099013169,0.043369790099004456,-0.029504076406392032,0.0213490632686163,0.013999982269680243
2016-03-02,0.0021861377049917307,0.0020185571762998634,-0.003631400553131241,0.009414921556881096,0.0011830053363706754,0.007012429360346416,0.005784567986817109,0.010622208018402699,-0.003293014008869499,0.01731942935548649
2016-03-03,0.007416506078228775,-0.0046989696560619815,-0.010726884176686567,0.003341298087235043,-0.003370801535320946,-0.011396384186443181,-0.008842885682159402,0.03853837259694783,0.004525000841475701,-0.0036341380171232536
2016-03-04,0.014767806269174904,-0.0040776473798696386,-0.0018742202384544927,0.0014995406587060963,-0.010919044487507613,-0.006131418928146551,-0.0030673248360359776,0.026716728273089435,-0.0001641872397965356,-0.0013355137894005718
2016-03-07,-0.0111291058263941,-0.021689184810563263,-0.024145281425023413,-0.0018334809840985598,-0.02484716419128294,-0.01940664209914615,-0.006472359203646064,0.02091968264788571,-0.0003284553740793885,0.02602826965493482
2016-03-08,-0.008280176416037689,-0.004523324423672128,0.001023923070924085,-0.01954223039051026,0.0018897723192411598,0.01207670919659888,-0.018412640442428418,-0.013189977507998208,-0.0008213855420073847,-0.021905345003797906
2016-03-09,0.000890457217773758,-0.0014110972070344532,0.016512445146266104,0.005767464597223235,0.014805433114497904,0.022778055751034577,-0.0006297789373533709,0.029760047444229165,-0.0004956186728420025,-0.0027874108617364055
2016-03-10,0.0004946340234550988,-0.0009656123733343161,0.009275663896559915,-0.008663934830024929,-0.0017689540670354216,-0.015063680351447343,-0.0015773017191961951,-0.01710600205707604,0.008141732004478165,-0.002673468006451336
2016-03-11,0.010716061373719481,0.018927620860452448,0.01719704401065843,0.012378261538586477,0.01928729392129658,0.01940682293397577,0.01690191236476381,0.011243644655794076,0.02435516139833902,0.00012171942001832769
2016-03-14,0.002539422480628142,0.006579373578707948,0.007183529706991777,-0.0037143267085616885,0.004377593226598492,0.001882640329401207,0.0024800239411161286,0.03620413638831722,0.0009587394728241469,0.0026731430478038514
2016-03-15,0.019894694871134055,0.006345658149205671,0.000439597779736016,0.0013524864745631537,0.0070729167674702265,0.00786814094266121,-0.004965909976319907,0.01471801100064954,-0.0029593254482733326,0.00496293975315697
2016-03-16,0.01320362758903685,-0.004777285551767826,0.009005886563359993,-0.004740911055100032,0.013551986403686735,0.014082191141999954,0.029431861696851556,0.016308524049824493,0.00040049576360500915,0.0006033878987941041
2016-03-17,-0.0016055148369737704,-0.026163348823340673,0.001477557105212231,-0.002889405331744288,-0.010394420540704484,0.005687705577116369,-0.00849511751220567,0.019853015580359887,-0.0029667727486116986,0.01473361223624635
2016-03-18,0.001133450290423224,-0.013243321130635607,-0.00405559825350553,0.029021702259788132,0.0038658141172852947,-0.02163728022470913,0.029718749245266112,0.02770693369392232,0.017433071912064314,0.0011880612687208717
2016-03-21,-9.423254232631134e-05,0.003435596899328257,0.008895894056591807,-0.00033098491165007286,0.003582530291691754,0.006893376162843963,0.0029528228171862227,0.023692341709192745,0.0001580974174028483,-0.006911772511531133
2016-03-22,0.007618835370964667,0.011665001910245174,-0.0027723366744301712,-0.003645393879428656,0.0035698101896136235,0.003891044821506805,-0.0017710076554345716,-0.017268037103027073,0.010048907132203659,0.005961365403414841
2016-03-23,-0.0055439521712855825,0.01619348377708438,-0.003281651822648429,-0.00499272776314113,0.0025803054445159685,-0.0018508713034909537,0.016989596981644546,-0.051059637668835235,0.013731096652375617,-0.004408018363672064
2016-03-24,-0.004343683138951554,0.023114338753498484,-0.0035968819934366495,-0.007703823589879549,0.004521378402122855,0.004436863281780965,0.0014515517661068094,0.022961935986388595,-0.009289023286623163,0.002742184583970066
2016-03-28,-0.0045530206723297904,-0.0052974559029092295,-0.0020689554777010037,-0.001346030355291146,0.005645229594152584,-0.012436285319763174,0.01009913806486445,0.010960586620732325,0.0025633789534151774,0.002853825766275405
2016-03-29,0.023396151268189256,0.02383969600342797,0.016601570579234955,-0.006248316544998609,0.02132105256907701,0.0216174536068771,0.01595027101708117,-0.0005647598115707201,0.007033636184648123,0.0036742346383189404
2016-03-30,0.017308365478926828,0.008100298200387797,0.0031939936909767836,0.011453846837834628,-0.012476328118404384,0.006195270715065072,0.010400620891010159,-0.014179021867915434,-0.0011558095464210695,-0.00011834971307644108
2016-03-31,-0.005216611265998802,-0.008470877974365666,-0.0071052748366323484,-0.00824026925280109,-0.005244825886520133,0.003264673212813325,-0.0036420861822812852,0.012613452861511764,-0.00603332101541508,-0.011064412881686815
2016-04-01,0.009133437091395706,0.008153451207283656,0.008834857244087736,0.010916148737779326,0.01703204531453317,0.006136962094747048,0.014489020938932243,0.03346765340533194,0.007882255612869508,-0.0075654047701650805
2016-04-04,0.010221072263534157,-0.008911742986402993,-0.0059292055444190766,-0.0038775994622804303,-0.030709718065712988,-0.002522387910375259,-0.009728982505358197,0.0388013743491128,-0.0033149974481915907,0.0024081687311695594
2016-04-05,-0.01185897882733495,-0.01195611469764253,-0.00859750870091989,-0.014290908172827263,-0.0029363767974114785,-0.01581993285448873,-0.0013974479854785974,0.03375719467788817,-0.01910209500049407,-0.011489425306347913
2016-04-06,0.01041856656483674,0.026831688067412804,0.012445621633751045,0.00768144081262281,0.013190013823800655,0.01021161757045872,0.0013974479854785425,0.03820852140938891,0.007762595210565603,0.013291179861950235
2016-04-07,-0.022051133057684257,-0.017846970350456674,-0.01040455651053471,-0.025662254907246006,-0.0006157908533093037,-0.012046250277395013,-0.01038880165834789,-0.03145950214721641,-0.009101355325404431,-0.011347025240518286
2016-04-08,0.0011048530831227427,0.005345535630746494,-0.0008556589341271688,0.007300528127967569,-0.026844196272710123,-0.000734588595672385,0.006470522789431757,-0.02811316237550365,-0.00942401399484072,0.01014619237244632
2016-04-11,0.003307640809453523,0.0022342902436338235,-0.0025444352940852863,0.007934990069992083,-0.014935179282418021,-0.0020233663601249355,0.0061505089067025965,-0.000600025756279789,0.005158321806965615,0.0013211883170196916
2016-04-12,0.012941199687287689,0.012075917560596302,0.008910395296451667,0.018386522439143658,0.014754280620825526,0.006240836401309754,-0.001115458117127037,-0.008438153646491461,0.003713777428739005,0.012285943730369292
2016-04-13,0.014383323435976028,0.01913041375415018,0.00988142128779603,0.04146958834633246,-0.0009043572050286895,0.012727547713131667,0.024801391267252927,0.026715974419241527,0.007542199974966337,0.0056747412710981965
2016-04-14,0.0005354724252944429,0.00959891995387111,0.00449815476051119,0.012864284609499496,0.0029818153068909424,0.00018039525167472554,0.002718253231508255,-0.010545300037645535,0.00172058046001269,0.007047949564965002
2016-04-15,-0.020275660598553864,0.008246211345508382,0.005927827025312269,-0.011570367269903271,-0.01088550015293938,0.005224709159330937,0.007841136353851974,0.010466726443964266,-0.005091718807904827,-0.00539921617987666
2016-04-18,-0.021810872511937845,0.015001377724516572,0.009797854378702547,0.006444430499417391,0.007360580056772013,0.014450377065511413,-0.0043185958818767805,-0.0024784027649427595,0.0037625137877271508,0.00948780700233243
2016-04-19,-0.005317361520016689,-0.011795093048061929,-0.014617170867021082,0.01672156928697406,0.01652198295473499,-0.0012406725508119084,-0.018013701198827618,-0.025976524355888778,0.02082852701224728,0.005000526732276098
2016-04-20,0.002055495455140863,0.008073688155408782,-0.0017150082282592035,0.014424803052216313,0.001156998231438491,-0.01428832806660105,0.0038481372076891013,0.010455766684840656,0.025944210560916593,0.006820002855196378
2016-04-21,-0.01088684208115248,-0.003148782496958384,0.006534324716577776,-0.010012567120055495,0.009032265257226195,0.003411891793923489,-0.0010977373426744217,-0.006743463134253233,-0.007268997213657322,-0.00011525447360530998
2016-04-22,-0.0027402512949027376,-0.016780246010194188,-0.055661937939211724,0.005800863304589134,-0.025715756317239248,-0.0744113606729269,-0.003852304638824162,0.021752130220696962,0.008760877411741226,0.008490422547145424
2016-04-25,-0.005693719738560027,0.009144199486108597,0.006000160386106491,-0.005800863304589164,-0.004169237169426854,0.006352661126108136,0.004950041981498615,-0.007635052586515022,-0.0026122867761952297,-0.0022878701345509273
2016-04-26,-0.006971288522309951,-0.01499528076288244,-0.02295038522583973,0.005175116359673168,-0.012245476028236718,-0.012940550323135597,0.0008230313783340445,0.007595589425314437,0.0034323270908098668,0.003429879406680815
2016-04-27,-0.06462187038855033,-0.016854348372268575,-0.005404818030245532,0.0028118423492504703,0.0011944575369516252,-0.009767497049222855,0.02249705721525066,-0.008986393867576518,-0.010785175214193594,0.009426778385713734
2016-04-28,-0.03104340994553115,-0.007562704717826353,-0.022994041695126005,-0.007986958708923762,0.06952539698888113,-0.02062757622221605,-0.030202300509227276,-0.015065045092183262,-0.005512338813638726,-0.004872824778620029
2016-04-29,-0.011560724123792889,0.09136096633272921,0.003991801921423686,-0.006309158692689183,0.0072554260773931185,-0.000601138831037242,-0.01868177803419087,-0.028458107849049553,-0.002957418511704571,0.00419428649334366
2016-05-02,-0.001067174598088158,0.036120202250886815,0.009182087890584067,0.00929193852085981,0.008384533810782727,0.014729413860115755,0.013141823120640035,0.004310394689883249,0.0031851223433355703,0.008224202371265907
2016-05-03,0.01631215842469095,-0.018492646756634798,-0.008391506824558737,-0.019469949657472625,-0.009661056954229677,-0.016535788608874356,-0.012016500650713632,-0.03999526402448902,0.002721406100812036,-0.011510072968616924
2016-05-04,-0.01045580111409314,-0.0006259398253998102,0.004127524531551774,-0.015951627265927304,0.005350429051667141,0.0018063747487583979,-0.02303514193263363,-0.04291903900749786,-0.0032518772667392134,-0.0019309974027795743
2016-05-05,-0.004067183009262163,-0.017759996103670374,0.004684134153148115,-0.005373931861563611,-0.0021197385460526527,0.0014025894899593737,0.006023106831744292,-0.05082983803980337,0.0021184799036227655,0.0011364840756844733
2016-05-06,-0.00559247123016749,0.02229583049430125,0.014542837165072327,0.00586101987796123,0.01415959674174581,0.008970197696372417,0.01024178609297423,0.015945545968543053,-0.002042779475734456,0.0053241205609957576
2016-05-09,0.0007546238469808012,0.008569186690485535,0.005432098183244405,-0.006351382256549971,-0.0020944728255257107,-0.0063705840022645725,-0.0014160517326215214,-0.028360959252312884,0.004760147456589445,0.0006776277027274385
2016-05-10,0.00676620063189479,0.033731387760508734,0.013960119556773527,0.013468863331063268,0.010511422805247656,0.018795828894676906,0.01909092791319851,-0.0011014949326037086,0.006760880541024266,0.01590544626824543
2016-05-11,-0.009788572020863848,0.014347472831843011,-0.012014358775189006,-0.003714004203788606,-0.008166034091914,0.0005877636080159159,0.0027769969175717446,0.0012929235721038251,-0.021797853234039252,-0.0048300800800604605
2016-05-12,-0.023736516082799548,0.0065681394001179914,-0.003400535132731346,-0.000647458589173048,0.006338657010172847,0.008970395923740406,-0.013681624090233586,-0.008072274349868633,-0.007295650665678477,0.009636876497516461
2016-05-13,0.001990564719665677,-0.011219818993391717,-0.0044598370917170145,-0.009270607070665737,-0.003915177064485389,-0.008382892359614329,0.141581396731761,0.0015907370455505534,-0.005719915276742829,-0.011327360183107447
2016-05-16,0.03644666196034004,0.0010419002709790468,0.007518202021645877,0.007488053635001888,-0.00956058844386157,0.01457601598245148,0.02909922035257482,0.0032699891352643744,0.01263302567132153,0.010211522175069298
2016-05-17,-0.004162807934166715,-0.021893876858918856,-0.013940370901794718,0.0,-0.0111855651041443,-0.018827510328109847,0.0021309666874831145,-0.01758124678436267,-0.00830148596240169,-0.0004466840632283503
2016-05-18,0.01137983384004966,0.003130600442517069,0.002205209653787977,0.03787243877014023,0.0025532868821418163,0.005921844409471871,0.025223342558144884,0.03131343159274645,0.007305889239589194,-0.0020124184623414375
2016-05-19,-0.003814247470337601,0.0015329075805936736,-0.009004236211751771,-0.010201406320281332,-0.0071656304987212415,-0.009690708657019521,0.004372086843878567,0.018950768032964343,-0.0039153703812102834,0.008469758215972819
2016-05-20,0.010769897236662222,0.006108565444622202,0.008907126920504053,0.0018909257459740435,0.004612343616579406,0.005944138821541246,0.01775228331988602,0.02328518965413239,0.007204989149960734,-0.004114636335525679
2016-05-23,0.012627537774397405,-0.008645628781849027,-0.006198932838021278,-0.0007873588633924314,-0.011829359095249915,-0.011723864293686501,0.0015774896350150402,-0.018603018878406003,-0.003979539612070741,-0.0015611702673445126
2016-05-24,0.01512900459538534,0.010635670557085685,0.02176259439313575,0.01687537983374305,0.014807451622109441,0.030704840402453953,0.023984511243101733,0.007785688457859806,0.016502006946054575,0.0007809889205053857
2016-05-25,0.017416233951556104,0.0058759281815327965,0.006892256711880599,0.015070062944737136,0.0016130096740301265,0.01022108512732047,-0.0041972523179935025,0.007634532429218333,0.006240135234624983,0.006558384505528701
2016-05-26,0.007899158547293205,0.009218314179923586,-0.0015863177755535097,-0.007506372956738466,0.013313235817872214,-0.004423016684934284,0.01057007493812194,0.024916957414126993,-0.0033033280619950613,-0.00510981900047385
2016-05-27,-0.0005979735741544513,-0.003741703526223667,0.014375316195435413,0.006132002086319336,-0.0007536389069509756,0.008252996370061598,0.005461992345980195,-0.009282495150154764,0.007640862386195458,0.002336063185095729
2016-05-31,-0.004894698079236957,0.014703794693496877,0.0016705626146925545,-0.002448675426024949,-0.0047860869413653495,0.012913060926754288,0.017707045883442192,0.0008515049013149798,-0.0024658087772275643,-0.011059565511143045
2016-06-01,-0.014119120464539956,-0.00464557924802742,-0.0005209728730476108,0.006414464699515178,-0.00025254520474531935,-0.002834035952147853,0.0019249734952102914,-0.01657711283877643,0.006413399440089181,0.002467874782354833
2016-06-02,-0.007543971827777957,0.012157494834424692,-0.00561394164178987,0.001824703183948661,0.0012619591863085812,-0.007026029060089431,0.007024636464448383,-0.0027364764140605756,0.011161786868414889,-0.007987770562116326
2016-06-03,0.002044638732468861,-0.003714412862365348,-0.011363936051246028,-0.017937784638526716,-0.0038751827094570188,-0.013234893241831537,-0.014100224570878313,0.00013699201551336878,0.005863329658134996,-0.001808890303279063
2016-06-06,0.007224630283892101,0.001638754436637447,-0.0079132471715319,0.00985218593991801,0.0026974555721828624,0.006543736386750975,-0.005176333332779241,0.007687650354747568,0.00952765852670167,0.01091655665175426
2016-06-07,0.0040472365982920306,-0.004122751952452871,0.0014098317658715268,-0.0033759497759042393,-0.008708546990225356,-0.0005758155638256001,0.001944200651398658,0.05148812328405689,-0.008796904622139178,0.015218338763719176
2016-06-08,-0.0009091778446675198,0.003998969897112789,0.016065316445556064,0.0029160185249768426,0.005335475217774586,-0.0011521283768023572,-0.003242507830487665,0.013594012809874581,0.024952469545926136,0.0008820120632391321
2016-06-09,0.0071507525094485725,0.0013889656182546066,-0.0005518867521653079,-0.007692198448516085,0.001434846864837275,-0.008103704947805932,0.02565293082121725,-0.026503001317736564,0.0019923760762341103,-0.0013228851690088013
2016-06-10,-0.008263187874510282,-0.013475936868213923,-0.01264519380432902,-0.014153887664775431,-0.016498221219402347,-0.0027155024587744306,-0.025220290557477373,-0.047180419918366065,-0.010288645563594429,-0.007639323536429423
2016-06-13,-0.015191183687221837,-0.003726038382165039,-0.0017881445669971413,-0.008968340971968929,-0.02316115062245484,-0.026374557180416834,0.012689755095652523,-0.004213833134398357,-0.008293816970302013,0.006756666710366575
2016-06-14,0.0012321935324334653,0.005660341395014478,0.001870078441784015,-0.01898754865472702,0.008650615011923357,-0.006201674980313588,0.001921784935335829,-0.013446607255840357,-0.0015940493617969279,-0.0017675232824298968
2016-06-15,-0.003288596384707537,-0.007031444367638922,-0.0014465942654775911,-0.0017734820225144723,-0.002962468598763214,-0.002813533721969105,0.010186579035764826,0.012666011752708678,0.00010910172942349168,-0.00299080042713919
2016-06-16,0.004211574245613723,0.0045398004146631095,-0.010903492062165964,0.004025896011719153,-0.0018341421484780833,0.013988827645434812,0.00400396324685443,0.0010559968563871652,0.010148063482019682,0.011688856310442685
2016-06-17,-0.023020465287343573,-0.015619385122896904,-0.028003119056209606,0.0009639307291012851,-0.01204879313048565,-0.00517296532565385,-0.017609467454259866,-0.011352256561249705,-0.007020446464914953,-0.0054964718157631594
2016-06-20,-0.0024157843148787496,0.010729489480786948,0.0026659207528247158,0.0014442367123861635,0.003091944337709806,-0.0011976905446449571,0.017819731988086,0.01944126218129586,0.0060101834071785215,0.004399409593609441
2016-06-21,0.008481509265158433,0.0025317674181925638,0.0038870072766500315,0.009256342001853289,0.008869309281256408,0.022122303536497637,-0.006115796236628971,-0.0004097037520193879,-0.0023852353330110045,0.004489368449000142
2016-06-22,-0.0037608960307215964,-0.00731909970913789,0.0022403538021345416,-0.0038199736317880953,-0.004117412747333712,-0.003914606345249914,-0.0008466929924104479,-0.11037687386846473,-0.002100514567907799,-0.003940881893357839
2016-06-23,0.005740072228184227,0.016026289384540253,0.0061739778668859465,0.021143271019480478,0.01021878192300964,0.01788176346093674,0.0263279461677193,-0.001323003098034977,0.009311031415912696,0.006886529989514366
2016-06-24,-0.028498139655433623,-0.03254236935774068,-0.042390060436581646,-0.07200867244201123,-0.026414663455825063,-0.040894098705351406,-0.05860270302184226,-0.0166862723601002,-0.01374432068439301,-0.026603552648705675
2016-06-27,-0.0146680305527672,-0.010932874119620612,-0.0059428313929047695,-0.033959373171211,-0.02814030554349968,-0.028497944084797378,-0.010773232231663182,0.02757384177571996,-0.001312229457702881,-0.005946704395583326
2016-06-28,0.016700340566535188,0.02371274872966297,0.014748204645878504,0.03261639427230787,0.03365691405274272,0.020640462980906434,0.014483700443297285,0.01618663648550845,0.011601948190775974,0.02280786290229946
2016-06-29,0.008617317088043135,0.010747873650852587,0.005669197833179241,0.02783471887725792,0.012871506551623245,0.022005218468532515,0.016207765211303127,0.04078429108931338,0.012964487463100523,0.01690586503745341
2016-06-30,0.012631891860567705,2.793283283991869e-05,0.011925477067408374,0.015242895801525255,0.0010506429713992903,0.012388398666082795,0.007687268237089924,0.009894302036775618,0.004827619984466522,0.01374919378251047
2016-07-01,0.0030287210164116852,0.013959906890177258,0.009506159150916857,-0.006508414083930934,-0.0007878787244307233,-0.00019558681026598943,-0.00747273894806299,0.019684363698009858,-0.0024109931652536195,0.0010659108534204907
2016-07-05,-0.009430077471754799,0.0033292106288024307,-0.007575109766932985,-0.02831082389011575,8.748281165633138e-05,0.00019558681026599146,0.014679308613601593,-0.011708010190005998,0.004956579021487776,-0.008776359299596408
2016-07-06,0.005668833795597328,0.012976883279012188,0.005771635202673236,0.01068993333329817,0.02165515479961689,0.004095398066266972,0.0063157730330805515,0.002147404214086661,0.005776286544115501,0.011436995049603568
2016-07-07,0.004282402577111135,-0.0014110071229049223,-0.0024150757465054916,0.006458400858983173,-0.00731007300225138,0.0,0.02569012982376298,0.0069706390878116345,-0.011158893629919182,-0.01208236216062039
2016-07-08,0.0076836623188649145,0.012466649235593598,0.014764872456074015,0.02042429276976966,0.011926689005186375,0.017747564353504247,0.039307341776105995,0.003882406200045303,0.003332532503807443,0.006220009111512852
2016-07-11,0.0030984462681796035,0.010629633120740091,0.013038320972783917,0.007090800755603186,0.005359339096627736,0.005529476040309468,0.022748145476249152,0.03623916222812251,-0.00674737135253636,0.0037345625487026027
2016-07-12,0.0045267994292545,-0.007416850567350355,0.007275535320480883,0.014824499670963498,0.0005089246480000263,0.011720301100661414,0.01488293579617236,-0.0005784686275882068,-0.0032836649451539607,0.011226521825102071
2016-07-13,-0.0056615569200657015,-0.007485729713040711,-0.0041452031036502066,-0.0006330577562916784,-0.009799416874126126,0.0056224436384828234,-0.000378826656294921,-0.009481791981114011,0.01151641858982399,-0.0007376060330870082
2016-07-14,0.01962615257750752,-0.0019274146344338784,0.008626321200881889,0.015085027108812772,0.0043577068466909485,0.004288672603295432,0.01017919544137607,-0.004503834745166498,-0.004534197331498259,0.0007376060330870878
2016-07-15,-0.00010127144052588309,-0.007801589339770667,-0.00023083526928303205,0.0009352282677723479,-0.0036728453345917394,-0.0007441721280021955,-0.01169630829314211,-0.005114025755905355,0.003473361955964237,0.0017889959166056601
2016-07-18,0.010573696016865183,0.0008563114551830428,0.023603545621586015,-0.0034336107580143506,0.02125123385047995,0.004829892816350821,0.005110460731841774,0.02619652922656733,-0.004112145020754025,-0.003159313652046489
2016-07-19,0.00040076505341118056,0.005257399883838424,0.0002787135842348974,-0.0015646452112797503,0.01033432535038269,-0.016254435116829457,0.010329806419565879,-0.004385291037032523,0.012987897272434146,-0.0036980551208234866
2016-07-20,0.000900715110473625,0.0077675223360477675,0.004859257942919321,0.0010954930484127095,0.010802867326148293,0.05175456100962491,0.012994380674063529,0.013668059125303526,0.003010819655463967,-0.005732077100122066
2016-07-21,-0.005316471178545216,-0.0017313402742775172,-0.003532906005979664,-0.003761083883333789,-0.010802867326148394,-0.0019694105089533547,-0.01861577151924755,-0.035025647680890844,-0.0010489000448482078,-0.000851946491629852
2016-07-22,-0.00777416795550919,0.0005774465487074925,0.006434691976427545,0.00548005181960277,0.003228401182027271,0.013705035526920612,0.02688112490136412,0.007995166372593208,0.005722840124686967,0.0017032308241559748
2016-07-25,-0.013469635757959893,-0.007073281638809294,-0.0023205514088593163,-0.0026577769646986154,0.005192914759057344,0.0028244874011246414,0.01830580812444938,0.03422991407229569,-0.013734434045088345,-0.019441076933856077
2016-07-26,-0.006907039710753613,-0.005450127867068349,0.00017150896567797314,0.00406223693874812,-0.0033764652809450033,0.0005284521149938524,0.01691786465534937,-0.0021761515127662386,-0.00021139630596437767,-0.0072933481445392355
2016-07-27,0.06294048653606488,0.0014671556638082637,0.00568560914409045,0.0031138574861741325,0.01733766109959177,-0.010093119463556028,-0.010116404190506868,-0.004454145276064341,-0.00014121130570118483,-0.006796746045832808
2016-07-28,0.013411278974169018,0.0214071581925869,0.005066012224443838,-0.0035816101848734185,0.013368944647790714,0.0003561280991170596,0.0021382633883211526,0.009235480159939757,0.007593974330226002,-0.007840590064328676
2016-07-29,-0.0012466517254801348,0.008204186814807538,0.032754528888104616,-0.0020301619134511905,-0.008516082199268329,0.00832668165025224,0.016243257350546055,0.01796357608986491,0.003077102800994102,-0.013954709022548294
2016-08-01,0.017502661571937334,0.011699787950620771,0.012058321339671697,-0.002661157474264731,0.002980709520763275,-0.001765898849589953,-0.006500549775938126,-0.020568759460974036,0.0021627231334361958,-0.035356600064678056
2016-08-02,-0.01491499388287464,-0.00936987872916021,-0.0010241679987965254,-0.0023540171011917185,-0.0098626631301528,0.0,-0.012237851046194648,-0.012292084744154984,-0.002372138849181608,0.013649908385971337
2016-08-03,0.012460570895364873,-0.007840509370718434,-0.001501056570010466,0.015743776954199498,-0.004723101624379888,0.006869395713553363,0.0026731114366096587,-0.006225314026186318,-0.0020275031994931307,0.005156348129650055
2016-08-04,0.006158438738641225,0.00809035091420748,-0.002092538852634154,-0.0015477705748735144,0.014988001613159076,0.007345253630259434,0.018339551858844685,0.021122582141450387,-0.0011903737933041604,-0.00011400208040744155
2016-08-05,0.015092514197296509,0.006824930154292793,0.012068641979179463,0.026594814452708875,0.006332583775522237,0.009883113247300287,0.0168067539654059,-0.0025182407097393686,0.0019597644364651302,0.00091388637207258
2016-08-08,0.008246480861787545,0.0007568958830049434,-0.002108952724655505,-0.0030213448797976575,0.0008783660521070819,0.0017237405882565469,0.0092360996441027,-0.01696698387372854,-0.006032317930132249,0.01169457285039936
2016-08-09,0.004051964787736979,0.0022803641761202646,0.0027903154210149666,-0.003485460653662169,-0.0015978498526161803,0.002408345072534095,0.002550066238490701,0.012828586863653185,-0.0021833618001136563,0.001240688520247821
2016-08-10,-0.0074718092202205365,0.0003253564118527587,0.0012498816041386258,-0.008997423303375794,-0.0014404607575958267,-0.003097723210174336,-0.00647363477433432,-0.015086200330822553,0.002605276709670926,-0.01766483313699222
2016-08-11,-0.0006485283173554852,0.0034809456613437103,-0.00035854248814787146,0.0027535525366767627,0.00016029074147455368,0.004814584388179113,0.02013440145961691,-0.0032847564907199237,0.00308960981233948,0.0035810698119778783
2016-08-12,0.0023139244401732934,0.0017100167029187637,-0.001424004729698139,-0.0021412762758257604,-0.0001602907414744478,-0.0061943203846011536,0.05443760316449064,0.003107487947433554,0.001751402565074416,0.012946619082679996
2016-08-15,0.011945278786052586,-0.005282095171927685,-0.0013514935141397512,0.006105342511479702,-0.007878365677757375,0.0031019191969952464,-0.0009522241138502673,-8.864605708714757e-05,-0.008857720031994653,-0.0004557285734918186
2016-08-16,-0.0009140768112607221,-0.005807402795085379,-0.005935989215793012,-0.0001522730973518307,-0.00485443291746908,-0.005555488009701298,-0.006052030421242009,-0.008815727347136438,-0.0038205363107926544,0.0012522195092576527
2016-08-17,-0.0014638964932825848,0.0007718881392052844,0.0052657726675592615,0.0027355583502404234,0.00864061211058685,0.0020868052026630007,-0.02343565937979371,-0.0016560451065990524,0.0044557159458159055,0.002158692479547029
2016-08-18,-0.0012824403316452032,-0.00022233212519353119,-0.003320609802603953,0.0009101923558972997,-0.0037054899452705673,0.0006946848534009593,0.015416365955477317,0.0012087703175120027,0.003240803359920379,0.009038433568587514
2016-08-19,0.00256369571423977,-0.009396973130926274,-0.0038690740178155426,-0.0013655993912728838,-0.0028286904944389317,0.0003473479334426653,0.0025731086365074476,0.006644211263916558,-0.0009148746180099065,-0.01256317631206207
2016-08-22,-0.007802737322048728,0.0028612449459098515,-0.003382396928670453,-0.0009113609571086174,0.0047637160781375705,0.0008670974277977978,0.004167367953928294,-0.00924255005263713,0.0003521601614398077,0.002161773748359723
2016-08-23,0.0031284506122452927,0.003903005725525535,-0.000451813219945456,-0.00045595423118651373,0.0017704643615718925,0.0038077318117292628,0.008059718117501665,0.00853117393603597,-0.000563350045101085,-0.003073556402063589
2016-08-24,-0.0075618472404195775,-0.006843538827050335,-0.0037604531898864217,0.002732914579568201,-0.007181706450363653,0.00103602156845464,-0.015539152748038009,-0.009922740252936879,-0.015183818557813474,0.0034144060918869174
2016-08-25,-0.0042671145008995786,0.0025981221230235232,-0.0029024518585925485,0.0018178276619820373,0.003314769326302252,0.003789219806098484,-0.006641193969831387,-0.0074845657889114426,-0.018545158875069877,-0.0063825473490566
2016-08-26,-0.005874008695843195,0.012799437467918376,0.002423680114452865,0.002267892160754582,0.008599639357979487,-0.0024098213665210066,0.00809326224208631,-0.004399604302090485,-0.00496535475398018,-0.0021746863317171797
2016-08-29,-0.0011228594990161645,0.00297341989587572,0.003272176988244907,0.010963467109844345,0.012564710590677333,0.0012055256760387224,-0.0006451469296462971,-0.02201424402684505,0.004746741319528276,0.006509788644015063
2016-08-30,-0.007705872812688615,-0.004821658543237256,-0.004912532582372488,0.008181533574595038,-0.005547145259798174,-0.0036209456840707774,-0.005824182771851405,-0.018099714132295525,-0.0029184295947870752,-0.003649255827173787
2016-08-31,0.0009430525138239953,0.002056264342905858,-0.002617404463169293,0.0,0.00222251532022055,-0.007455875328316538,-0.004716688667052233,0.003165273370958645,-0.006008991501633621,-0.004351525083824191
2016-09-01,0.0059199842456413255,0.0018963246763828443,0.001960410747523033,-0.0043055182448439476,0.00039640425472733763,0.0022602027224437327,0.029080884107383187,-0.054473402159251165,-0.002281313701894379,-0.003448405987895307
2016-09-02,0.009325960527506925,0.002359038801240371,0.006887969948120774,0.004157334802927539,0.0026911705152679087,0.0013879407941435405,-0.009866423460594869,-0.015004733126627411,0.006389096289305675,0.006656659346426807
2016-09-06,-0.00027882913162224855,0.021047176376332754,0.013895381260225883,-0.000740877111887393,0.025134075926519853,-0.0010408308833854372,0.00939116599005902,0.025212917233931806,-0.004695684173166829,0.013069200063985294
2016-09-07,0.006109579748051121,-0.005580501891665515,-3.698458925029182e-05,-0.00416049667542526,0.010123462967120724,0.0008676205470855326,-0.014843487194250974,-0.0055371904013921695,-0.002626409783929162,-0.003732651758817668
2016-09-08,-0.026558441699688313,-0.0005355275465747367,-0.006394354664501199,0.0013390349473561055,-0.005969458167019806,-0.0039967038035316664,0.0072099617387638365,-0.02180154718867815,0.003327565194783899,0.00913722415336556
2016-09-09,-0.022910248032593537,-0.030982899420211922,-0.01804847409847548,-0.008962102337822762,-0.024635309892664423,-0.021472602575366744,-0.05109175155524342,-0.014751515384118504,-0.01352868531480936,-0.025130431804959868
2016-09-12,0.02215179226650176,0.014821110815878372,0.013028698605929945,0.006132954831062929,0.012432270827700062,0.014833610290237624,0.020454723827435673,0.019503095795038304,0.014193310549389536,0.005168698413087489
2016-09-13,0.023526178080358746,-0.013677265744095248,-0.01272417394137622,-0.007934874220737959,-0.011567132723584679,-0.009156518370012417,-0.014591630081997568,-0.011411350335593517,-0.011726618698648564,-0.02411708945137628
2016-09-14,0.03477494928701635,0.00010516043517248254,0.0022035245395392034,-0.001955938094781207,0.004392569666736687,-0.004787718603899064,0.00881363267309334,0.001834595244160918,-0.0019427882132905558,-0.00718488670312494
2016-09-15,0.03343320989245038,0.011236227831538258,0.01353290358017987,0.003607784078379016,0.004529101122174929,0.016395478509928472,0.03721293253711525,0.02021083106903116,0.01425923097195666,0.005657545330910728
2016-09-16,-0.005640090258331518,0.011406788285257588,-0.004076880136130123,-0.012381027798242501,0.005594131511083932,0.0010483953545538261,0.002389677382789337,0.024544117504949954,0.0208706622035694,-0.012418117224612774
2016-09-19,-0.011728860212442403,-0.004402566814648825,-0.003238459508191813,0.005605588118198616,-0.0032595338729414594,-0.005605192195478879,0.013121908454079052,0.004566012851566515,-0.005721411434655866,-0.0023824963018313702
2016-09-20,-8.797620800022367e-05,0.006583891027160265,0.005504203358127398,0.004070785104511343,-7.759645464730069e-05,-0.0021099224038097115,-0.009151374209710947,-0.008272913229984902,-0.0015266655495809656,-0.0155082125138262
2016-09-21,-0.00017634289918684403,0.012127793126189479,0.006542932573698219,0.005701404278191437,0.01005493313224572,0.01658393672607534,0.027668773085590338,0.0028301711415208205,0.017593933201135094,0.009165818661300318
2016-09-22,0.009379264792456874,0.018765787320231292,0.013473487390888599,0.00819501744040818,0.0010768405111666519,0.0010382035418793384,0.0024638569516340484,0.005878858010439563,0.0080439873643148,0.0028770941647779076
2016-09-23,-0.01680434209798922,0.0013039304990443952,-0.0012141581093605695,-0.0020795913991672587,-0.01643189884406638,-0.006767670274107471,-0.0010774897821039615,0.004928963281630946,-0.0037647344592326706,-0.001078274963223755
2016-09-26,0.0015071953987599587,-0.008212302206602198,-0.015220302307559991,-0.02210090283790187,-0.005092805555027253,-0.009271705359940872,-0.009435860747181122,0.0073960706991632015,-0.005638238467048832,-0.0046843564129921385
2016-09-27,0.0018586250421850344,0.02098796993412601,0.0100162369307384,0.008778403226914356,0.010781391506859294,0.018285372879956203,0.03362173888219438,-0.01533298293697985,0.007628862664717604,0.0021647213564332055
2016-09-28,0.007575974706749419,0.01533321108700042,-0.0008266579295123206,0.00526051453311602,0.004187207246595841,0.0013793984395775148,0.003600353624071376,0.002232554158387619,-0.0027028620760815034,0.0430301617717836
2016-09-29,-0.015655109549196695,0.0003980905879389607,-0.00920205349688003,-0.01601733022682996,-0.008860409266826482,-0.010915707713370502,0.009241327091723503,-0.027374718827468385,-0.01499642012288614,-0.005076076468290796
2016-09-30,0.007725584533140623,0.00991395359780236,0.00176752344294988,0.014216584262118862,0.0014042671193506217,0.00347811053236867,0.01648058613667551,0.016455794888206192,0.012072545270137422,0.009439525247288109
2016-10-03,-0.004699401124844752,-0.000680973764983831,-0.00458700568014549,-0.001202001472437195,0.003890493365604049,-0.003129926676552557,-0.0010221396343829453,0.04630612003964714,-0.010844460038747361,-0.0026386121799011303
2016-10-04,0.004256862982468648,-0.003244060584881268,0.003006295513647872,0.008595370749327537,-0.004514415379196323,-0.0031394536751995325,-0.0021935390880798928,-0.010773813020036825,-0.002385535888562516,-0.009232450297704706
2016-10-05,0.0004425381423759362,0.012309537046675428,-0.001945162042270151,0.016234001763367683,0.0021819960979157626,0.006963732015854343,-0.0010256471385598357,-0.014052203493637089,-0.004061627304196082,0.00865812793300052
2016-10-06,0.007402900311249281,-0.0032027719489173745,0.002306408078343642,0.002655833021548302,0.0020995297023416273,0.0017332891765682403,-0.013129735688645144,-0.03644228317841945,-0.008246445537827453,0.0004591602377686939
2016-10-07,0.001491298311955705,-0.0026530370416345253,-0.002955476831739887,0.003529859228632236,0.00193988742785618,0.001038414356499973,-0.007303091748603075,-0.02208281991917614,0.0013916571525637291,-0.003452306568652824
2016-10-10,0.01729670266474856,0.0027124090570468744,0.016670359492277943,0.007751098252854268,0.009644097706882179,0.00414394410580355,0.003732515217050413,0.021834050782377223,0.010337024424238807,0.01940899281861945
2016-10-11,0.002151762795338089,-0.012805732090881757,-0.00566606110841936,-0.004819339040590584,-0.010497172636547142,-0.014753218830677532,-0.014561358472921261,-0.004238857426326262,-0.024411810579997743,-0.007946215120534079
2016-10-12,0.008902571952257009,0.003711492733645314,0.0027138982078683473,-0.002638414164339798,0.001318136237782931,-0.001399898395289978,0.004526118861647362,0.007021756054656237,0.0025939274090485192,-0.006976782019222626
2016-10-13,-0.003072797418291941,-0.0057833978576955014,-0.00951825506561217,-0.005740886330485284,-0.009576894564633431,-0.003332662300971634,-0.01639123874402262,-0.006322401203487133,-0.006758351507866516,-0.006563888843313656
2016-10-14,0.005541470836079865,-0.0076503034711685606,0.0006465407471666044,-0.003253179305154298,0.0004691365392332457,0.008745853547412414,0.009745649531564551,-0.018803261849532977,-0.002014136470871163,-0.00023062321289881506
2016-10-17,-0.0006804880568973588,-0.012237983380288042,0.0027798965201355514,-0.005196927592370081,-0.002662301316496877,-0.003489032860714976,-0.005775045417654414,-0.013061373928427513,0.0015665651022841124,0.0
2016-10-18,-0.000680525430486914,0.005764780195714339,0.017994337098257936,0.007859366505477028,0.008043558770422473,0.007660194562208208,0.015126855468824094,0.0261551834057357,0.066758895842245,0.002653938494735147
2016-10-19,-0.002984287130736686,4.8892619500871804e-05,0.006491672082437369,0.009555217873967028,0.011906864249677747,-0.002257231731119691,-0.002104253942021058,0.022153690439827626,0.006810738882424028,0.004599318640153645
2016-10-20,-0.0005123674010653221,-0.009054054577124018,-0.006321049982599117,-0.001317238867742224,-0.0008458469168498872,-0.004878827466970498,0.018778533230603283,-0.022153690439827765,0.004837235046599434,0.00045880423403405493
2016-10-21,-0.003937158269273387,0.01064269634871374,0.002953145081232284,0.003363894487856727,0.01579768671226277,0.041234030357338775,-0.0028091034225495187,0.004960053389270265,0.0020660566244307906,-0.00678839508812675
2016-10-24,0.00896469874273096,0.023053571602289605,0.01407421238252809,0.005532809447131428,0.009119829928973507,0.022212164625878703,0.0458669433363437,0.013255782319386055,-0.004688946990119391,0.0033425593959797825
2016-10-25,0.005086821822184612,-0.003478227265262898,-0.00864033254671026,-0.0010168702008203493,-0.007455449007298014,-0.00016410614168498985,0.01627220648001939,-0.0020735538234807234,-0.006308995743919911,-0.002188734587289342
2016-10-26,-0.022751554681686166,-0.015189311648635701,-0.007815184472124152,0.004784666700650626,-0.009493997674800187,-0.005919735358432613,0.0040266763241111145,-0.0004943039876348087,-0.010838753142361754,0.004257795467269626
2016-10-27,-0.009649252911443355,-0.0051556121052989895,-0.005794515699694177,0.0014457547985377043,-0.010355601266631221,-0.008780269369655223,-0.020723042101652236,0.008713903341231828,-0.002041112613235395,-0.001954064519545763
2016-10-28,-0.006660714798991288,-0.05273746462714735,0.0027000350943032813,-0.001734569442022544,0.012261531506933097,-0.0038344176446872976,-0.001699540446119446,-0.02000169442078207,-0.011265083956729252,-0.024928391339049987
2016-10-31,-0.0015843470882163301,0.01724024493034881,-0.011856726011739996,0.002168188771225586,-0.0022874820224770263,0.0008350263986147839,0.008467735156004061,-0.011264866438009788,0.006958194548893008,-0.017371083170711305
2016-11-01,-0.018220214978642655,-0.005599220899880221,-0.005472530421945754,-0.004196033970803485,-0.011440189978989894,-0.0020046038234424715,-0.030100156913683673,-0.03572917933325974,-0.013535108807908428,0.003952698946588783
2016-11-02,0.0008965608707327382,-0.025598290110372974,-0.021407324553015698,-0.004213931102597192,-0.01815619799208252,-0.006206593438277781,-0.004208913986865778,-0.014624928607686303,-0.0032327062898515643,-0.002393824715420964
2016-11-03,-0.010776337869211415,0.0019183632456770188,-0.007933249971603943,-0.004377541971569582,-0.058032931691515105,-0.0037088794552731213,-0.011702733347809382,-0.003196249312682956,-0.008308652520728349,0.0025135131547563937
2016-11-04,-0.009055212090232197,-0.01574201638086665,-0.0013946745291191272,-0.00910814759901898,0.006230587625082599,-0.008480184111861093,-0.0057553718481436564,0.016615024207768756,-0.0008711640113837706,-0.0010763057921456412
2016-11-07,0.014322176186712826,0.038810557775781754,0.026443042869948637,0.03080748802664409,0.011527570421807257,0.02870998024571691,0.053311821371702775,0.013810542565551824,0.030184043777738673,0.022246947248410427
2016-11-08,0.005869641055940326,0.0035863063860561476,0.012329662971769533,0.002144252706638675,0.016804444677537028,0.0008274992905619196,-0.0015446452752003825,0.00891415581055783,0.006811127801592082,0.007176138483141803
2016-11-09,-0.001621889108921524,-0.020351656616763452,-0.00790092085170982,0.04495419340064709,-0.008407755457009601,-0.004973941786807379,-0.01700764672057788,-0.025352027226253862,-0.007022525879977748,0.010958371618798111
2016-11-10,-0.02826377270151335,-0.038967915913410055,-0.03190924747924359,0.045371472338092945,-0.019510230159587905,-0.02473389906662437,-0.03180366899267562,-0.025093892626658953,0.029373789250356656,0.009232547700270726
2016-11-11,0.005919902955827115,-0.004549761606454742,-0.011004944239204227,0.0005217807755981944,-0.014844815560711764,0.005436562947983638,0.17162059175722214,0.017170385007960295,0.0019827692366222094,-0.015980351212182494
2016-11-14,-0.02540518268661168,-0.027352787702499593,-0.024303511828881103,0.03611155377755523,-0.03366404413137759,-0.015366179593539354,-0.0504739410705187,-0.038436121205856384,0.03924181448499925,-0.004562506468727289
2016-11-15,0.013156706524677176,0.03306029552684798,0.028712382484039716,-0.0018881019515830026,0.01825430574769381,0.01955439297050413,0.030032122779281637,0.012704782652867827,-0.00032838281349586377,0.017897103496429468
2016-11-16,0.026533061883274235,0.004363275146409244,0.006198798467484347,-0.025007917655684872,-0.007364903048869709,0.013162503278421866,0.06120486248870005,0.0008702894675928638,-0.004806781485763968,-0.01240097836968497
2016-11-17,-0.0003636217292086319,0.013188079873534401,0.007891960669163447,0.00797826029964771,0.012386414723161977,0.01646070884849448,0.008259739290305964,0.025391205236001236,-0.004830297138871245,-0.006082759439116316
2016-11-18,0.0009998491064702867,0.004958593467895289,-0.013046434433550054,-0.003981332833316384,-0.006558387872541433,-0.004793873102628946,0.01044410943000454,-0.01948249147007289,-0.008793350321736783,0.0005866343123719183
2016-11-21,0.015059706545171588,0.02576499750060365,0.011315083730723303,0.004365981670611031,0.039788993704331685,0.008415098962652206,-0.00407822552995719,-0.0027061047139539498,0.006402767573296921,0.014088617970709212
2016-11-22,0.0006263222594056415,0.006810055400562269,0.0002548359851815726,0.006130940582455127,-0.0024664751442978784,0.004263109874334724,0.007179824691161115,0.03540524853286966,0.012224301526313633,0.0021945253189247205
2016-11-23,-0.00511148669420364,-0.006656207779334262,-0.007672581605963541,0.004193205022686016,-0.005200090195267521,-0.011850149773857562,0.0049071957732861006,0.01025223107104114,0.00837173087495641,0.0027648802954220557
2016-11-25,0.005021675566202977,0.00032043172998065663,0.0015775152077291705,-0.00038063455182962743,-0.0038140061126842,0.0021499897430220494,0.0020200939194956837,0.018010126747193315,-0.004765791217196191,0.0022982082031224142
2016-11-28,-0.0019697071305014055,-0.017581286787268918,0.0071009214178117275,-0.006490272525398712,0.000249252962144912,0.0013208687922469733,-0.0005313980878542242,-0.002698732176917293,-0.004591778665923934,-0.007488620365881778
2016-11-29,-0.0009863103831499066,-0.00555818900972278,0.0046341224000965185,0.007631741808444199,0.0038129299383226436,0.007888433291951205,-0.009180154332887372,-0.03396842788447338,0.03539337088150594,-0.0066136107884759154
2016-11-30,-0.00846928518477103,-0.015795815932649296,-0.017325835251753997,0.015714612921247446,-0.020477901562802634,-0.013679813919142733,-0.011323835185625252,-0.000897103679257112,0.008595692971888565,0.016166359145981867
2016-12-01,-0.009363422912159622,-0.00926244199288748,-0.014998318408660926,0.02000580903221098,-0.028436327368275387,-0.017746797508448292,-0.05072290525373721,-0.04051412131070505,0.01641271293377068,-0.0006874135914872394
2016-12-02,0.0037377757678894977,-0.004460971341376137,0.00017018252141643922,-0.0023262236389823333,0.002603067572824708,0.0008441377601404646,0.009199760980206612,-0.0022567721671120783,-0.0013052760043669761,-0.0022952435193264367
2016-12-05,-0.007214309991938961,0.02536643989167638,0.01783955253560806,0.020139540951862465,0.01743806092930638,0.016238572078499942,0.03804636289468259,0.028948175607045757,-0.01947565278296964,0.005042932726633723
2016-12-06,0.0076691930515844315,0.0070338214891637295,-0.002624843140269885,0.005150851228164521,-0.0010225112487897774,-0.004493719295080333,0.016301005981103525,-0.00509856662561987,-0.001968339405918462,0.0009135782186950278
2016-12-07,0.009774662620453813,0.007426062958447493,0.01950761736602415,0.004530434760424867,0.005440850660471872,0.023410175022331482,0.017829103442158812,0.03852719230925342,0.013134739586227557,0.005807697088691187
2016-12-08,0.009769301455548222,-0.00401883948276949,0.004663902324398807,0.012412452523394532,0.008106202494874657,-0.005883247356976078,-0.016866147767042528,-0.004462487636317286,-0.0005018663506287337,0.002834668970363193
2016-12-09,0.016190009377951526,0.0017317253309034146,0.017798832976323325,0.004337309049523724,0.006454610788798433,0.015612826399132543,-0.017917397598192827,-0.0005721748391663005,0.005008822791694958,0.007669743664343848
2016-12-12,-0.0057205682154048655,-0.011172374954761082,-0.001916653609973856,-0.00892984950315615,-0.01608804033990422,0.0032217890577689767,-0.024586266780341273,0.0012999985316770307,-0.00394230594443056,0.02200311708012218
2016-12-13,0.016543552067468468,0.018534699983371306,0.009166976365811113,0.00035384243283363096,0.021338143933969184,0.01294493992168238,0.01748244561573886,0.029291869705805433,0.00656186470195211,0.017433576294420453
2016-12-14,0.0,-0.007154108080486952,0.0031226198769219587,-0.00035384243283364023,-0.000831541118713386,-0.0047747745337734905,0.056298830380020086,0.0027215205279540696,-0.004245015608806818,-0.02183949100264342
2016-12-15,0.005454538079204869,-0.010223583295772014,-0.002742570643505704,0.014877573746351196,0.00299033031891484,-0.001596966791279077,0.02316140207882323,-0.005602282648722401,0.004742957277639222,0.003416672325346179
2016-12-16,0.0012943533270429672,-0.00425342265351657,-0.007148453346361022,-0.012402136484685465,-0.005822612092322729,-0.004484081376612929,0.017075460068924436,0.024546945787166506,0.02045899806493239,0.003185452540894506
2016-12-19,0.005760693773587449,0.010802234663303009,0.003279168076769492,0.005752300833641721,-0.005269618975464116,0.020966519654869474,0.012076698170607955,0.0011845266232092116,-0.014747529870969622,-0.008370275493906353
2016-12-20,0.002654299688332184,0.006791548117604901,0.003317486492688792,0.01279352528218746,-0.0012587408644514511,-0.001258201976334215,0.03423941741786562,0.02945393828004214,0.0003092329275814881,0.00011065741011765195
2016-12-21,0.0009398188994512546,-0.0008042974279366171,-0.003686681558732492,0.002539500285366438,-0.0004199757663520518,0.0,0.006255899603667336,-0.0052341952141298845,-0.0016096573556273733,-0.0016600515209608483
2016-12-22,-0.006599497283242383,-0.005543429974597146,-0.003107716105425673,0.0016124457229417324,-0.013872479981902804,0.00015740381511115283,0.012022592913513453,0.003604418381943262,0.0015484406054832006,0.006513882135930003
2016-12-23,0.0019760088241490255,-0.007531547519569064,-0.0023246750568447824,0.001839942001560867,-0.0011080891436088208,-0.004889929009615839,0.024621789981542106,0.023187948121137215,0.008933560318944144,-0.001762438860593727
2016-12-27,0.006330942587885963,0.014112614845866555,0.002633399668100565,0.0009183621744176493,0.006290455581011547,0.0006321145771229117,0.0664270436546391,0.02860173646003059,-0.0023951457651785225,0.0004411416807782677
2016-12-28,-0.004273332425913509,0.0009458585685835312,-0.006639815895953958,-0.007256853404712649,-0.009279484513144805,-0.004593213309703396,-0.07126624439845726,0.0009561276882604774,-0.007406184418133579,-0.0049712617657174185
2016-12-29,-0.00025708537049712364,-0.00908101137029574,-0.0021025786101521605,-0.007076931073541463,-0.004886966532028902,-0.0014298669816899734,0.019757495957659254,-0.023296440031678762,-0.0024802988716249906,0.0005534483185056445
2016-12-30,-0.007826202020795493,-0.020172033398638423,-0.01307589982376267,0.004646191677914579,-0.01123606541259078,-0.012156372583208909,-0.04300060855986039,-0.004622179490254591,-0.006228973743106968,-0.0009964663357850145
2017-01-03,0.0028451833489190424,0.005054711838838558,0.019444962868217976,0.010835070086142689,0.015609775787004546,0.007055627190061857,-0.04532491166855247,0.015324855095268295,0.008771654449962328,0.006955911890737548
2017-01-04,-0.001119822466562733,0.00464647301631583,-0.00029696752523256814,0.00184206529338771,0.015538204617067328,-0.004484081376612929,0.023062810184967343,0.04505471633347787,0.0028452970865923874,-0.011063499784191112
2017-01-05,0.005072336332253813,0.030269616426223996,0.0064782335739681975,-0.009247419871274514,0.01654472040679484,0.0,-0.025713393363100027,-0.001057861030955868,0.0016662187389751438,-0.01501963508917538
2017-01-06,0.011086480964411064,0.019715957739975132,0.014882310620052843,0.00011581345905966894,0.022452584393798485,0.008630467641465618,0.01327875049556716,0.009917553493924881,0.001416980304127646,-0.0005643726780526409
2017-01-09,0.009117993947289387,0.001167703507288725,0.0023843520241779554,0.0006968840492401253,0.012001300329737234,-0.0031878593131471453,0.03974290167845769,0.009863458023055665,-0.002836414694009096,-0.016634987814553127
2017-01-10,0.0010078736268803177,-0.0012808103905381707,-0.0014153641748919932,0.0028967207640403334,-0.004413327223000183,-0.00031961134007272175,-0.007578498120778341,-0.006115156941657509,-0.00228669340654863,-0.01283477791882637
2017-01-11,0.005358791415849457,0.003912478289611972,0.0046499404062052335,0.00749257335263032,0.013895666012047966,0.0090615328513052,-0.01238057653069108,-0.0006092435195030356,0.0019164940407066973,0.010188852827142264
2017-01-12,-0.004184012533463989,0.018132006141166754,-0.0003975875409841794,-0.009693352022389627,0.004194590996602049,-0.009221070140349842,-0.01649118011532567,-0.000609614923456095,0.0028987215792209845,-0.005428764779480493
2017-01-13,-0.0017626514154395236,0.004292412484765232,0.0016983194137772046,0.005319904586716906,0.01349251247600874,0.001436621573072412,-9.663002332359632e-05,0.03492463195369908,-0.003454777009855943,0.0001156838615658703
2017-01-17,0.008032504058552672,-0.009121890314228257,-0.00419681214564948,-0.03700861100837828,-0.003668784518329828,-0.002714928860426633,-0.022685993029680385,-0.009169203719983601,-0.007070933355051346,0.01162867116947425
2017-01-18,-8.339714902761752e-05,-0.0027702098070148586,0.001883373437338697,0.004657017351510524,0.00039091997770969314,-0.00047999165441209996,0.018034286051430308,0.011731632670332903,-0.018341838292137758,-0.01243948193351915
2017-01-19,-0.0017517709845119832,0.0019300507014308483,-0.005624730934835401,-0.007653502258034358,-0.002896590104270902,-0.0032051607574345824,0.021239517116899295,0.022402035945969845,0.006066942211419911,-0.018128150609462646
2017-01-20,0.0018351681335395573,-0.0008779580464918789,0.004598907537086801,0.004431652233602057,-0.00400647386992811,0.00703763825668574,-0.010996034191643711,0.003971315219317114,-0.0002516125731767669,0.01359777202203286
2017-01-23,0.0006660285896075086,0.011745257952587861,0.01944347278929361,0.00047773574170150904,0.014767746708039198,0.0035005021568495862,0.010330128728562924,0.016976100373868687,0.002580546858720351,-0.01076928146328624
2017-01-24,-0.0009161717385611944,0.005559920523586129,0.00602153663412149,0.011993586245223552,0.0034066226804131076,0.008855228109153854,0.02109133828670532,0.022601411503190925,0.008513424074116961,0.001411387689122775
2017-01-25,0.01579508526404295,0.01697486266869307,0.010444985876081449,0.015344297856365367,0.016178456465311415,0.0025155470306327684,0.0042763241164934995,-0.0005500843249134191,0.005036383176082277,0.002933593384905754
2017-01-26,0.0004921144712630284,0.0031390512706332713,-0.0017138594200822605,0.008334407246031805,0.009838693655121222,0.009222671183874365,0.017108567213107554,-0.0077321030234220765,0.009320915982411141,0.003042186405855824
2017-01-27,8.219966862104707e-05,-0.004035988422900606,-0.01404257663269992,0.002072680113758152,-0.0045289281561758515,0.023222672333570307,0.019149905819182477,0.0017409759146729197,0.0014737038071648068,-0.001052266389156316
2017-01-30,-0.0026276747531678484,-0.0064700456424170135,-0.025407711015621476,-0.010407087359789825,-0.009119858278275324,-0.009930236859620424,-0.01578106639588802,-0.009213992922049127,-0.005537125122298056,-0.007630293855526124
2017-01-31,-0.00230454263208817,-0.008344194046237697,-0.004428318709310117,-0.016407135045442053,-0.005051625516070978,-0.007397301203079798,-0.007664368083499012,0.0051734895114166285,6.168866463875672e-05,-0.011496435687287521
2017-02-01,0.05919321074222542,0.010713775220083516,-0.006053371404228372,0.0037738170111888828,0.022083813823599304,-0.01668927224445217,0.04276174937609441,-0.010735061799641487,0.003756823505046733,-0.01138875547991929
2017-02-02,-0.001709954826359983,0.009089366182682778,0.003697527042064653,-0.004246707117387115,-0.018101743309785704,-0.006469207579573236,0.012557919212332085,0.009225563392159148,-0.012057425980035268,0.00612979288306599
2017-02-03,0.004270092126745358,-0.036061309620379046,0.0022827836017789613,0.030158877157332682,0.0010695550022573473,0.008040674369280791,-0.00879130643804523,-0.0008750106521047401,0.0068807995071587,0.0010783675027177617
2017-02-06,0.00933059840335947,-0.003164675408744075,0.0018151704817515864,-0.004713972528303058,0.008211676082485757,-0.0006282099441246963,0.02529400205140747,0.025300974445146132,-0.00843714491149565,-0.00275756028391158
2017-02-07,0.009471987622052163,0.005999500277441461,0.009219410586734438,-0.0005766775577281214,-0.0016670485276136357,-0.0033051307184994547,0.015394909523838792,-0.0011257522514144802,0.00012436419937572967,-0.006502453888148803
2017-02-08,0.0038702912075799707,0.008834713156431634,0.0007837037200886252,-0.00880231693916137,0.017741845627099965,-0.0014200087325419736,-0.004374029178994545,0.017707791875794108,-0.0013714332371237866,-0.006605644727422702
2017-02-09,0.007199720943552633,0.0020108949509514123,0.0002167772013068775,0.01432196392829879,-0.0004472103820451794,0.011303141708395711,-0.01898029898260231,0.026804792953342108,0.0008107773490303598,0.0044088194369071585
2017-02-10,-0.002268178766519247,0.007399271957367783,0.00575410960338777,-0.002296406144952578,0.0003725935394968145,-0.0009369362153659808,-0.024001042388476026,0.00011148015529282554,0.0019304342282743096,0.008274126675024283
2017-02-13,0.008816531496004821,0.010901587773773527,0.0049109793938562005,0.013132111195718651,-0.0010437268712692506,0.011187093953049435,-0.04721588827548226,0.04136410186266171,0.007684131459712291,0.005800092002964565
2017-02-14,0.012895717003427485,-0.00016737129107008493,0.001274712869116921,0.01586913139092936,-0.0014931115006084751,0.0037237257933356756,0.003683752671836878,0.0013533285363129279,0.007012640617087522,-0.002171207341367635
2017-02-15,0.003622751636497264,0.007515972191507316,-0.003231501864732469,0.011434864347415525,-0.0030678486057785295,-0.0006194945154576391,0.0020203435822982933,-0.00435139031446982,0.007085869947702312,0.004097050159109771
2017-02-16,-0.0011815666025006926,0.0017073920274126317,0.00577578889390826,-0.0006624042056839049,0.002993266841974974,-0.0001551308275278595,-0.016185461798844895,-0.03940661510481738,-0.0039032614338520245,-0.010395165498494525
2017-02-17,0.0027299831573039312,0.0011011339720115034,0.005187154128686991,-0.0033190552004005737,-0.0023189511738071857,0.001548782379506699,-0.00018622199778984213,0.012121775789011094,-0.03754254708087768,-0.006583237586733919
2017-02-21,0.007194954431276018,0.013364721046281957,0.003208114538171317,0.008607017167768117,0.0014216926229049243,-0.0020139904623175885,0.03518441642357069,0.018777153847110366,0.01854262917663312,0.0015888084104018095
2017-02-22,0.0029944515620238124,-0.0009696000983505087,0.0024578383705232514,0.0005492855181727494,0.017788875591695674,-0.0020175934932892816,-0.0015334987697508086,-0.014086292115606103,0.0,-0.011792223799982824
2017-02-23,-0.0042391278234415325,-0.004005102457664227,-0.00042302239586533,0.0007686444471823647,-0.005598744052640474,0.004031583955606957,-0.09730769750310847,-0.06619976293766883,0.012563375567911013,0.010447914099275458
2017-02-24,0.0009519861671780276,-0.008188892182268277,-0.0037554067260853015,-0.008817843234952692,0.0005908257664264948,0.0,0.009606330234938936,0.0039376971511312624,0.0028247608170743946,-0.008596214706479938
2017-02-27,0.0019736658180860016,0.004014414167614488,0.0021914307970511467,0.0011066416780094242,0.007136222575312977,-0.006053586539861027,0.02866093197134754,-0.042810051837845475,0.014127577167604075,0.0056572863784330974
2017-02-28,0.0004381979325211178,-0.004251111904897895,-0.005594481845542259,0.0020990230721868574,-0.006398550298008212,-0.0038999802110357587,-0.028463795605640132,0.015154913399975685,0.0,-0.002701496268002299
2017-03-01,0.020233446354386668,0.009469376476098914,0.013892670358917574,0.03235523457165168,0.013775376775461303,0.01489324648592089,0.012826446537552848,0.00011993168485901984,0.015360894639870115,0.020689332532561614
2017-03-02,-0.005955219260491507,-0.0049001540247000505,-0.008086459831287874,-0.01572118963721354,-0.0048145430001347534,-0.014424264753561311,-0.03756851148887928,0.0018382577734033126,-0.0037583917307620882,0.0033672277267256735
2017-03-03,0.005883228794409543,0.001141990874290171,-0.0009064156246251793,0.007137463174347042,0.0029935973188204633,0.003742240477386922,-0.005773927701453354,0.004342173871295661,0.005305811274416978,-0.01013532999954837
2017-03-06,-0.0031524434613091758,-0.0038549741001917565,-0.0021339571494125064,-0.009528126193161159,0.0018209456813142659,0.00031140913411739396,-0.007751129344747614,-0.0014320481056087722,0.002967644580801321,0.004476949779192751
2017-03-07,0.0012909504142985583,-0.0006972077716298652,0.00456890864102403,-0.00556348953792606,-0.0008736490958332257,0.002020745244741809,0.010895477036938831,-0.01048433133048071,-0.002373432026969089,-0.003749785888055459
2017-03-08,-0.0037343649545279246,0.00528147875098045,0.002921156611393068,-0.0021905256379267397,0.0030544383842858736,0.009119356784964752,-0.0018247493626628241,-0.006943029517876438,0.0014006407715338588,-0.01822125017599106
2017-03-09,-0.002304499087571069,0.0029351355505987326,0.0049081921567407805,0.003938981764829525,0.0037688423004246965,-0.004008258860898366,-0.0002026824204032791,-0.008011860916409338,0.0005953707466121962,0.007867656003264067
2017-03-10,0.0033117253103195814,-0.0006332702571133847,0.004152922276693667,-0.0031714929944205647,0.003970488116217046,0.0030847512582685113,0.005868606619857753,-0.004953088918532334,0.01165724087690778,-0.0007348759837846434
2017-03-13,0.0004305270579611731,0.0024955044641490533,0.0036731533749645266,0.000875962907639669,0.005819129007121033,-0.003393815939000694,0.02716973923308075,0.01012539541037759,0.0013520285007607461,-0.0023311372367309613
2017-03-14,-0.0015094396283607456,-0.002413437651246342,0.001537203371996895,0.001640324827722226,-0.002007634765095,-0.004646876810633116,-0.0006870681167324474,0.046937290291773334,-0.006779343153186775,-0.005295227755640779
2017-03-15,0.010520306155403496,0.0005159627137938516,0.002859904939596618,0.0024011462672237425,0.0028668960937268534,0.0052647141656877935,0.007536635347578833,-0.008837356078796606,0.015961168065555753,0.01239368025276113
2017-03-16,0.0016363675172190015,0.0005274972239583946,0.0018524061160486952,-0.0009813608284855435,0.001930477650747342,-0.0017003165858476969,0.01221147184962221,0.024413012744144803,-0.0027983697663237312,0.0008531217729917428
2017-03-17,-0.004987505688615532,-0.0013014964034150063,0.0027203231865048534,-0.01053096503052917,-0.0010719540183178266,0.0035519992962622774,0.021537040984572316,-0.0021010534960668706,-0.009384301138599269,-0.0008531217729917245
2017-03-20,0.010446129215058119,0.005452552411117806,-0.005125526872823695,-0.007194154911693995,0.0007148003672973378,0.0009242958735313477,0.03136873090151905,0.0016048232088261534,-0.010067827403143126,0.0
2017-03-21,-0.011518369222697175,-0.01619872160184447,-0.02068702540215317,-0.0297621292124268,-0.010271188900867504,-0.011150584460357977,-0.032878200621693526,-0.04386183669150123,-0.001787709568521082,-0.0020754766373745834
2017-03-22,0.011235412469965966,0.005747210959233595,-0.00039988345647423744,0.0016008442492364884,0.007767204233159576,0.0126895946973268,0.020189326968287544,0.01712559436469392,-0.004003310710421094,-0.0008558367310249225
2017-03-23,-0.003541855322354941,-0.0008021610628207483,-0.012016064901002746,-0.0016008442492364996,-0.0004300488054659722,-0.0024633061105002007,-0.009109322848937632,-0.0009024353569705339,-0.010471945730713812,0.0012225307369578575
2017-03-24,-0.0019891625581376082,-0.002090999023365736,-0.005385645900283687,-0.001144821751658116,0.005788246245720969,0.001694097061050192,0.003542020753941988,0.032361869904410125,-0.0017560176041915552,-0.007726040847191811
2017-03-27,0.0017048867383146597,0.0014299228988936064,0.004027048128221621,-0.0005726770268322841,-0.0001422703094363586,0.0018451998733791221,0.007231788927959835,0.026474241022969476,-0.002427257966650528,0.00024659103648251346
2017-03-28,0.02051539923979923,0.010782210376272581,0.002525163751316237,0.015468668510812564,0.010209679435301504,0.0029143990911264708,-0.005186628213901788,0.02640431249256799,0.004546354082443771,0.00723526066324867
2017-03-29,0.002222652934656317,0.021176073977231178,0.010931699672431953,-0.003731493419703531,0.006258731779299236,0.002753309222852177,-0.0032553792848982605,-0.0002523628087131931,-0.011618958229980015,0.0021971771285226012
2017-03-30,-0.0013192908446014867,0.0023077418398893506,-0.000459033116095119,0.008572946565651749,-0.001683810406259431,0.0036588098986650866,0.019009293440563683,0.0019448573202456316,0.009439699581020252,0.020275581559378298
2017-03-31,-0.001877702189730776,0.011572064053437572,-0.00197959014574563,-0.013456521840068044,-0.0025310978303111154,0.002280008958031614,-0.004305266188449887,0.0013663698860456703,-0.0059579394545442345,-0.02039795828442096
2017-04-03,0.0002786604695491934,0.005590427057615806,0.010501520172971113,-0.0036497669471430307,0.0016176997986634058,-0.004717792226316965,-0.0050617899067044655,0.070137242448815,0.009587331232427915,0.0007312931484139921
2017-04-04,0.0074183865182943665,0.0170383214046624,-0.004890963594059661,0.0033271427971041955,-0.0038730158171890673,0.0027418870975612995,-0.0727037706285767,0.017203522847955472,-0.003750920294547966,0.0036488156855360317
2017-04-05,-0.005194188510204997,0.002698106338604271,-0.0043022193090522486,-0.01291053965633075,0.0008461360619571723,-0.0025895818926473142,-0.007469710710286939,-0.02906501009148396,0.0024214956336210285,0.0019406980365683883
2017-04-06,-0.0025028584776383704,-0.012171236662741315,-0.0044981454087584605,0.0033587880673633524,-0.004805247207082117,0.0025895818926472518,0.00727130111211283,0.012464332322556943,-0.00018117634115861795,0.005799250429401493
2017-04-07,-0.0022298933312570506,-0.003792236846299923,-0.003556195637898494,-0.003474868554204804,-0.00276638800775183,-0.0007604976193573225,-0.004276756556891028,0.012773705710770768,0.004104047432373806,-0.0030163752917379007
2017-04-10,-0.0011866960872989219,0.013496957340826888,-0.0004750736679944638,-0.0034870993673542143,0.0018450723248414863,-0.002286781474240059,-0.025846997690943306,0.032038958438399955,-0.0032576135897097484,0.004460548991403142
2017-04-11,-0.010814583080087757,-0.005173022622662573,-0.0021647007917003284,-0.001748462811628562,-0.007972709877241147,-0.0007633376854461353,0.003573555365511459,-0.011850052290564796,0.0021128475779402696,-0.003494232228866231
2017-04-12,0.001199941213824735,-0.006816465475626657,0.0018794383819836053,-0.0038565879365581547,-0.0024328232878663833,-0.003825063095999072,-0.008289591475206599,-0.039209091560892646,-0.0016297240686801496,0.00156783245194172
2017-04-13,-0.00530361914610204,-0.012982362180291775,-0.001522225347648122,-0.011778575059991915,-0.0013620752075382463,-0.004301729606715142,-0.018880146465297034,0.02383441524190169,-0.0036304838056451533,-0.015547543030617861
2017-04-17,0.005514401693691547,0.019388679242407184,0.01763729533910176,0.017150271150392072,0.014458210613212988,0.008126792702714283,0.03841886898990145,-0.00845666406090481,0.013368047869589759,-0.0013474617934623736
2017-04-18,-0.004451589044123147,0.0019825439257081605,-0.0013340775092732266,-0.00818581698285535,-0.003257853421308575,-0.0013752703550592724,0.0006046742488398655,-0.0039555765419476896,0.008398942965236049,-0.006517479468131065
2017-04-19,-0.0036894996515146757,-0.005080490932540684,0.0029466168931098374,-0.00825418931533391,0.009250639416832124,-0.005367072281539134,0.003920182869680657,0.01739979616054783,0.003906845179679362,-0.006933678550683022
2017-04-20,0.012432937533956096,0.0031755921300895573,0.004159536972522003,0.012823179939392144,0.010696586166578186,0.007047838293368213,0.01572640167046738,-0.009900896273072043,0.013439685961691296,0.0064400731521710355
2017-04-21,-0.0011939665141462242,-0.003920991580964202,-0.001315096021902394,-0.012112724289870999,-0.0008347643540211065,0.01364693334567818,0.004139390634206707,0.01016269167415908,-0.0022174622160494044,-0.003958354340554925
2017-04-24,0.00958326457271967,0.00983429874612701,0.022994694475108223,0.034650698433295435,0.012381110894046896,0.01687492062737153,0.012412467209961493,0.007920155624319988,0.006812170732874724,0.005191911300487144
2017-04-25,0.006177539921504725,0.0002314421627079044,0.011212071876979576,0.008648225435023206,0.0069874395027313164,0.005758302462484396,0.01723743581336778,0.018526737287367458,0.00987406400776251,0.0076149111791493805
2017-04-26,-0.005898840636744727,0.0018382843639346154,0.0003375399658655836,0.0019242343601038614,0.000477734270244472,-0.0013257066483825253,-0.006897503398176424,-0.011603422813120651,0.001951392211327042,-0.0040460706577067395
2017-04-27,0.0007649597768984968,0.009947135813499207,0.002583221836840362,-0.009316113120630392,0.0077482602026162995,0.006466032688005221,0.015453861812335535,-0.004977395109534086,0.0014330633751587626,-0.0017213180022156457
2017-04-28,-0.0009738331702472169,0.00717171217012917,0.03643670581998281,-0.006987185337823557,0.017117446006051626,0.002779199620897503,-0.012765879368632242,0.01747276307599213,0.0014303990013160338,0.004787588307337678
2017-05-01,0.020191390562597077,0.024814135682882283,0.008937629080920355,0.0006897205926569961,0.014601637529431038,0.013781122841657646,0.022187254629680467,0.027509961221330346,-0.0016596413297953767,0.005008862937390109
2017-05-02,0.006324798985699333,-0.001361332480141284,0.004567138626775289,-0.006453025318837784,0.0020966543587425893,-0.0015858264677366981,-0.03008030516809557,-0.012279655191125689,-0.002580806479521046,-0.00012161373207756388
2017-05-03,-0.0030554243935836077,-0.006260749456835918,0.0120495571007575,0.005763304726180858,-0.006435114825555533,-0.003179647264768057,0.007413374110509071,-0.024988957514322178,-0.009230234559478972,0.007890829658651727
2017-05-04,-0.003610557003311857,-0.0037262465726880887,0.006589152162683342,0.0011487082345222224,-0.0062779447659393,-0.003916446060965515,-0.003843944092432306,-0.05132381079141148,0.008540927377318128,-0.012900232612847243
2017-05-05,0.016448099041286433,-0.0036117050485217394,-0.0046615539495600605,-0.0011487082345222705,-0.004051878149357833,0.0027576044447057157,9.602462269074483e-05,0.042702117996785756,0.0005743700428402198,0.004644121155491515
2017-05-08,0.02682520927818703,0.01581390557197806,0.00881121124934782,0.0011487082345222224,0.005443123834393416,-0.0008699364466837093,-0.010550193504833251,-0.003769058367984145,0.0018361804652286824,0.010550652301340687
2017-05-09,0.006384251884396792,0.00397504396457471,-0.0020675641140230536,-0.004026321485125224,-0.0038469978014803695,0.0014495558363568184,0.0016528128074913679,0.044784301481289424,-0.006903130815463622,-0.0070214086392278675
2017-05-10,-0.0047521796535551514,-0.0040699094353591,-0.0019564935370204196,0.007808227584588037,-0.0012634536841692157,0.0039031172452306685,0.1640380841041324,0.012251109299595213,0.0008656179347352878,0.004527390887523399
2017-05-11,0.008612044948850112,-0.0014024858443927135,0.001098908695476565,-0.0030934263115278125,-0.0016647775748696203,-0.012339544127796842,0.04205770672698022,-0.006539970681797775,-0.0004040269032050181,0.00850938707320046
2017-05-12,0.013868851667526081,0.014384979876204108,-0.0007847769797646186,-0.002756767755261383,0.0019309382679094074,-0.0011692806748177075,0.010928482608171206,0.005278449651668287,-0.008750344162368346,-0.0007264999022911466
2017-05-15,-0.0025660692094691888,-0.0035221371813001783,0.004262583930288106,0.004820376370444125,-0.0009317186678803293,0.0007309141402116093,0.048979850272336624,-0.027877991127760626,-0.001631033053238773,0.0030240328946086444
2017-05-16,-0.001478450466800321,0.00841988707322527,0.005603269768757006,0.0030863887001836565,-0.002733418110368573,0.01993497622231796,0.018442554386776697,0.0035709820851973894,-0.02008006650080825,-0.003024032894608516
2017-05-17,-0.03415212902993362,-0.02230541371236398,-0.02353797631691584,-0.03886968340153108,-0.033468996229131416,-0.028199473984381357,-0.06875255637049398,-0.03498883946910877,0.004391850626725892,-0.006806611333873158
2017-05-18,0.015126139510320494,0.014428214255485494,0.008802450608245657,-0.003685077876050658,0.019213807791901752,0.003402522292177861,0.041034679785050286,0.02245034118751303,0.015221806808614183,-0.0029318313947167985
2017-05-19,0.0034030327751575383,0.001407496712127195,0.00435652570989185,0.009719152434006197,0.0027049810963236665,-0.0002952091881268475,0.022832330570600117,-0.007148712838925957,0.006627330505264839,0.002199766225386586
2017-05-22,0.006058020544158704,0.011219952555303286,0.009818965295854286,-0.000944132945080402,0.0012150298958713134,0.01116471039550932,0.021099370994286,-0.001545426150609792,0.012150978485115451,0.004384165296244615
2017-05-23,-0.0012343079245002884,0.0008958659605052509,0.006699169865356252,0.012437281853559322,-0.001147298754351479,0.00335426426948371,-0.01355421639316148,-0.021133628816543706,0.0029721477030261833,0.003517723278428648
2017-05-24,-0.0029954849054030543,0.009027253614072204,0.007247850697099044,-0.0005833346962219861,0.01321667470972563,0.00130976423150435,0.01117551198968629,0.020714643424466116,0.0021095057909242044,-0.0035177232784285315
2017-05-25,0.0034500131791580465,0.013203555671441804,0.014471304083487735,-0.004209075742603876,0.01271546418473605,0.012284404245873026,-0.00223948797887392,0.02108360686554812,0.013912912725902473,-0.006583931521631263
2017-05-26,-0.0016910043752802182,0.0024131352851384795,0.0014204108604751985,0.00011697992259397734,0.0011180469681508337,0.004871720543058699,0.025563499129779937,0.025890546114584936,-0.003093804034123578,-0.0024493437471295207
2017-05-30,0.00039062569531661626,0.0009234245291062594,0.002915427209897514,-0.01725171678605238,0.0016419251806977383,0.006411829686640308,0.02113708005882255,0.030173115313448014,-0.005139960237866665,-0.005533445059216797
2017-05-31,-0.0059393473199641274,-0.002089069187958688,-0.009156739819575911,-0.02107884220473718,-0.006055722874166998,-0.008128363432386269,-0.0035956602984958527,0.017482767904994544,-0.008016920510462397,-0.007425573078496626
2017-06-01,0.0027453898864329184,0.001336333363673719,0.0012149265574959078,0.011016733884917718,0.00046185821773969395,0.0037157503345368495,6.907850352154516e-05,-0.0018784889960818875,0.024806906611641175,0.002481322642185595
2017-06-02,0.01471033246299502,0.010765631293672095,0.007891711202318201,-0.0050699886047773,0.013633431665196193,0.023404768746089478,-0.004999975960166634,-0.0015288906687213877,-0.0010585784021826215,-0.01498171456443811
2017-06-05,-0.009825923610103567,0.004568790659168998,0.007760027896242168,0.0018137806821432215,0.00013026303675403217,0.007219873373019462,0.029969562923516258,0.02174216548331012,-0.00011167295470121007,0.007768427792543191
2017-06-06,0.0033726736799541556,-0.008280671342560294,-0.007198224483281727,0.0020513578816376507,-0.005351925062002813,0.0033148743351446987,-0.004536934923417493,0.015796450797622784,0.008051477652081945,0.013513110909291885
2017-06-07,0.005938523921432011,0.007024133440677958,0.004824461719194253,0.011386076515607692,0.002026666189447708,-0.0017940083134021113,0.012008447579225508,0.0190883609781319,0.013131178976111987,-0.0037010413170101837
2017-06-08,-0.0024487059185949334,0.00019795324267072854,0.002772102048181061,0.012317905458477664,0.010330499986813665,-0.006096571137622497,0.07004742979330475,0.02837169011545627,-0.008331344537009639,-0.0035907433718816687
2017-06-09,-0.0395481960892355,-0.03214629874553708,-0.034606485663756,0.023385545269084474,-0.03358733847886197,-0.022915021310386224,-0.06683369387309217,-0.03487133522244789,-0.0012665472603248747,0.018556484301255168
2017-06-12,-0.024186189462916983,-0.013791801417242575,-0.008602758299235532,0.00022984039812923182,-0.007784067991300075,-0.007709129754292141,0.0024705530490509654,0.004718521925286707,-0.012253667648743537,0.009693534142287945
2017-06-13,0.008013483299135302,0.01632358873253813,0.008994481972922878,0.003328782046047102,0.014977343040872731,0.01239041117147626,0.009489737203513293,0.04610591903573957,0.009991605449457246,0.0003616170373024191
2017-06-14,-0.009803175566672215,-0.0044143332596648256,-0.002651633195563071,-0.002064816454501519,-0.002857692985272044,-0.005392929485368482,0.002111304672849494,0.01245039987879716,0.007209499181997578,-0.010785759307353818
2017-06-15,-0.006011347491597735,-0.012676434670089953,-0.008039059815512277,-0.005988546469729808,-0.0029994586993392584,-0.00527923194294168,0.00427517516529467,-0.01407427037263746,-0.006795563172608058,0.0023123543902241715
2017-06-16,-0.01409848738284721,0.02412154437769515,-0.0016259768050931145,-0.004515261598900993,0.005591711575993361,0.001429412069265765,-0.00493449512068055,-0.01055263427034893,0.0069056994086934016,0.014841919835322074
2017-06-19,0.028205988243679918,0.007524389573950505,0.017168287741168173,0.02169358657871686,0.014695020043509817,0.012352246724620188,0.03690470638841199,-0.004317325799357807,0.007623881414613414,-0.00878195311558151
2017-06-20,-0.009130244846730116,-0.002595844056369956,-0.0064087036473406975,-0.006264358885784913,-0.004063995639591751,-0.013638679898956145,-0.0014630008371929414,0.00657647455825241,0.0013649964658594659,-0.005452182850008365
2017-06-21,0.005913453500113041,0.009665076352671014,0.009858463505820826,-0.004580968611465763,0.010844040091219741,0.005136253048011799,0.015036770791594246,0.011113559237479175,0.008963028592987919,-0.0106261362611044
2017-06-22,-0.0016465228342324863,-0.0009283846759377528,-0.002014987977010483,-0.0011486692435433454,-0.0033191996928556376,-0.0001424864451226233,-0.006921683179698119,0.016363844013778845,0.008507560797067316,-0.004430095482606352
2017-06-23,0.004453343393258413,0.002433900760344868,0.009649825726373455,-0.00184003361317679,0.01082795552616275,0.013430910634894887,-0.0290859651379657,0.0021930310019436993,-0.0067245744484363025,0.0065154887667814715
2017-06-26,-0.003149947106412388,-0.009771195910067677,-0.014299225870041747,0.004365097251388164,-0.009590000649906663,-0.009595608587231734,-0.01098129255411135,-0.01566514835091811,-0.0007022481992847893,-0.004543930797936006
2017-06-27,-0.014436122038703252,-0.017455650195669983,-0.024999068688182555,0.009241937650965681,-0.019792111997835704,-0.018892652790715437,-0.037295206596743506,-0.04087826437777337,-0.0028131628158318813,-0.001601409604926537
2017-06-28,0.01450495988880474,0.01377673001392202,0.013535399384252803,0.019902780879841743,0.017510716911854983,0.008488905354395945,0.03466297666298992,0.02418288870018716,0.005941443554037716,0.00516416579557288
2017-06-29,-0.014852967070265592,-0.014647305657211855,-0.024426629388516544,0.014699022763116538,-0.01446057686192889,-0.018946249399140445,-0.03398106066131665,-0.028663551215287825,-0.0023180602983543133,-0.010232136297734009
2017-06-30,0.002363698407233058,-0.008158767491912727,-0.008717763391995243,0.002739001834141175,-0.00039754339721928506,0.0064037602385842276,-0.014558835135556215,0.002381071288422065,0.0008089881343709802,0.0003714660825615448
2017-07-03,-0.0036172527723051986,-0.01492493316859719,-0.011053823831755651,0.02014754874598386,-0.01703387335636444,-0.011086775831163045,-0.036849224979912595,-0.02517527203212367,0.006611650989093762,0.016827785506136214
2017-07-05,0.004102867876881233,0.018431137994025817,0.013825143712278545,0.009977247216390704,0.012786006824327368,0.013260532291790698,0.02634868990483968,-0.07515561399685367,0.008535682382506238,-0.015342309456458696
2017-07-06,-0.009483181751863993,-0.00646515572438725,-0.0049140970118298636,-0.0032079362008022635,-0.010161802682418297,-0.007410181457199716,0.003001627339889526,-0.05744437539441036,-0.00698309255881453,-0.009070228904134196
2017-07-07,0.010107931449876744,0.014013290850071603,0.014043540287893001,0.005020887537287007,0.017452148364084454,0.012896121411383472,0.02260278274109674,0.014114798423713906,0.0054415994751483105,0.0012473512344998465
2017-07-10,0.006084895378730541,0.01793260692748366,0.01077290511166797,-0.007057425051560104,0.013510917342875682,0.00745817364997567,0.046204338421544616,0.00899464021473339,-0.005388147575770791,-0.0007480100384325766
2017-07-11,0.0032347243394317375,-0.002351062607816789,0.002656854371125557,-0.0038704394247509434,0.011465042957476086,0.0001431167547420497,0.014083680082988378,0.0347323168510505,-0.005363310317934744,0.005473663718695224
2017-07-12,0.0014419440456720433,0.012376187078943819,0.014709898927590467,-0.00345328083845548,0.02310945604215507,0.016437996073954273,0.0416533958551595,0.0070043375963415155,0.003971772842309283,0.004456845138845882
2017-07-13,0.013832819854948213,-0.005859074159175191,0.0012290514072487463,0.006357644616878825,0.0022629031784023013,0.00867621237765433,-0.011636669305023226,-0.01871618353631403,-0.00650276234963981,0.00012351030714152978
2017-07-14,0.008557318768318462,0.0011785244754943048,0.008284630702427867,-0.009171959116881642,0.004448294715378288,0.013974212229616558,0.02653905182508789,0.013421733471090394,0.007626821147519407,0.0038211320225509807
2017-07-17,0.003483470336952281,0.008181550788198502,-0.0009728901716297916,-0.009366366891837782,-0.0015013668494030113,0.0078014069189825145,-0.004252287061744464,-0.025366283587879835,-0.0029469971204060114,-0.005180797269116535
2017-07-18,0.0034706103367935534,0.014165967957043887,0.011197674287635462,-0.003507468376854931,0.019405887525068267,-0.0006817807843751224,0.01035692431978639,0.026768752883781957,0.0026794468786747847,-0.0032206901994220106
2017-07-19,0.006243755275150808,0.0023594259495064423,0.005879881369223025,0.0014262196147207479,0.007828949686822196,0.007610961279253053,-0.005195428793965806,-0.009120224908487122,0.012445582076637679,0.003097223989371649
2017-07-20,-0.004512901876743718,0.0017805896727357716,-0.0005843544051375607,0.0,0.0023731491073272384,0.0048622914434782154,0.014432206820140207,0.014225355199591715,0.012136434477204992,0.00012346621005038328
2017-07-21,-0.00046564118059633084,-0.0029498251774531066,0.0016615270353126828,-0.0034045635643781356,-0.0006080303460713588,-0.005810685502859376,0.0035753079009387826,-0.004617836178905769,0.001460544376915643,-0.009193695114184504
2017-07-24,0.012039136940152193,0.012864484775985055,0.004487549992074839,0.004281547177010451,0.009502803516857668,-0.0025784937082221604,-0.011668078405417354,0.042097691544076436,-0.004651242836523938,-0.003124915769062707
2017-07-25,0.004264482584156265,0.0008851451916088891,-0.02976841231112703,0.01651516216784895,-0.004346757741238674,0.007984757390661054,-0.004826391895540767,-0.008561646290552455,-0.002570368015432722,0.004995288419554888
2017-07-26,0.004702331568009752,0.012357569349559824,-0.0038460244337615774,-0.009419348666843226,0.0019947414100700916,-0.0018890118190926617,0.011485058754300717,0.012437039473718759,0.0018365843693306893,0.0012453064155830919
2017-07-27,-0.019077792118132188,-0.00647991893911254,-0.013348707260028712,-0.004142097754927348,0.028747706925779038,-0.012091673846805302,-0.03355935848412992,-0.027688201547354872,-0.009587285681186015,0.005707217998842705
2017-07-28,-0.007065344009560041,-0.025131530382414686,0.006091511665451977,-0.0029537157460785084,0.01172403823039141,-0.001641448964824418,0.016251240954098377,0.0018221704435549752,0.011682010784639419,-0.01533418021245691
2017-07-31,-0.005163822682961102,-0.03213710000252025,-0.01347844057286135,0.005680503448879211,-0.01873054726871388,-0.004665689537313837,-0.011501576628531027,-0.03523305813685584,0.0034469735838611316,0.005512209276451066
2017-08-01,0.008835884511240706,0.008478035876706792,0.0011205802918643835,0.013309945113682322,0.0035976834053655492,-0.001651843110324707,0.012109754287428994,-0.012130042482567917,0.0021869456941297307,0.0016225160661275842
2017-08-02,0.04616857667332239,-0.00030125706689251955,0.001140295302407567,0.0008592167576895544,-0.0033020980003272715,-0.004418885038193133,-0.0006081776588978862,0.019583558159459852,0.0039976052287241624,0.005349562719722716
2017-08-03,-0.010040828307025998,-0.009047782405920024,-0.00777562826181172,-0.006572592673483568,-0.004202727227006859,-0.0015234871896099606,0.012633520095112823,0.0630242358487855,0.009129291146347642,-0.0013656274083611827
2017-08-04,0.0052565400353162045,0.0006685428515366974,0.005821644917620511,0.012462691634811758,0.006090936402022285,0.007318865467712907,0.004375533024949139,0.02789954621238053,0.0005646467135697282,-0.003484548839033511
2017-08-07,0.015355726808599014,0.004737682313489134,-4.242827006858364e-05,0.0038359980655821723,0.013817399164403135,-0.0038600842945103854,0.030276575591866386,-0.004887148623823236,-0.0005129777960928147,-0.0006234874713006074
2017-08-08,0.007965213131182518,-0.0024518955996691676,-0.0016508060004768576,-0.0036226218275372027,-0.004370266300886428,0.005372470387046375,-0.011965108140586947,0.027903367360907375,0.0006158890702142346,-0.0024980590536132145
2017-08-09,0.006103271024055146,-0.007941870689870222,-0.004362290921347783,-0.0016024215204720113,-0.00029207328961667613,-0.004406109709825787,0.010571838162472506,-0.004638104507594121,-0.0003593215670949682,0.0031215465249137247
2017-08-10,-0.03237001545218075,-0.02588164750693739,-0.017697024132881965,-0.014430491768252179,-0.022329571325760668,-0.014734582377915317,-0.043765294419615144,-0.02261790186544433,-0.011667812859383996,-0.005934080825299212
2017-08-11,0.013810852486337209,0.01150198642164356,0.007013294002361342,-0.008387806715794635,0.004053925571931503,0.015148484491030532,-0.05476915676102023,0.006925895834225835,0.002334198981048876,-0.00967013771546627
2017-08-14,0.014937481513964896,0.01569248656136944,0.009459451587812927,0.011636240299636003,0.015760522315969756,0.014923115755106955,0.07674249331163321,0.016434433153642434,0.003568219144898863,0.00025547899971635485
2017-08-15,0.010888010442940927,-0.0005696705688712181,-0.0009056052657040313,0.002591716456671622,0.0014629166555500928,0.00027309114417560303,-0.00846775654148628,-0.00404884981775345,0.004070153779109847,-0.0024316126690508842
2017-08-16,-0.004030193445413787,-0.004650899547582916,0.006577006527117202,-0.006925909498274519,-0.005865185693084554,0.005854916726820663,-0.01101997857624325,0.0015995127473417625,-0.0037603228505401994,-0.007331028683029394
2017-08-17,-0.019385126826492644,-0.01816686028936246,-0.01774689936202777,-0.015760375230857705,-0.018343592571513946,-0.017117318783608906,-0.022535092795669377,-0.03075104583225396,-0.0055371596646056525,-0.01574198727740826
2017-08-18,-0.0022831920515292694,-0.0021885856368846377,-0.0015968686228766146,0.0009926022594366165,0.002991043942018568,0.00124217705678518,0.00018633153902245338,-0.01275430253594583,-0.009803861217768318,0.004970421751744214
2017-08-21,-0.0018428889447379092,-0.005419079827628361,-0.005749625996354078,-0.0012134337596702485,0.0022078621145109295,-0.00470131666688766,-0.014658299120420685,-0.0280179154161383,0.006320800239459127,-0.0033983471884958686
2017-08-22,0.016215222546220737,0.014175918202026435,0.02098654691040627,0.010209447926302852,0.011024987976223474,0.013901471005905008,0.022018372576719052,0.010276706684685338,0.014270243096124381,0.004702408625857278
2017-08-23,0.001250917320384427,-0.009247292912963967,0.0023154500384480756,0.0012004784864941068,-0.005497345925142623,-0.006032566171343213,0.019796641568569643,0.03290794894955897,-0.0028271848527118043,-0.0016955895370532475
2017-08-24,-0.004447903516344433,-0.005810168804642285,-0.006055082876537881,-0.0016376928012678013,-0.005766117312836041,-0.0004127707424117861,-0.0036855080007836246,0.00045349869582472275,0.0026217841674732053,-0.0036616734816419987
2017-08-25,0.003697807515425994,-0.007577608763643556,-0.006843677130528983,0.004034758748609961,-0.008501493335218244,0.0017870599486260878,-0.008389159797838016,-0.013923641294217942,-0.002004366733855916,0.005096380074948899
2017-08-28,0.010020353120641139,0.0008036504766950673,-0.0025503287428386913,-0.00316073375710197,0.005516066573216948,0.000137440298506775,0.007056474250160854,-0.0068904688614768155,0.0037488379395511427,-0.003263867353478555
2017-08-29,0.008878971824101236,0.008462861265084663,0.008176667600359226,-0.005473414681193534,0.004831780477473514,0.0030160460032279965,-0.001638053140864545,0.004906047766236771,0.00837110817220602,-0.00026150795291323905
2017-08-30,0.002697171244884312,0.01408192758850086,0.008385615184949314,0.002302232520510096,0.011066393843364605,0.013056196235878737,0.00593244469092454,0.016616156563961468,-0.004329869556706329,-0.004588573045932167
2017-08-31,0.00397139777343396,0.013356132731702762,0.012228543697835353,-0.004609884661411157,0.011992279811653801,0.01021644128467505,0.022440773317051542,0.007671959148600524,0.015299864608550305,0.00301756827737506
2017-09-01,0.0003045016651947728,-0.0023993744256387843,-0.0034080171709697563,0.008871887893331909,0.0002906421792952173,-0.011162886670604045,0.006001465955505551,-0.0014059357862915352,0.004264445658796828,0.003139397443489237
2017-09-05,-0.012080829295215558,-0.013357370517836828,-0.011101410309606607,-0.024171687201378696,-0.007586001216250566,-0.004473039876206785,-0.02705555777164879,-0.016482859035526678,-0.002205150509794149,0.00793514914195691
2017-09-06,-0.0010497162055561548,0.0026175823694511687,0.0005732229948142096,0.006680774241311869,0.007992579371593131,-0.002856693784446287,-0.0006023237935996578,-0.014579885074467756,-0.004676855088579001,0.020518505123292518
2017-09-07,-0.004022664762040703,0.011986152965818224,0.008319737315500437,-0.017689355792419637,0.006487226906656438,0.012724870902044912,0.004633346674261179,0.017493374410974535,0.002728241131381921,0.0031683871551518254
2017-09-08,-0.01644333310519705,-0.013951323440571211,-0.008967407718327401,-0.0012436335813442887,-0.013133593381358952,-0.0048542664307599254,-0.01750175897376272,-0.02077856520752768,-0.0021212818699446463,-0.002660543102445272
2017-09-11,0.01793086732195521,0.012408473791438593,0.001994991566354177,0.015375392606504456,0.014863983188946816,0.010488254069770575,0.031924206469810826,0.057405915477094,0.009211348490430225,0.005440721173764191
2017-09-12,-0.003970938466559976,0.004713053224380537,0.0035557481041181903,0.012176621833994535,-0.003174805710969725,-0.0010707389300551701,0.0036031422038823083,-0.002588013425793526,-0.010628429839501645,0.003149482848527883
2017-09-13,-0.007550985249563197,0.0171733915147514,0.003995757363434022,0.0028562582544659097,0.0005203689750638172,0.007071818412070339,0.004471184471800379,0.009547674291395884,0.00434580396184267,0.003390283060962784
2017-09-14,-0.008617554835659687,-0.007420404605939005,-0.010906996906867715,-0.001976713197153574,-0.012150974275115134,-0.005867317691813684,-0.005709617689844221,0.030679855252103608,-0.003030036394157202,0.0040035503101625005
2017-09-15,0.010057540646666792,-0.005477525698462624,-0.0051614497323376855,0.007119802442931171,0.003969496068829203,0.0071961381368718085,0.061304729087184935,0.005729766880258297,0.002273096591115366,-0.0002494743938223721
2017-09-18,-0.007597033636301011,-0.012850916167347484,-0.005941203835866831,0.014089101710115662,-0.00954188821466193,-0.0019935585365695565,0.040477305801019894,0.013572232447427742,5.076699120587748e-05,0.0002494743938222734
2017-09-19,0.00037824108227548544,-0.004454611516832462,0.007618146048446541,0.010917652507175857,0.014656018558124878,0.003718389500368714,-0.001066518593176484,-0.026050746064111292,-0.018023275227331367,0.0016220447872207907
2017-09-20,-0.016899807042010436,0.003448145643344676,0.011335344917131548,0.007001276439019656,-0.0020308112765114257,-0.00664975191182508,-0.008092814561837913,-0.0031774910244818664,0.005635598964410389,0.004105152901065026
2017-09-21,-0.017321440489292385,-0.008834574170731167,1.0566878055806024e-05,0.004534816160686822,-0.006175814283586116,-0.009789003309642,-0.02771557757049089,-0.020071229638365835,-0.0027627420089013604,-0.008227298453651425
2017-09-22,-0.009826905520111163,-0.00994923387863721,-0.004537593665801323,-0.0021067760209484165,-0.0033366487261035057,0.0026915047721371094,-0.009784582993470058,-0.042901310380301975,-0.011230151901816409,0.0003753146209539472
2017-09-25,-0.008861311851370204,-0.016159662973744406,-0.009565847302587444,-0.007515039330430307,-0.04601767731805985,-0.015575765236800257,-0.04572205846568618,-0.017527214982414382,-0.00665334877534294,0.013176303683315054
2017-09-26,0.01705721614329757,-0.0012669965704066126,0.003365867936540961,-0.0044724644515111486,0.008193842423876403,0.0,0.005598297782854821,0.000753389500683819,0.004942222599384417,-0.0011122445532036885
2017-09-27,0.0070927181129945786,0.012987923943538475,0.023687052944818206,0.015671735437647924,0.0209112557366078,0.008021584351737754,0.02168694989691424,-0.012474308755910057,0.009246164854479315,0.006653734606582609
2017-09-28,-0.006178708893116298,0.0057988953957666236,0.005102100067202429,0.0020989345056986568,0.006242404466006528,0.0002702335696629709,-0.00028472769720808903,-0.004026045006203791,0.008243965504013913,0.009289866947263527
2017-09-29,0.005465304537821616,0.005162339637088178,0.00919257058880888,0.001362325907521224,0.012603090353360073,0.008358456540812619,0.01743589573673733,0.004407251881235175,-0.001275428608558465,-0.002558327487808056
2017-10-02,-0.0020135654399917016,-0.002249403897714789,-0.006439305951614821,0.01382911623691751,-0.008226752831448575,0.0016096583405256725,0.001285642746387967,0.0012598678729923024,0.00808557783176608,-0.0042784545230643975
2017-10-03,0.0043463469391982305,-0.002181295305561371,0.004753638484339226,0.005252332882422867,0.0028871046027667885,-0.004702201431421301,0.0020649428724988394,0.01916915421763953,0.006008948458099109,0.0015912600728959724
2017-10-04,-0.006494156982395851,0.008686425286510317,-0.005467115646882984,-0.01022127118063631,-0.00910234794089986,0.0057737195751535525,0.008327996013583099,0.019541268032736394,0.009270483648015913,0.0003668012950010682
2017-10-05,0.012367765173950919,0.015825238418642956,0.018863473495330612,0.01337535073866531,0.016605198984328093,0.016992166894295006,-0.0005533468423248912,0.0009009922922392771,-0.012952518255271725,0.0028082116521673975
2017-10-06,-0.0005795094612617963,0.00886107919707632,0.008540463685144056,-0.001752491692055281,0.005764789419116134,0.0003946217109712213,0.0029278041678260885,0.0043526213488720815,0.0008080938165528324,-0.0037869016898059225
2017-10-09,0.0034711885088145856,0.0014238210688546902,-0.0013392344585004441,-0.005275877743885718,0.0015662779735497916,0.0038086855694026596,0.022308695839293173,-0.039844060130650255,-0.00892560428481761,0.003908473982132193
2017-10-10,0.00038542387348790297,-0.003831768090875414,-0.004555366783831243,0.0074405030745350355,-0.0052893277300293876,0.0,0.018914653446857388,0.03622283237587314,-0.008286845014538524,0.002800214246347802
2017-10-11,0.0041602595985347195,0.007870071642162382,0.01790903772450598,-0.002990250115919512,0.006679716478369521,0.001703022817628271,0.010582379872438406,-0.0027879875476250426,0.002974656291167661,0.004124558545538578
2017-10-12,-0.003519407265100655,0.005942132813285726,0.0,-0.008816334663359484,-0.001100371526534798,0.009117862952922884,0.00047193136224619244,0.0030410778898386976,-0.01205657149018981,-0.002060015382892302
2017-10-13,0.006325791514846209,0.002006082882542097,0.002205193343435235,-0.0013547954807269897,0.0068727912326755946,0.004786688788446573,0.018463810992156774,-0.0003093323999989706,-0.002075097670944567,-0.00024287245890406247
2017-10-16,0.01824159109573007,0.0033843395588114174,0.001467152131796426,0.020444646729390743,0.0044795841467463494,0.0020622572561464613,0.01701877004605071,-0.014076156056894799,0.003525484768555413,0.004842174021016396
2017-10-17,0.0036835209543317946,0.0027685800366083657,0.0016335313836952031,-0.0022513156951241594,0.00906938918447567,-0.0007729427837023355,-0.00090988751786111,0.014582301161447271,0.05385464683053105,0.0018094461553071338
2017-10-18,-0.0044340863238286335,-0.01209313309740889,0.0017196228131930369,0.003783196320210103,-0.0004545273075266826,0.00025807432478336395,-0.0008595061393361916,0.010903108656870027,0.006550891982314913,-0.0024135740662975117
2017-10-19,-0.02394533317799414,-0.01047588323378402,-0.01082131117819459,0.001223560646561248,-0.008385826723376462,0.003857759532251671,0.0011124607008119183,-0.022040089763599495,-0.009694595982769769,-0.00024156176297425946
2017-10-20,0.0017295341941006945,-0.0037572928970633582,0.0032189433950655737,0.0141691017794457,0.0024029838799821284,0.011485312803443087,-0.00456044640863046,-0.019257068207608512,0.020646025302112157,0.004461858879438077
2017-10-23,-0.0005122905237871346,-0.01704324664002074,-0.019622855435453206,-0.00170983578601367,-0.021430250226580752,0.00025386696198356523,-0.0014229090522890405,-0.02369191499254562,-0.002315590689584419,0.0015631497512209522
2017-10-24,0.0059379526760427095,0.00988576804039396,0.002988829899402452,0.015779764643839376,0.0030896104749684717,0.0003806264484712648,0.010422421667503476,0.0009489792864177772,0.005491575976882236,0.0027591574820767448
2017-10-25,-0.004402077358525404,-0.0030685003806522762,0.003000121284089805,0.000990130648427614,-0.007009273366605258,-0.0029211339148096393,-0.02559128161152135,-0.03468476275790779,-0.0028383204089963174,-0.0036008169722057635
2017-10-26,0.006373099323720201,-0.000493529688470215,-4.0396158921212294e-05,0.007102258710679121,0.00017597638837761744,0.0016523834019571552,0.010427762228209937,0.0010122249793839974,0.007631317218756996,0.00360081697220586
2017-10-27,0.03520324026741838,0.12413067896568483,0.04173250369682893,0.00029487124945994146,0.04161156211568352,0.0621464839088615,0.03104258276497202,-0.01638271198924271,0.016360845678454475,0.0028713065905981833
2017-10-30,0.022258546790649644,0.008952025262933944,-0.0005223851153849953,-0.0035436339770701757,0.011125081800792086,0.0009544519842751807,0.009760877480052424,-0.002465047399103143,-0.015214353679366868,-0.002033077747914753
2017-10-31,0.013819812824220616,-0.005026784367623449,-8.700373998557422e-05,-0.007919959701287956,0.0010558712617838068,-0.00849937491051565,0.014464921414348342,0.03514729459234801,0.003956357572545705,-0.0022771495645475103
2017-11-01,-0.012800660866704462,-0.0014486789522828955,0.00921148059151647,0.0030763330697913915,0.014336363318629482,0.0,0.0018840621717416777,-0.0320279934376527,-0.0032875207547606172,0.00621947909000924
2017-11-02,0.007283971217665179,-0.008608262578960907,0.0003549704055034643,0.00661720383540253,-0.020687776179976025,0.010405250823987622,-0.006099400963970417,-0.07037752861026653,0.0074649394628088445,-0.004061975386059418
2017-11-03,0.02577847133529405,0.015758697930250583,0.006708210271309198,-0.0017735772039061213,0.0,0.0010696945566782824,0.013264738618181896,0.02256643431216386,0.008349529001690796,-0.004199031976712249
2017-11-06,0.010093856387218285,0.008117362513653508,-0.006986355756188992,-0.006231785146299343,0.006962085069611526,0.003914637820167236,0.00449422081405507,-0.010872717933080492,-0.0035294904863260477,0.00682935966931707
2017-11-07,0.003208678838762892,0.00223724214185546,0.009269427478013775,-0.020348289062795177,0.0004438289724256326,-0.0023706779066935166,0.011383856805036025,0.010742038348578922,0.002730755077613854,-0.0020320382349599707
2017-11-08,0.008147067823864807,0.008608024225570467,0.005590590328681131,-0.011304321208706654,-0.003835290028404308,0.0034353544982395007,-0.013628257476504712,-0.00543869397228035,-0.00911541811150177,-0.0013168724397306412
2017-11-09,-0.002044742211172829,-0.0033156381878703687,-0.010037935782266586,-0.00010220673874475241,-0.0014488864072118696,-0.005573481152256135,-0.018529741517749748,-0.004610014914461036,0.0037412144087346803,0.005972068142639044
2017-11-10,-0.0033154487712128327,-0.003353311599482213,-0.0034131702617031527,-0.0012303734420168876,-0.004696067359781734,-0.0026196562415877586,0.05135667106177059,0.0,-0.0023186585820923742,-0.003129443993646478
2017-11-13,-0.0040149778460985535,0.0033887170168525244,-0.002829279764780416,0.003583237068790646,0.0017357128810386903,0.0007148871982213828,-0.01637284201739495,0.040141878705538876,0.00750463545528892,-0.0006031305928044933
2017-11-14,-0.015233109516006007,0.006769619085419319,0.00042244037596205343,-0.006047539686549385,-0.003923419153416164,0.0014292412272308307,0.007263306930454707,-0.021471745518534084,-0.004477395433007609,-0.007873094337187614
2017-11-15,-0.013278076524069841,-0.008968347731299169,-0.005033687323735284,0.009414055695416496,-0.0006740577887845266,-0.007802824390754586,-0.019804578310861798,0.00838709205242743,-0.008776572710968386,-0.012602771461754609
2017-11-16,0.011876187923367566,0.00936408738245071,0.011569300159121498,0.0028476662539310936,0.009173742227960472,0.0026475462532010146,0.007732826819837178,0.0038473882879458926,0.006033365845394248,-0.008036620725715505
2017-11-17,-0.005567773303015693,-0.0065367834661770735,-0.012071120970418238,-0.0033572227161796685,-0.003290547255250794,-0.009661687835452118,-0.0011820489130167505,0.008126891338092797,-0.005842881513676342,-0.003979936784917958
2017-11-20,-0.0009993961813310986,-0.003164649813234889,-0.0011879495357987378,0.008825908423673038,-0.0014536809666804865,0.001576251063501917,0.01278671281400785,-0.020231813822732335,0.0016659726505102378,0.0038558881190952085
2017-11-21,0.018419345366663398,0.011633998526740592,0.01500272336364751,-0.0008080916788080058,0.017304965717342444,0.014315893665381446,0.009159797807478888,0.028954178587658665,0.011115521797112294,0.003965344263116685
2017-11-22,0.010457038520615643,0.014523373823799913,0.0015414103113875397,-0.0029359592954249247,-0.005458608351967294,-0.007312760829503492,-0.004502758254102762,-0.01652923893506532,-0.006512252348615125,0.0028392880052289793
2017-11-24,5.7317332291631934e-05,0.025482141960796904,0.00436343723471745,-0.0032492390277154273,0.010504681137168135,0.0018035573052419883,0.00940056083150646,0.009392732392230188,0.006088826897224589,0.003938230390542425
2017-11-27,-0.005042658039832655,0.008254218778723024,0.014554775518909404,-0.003974547800722885,0.0013668664208333304,0.007299432641585001,-0.013083107250316606,0.003985059690953488,-0.0005180884864503034,-0.0038141928186904797
2017-11-28,-0.005875814982736045,-0.0018665509076040718,-0.008167412364098367,0.03442571738724859,-0.0033382090764612097,0.011970202394316102,-0.016147119311534047,0.0023330724604189385,0.017455228287425052,0.0068801004162314305
2017-11-29,-0.020961405943644804,-0.027459731223672457,-0.02466946609677566,0.023112617327721054,-0.04078333234223385,-0.018309673877735796,-0.07022725609673904,-0.032030139192276555,0.03070721691919385,0.0073194664134790385
2017-11-30,0.013887264477075867,0.013242202875674286,-0.0011672130387767926,0.007587001352135336,0.011637761655890004,0.009909946832936433,0.0216055324309094,0.00425057889210658,0.026828148445195064,0.012322514773396569
2017-12-01,-0.004665970269676847,-0.012312604085950968,-0.010770280292659133,0.00258002700946424,-0.01180903998689481,0.00106878030057771,-0.015211672028466568,-0.00754010366639291,-0.006110529480637754,0.0020389806269446287
2017-12-04,-0.007334667688414988,-0.024736740128106248,-0.012960859384263133,0.02040312260388649,-0.02094893245855997,-0.0384712422803788,-0.05736046353028661,-0.00434834272470056,-0.023919144088891443,0.0013169112579105593
2017-12-05,-0.0009429164801005023,0.006697404592484736,0.007610393443798399,-0.011567215256463773,0.007900180972919668,0.006270689579505744,0.0057691403219159365,-0.004926852074403848,-0.006024560046429936,-0.008170108137679323
2017-12-06,-0.003720856818946084,0.0093988532596201,0.012785740520488004,-0.00750064960244414,0.01851647188929646,0.01447984089971512,0.00806392338373662,0.03099312282621998,-0.0006817103790781167,-0.007386502178499325
2017-12-07,0.0018328347001002234,0.006435581273965053,0.011409050664919948,-0.002958963441666239,0.022909287121532493,-0.003509596997789794,0.0143213139073411,-0.006469278797638505,0.0009542323271370388,0.003276041611635012
2017-12-08,0.0002951330555493179,0.001903710021834071,0.004594243085451674,0.012443596046481126,-0.006348411732184743,0.020042704589114013,-0.002607554205246633,0.01242099248059274,0.016934854821030073,0.0013318264636301021
2017-12-11,0.019296530225811435,0.005937598801784608,0.0024649619121622445,-0.0029306239018244,0.00022347563913822287,0.012633974345988466,0.016418638388727532,0.042798912246750316,-0.005104226636408835,0.004466051438921981
2017-12-12,-0.005633436145966511,-0.0032904490154512796,-0.003046424547840189,0.011578288432024143,-0.011685639888905594,0.0040977757126480436,-0.019819101508695418,0.0361862329733906,-0.0012577223620265257,-0.0032572749883133913
2017-12-13,0.003314298565128662,-0.0008157377293610172,0.0024949638404525684,-0.012620216691187763,0.007543968953037829,-0.002691185885966839,-0.02472099504355779,-0.005881845506406178,0.008325109296546998,0.004340792337307059
2017-12-14,-0.0002902588772055991,0.008664139049874836,0.005766121298383358,-0.008088660312190583,0.0005045289155830815,-0.007762666874524149,0.0015562340292803343,-0.0033682099029070122,-0.01391391068782219,-0.002650455431604462
2017-12-15,0.010110390604342882,0.004147188353931223,0.013646840897322463,0.014041814220014893,0.009984225185353593,0.025184869618400784,0.026930723593925995,0.016321218795082817,0.0025727433666316076,0.0015669380826109401
2017-12-18,0.013984078714917667,0.009655200437243666,0.012137013525654217,0.007696112009593269,0.003545783715302911,-0.005426284917713123,0.03256083106709997,-0.0134250207187917,0.003824747033575497,-0.0010842867428832697
2017-12-19,-0.010713330597373711,-0.0026913816143937534,-0.004905531128094059,-0.004216070062187361,-0.007271341488942087,-0.006387606932641622,-0.009086310826177845,-0.02319609249622529,-0.0028334366162402766,-0.00604671734098175
2017-12-20,-0.0010889987078219737,-0.008253729095494208,-0.005777208305713104,-0.0034800419474058973,-0.009065438656023809,-0.0036183312651756204,0.003512499422932683,-0.006423540521295798,0.0015300587443441167,0.005202313866024402
2017-12-21,0.003777994097357539,-0.0024316076057076274,-0.00252745303734375,0.015797437381868847,-0.002476651957441838,-0.00023371454422950526,-0.004634957095513598,0.008113407607173046,-0.0031078523133116877,0.011756249293832526
2017-12-22,0.0,-0.005462810192431288,-0.001860176081413352,-0.003530503084490021,-0.0014097917341269223,0.00011686409992569875,-0.0031700942134401675,-0.019669938323103757,-0.007652210751909421,0.0014298011991478257
2017-12-26,-0.025697016118794425,0.007163876953518443,-0.0028200000431741197,-0.004010116714077045,-0.006851839968735825,-0.0012875276220782356,0.011051591039900895,-0.02462423674446112,-0.0018196734550001666,0.00011939749246712888
2017-12-27,0.0001758883503206036,0.004662922890910665,-0.005314987468540857,0.0018672025851825976,0.009219239332914627,0.00362360193322735,-0.0013685127554799396,-0.01796752434393836,0.0037270303249945743,-0.0009529712423194751
2017-12-28,0.0028095369822154796,0.0032427757977950182,-0.004016768787360092,0.005302187419093335,0.0016876365785982734,0.0001165778074671918,0.001165808464113828,0.011866220726355485,0.010605117420217568,0.0014291499112258344
2017-12-29,-0.010872558791439824,-0.014119976477714395,-0.002417857928894691,-0.007917067322265757,-0.008239803684119322,-0.002101653785378259,-0.01995443369199136,-0.012797193348550452,-0.01042356612042563,-0.004532979092933331
2018-01-02,0.017745679371254555,0.016570393594201663,0.018631192038258717,0.009399905091366517,0.027720582342616137,0.004781238882303762,0.029784341242925085,0.029058261481362566,0.0031699446301439982,0.016482267503664192
2018-01-03,-0.00017371918886862242,0.012694394527191124,0.016917015846717842,0.001018658419085499,0.01775563157628727,0.004643353566902743,0.06373876767683974,-0.01028583096269393,0.010435538316019309,0.019449415782317677
2018-01-04,0.004634266313805817,0.0044660253429876385,0.0038768480226721758,0.014224058797880752,-0.0018428313722220805,0.008762729252155576,0.005257297572019908,-0.008324530558681901,0.004331220532970675,0.0013832861046365417
2018-01-05,0.011320898824669528,0.0160332935792393,0.013173234283032482,-0.0064402734670691636,0.013578695017715955,0.012321655884524801,0.008438957635988358,0.006210416017176824,0.018889076213782517,-0.0008064579653083955
2018-01-08,-0.003720969840520563,0.014321632906715799,0.0035242587131014435,0.001475573928631852,0.007623944521864954,0.001020275797580283,0.030180401990811546,0.060754702381703427,-0.017508951876457714,0.004485700184414334
2018-01-09,-0.00011485825510899624,0.004664812398839383,-0.0012752733575918333,0.005056355677515763,-0.0021802404459047345,-0.000679847394916999,-0.00027025342977212173,-0.008118245093933886,0.004970680688670972,-0.004255346575086159
2018-01-10,-0.0002294749582756088,0.001300359709972529,-0.002384056315316522,0.010944043423121864,-0.00015958055768641938,-0.0045446096584357025,0.007809490004963493,0.003320893638202626,-0.007465553858231344,-0.007983760107678161
2018-01-11,0.005664202136123123,0.01766139781681635,0.0017189715832000311,0.005337221253336281,-0.00037248104589515023,0.0029561834215699532,0.0017864342514034048,0.009364661080734738,0.005293989281467043,0.009826036621599683
2018-01-12,0.010273394662194096,0.02209336587396363,0.01658746681503173,0.016375489066615456,-0.04576736118310851,0.017109719588791067,-0.004920827508180095,-0.005132257768969449,0.014316208286652806,0.006764055615949349
2018-01-16,-0.005094952044858852,-0.0002606211461983206,4.427705447948933e-05,-0.0035567433344145067,-0.0054783761764471365,-0.01404904760811981,-0.012954821350856216,0.01135638767539583,0.018460617266669272,-0.006303967924025699
2018-01-17,0.016381097510653652,-0.0075850021734760985,0.0074015889766773915,0.006392802028326318,-0.004438223615792466,0.020057678160432725,0.020727597505896575,0.02066361394773987,0.023466497203964442,0.011773883627095366
2018-01-18,0.0008929519380149812,-0.001298133852806076,-0.0027516446985920246,0.0023867398844471584,0.01231099893870204,-0.00044351830416010997,-0.0012463822938148632,-0.007488501129632502,0.019643812279566863,-0.006498418994456949
2018-01-19,-0.0044726632237310215,0.0009736994050156305,0.006606897619799018,-0.0022096731151565754,0.00825315584080377,-0.0011104919162597177,0.024948921797628167,0.015693090065018588,0.000781250607717248,-0.0032079430782678475
2018-01-22,-0.008215122718405552,0.024968098162378945,0.01790604593999741,0.011612656583359181,0.022255597247505338,0.01773064619199736,0.01543814082984773,0.004390024536005943,0.0008626213157937728,0.012543220288707645
2018-01-23,0.00022623875038501134,0.026196229930158944,0.010263622385911884,-0.0010499189341811493,0.02124342682281002,0.0031607595699909576,0.022091026914965346,0.00349261668007839,0.006751785040711466,0.0005660005204745383
2018-01-24,-0.016056690878813756,-0.003698397360036897,-0.004157808240690623,0.012702262803470848,-0.014897858343988126,-0.0008708704578828745,-0.01310263207911773,-0.01975213430064165,-0.0014691193698093293,0.002601512183755611
2018-01-25,-0.018012355529276956,0.014944682738458965,0.00922074044592152,0.00025926921932526613,0.004972933307950106,0.005538702609835379,0.00232978667096154,-0.02414061666578032,0.0013465767981034073,-0.0018088238784679995
2018-01-26,0.002334745970043505,0.017338590199733116,0.004574336392811213,0.005344504704310469,0.013351901596980739,0.01856392943917721,0.02910457902438681,0.015312820217281293,0.013329530711891344,0.007103979556698122
2018-01-29,-0.02091562921867425,0.0110863061970509,-0.0009097543632272587,-0.0010323618799576904,-0.021384816786052262,-0.0014898195184064639,0.014362349840296131,0.019296367584641105,-0.004275178909819279,-0.011186042971012458
2018-01-30,-0.005911790242410034,0.014106290909006738,-0.007707864104581942,-0.009424515530022567,0.006110793483591711,-0.012643256240237244,-0.016872190430177278,-0.01067099478570611,-0.04446469738733389,-0.014074445241515004
2018-01-31,0.002751231969237917,0.009049130891396598,0.004110908573222544,0.004853103486344445,-0.0012298905613336954,0.024182371449175608,0.012609697331816369,0.024253827172148544,0.0005491941474301675,0.005974456902680427
2018-02-01,0.0020884517401532055,-0.04287344522925761,-0.0005331225037589686,0.01032083411447509,0.032636234726153096,-0.007925166593247164,-0.02179855103801045,-0.014384252958894271,-0.006610094967262984,0.020072046172299653
2018-02-02,-0.04435940095391455,0.028335697336222956,-0.05424685000642167,-0.0224106225915154,-0.014659883104638864,-0.02666270833575433,-0.029451908689491664,-0.015873271824704757,-0.014301283737250352,-0.05231604036774096
2018-02-05,-0.025302178219241578,-0.028335697336222907,-0.052092901278917976,-0.04914025768549291,-0.048564151356651986,-0.042057585206852405,-0.08869466870919862,-0.031381851268344675,-0.05250133698162465,-0.05858589879716151
2018-02-06,0.04094235274858425,0.037309622701425335,0.020533296318672185,0.029969187544621176,0.02209773512404731,0.03714236960758036,0.0541018448489877,0.0025183533063415963,0.023181423101843318,-0.017334502657159797
2018-02-07,-0.021639714535353245,-0.018226722717437444,-0.02712507431920833,0.006756414335887601,-0.028073728134732943,-0.019012103348885808,0.014173094334605292,0.032493210526077794,0.002838072964036955,-0.018160325458819807
2018-02-08,-0.0279024678526548,-0.04791173027881124,-0.0462487959778142,-0.04521733315705125,-0.04890692204087592,-0.05269810422024459,-0.05055745023167446,-0.09024189341458241,-0.04233221462172415,-0.01137173819768635
2018-02-09,0.01215726179286298,-0.008103804791418619,0.0375509064105591,0.01982442260091219,0.026059466642330047,0.03661118041283462,0.06479148583871436,-0.015376248848248276,0.020575686251833803,0.006354274930920477
2018-02-12,0.039489087555490646,0.034216728035250644,0.007892198465454844,0.015330930480941996,0.0017017447051350186,0.010715636734630862,-0.017604952556356027,0.016961202165830976,0.021180515110594527,0.008409872296753072
2018-02-13,0.009967559898860655,0.02019536975735599,-0.00039833992202046524,0.006155942135128303,-0.018652516431938798,0.007823095942734561,0.019972039306593196,0.024806110575996826,0.004200572239131114,-0.0015715596027206739
2018-02-14,0.018269661545552637,0.02550419300925882,0.017453524171866196,0.02286185261736494,0.036128448572420514,0.015537143357016931,0.03708916520179147,-0.004179773833776486,0.00939810789308979,0.002094694947800136
2018-02-15,0.03302682997225377,0.007353751233283212,0.017245724133221976,0.004164585078046374,0.0024480433224204285,0.020167110472580508,0.020823633848124426,0.035836754394223076,-0.012137242318379213,-0.0032748964852408976
2018-02-16,-0.003242434255538162,-0.0089814315393622,0.0037863736792118803,-0.007211869263495758,-0.014553115444139937,-0.0071481286077412125,-0.010849601928459605,0.004241546843597516,0.014712773660198634,0.004320927380883518
2018-02-20,-0.003369308377732618,0.01347964456515462,0.00735750013004537,0.000262010828397394,-0.0076409055499552835,0.007795790376506274,0.02126178880358651,-0.00214835049634627,-0.011885311730197488,-0.010374958753838537
2018-02-21,-0.004549128769061471,0.00987380009044426,0.009164343622823864,0.004175674993164102,0.010737244375514723,-0.013354690526801842,-0.030863289623144836,-0.004400810006499264,-0.0067730873118875875,-0.011418319061758633
2018-02-22,0.008324198970174128,0.0016305120580417068,-0.0034629130964225884,-0.0018245975604034726,0.00605209784735824,0.002620282272862148,0.00326780334978824,0.03788699111449636,0.008668375018659871,0.012869358432173779
2018-02-23,0.01724191121251411,0.009821428842378839,0.016256042737035608,0.020061418195440474,0.02373954359675566,0.025083264679003337,0.015489249164546389,0.016843236182783695,0.01342835331067307,0.021775437721384027
2018-02-26,0.019578958299536146,0.014527347404448127,0.013742764886985816,0.012368910483652868,0.008907910570741463,0.01435505685936708,0.0026396704808269137,0.015138342018226577,0.016802714215445082,0.016755377755576697
2018-02-27,-0.003245895071915136,-0.006572418273647388,-0.02316556616706726,-0.011942844250989702,-0.018942255591306016,-0.012868229709168323,-0.002110943105533595,-0.018153845689605118,-0.006600838649199139,-0.017142646221971907
2018-02-28,-0.001514845130331617,0.00031078300210627937,-0.012235455700296272,-0.015975483469794747,-0.017455571916966613,-0.0045748729910738565,-0.016637471182291863,-0.022852326172335676,-0.027733780396120466,-0.022971412416971138
2018-03-01,-0.0176714282306437,-0.012641932360173476,-0.02989218916532108,-0.01808452582578287,-0.013436665259771427,-0.00985971157689212,-0.041295760057449955,-0.03599846676634224,-0.007589741492630198,-0.007155261824168992
2018-03-02,0.006890519842145648,0.004542832323262843,0.011811730252575574,-0.000970136428952193,0.0038573558505653415,0.002151553004284473,0.01847522538671939,0.012581794044277577,0.003291339854912409,0.004643738962252005
2018-03-05,0.003456009856833719,0.015450749125216098,0.009748087113028377,0.01523773620862057,0.02117634116644427,0.006320726925241297,-0.003769711424422291,-0.0052956889346357445,0.0140666681761049,0.009484883707519955
2018-03-06,-0.0008486577640680332,0.00916635335491773,0.00559268195806562,0.000868854589111968,-0.0034427393554227323,-0.003423200223677001,0.027250750156532614,-0.015569849908619472,-0.009679986164554307,-0.0011808116226813
2018-03-07,-0.009326202351128599,0.004775087665414082,0.012762471255524675,-0.003740846756035619,0.021624538386226733,0.005769721832115304,-0.0013220038979647796,0.012415049984329452,0.004807585689434461,-0.025526382905283872
2018-03-08,0.010853194602032575,0.004430331047974139,0.012778422358919388,8.694283891475178e-05,-0.007485473386554815,0.006054757382453357,-0.0027328109756722886,-0.0096765099931042,-0.007933497145509187,-0.0018870267068364479
2018-03-09,0.017034961262911333,0.017267875039310328,0.027475091653909402,0.02835505304642922,0.01572536763333018,0.022098544887413193,0.017060623396435604,-0.005881795723518265,0.0031100387659955546,0.005918480930616286
2018-03-12,0.00962153756513582,0.012274784456525238,0.004375184673026516,-0.0032245109514106585,-0.002540718225957167,0.002379239637950194,0.017896253367813343,0.05454171900502194,-0.011869927299196675,0.00907873778514781
2018-03-13,-0.009677213858121347,-0.0064082374088574355,-0.02256983186048186,-0.012055863432071535,-0.015710464334102198,-0.024689598827404746,-0.008241748985776638,-0.01067881179038873,0.01854584387900087,-0.009480988681955292
2018-03-14,-0.008537516161269732,0.0017741242337512898,0.007847001305618556,-0.011246015946237906,0.0126207070021684,-0.005949355010121902,0.004149249678504405,-0.04551475671341543,-0.00689769144747433,-0.012556754806183878
2018-03-15,0.0011761976157858788,-0.005470697171817769,0.001495918657859353,0.002519480952632076,-0.001793175591229183,0.0035101280332769636,0.002409375857297573,-0.003158388052850371,0.01802798126215113,0.011079652912735995
2018-03-16,-0.0035325685712838495,-0.006746984262292992,-0.01417070808675783,0.0017343277818091427,0.006667548148314809,0.004449258465214869,0.004561627951922704,-0.013138827430316807,-0.00708444990271016,0.009362085773659079
2018-03-19,-0.015397489159693254,-0.01716652889855416,-0.030747522758983417,-0.007914148014885457,-0.0700972041380593,-0.018241077122349698,-0.03858202047297762,-0.024540122382657712,-0.012408903264929154,-0.012996663525797683
2018-03-20,-0.00034209718715073553,0.02655806397402168,-0.0038892504251860647,0.0009600600251792506,-0.02588866052597682,0.002580216409497724,0.03498245785553408,-0.009645799079847998,0.007657950924752681,-0.002160096241634071
2018-03-21,-0.022915335933294007,-0.002935242181331271,-0.0016440161258528155,0.0008716165385559945,0.007347429447234237,-0.007003924245501676,-0.004095224167589695,0.019073091713506164,-0.017616279396292595,0.014091389020946896
2018-03-22,-0.014230280835016052,-0.023629241659590867,-0.03805501816594162,-0.04264294847600049,-0.02692514160171714,-0.029519031207176333,-0.027366561750176717,-0.02375314563501072,-0.034750078896399056,-0.020735746082436696
2018-03-23,-0.023429356108411042,-0.0324714405071344,-0.025582072133239604,-0.02710347290840267,-0.03392450561970516,-0.02949836538146568,-0.037407915248807044,-0.02476215748924565,-0.012437216828863503,-0.008334048988372172
2018-03-26,0.046379567387769834,0.03952772098848848,0.026474188215736424,0.030372512559809266,0.004194757460245236,0.07297653111596687,0.04822394057451181,0.008716983357954528,0.030214104390642423,0.015113586377509685
2018-03-27,-0.025975288186765148,-0.03853192075579568,-0.045761717787082955,-0.019590604278343516,-0.05022200613399702,-0.04704813009234147,-0.08072480368436571,-0.08576296122040042,-0.0050793632983058236,-0.004062475786828409
2018-03-28,-0.011110616490953917,-0.044829570623964574,-0.001749534842201894,-0.0015728849899383029,0.0053071817480747005,-0.0008941606723390965,-0.01866384937703654,-0.07975020560866929,0.002474419185689827,-0.012149321844329142
2018-03-29,0.007778468351789805,0.011060397628404146,0.031300333915977065,0.018076499220071537,0.043226229510816165,0.020812995424692525,0.045223711257825046,0.0318784406408496,-0.02081013635316411,0.024421273594425922
2018-04-02,-0.006578135958203302,-0.05346506623271679,-0.023916072081067528,-0.019466233602330078,-0.027922094242914645,-0.0305939457671794,-0.04658006327157706,-0.05265286271087222,0.0148425464922316,-0.018806376514025572
2018-04-03,0.010206992438869819,0.01451521594489404,0.005956758273682013,0.013629517039100368,0.004622576007593585,0.013354009931403444,0.0192660209674337,0.057899602458025494,0.0334132235831573,0.024286478067414897
2018-04-04,0.018942089508249015,0.013216432521270617,0.010769637571927792,0.01506924443773961,-0.006490776238847476,0.028786982343807103,0.003941588214495821,0.07004145954947365,0.018572800676811583,-0.0020013354840698215
2018-04-05,0.0069100931128348395,0.02877581980896398,0.0028414878455026264,0.01304500402638804,0.02697006901829239,0.000541240933977289,-0.021715539823471474,0.0633964612779032,0.0012230782384784176,0.015242912207623251
2018-04-06,-0.025911304710243766,-0.03256879145160196,-0.022217875590511804,-0.025253937401179247,-0.013521255604287845,-0.023548460387265303,-0.03273722530383361,-0.021223211265089487,-0.022560168491395815,-0.015242912207623147
2018-04-09,0.009868971529416608,0.0006047480886455927,0.009990016813947292,0.01193744540169365,0.004632976312280042,0.0059666304504096745,0.005399589408713479,-0.032738552591198074,-0.0055070529151372075,0.0
2018-04-10,0.018643421985889756,0.02120891765877724,0.015958740681593538,0.018931913752381853,0.04403611843163144,0.02297953014098591,0.05640764400768411,0.05061985415504579,0.018064115412979902,0.028960367082593648
2018-04-11,-0.004686502535277404,-0.006405231332769564,-0.01109850809448133,-0.016941325776464754,0.00772574955471872,-0.01104238731214197,-0.0073544682890924855,-0.012450001501353107,-0.021797814568169663,0.004660440773728737
2018-04-12,0.009809996437544618,0.01491919110975978,0.011860466204636499,0.02455587405393819,-0.014840309768229526,0.018550819044989283,0.036285601371556585,-0.02302585434608351,0.010490348387316455,-0.0027155306669742097
2018-04-13,0.0033826109628991184,-0.012301877768966152,-0.0012058222385351264,-0.027453083750785576,0.0039588744365349655,-0.005357215365485289,-0.013301981406084313,0.021063340553558362,0.0001781056729399421,0.007996645338871072
2018-04-16,0.006219031136822072,0.0074574931597974625,0.009663244754531487,-0.0008160805147186029,0.0018823630938611384,0.011642256496227315,-4.356551528099099e-05,-0.030870545862284916,0.026574374693569113,0.008952515883218055
2018-04-17,0.013669898546767454,0.04233096224700543,0.031299220030201406,0.0,0.022970246260150127,0.01997529286767155,0.025799679260945993,-0.012161153367676696,0.03510908542928223,-0.002677172071691806
2018-04-18,-0.0022468716624869265,0.01583979284660221,-0.0036849514041066406,-0.008108341832398818,-0.013730848167085306,0.0038442548551809144,-0.004937651496315388,0.019482988950550416,-0.009053468267085087,0.011298244714081147
2018-04-19,-0.028749251691331527,0.018848100013873853,0.012989587185865362,0.021716337376628703,0.010405033696203202,-0.0034278157064774554,-0.03150191041011211,0.022682617268948137,-0.0027108228480316704,0.0025209164476001243
2018-04-20,-0.04183507501833879,-0.01907723181610307,-0.01119638674001428,-0.0022401096130175483,-0.010885928466116778,-0.011616321047894366,-0.0014416262160287172,-0.033340946599311215,-0.002973567425979106,-0.005302036626911719
2018-04-23,-0.0029007548348449434,-0.006324400696319432,-0.00326343158165693,-0.004856431920071946,-0.00264980609444309,0.0036772188784457618,-0.021344795502906543,-0.023954713067765032,-0.0030677297705331936,0.007189521967088167
2018-04-24,-0.014016787623733122,-0.038803322300977466,-0.04882544673973368,-0.004698247594687855,-0.03778886794103697,-0.023665162149410137,-0.012042734941641662,0.0003175829962110711,-0.0005121417851585297,-0.015451139179835505
2018-04-25,0.004348042996776224,5.475954499941282e-05,0.0003422472135836538,-0.003811294267090168,0.0,-0.00873687417269384,-0.020738144614341272,-0.009820109595590503,0.0028990500367986954,0.014570718755758045
2018-04-26,0.003476819626308876,0.03881450715060276,0.01966850491482214,0.0009993254362595822,0.0867400246656773,0.020904689060809434,0.038748552128059055,0.01692105227125317,0.009026913906163322,0.016962406206541592
2018-04-27,-0.011637354406752197,0.03537561362599702,-0.011432764564543285,-0.006378013994455316,-0.0032782966923250063,0.016414456418867143,0.004916279248556742,0.02967988645210738,0.013201725443420853,-0.03870634038386888
2018-04-30,0.017950455882479562,-0.004135326109196778,-0.01255603411842623,-0.005683217874309689,-0.009201748000477725,-0.02429622153338276,-0.0063382180323089815,-0.0006123186992793044,-0.015863427556680375,-0.0005146887252068233
2018-05-01,0.022970373121475464,0.010246541390296704,0.021532139223279338,0.0,0.01075603042799796,0.015701893497364318,0.009910775796583173,0.020276271552000992,0.0019020766551617464,-0.01034265340995716
2018-05-02,0.043226861312518156,-0.007982399946119208,-0.014225227151270049,-0.007937655899829475,0.012631304991088499,-0.015808514606117065,-0.0036607420703846276,0.0040927434643586716,-0.014416385819321472,-0.0019510186865448484
2018-05-03,0.0018107653922205032,0.00152774422597195,0.0002435546684376265,-0.0063209033328612135,-0.011711472657018851,0.005970479567976024,0.029089932869155403,-0.05705105475694015,0.002950856851344852,-0.0033910509907090873
2018-05-04,0.03848341471739993,0.005626403963582918,0.02378212542273192,0.011035586832274239,0.01477367916682219,0.011520699940302697,0.025718842031838402,0.033328408391726135,0.007446014373018538,0.004692634451870622
2018-05-07,0.007208836751404759,0.012065232820824213,0.008017274714603787,0.008631970700728147,0.0076711358490976315,0.011077365934214831,0.03945245307672031,0.029087598107581533,-0.009027527517001038,0.010863571519437717
2018-05-08,0.004794988564770486,-0.004855150386433913,-0.0008213810877832355,0.014703363555317792,0.005323647160019045,-0.00427019811518262,0.0068927457415692735,-0.002645858763480469,-0.007513488242626723,0.0044917144885359885
2018-05-09,0.007016775984595568,0.009755167405861371,0.028275902366063727,0.021569874729845562,0.020687776179976074,0.011725267889101852,0.021258242026608174,0.016031414306226816,-0.012227977696166167,0.0232897717182838
2018-05-10,0.014202425801290181,0.0006714269487795818,0.015056521045374414,0.007729050241083842,0.015590178975644253,0.00995651311057612,0.01686359536289521,-0.005981667768512261,0.01944239094249093,0.02214758747359236
2018-05-11,-0.0038105666848976855,-0.003841887076876573,-0.0018922604448396994,-0.0037691698908012376,0.007838393377889321,-0.002147034988003146,-0.021762982564353713,-0.013067764405920593,0.019365378236073264,0.004686007935533058
2018-05-14,-0.0023357188598341727,-0.000855019821921358,0.0029141003579582904,0.0003510541102295353,-0.001873347206879113,0.003371785063252696,0.0032556835405793453,-0.030658568488625318,0.019203368879105117,0.006744054101858568
2018-05-15,-0.00912999781173503,-0.015999582214342844,-0.019832033947733262,-0.007667465181321103,-0.012508239601781079,-0.00726907140445052,-0.03913296155488251,-0.027043193851452124,-0.014096360527468476,-0.0004889325429983962
2018-05-16,0.009289315196500822,0.007055711937681797,-0.0007193631535446402,0.0027387525048275844,-0.006095178115628056,0.0025768572090778628,0.0018308247576547469,0.008060902728221242,0.009226563734179063,0.0028078852385913663
2018-05-17,-0.006343786816997164,-0.0034837207851964812,-0.002613845499615752,-0.003358354009319558,0.0030521910342533078,-0.010034793469530328,0.006886572726923974,-0.006794892876662789,0.005116640951494195,-0.0017081733586690373
2018-05-18,-0.0036431718700827825,-0.004682948952668358,-0.010804882336980176,-0.01633312110338657,-0.005894619808781677,0.0018697049948204402,-0.007171222696571415,-0.027506411041860752,0.006891192424707415,-0.007108701884587312
2018-05-21,0.007059997890025227,0.0070194493799519446,0.013345050725259476,0.009136664587573163,0.009859371654473058,0.012786272357570176,-0.006936544972452259,0.02733063584059411,0.013237746654008634,0.011982087618119155
2018-05-22,-0.0025078434010891017,-0.002564092355650729,-0.008058152040433518,0.007638983416888592,-0.003747064327509219,-0.0010252460833296239,-0.006324768281085474,-0.033890641978487256,-0.011032957857448913,-0.0078085078093294985
2018-05-23,0.006390950107283921,0.012854956228734496,0.009855332810256173,-0.004612084388865241,0.01672548476369605,0.011827425914549283,0.020364209432631317,0.0146552593259178,-0.0037595681010506128,0.006227555516906627
2018-05-24,-0.001115463293905822,0.0007551004151900502,-0.00046990675230513255,-0.011264140941541592,-0.005203385942357757,-0.0035537507296594163,0.0006056501092614753,-0.00438134008245393,-0.006283488464618892,-0.02315145604644591
2018-05-25,0.0022826167652018354,0.004406755128694276,-0.0012628328906280721,-0.005137960103277837,-0.005447008245043762,0.0005083203705555902,0.006398896302159706,0.0035926511327837147,0.009104560765618048,-0.01962546276536211
2018-05-29,-0.0036123994964689632,0.001687878056954978,-0.014878401762690834,-0.04368365900505328,0.004424654860854948,-0.0035646936784652283,-0.0027717464840649624,0.017454813671737467,-0.01141438329596331,-0.0036911229885907533
2018-05-30,-0.002130991649828768,0.007424894791795791,0.008762467648006096,0.022588128376449485,0.010337127182747043,0.009544896211226988,0.017544966143784452,0.027665611046886498,0.011373293193530571,0.038523614011576855
2018-05-31,-0.003365608333575361,0.0029067818463926367,0.020694432603991293,-0.012444506664449259,0.021663888976178873,-0.0011118554276243976,-0.0031671271731852843,-0.024253054463057908,-0.014102349567560913,-0.0031950133011707372
2018-06-01,0.017873288775688032,0.007287974742940334,0.031322485934635984,0.012905769236131891,0.011457606397569854,0.019536884724927712,0.021302683982887458,0.024595765346737457,0.0075898994008769885,0.007236228311959849
2018-06-04,0.008323121245257943,0.014352361192745182,0.01576941105410664,0.00046122658104728545,-0.0036666064662708047,0.00869283018852444,0.027678205326194076,0.016719212816101784,0.0052463933212638265,-0.010565264597098587
2018-06-05,0.007685656762868717,0.018491622422478978,-0.0017536291839327187,-0.005640662128616824,-0.001760666711172774,0.005101648960500216,0.0008301662711201558,-0.019086459534572997,-0.0008181508546910274,-0.003588117564787228
2018-06-06,0.0034599384511704223,-0.0003537487735077804,-0.0035422299356479203,0.02309924798191446,-0.00832748354156577,0.0029314568806956993,0.0003018865968636913,0.09298733807137727,0.01711729789400194,0.01696009780122748
2018-06-07,-0.0026846021983341355,-0.0038109042575301937,-0.010984660617741355,0.003979180122261729,-0.016652992964025858,-0.015833775626505467,-0.008522204089097667,-0.010730278490089475,0.001326452843975745,0.009943284290912987
2018-06-08,-0.009138943131176837,-0.0031482087067048275,-0.0015085804504458014,0.0027939692344322873,0.0048771770838668856,0.007407161358846065,-0.0023611378058427386,0.004954692435399038,0.006804519606593758,0.00864951634239924
2018-06-11,-0.0024547879419576125,0.0030417085523415876,0.007204493773072248,-0.0025233747444709915,0.012820702438875833,-0.005723137429437713,-0.0063490720037149605,0.044454448870734506,0.012290309759568302,-0.005998853368952926
2018-06-12,0.005475952173136335,0.005684988047565979,0.006369443999254475,-0.005791289519861957,0.0044796919490406525,0.002569564656761434,0.0074925056389174615,0.03162357995786879,-0.0007879461605388398,-0.008216488336898649
2018-06-13,-0.008251385496668187,0.0035902650511343294,-0.0034550518912213586,-0.001998450937121581,5.220247194312547e-05,-0.004550668202246568,-0.0006856383750297706,0.005846814961109414,-0.002803837021193715,-0.01110241231477189
2018-06-14,0.0005243992073155662,0.011083020118790305,0.01378301510687709,-0.01779875291491461,0.022610220379640698,0.005635838586857291,0.017041204751437857,0.036844043828737995,0.009681271660756873,0.004651087913924266
2018-06-15,-0.01032570152770293,-0.004587452546296073,-0.0007243137749452447,-0.0012042096701694348,-0.0048898383402573116,-0.012800700322202756,-0.006201031254697147,0.0012572053263429782,0.006073422029441309,-0.015134119266766444
2018-06-18,-0.000529929346573611,0.00454682322375441,0.020753274795844455,0.002591719339013875,0.012482473133180282,0.0072637887140273,-0.000640905800488064,0.034735996616622904,-0.004345732877219774,0.001981989373102791
2018-06-19,-0.01629173745224847,0.006355243580262066,-0.004140152999850763,-0.005840664809841766,-0.004143536004210646,0.0,-0.01873420756864808,-0.05055133619592977,-0.007285144089612636,-0.0014861406646723477
2018-06-20,0.004352907185642876,0.008780890154949957,0.004553871074551874,-9.291102680183196e-05,0.022579796553908914,0.009963963956060227,0.008191760294445348,0.027059386425411308,-0.0008301849426492788,-0.0031024807590516014
2018-06-21,-0.005592057197114205,-0.011412889667689054,-0.012432536440511349,-0.00027914132461367476,-0.002478305606495969,-0.0071915941852366706,-0.020022971950231727,-0.04145833852996418,-0.0036457107794461148,-0.009491869216983096
2018-06-22,-0.0029159709310691098,-0.008444903691629486,-0.00012823867296143872,-0.016506065415197068,0.001190325747968424,-0.007244017646596934,-0.024250385165500085,-0.0407608326368912,0.009797292983127754,0.020985295740795915
2018-06-25,-0.014983067113257281,-0.031090273447365042,-0.026000217042686808,-0.009119562977328395,-0.027080964891168582,-0.020322403958942675,-0.04828804203580808,-0.0018601117764972604,-0.014492890873430796,-0.020358257574694907
2018-06-26,0.012329570110645326,0.01665984392829657,-0.005862942604622257,0.0006679844123366491,0.013406057893608887,0.006988306847868433,0.011930941585510819,0.02663819480865757,-0.0037563985678591375,0.011223514699406485
2018-06-27,-0.0014650214952537839,-0.018248499964223154,-0.013940890748390066,-0.015569630649708049,-0.016006739071284387,-0.015665062026528374,-0.026251836998720322,0.007283408999648192,-0.006426728593165556,0.013181500255446975
2018-06-28,0.0072501914632281325,0.0243561005785281,0.008771332945941077,0.01623716915671075,0.0019893182211026964,0.011112813045303658,0.0215711961340572,0.015639022752901306,-0.01326411849890862,0.003177335806630671
2018-06-29,-0.0021046663521217877,-0.0009702818544208091,0.002136513090587732,-0.0069818754219579515,-0.00978105655625541,-0.00020250565159791905,-0.016577779778540056,-0.02014849699089947,0.0017952901648755715,0.009228600104008262
2018-07-02,0.011120228334238631,0.008190920166379114,0.011376950092618125,0.008410073940683863,0.015523234572263123,0.014097298463959743,0.02229092722438144,-0.023245202513878526,0.008684656550855095,-0.01179405799347832
2018-07-03,-0.01756947599199609,-0.011632531973367489,-0.022875856498210046,-0.01408802654240342,-0.023739377630559732,-0.009645438911624962,-0.0225443560860192,-0.0749967408799285,-0.002022374684685833,0.005853412276461437
2018-07-05,0.008014527959315947,0.0034004971509542445,0.02215753443197819,0.006480728235693406,0.029247040893129315,0.007142447600257724,0.024565131304114828,-0.005483771731441566,0.014151626068637006,0.000851113703118558
2018-07-06,0.013766819867701922,0.006392287119912709,0.012010500949297353,0.003272801165639841,0.023801069566936853,0.013936166337913168,0.01877354421905143,-0.0008413739443247261,0.0010372757548103406,0.00024291832590223313
2018-07-09,0.013789562090070744,0.01645995034240514,0.010506547593490397,0.03047435701215869,0.007402648214041484,0.006797844567363574,0.007733103351714775,0.0306362871896815,0.01153783928313636,0.006899642798602887
2018-07-10,-0.0012075913129068099,0.00232627083824685,-0.00011983122288114598,-0.0061708875154559036,-0.005878552794638705,0.002647437769263451,0.01592079798776941,0.012356234552786241,0.007344905977116803,0.009125805362588623
2018-07-11,-0.01306087820826975,0.006820891325990276,0.0036944316817177714,-0.0021596674813645442,-0.004925127890213151,-0.0013720027698496504,-0.022845529974050014,-0.010944370832144498,-0.0037242470022149326,-0.012872601770729592
2018-07-12,0.016626695385800295,0.023438279239991148,0.025120184316802054,0.004314502497913255,0.02139488626769558,0.021439688144737207,0.014836772990704064,-0.007079156356632034,0.005717770087870434,0.0012104209172020645
2018-07-13,0.0015694054323200273,0.009092308299375183,0.002627159656727233,-0.00459656969492521,0.0019313442958816425,0.011830948947190069,-0.0076314991152476004,0.006796925091447165,0.010296532602762785,0.007469668477398936
2018-07-16,-0.0021973995565516442,0.005204214611598074,-0.0065890930418653435,0.03890975930889466,-0.00043433329519689575,-0.004944401500462349,-0.004502420782876245,-0.027888696957791365,-0.006670643826711169,-0.00989137732733464
2018-07-17,0.002824354233111269,0.01169553351913824,0.013753586235712751,-0.0007238093633101843,0.013230815954392551,0.009864554211573522,0.02187835008503226,0.039797339718765146,-0.02637811317319348,-0.0021844767836306372
2018-07-18,-0.005499333542012269,-0.0005478819253286526,-0.000140261943377247,0.009277919875150416,-0.0030047998862475565,-0.007864813202594707,-0.007875058497103985,0.003588340997915393,0.020289131747575673,-0.0010940973509261623
2018-07-19,0.0077430717875885445,-0.016384942345801963,-0.011450884619916448,-0.014813643618763738,-0.006084570953611948,-0.006872742511088683,0.0013100694483998048,-0.011240942684509224,-0.009796678959572534,-0.002557312826634804
2018-07-20,-0.002295877760094849,0.00040256240260806996,-0.0010181368090661333,0.012569953081226054,0.008851141536169229,0.017753149914314283,-0.0045333185836267465,-0.02098503581790621,-0.0009098547632237781,-0.007465921960294575
2018-07-23,0.0008875244852744953,-0.0064717884686560055,0.010893104174078664,0.018430529245479596,0.004609811125145128,0.015870321001212263,-0.005916565006449593,-0.03366183049098457,0.00015860329055149045,0.0
2018-07-24,0.007228242467376273,0.015003415773147583,0.038196096755468235,0.007033028129921647,0.01767048613025318,-0.0028750573149557094,-0.0028104357134970414,-0.019213739494976383,0.004027463512689039,0.01958568395243056
2018-07-25,0.009385960568735613,0.01861486826928323,0.01404070134126131,0.008982748421490893,0.01309692733612611,0.029019413488067324,0.012625545909496026,0.037320581448582704,0.004325486994330252,0.00696283825979519
2018-07-26,-0.003135979718815834,-0.030294147444007914,0.00746454264516961,-0.0028690815711407067,-0.21023885410850354,-0.0109777836714004,0.011722634195038653,-0.006792485928422633,0.008361808661550282,0.007745906338564095
2018-07-27,-0.01677160590136049,0.005114123653927564,-0.025694871073591755,0.010221730123457487,-0.007802836447319773,-0.017855914904197596,-0.011127699506306618,-0.03136897003681015,-0.004093860442985814,-0.027926339972578592
2018-07-30,-0.00561819187668276,-0.02116035295109697,-0.018406165228798194,0.006014743008654111,-0.022142771200342262,-0.021685869515139476,-0.031807250746410914,-0.023871031864305167,-0.008278132102678292,-0.002200230814528834
2018-07-31,0.0019987298936751823,-0.0010009041577796927,-0.0022953722014764683,-0.015366147196730528,0.008846283209984688,0.0067155616920809656,0.0029856334234309068,0.027096149377992502,-0.002445509778254338,-0.0028174500230751564
2018-08-01,0.05724002763596128,0.01103903355711626,0.00469074845481107,0.006157422787203251,-0.005403263446644494,0.0018835223358501566,0.006553776315654872,0.009015402580142124,0.0005921986532114416,-0.013835704181653493
2018-08-02,0.028811800376016168,0.020466105945655327,0.006580083606347013,0.004227831036988676,0.027126421547516943,0.012064657210800083,0.0166976575487247,0.1500394953693684,0.010638931886410434,-0.005988998544411922
2018-08-03,0.002888985026932908,-0.006036752198725051,-0.002395820723213201,0.008060201748338276,0.007962759826522734,0.0043598781183976955,0.005887853000152818,-0.00392722251966948,0.004442019323399184,0.0036225604314838013
2018-08-06,0.00517935726280173,0.013326116952434698,-0.0003957652978685983,0.0002563035637621784,0.04353204839051709,0.0008326231361326275,0.007626407014189325,-0.01790931528077431,-0.001790010255001386,-0.0002495078335536818
2018-08-07,-0.009419417761173028,0.007940289206943445,0.014574093893768892,0.003664700612035153,-0.010176097594621847,0.006911925390098325,0.011429233063264726,0.10425751987100246,0.003460254780040911,0.013502982063885787
2018-08-08,0.0006760004729685806,0.012824884974734161,0.004362094118058754,0.002039450364819,0.007425580040204206,0.005587050754431506,0.005704668386020555,-0.02461753965428242,0.004492178122553643,-0.006667129863360964
2018-08-09,0.007834239645903848,0.006340837796472893,0.0024783829715803517,-0.007755198366946073,-0.011350420932422677,0.0016426032225473495,-0.007613504433821113,-0.04951266848117085,0.010684145962590692,-0.005091356284673363
2018-08-10,-0.002983171742762395,-0.006457397373654605,-0.009495637417399968,-0.009888205872151348,-0.015577463407925702,-0.006127671097658875,-0.006533104609027113,0.008588294353453393,-0.004713201340082796,-0.0010070541895431234
2018-08-13,0.006435977319310112,0.005234593496003321,-0.0030946570956435836,-0.016026728071741457,-0.0011658342656765922,-0.007274482301916131,0.0052066292948270395,0.002584687857127241,0.0021104920112097916,-0.010887115036695654
2018-08-14,0.004204448441949852,0.012291000927706849,0.007579622573519874,0.006651134905294912,0.005870065862609148,0.012398430241590134,0.020520224080611108,-0.024914314053937747,0.009801692817485542,-0.0031874781543396115
2018-08-15,0.0023333177825278946,-0.019478470012663493,-0.020817064129002846,-0.00832093761906205,-0.008762295079177642,-0.01365320782858438,-0.00902937540146271,-0.026082295987135885,-0.01095238546998798,-0.017649377486436395
2018-08-16,0.014543831613339445,0.002069435166135004,-0.006644243111336614,0.009366809418060578,-0.02727202600258559,-0.00018572637016435944,-0.006350337983615174,-0.009612303405664288,0.009509278462597337,0.013682853591927571
2018-08-17,0.01977297444540264,-0.0022818919343934856,-0.0067298589509944134,0.0,-0.005165017753786634,-0.0005575393787894729,-0.050263368831370135,-0.09352310299855487,-0.002931109508025428,0.003327668168316963
2018-08-20,-0.00979107472960823,-0.002931660125657338,0.005004631704873972,-0.001307697794928148,-0.007508105177499673,-0.006621441038847892,0.012259979216855735,0.009577607495927558,0.00026671635175543274,0.007003339024809294
2018-08-21,-0.0019515992480197493,0.0035689760811241154,-0.003722305921261476,0.006088507765090205,0.0006955252636377569,-0.00836286781042727,0.02187045151424642,0.04271350329177862,-0.002709097349990881,0.00025408389945590976
2018-08-22,4.6555633991122734e-05,0.011340294746076632,0.003558476634793422,-0.003039620148851612,0.005891493992534727,0.010139029919870604,0.036815512238948495,-0.0008079720701797333,-0.0036370345599389823,0.01423274981940876
2018-08-23,0.0020442069339496574,-0.001050539556003232,-0.0004829451081008829,-0.002089775280340508,-0.004270658708409873,0.004659414451041854,0.015179990201097693,-0.0047994694464031625,0.002604606048716697,-0.011066334104866557
2018-08-24,0.0031042900886018555,0.0013077166792931142,0.012685736442437895,-0.00043586122593025997,0.010070403047167569,0.007779149261548185,0.019961493039936707,0.008461454998839912,0.010880684613242786,0.0068052100537049675
2018-08-27,0.008200874302521408,0.01163051544939646,0.015660049487483094,0.017546539986045336,0.015961338751178618,0.011009380680776913,0.013427775417065592,-0.011057797782740283,0.01053933502009855,0.00974890650930876
2018-08-28,0.0080433998728659,0.002662829214967849,-0.008321031963876466,-0.00489560057051493,-0.006785129915460989,0.006003744357805685,-0.005524729374399101,-0.0234827463444085,0.005339580686381765,-0.0014936960665988548
2018-08-29,0.014819004987788417,0.033216652418121086,0.014969361993163875,-0.0032774562482821897,-0.0020445139535053185,0.0158362864162263,0.015415020475498649,-0.02220982005243565,0.001823604362381895,0.007198490926071631
2018-08-30,0.009151622023847368,0.002139789185662643,-0.008106080203810493,-0.0049362067387976214,0.009843393519904266,-0.0006253940193388363,-0.0024446446413125757,-0.006116857728366764,-0.0022701598128668623,-0.004337964424178644
2018-08-31,0.011487779322620108,0.0051455472939262855,-0.01821281400753734,-0.00530973553823187,-0.010810281729077496,0.003388837009457498,0.010277971415909845,-0.004927151351277396,0.0002601714214539307,-0.00423215753850078
2018-09-04,0.0032017730116760046,0.01322754939250794,-0.016774031834681496,0.004962504048119424,-0.02634991462728608,-0.00553476508684253,0.010702010139490485,-0.043046923269294435,0.00018638402903124526,0.0014958803005839401
2018-09-05,-0.006546351011753074,-0.022155808895267127,-0.010130925719156175,-0.0048751074630251105,-0.02352782517852824,-0.02924814363005239,-0.01878669944133364,-0.028824659687569285,-0.0032450564864889425,0.013238899961100494
2018-09-06,-0.016756688463397333,-0.018471969798578087,-0.012681248796983005,-0.004285344429440372,-0.028208349415068605,0.0023016372158261417,-0.020685043217170393,0.0007477402091871391,0.010850293169880808,-0.011123677696096356
2018-09-07,-0.008101056897669203,-0.003191472227875324,-0.0054202191375447425,0.001926452128548026,0.003132942914058398,-0.004885769712958543,-0.0031584957483058195,-0.06511051590830808,-0.005093653605286823,0.016883858816360023
2018-09-10,-0.013511753518349188,-0.00671281317449781,-0.002150921668717402,-0.005350418724267961,0.006967698213592144,0.010754156961112137,0.010501811585918936,0.08117582516337454,-0.03238842686605756,-0.0014676409558192442
2018-09-11,0.02496858033642578,0.02452389439974024,0.012625764966103056,0.006312213232740314,0.010663066134723793,0.01686175004271091,-0.007049985783096029,-0.021454393137783412,0.005030898685189019,0.013976053589451521
2018-09-12,-0.012496859933566196,0.0014332057554714182,-0.015574413652755121,-0.011867842831263683,-0.024030013474745135,0.004216369123361728,-0.017005806468019847,0.038953647795662634,0.006224782121864483,0.0032531267517674177
2018-09-13,0.023868275579398503,-6.533122087816396e-05,0.008955908299168864,0.003883265202173674,-0.003958524279381629,0.010684833524995378,0.01163976003191958,-0.0037241683417791158,0.010678441444107597,-0.00979143415338218
2018-09-14,-0.011415852482159032,-0.00993933696629168,-0.0035253794845005,-0.00017619674380448387,0.005931925666498202,0.00406574328189338,0.018584585325438985,0.019636019543975154,-0.000677858111811069,0.0072624093890934875
2018-09-17,-0.026987163491759218,-0.03205870700465009,-0.015527448875591623,0.00299121435017926,-0.010777354442492434,-0.010908721207066334,-0.00908506839971337,-0.0012202649255036756,-0.005442455757434478,0.005891661112752389
2018-09-18,0.0016510522986291727,0.017157778216997852,0.006257033520933829,0.004032718572040755,-0.001745297409234368,0.009496442735622267,-0.010679673273993768,-0.034084013592407654,-0.0022007015180475864,0.0026341245916249854
2018-09-19,0.0005952975516962305,-0.00756569249460357,0.006116139698732473,0.028632561932468145,0.017071228857659673,-0.013428085621898421,0.003535873220226147,0.04816167725201527,0.007718438892930995,0.011886511970875181
2018-09-20,0.007573013141982924,0.009238628182457895,0.01462494652715359,0.008550072764598427,0.01798982210783427,0.01660302083620821,-0.021180047237953196,-0.0023102764367654155,0.0039869631730842315,0.0022425469376865133
2018-09-21,-0.01082965826425025,-0.015179095926849621,-0.016457624915589223,-0.006596645154532282,-0.018787500791869107,0.0060569897282673375,-0.0106848033529388,0.0025777618885772795,0.001050734379185944,0.0041176063429787454
2018-09-24,0.014277955479767693,0.010053664875920762,0.006327454160871741,-0.009634727792939663,0.0151066364026588,0.003582006811954535,0.008504286449954502,0.001937228201131435,0.0025841064647671515,0.0166507079674313
2018-09-25,0.006320714933066341,0.020563987165268808,0.012075477998704752,-0.002831418789929052,-0.0030273569333115506,-0.001920409617541038,0.010147629958115856,0.004361820224937156,-0.01450464666266354,-0.0011551947251823432
2018-09-26,-0.007998029074123381,0.00015191562854669196,0.00014223828445781534,-0.01184052549992711,0.01229439251426515,-0.00411507417282876,-0.005566685063453695,0.028139474409747497,-0.0022798130517678234,-0.008358464688393097
2018-09-27,0.020343276362125573,0.019123782614347835,0.011076921229049604,-0.004356316340047516,0.011257066383506407,0.003765486019255221,0.0017966554459058455,-0.006676394186811727,0.0065963902662355,-0.00011699464623254447
2018-09-28,0.003505777218007096,-0.004970159887051252,-0.00023184708863340864,-0.014778911836007687,-0.02628391022619982,-0.00034956629136385567,0.04968012911891786,-0.14967862356105288,0.00523848646469571,-0.008782794684364608
2018-10-01,0.006710967356108819,0.0006787590310107474,0.001200442480855976,0.005831977794096659,-0.012358786771077913,0.010783484719087152,0.02924585009329472,0.15996630906971687,0.011436600774670885,0.009249232500685484
2018-10-02,0.008849053420376828,-0.016626551298427376,-0.0007367382669654645,0.004132396185170883,-0.01933104635322229,-0.003986882165443078,-0.010002675586684684,-0.03165105931416401,0.005669622997185258,0.007546557127418599
2018-10-03,0.0120951313751018,-0.009454518172878833,0.003216019857579959,0.009344888329536645,0.019269591640489542,0.00017390074733848908,0.0008720893595864868,-0.020879570125520365,0.0009968665057812135,-0.003591827151082909
2018-10-04,-0.01773741995353913,-0.022444223425413613,-0.028855814072596225,0.008975538662748446,-0.022286768215254014,-0.02088156479446526,-0.02629033361576522,-0.04499307098653701,-0.009568886837388596,-0.0066388490186158125
2018-10-05,-0.01636196774854058,-0.010407930696264011,-0.007880912759164582,-0.0056547365850893394,-0.009615075473034996,-0.005868677431844407,-0.03434739135051404,-0.07315047194650469,0.0032738393835712886,-0.002807906797156689
2018-10-08,-0.0023209178068375543,-0.01344158738489846,-0.010250743380745133,0.006088470485517319,-0.0005085028901392691,-0.011481277768456236,-0.015272236937469125,-0.0444551930837214,-0.0007059294789140547,0.009214389822241709
2018-10-09,0.013758272581504248,0.003159506847789425,-0.009343516576950813,-0.006961262370573623,0.004125096347084826,0.012639815191084583,-0.0008655338412154616,0.04769487161816516,0.004080627624081691,0.00440197286817254
2018-10-10,-0.047433191896637694,-0.06349826467822699,-0.04739561841145377,-0.026993841787650547,-0.042168783809727065,-0.05587001189290561,-0.07769480128841319,-0.0227842365240576,-0.02637110176615549,-0.023271936295262512
2018-10-11,-0.008867050105734667,-0.020659106604926675,-0.0013010369165159334,-0.030421532402073344,0.012929647689993523,-0.0023580281641045454,-0.04393206319523547,-0.018267761294738935,-0.022915376388832256,-0.03515864226179398
2018-10-12,0.03509600126162376,0.039486584027737796,0.02695435980095784,-0.010972799968001922,0.00254011719698502,0.033974271757993085,0.047385935129644195,0.025637011844725322,0.009637643677363396,-0.0026998104120746816
2018-10-15,-0.02161785524304712,-0.015585296480611561,-0.016284730413115324,-0.005719969600184066,-0.0014321987607800652,-0.018143240427875393,-0.04632324540608401,0.0031251224150275823,0.002462132730140722,-0.0069047046901996355
2018-10-16,0.02179799264519113,0.03296109181385253,0.027413743526146412,0.021213994003128126,0.03368874118486421,0.031109684136389197,0.04343890056875751,0.0634327959715364,0.04625277373335141,0.004690511141448971
2018-10-17,-0.0043307459879666855,0.006446363237738997,-0.0048570957726526845,0.011078232451850887,0.004022716809255112,-0.0026161401309557986,-0.011331863238411545,-0.017543278006273536,-0.019523704153968598,0.003687514535021037
2018-10-18,-0.023651207462530292,-0.03387461944326041,-0.02667425424011281,-0.015969592326541448,-0.028633054445137467,-0.020164155418507888,-0.014629949691000958,-0.029384839017495768,-0.0018350724798413271,0.004285649216788931
2018-10-19,0.015115510316009582,-0.003785315142127887,0.006599904519658026,-0.0016664739402243354,-0.005631986263780031,0.001473692402889585,-0.04421420733106138,-0.014926570471279743,-0.0056752808815094796,0.0014651323183109543
2018-10-22,0.0060912524188479625,0.014223477431537703,0.0055850762464630934,-0.014468074248577201,0.004727586952892616,0.008887575493862983,0.00890532598932745,0.0036473072126550357,-0.011791765595240299,-0.010054474249107638
2018-10-23,0.00938238311033722,-0.011579655130424511,0.0031803945564001855,-0.010491025549434116,-0.0025228287104571,-0.014054571063827662,-0.044935246480832663,0.11972696455952758,0.010131890868637606,-0.0162743038839726
2018-10-24,-0.034903712945528506,-0.060900269370242635,-0.0532255803629238,-0.01879785422546608,-0.055601501661694475,-0.054951493535845566,-0.10307150272946648,-0.019360730257469882,-0.03277464793485023,-0.028199330325931346
2018-10-25,0.021661722539460335,0.06848717973245126,0.043020254928661,0.015085503869040846,0.033068096060072175,0.05679992627659444,0.04140553337750478,0.0874330286431297,0.03043101410828079,0.008849867000451112
2018-10-26,-0.016051666452954406,-0.08142347029725895,-0.01814120828548873,-0.013827884300736995,-0.03766627148159637,-0.012450197863330405,-0.04703747957644262,0.049688062904440625,-0.023200704667675577,-0.01001019147426074
2018-10-29,-0.018948736341683554,-0.06535334363664695,-0.04628683151415663,0.013732320004550174,-0.022821468053150825,-0.02950732536443161,-0.06602929343098862,0.011866497865424982,-0.006450544724544112,-0.006210791396898483
2018-10-30,0.0049819042265855625,-0.0055126260875841115,0.014182913554126594,0.017490468368229255,0.02865157448548679,-0.001156119338321459,0.08950426195346647,-0.014893088379068697,0.006837694279298911,0.022204633709905476
2018-10-31,0.025732914871748135,0.04321681687087765,0.038386239182502294,0.021510458066149492,0.03738559895996118,0.029260141637322063,0.0378462754738339,0.022242473178064662,0.011816308388251836,0.011359620890023406
2018-11-01,0.015235507768336721,0.04138428065577011,-0.004226874575238818,-0.0003670263502399985,-0.0002634987554373572,-0.008367430751311423,0.033947493855256694,0.020423191772720273,-0.0016082305489846735,0.012348188165952219
2018-11-02,-0.06863297868556766,0.0,-0.013432452053030135,-0.005521010688746126,-0.009268522260570348,0.0022634103534605646,-0.014733586899983405,0.006167773529960309,0.0003066153303981065,0.015742498371940018
2018-11-05,-0.028799131754862105,-0.02291395130748333,-0.01481777972263567,0.006529575503840115,-0.01116968455574278,0.012636189734113058,-0.014764810994535837,-0.014568218268686943,0.0,-0.003789807370873798
2018-11-06,0.010755815925962541,0.00917882350506658,0.013024319112119192,0.004664225096319768,0.008438973998568524,0.0019512214761094472,-0.0033586228179169134,-0.0009964070977674596,0.00964620975709898,0.004277783094636293
2018-11-07,0.029877829328636887,0.06633977136357028,0.03551634531065162,0.017008100729616255,0.010548238950518332,0.038606577406609895,0.012851872928504747,0.020603730470361386,0.04121958161556131,0.01260469884246011
2018-11-08,-0.003495289399015251,-0.00033043903181154073,-0.01235666022878558,0.0080402743952216,-0.024450095343526223,-0.001877478915773669,-0.03716677716585521,0.009263014594603545,0.007328519045931362,-0.016025540034332916
2018-11-09,-0.019469890958078353,-0.02450416594044294,-0.016218430517946376,-0.009746150523267261,-0.01987518845430364,-0.019700266107170152,-0.0015546628945356548,-0.0025359590842054585,-0.0003614375253201464,-0.00024699259334296067
2018-11-12,-0.051687234088071195,-0.045139744065118316,-0.026017526975799336,-0.021250633250134144,-0.023805185396243485,-0.024950511405901273,-0.08167302415316058,-0.05642528101968433,-0.015193514877329502,-0.01294373347895022
2018-11-13,-0.010041377198373645,-0.0034760725613268697,-0.0013256951741415861,0.005857150193980844,0.004300312613459291,0.0006546493169146672,0.050261305747705445,0.022239444014452457,-0.011669376260556686,-0.023190707379207046
2018-11-14,-0.028653977241116648,-0.019912881833394288,0.006287775616748207,-0.020838027703466058,0.014386683190860236,-0.014282530914888781,-0.010693569207174493,0.015438256266650938,-0.01594990062160673,-0.007851215743919305
2018-11-15,0.024379172995251185,0.012695718130497883,0.015496983134661484,0.025208464727663665,-0.0025687912470849007,0.02176742851142918,0.02602892374899419,0.012824453818193816,-7.571710244175393e-05,0.010284153134150526
2018-11-16,0.011014614628929834,-0.016204016695618998,-0.0025989903018527973,-0.0007270953575836534,-0.03049149295360677,0.009370680519893426,-0.1859461230617273,0.016706156871619814,0.023021217875891193,0.009799834687059042
2018-11-19,-0.04043870979851322,-0.05225131114502081,-0.03898969806772202,0.007608133010316803,-0.05889263302871659,-0.03447793504501177,-0.12782217418724307,-0.0023736096914838216,-0.018840000925111733,0.0032875278794415722
2018-11-20,-0.048957114868345156,-0.011191197215610942,0.0029446849594897124,-0.02170816754232209,0.006667247306663741,-0.02820925482612957,0.029820331530504122,-0.017062716138914934,-0.0172501044021912,-0.02881345337726139
2018-11-21,-0.0011304458831863054,0.014122842106230335,0.012517778977115332,-0.007496961531146594,0.01788633693068463,0.013670628231366428,-0.02975158463796501,-0.02712805667626346,-0.003639648803943681,0.007636148912428238
2018-11-23,-0.025726921379972217,-0.009719272006622546,-0.012857398565328386,-0.00924000237679025,-0.0231864020441348,-0.0003876475636538398,0.0020019877349071254,-0.037232068164504986,0.004098300167516819,-0.027051535181035254
2018-11-26,0.013432825815375164,0.05142878028709171,0.02477543903726444,0.02417770596677074,0.03469080978928179,0.03245476164036733,0.05403113966873538,0.06006303506598468,0.017204576503215923,0.019545497595863423
2018-11-27,-0.0021781634139442486,5.69294805029396e-05,-0.0034720416490464827,0.004201575378626745,-0.01017024978572052,0.006272991657320541,0.004433381654562762,-0.006029763419470862,0.018574472580380513,0.000908627465363527
2018-11-28,0.03773134237614529,0.059130406887340066,0.03685916328102929,0.011057673468056336,0.012952547264406476,0.03647455833115994,0.040413181201028936,0.011419815399028605,0.03550488152513951,0.01800699580202636
2018-11-29,-0.007711506562385967,-0.002494536473075945,0.0025522905160569693,-0.007963643803470664,0.013941736396555415,-0.00840495784360293,-0.016075094324461015,-0.0194479618485975,0.005678552846222252,0.007745474227837285
2018-11-30,-0.005416933160810439,0.009870068276671688,0.013673877936046469,0.010214739492978362,0.013820920448632628,0.006332661691269081,0.03784903576214,0.02692274930708435,-0.0010304745253599556,0.005550108291659954
2018-12-03,0.03434570740016918,0.047482843636724684,0.006028790439018882,0.009399012092390172,0.0034079006319041247,0.010763345638771741,0.03964850566542588,0.022597058720560136,0.01751020395303951,0.021404905714668028
2018-12-04,-0.04498586054798944,-0.06044688772653472,-0.04947686013829257,-0.04566353452094763,-0.022651776701323584,-0.03236730494533988,-0.0790872361337791,0.003369619807877731,-0.027547595437564916,-0.022285519015751192
2018-12-06,-0.011212027442752188,0.01828664289188351,0.01458502071043307,-0.019207615838658914,0.012249840333682638,0.006155080535624051,0.007482348215334967,0.009297797793253366,-0.00612155029826818,-0.013179878300988315
2018-12-07,-0.036308160273027204,-0.042105608754156164,-0.02965397649253418,-0.01822762657624057,-0.01595407810931652,-0.040845226212805286,-0.06985506778465406,-0.014118894034547644,-0.028095329166074743,-0.009613766101426117
2018-12-10,0.006566186903772723,0.007277978607481914,0.00628644658756606,-0.01886193221640224,0.03172809952514658,0.02608309889027534,0.028385491393756943,0.01985894986280649,-0.009893743809430136,-0.014269123457503426
2018-12-11,-0.005735930706735482,0.0013458597059741706,0.008010250340454671,-0.0098152115582849,0.0016200876133580378,0.009251693831347723,-0.02446376196096737,0.004399488170995928,0.0025855963083948677,0.001827494871927873
2018-12-12,0.0027835832692739227,0.012277951513649618,0.011314157550558616,0.006454792342902863,0.01688928074250512,0.004502435287389844,0.0047795675008161535,-0.00043631614730297,0.012717363847999772,-0.008644713582829294
2018-12-13,0.010880824388001514,-0.0031066785633509105,-0.0001769765304113126,0.000989465304685147,0.0035233813540033582,0.003386140066216714,-6.713395657784289e-05,0.02741664318222241,0.005563892883675423,0.01254939408501543
2018-12-14,-0.032521011159536525,-0.04090668967184727,-0.02054418163733394,-0.008241837807083784,-0.006572873028376656,-0.03174591945504325,-0.016523670596437067,-0.029847328127938662,-0.026548203037564916,-0.018354311121224678
2018-12-17,-0.00934958408149613,-0.04562565471846275,-0.0250908581970332,-0.012845122950047222,-0.027231318474768045,-0.030061469490950912,-0.019791582854603865,-0.04843199610928863,-0.02657450539559496,-0.02058584471879447
2018-12-18,0.012908797051212261,0.019900419411563477,0.017167664938511837,-0.004758326909949393,0.024450804427039664,0.01044177390413933,0.02313179787534137,-0.03323675529970304,-0.01995990799458272,-0.02793944642587962
2018-12-19,-0.031688421427861754,-0.03702959409021031,-0.007648347075699937,-0.01276590279360004,-0.07529730338819171,-0.0026964080663611292,-0.05908197877059686,-0.012119527132867663,-0.010570599395150131,-0.0170897889936406
2018-12-20,-0.02555840539183447,-0.023174971356437677,-0.011539427329273237,-0.00867186317070328,0.0011998564015384568,-0.02124864436217774,-0.02492716513822387,-0.05427412940561634,-0.03194582592389971,-0.03084659273785341
2018-12-21,-0.03967240376579088,-0.05877078806961028,-0.032094676917546174,-0.023923121177826138,-0.06543835549953525,-0.03284541400593103,-0.041793777018334054,0.01382376022500745,-0.017056380256287633,-0.007458902624153466
2018-12-24,-0.02621463160432378,-0.024613477609225835,-0.006660335067487618,-0.0217926579085815,-0.007148313338603433,-0.04263509140487085,-0.01940471832969913,-0.07930549016355178,-0.022917313643463385,-0.03906806592016419
2018-12-26,0.06805252449510281,0.09025398275801824,0.06218915358928356,0.040622417520866226,0.07841693319954086,0.0660778979997676,0.04628410910008187,0.09887683028497694,0.04371981938939852,0.04667273300953044
2018-12-27,-0.0065107924856417495,-0.006315330448245833,0.004807710381391041,0.011191902792504578,0.0025308361536919713,0.006146571454397882,-0.014606614547470276,-0.031019876139175156,0.010708847591005448,0.0043609731815142565
2018-12-28,0.0005118297375394135,0.01114426445080633,-0.005924989162154276,-0.0021665242587050417,-0.009861377403498508,-0.007838381616184699,0.018730307292913955,0.05459818103140067,0.0010973017520560465,-0.011232051557178557
2018-12-31,0.009619213965050678,0.016074253774444786,-0.0016445779907191319,0.008125553852928654,-0.015967636427468714,0.011685411618461643,-0.001123155020066235,-0.003209968679503924,0.01162797368450445,0.00029363249923048616
2019-01-02,0.001140262255374496,0.024439664018391764,0.009258789090343238,0.017164000730750167,0.03441512128385597,-0.004440383824292858,0.020169793218422393,-0.07058234811465287,-0.022858989957085202,0.021759023703939045
2019-01-03,-0.10397764864515734,-0.025565528700364833,-0.028086323822698944,-0.014313918852906633,-0.029468746248348675,-0.037481808664952584,-0.06231900790992586,-0.03197758919474004,-0.027648737741771873,-0.015472970984795234
2019-01-04,0.041803377449359795,0.04885111342984534,0.050021210271847485,0.036202140990861005,0.046060942950128525,0.04546043821550278,0.0620988417426741,0.0560942725927254,0.01162744689934941,0.03620631474743147
2019-01-07,-0.0022280071831075796,0.03377651087852466,-0.0019961635932986745,0.0006949624820136243,0.0007249247959647717,0.001274627182458876,0.05158696586975508,0.05293512263076508,0.0019176841010884133,0.005186520209069041
2019-01-08,0.01888293946248576,0.016475884077589695,0.00874472581295318,-0.0018872515554462105,0.031936238238299074,0.007224209085217224,-0.02521056608990535,0.001163599158188828,0.013281989237191589,0.007244455150827601
2019-01-09,0.01683939691932502,0.0017128868892680703,-0.0034332055608165867,-0.0016919573778230428,0.011856609133620367,0.014198175689112181,0.019475869413787192,0.009437947481978803,0.0014376744134965284,0.005260914139972118
2019-01-10,0.003190956620458002,-0.0019302905505940288,-0.002610468354443104,-9.947311976192778e-05,-0.00020797703632494417,-0.0064462127537677875,0.018415418585349452,0.018844716086450743,0.005035634606779311,-0.005122123689549403
2019-01-11,-0.009866330968765628,-0.00950021578853727,-0.013400224325805737,-0.0047928658026872625,-0.002777703935753308,-0.0077519629353444055,0.024486169996704058,0.006616379981298151,0.011369807365875392,-0.004590511659729106
2019-01-14,-0.015151308965997298,-0.014335246209543026,-0.012249787785368869,0.010256313238567745,0.010996480563282375,-0.007322385232199041,0.01075934152342563,-0.03773593288316512,0.001573439821114617,-0.0012559381816297935
2019-01-15,0.020260178151143615,0.034848007027612496,0.032743513116303344,0.007304474801970632,0.0241907026761278,0.028592586921604338,-0.003795942177440431,0.029553003459965428,0.034899330871044396,0.0005582976196078258
2019-01-16,0.01214268806388101,0.005490895184266011,0.0027572619066155114,0.008032077173577982,-0.009511341611120681,0.0035172291107933894,-0.006896367857448926,0.00469238793745434,0.017711195787447807,-0.0004184871847310732
2019-01-17,0.005920122993434167,0.005590776836741111,0.008781954251474267,0.0040893767791937005,0.005138251610087484,0.006997870975691586,0.019164738779113212,0.003634463829550445,-0.006484761700290637,0.006816419476800952
2019-01-18,0.006140713667899845,0.0017583478423892555,0.00741467130369278,0.016095655574412053,0.011664382204488039,0.014871692740626918,0.03376313075621817,-0.13893012374879618,0.02181811662864973,0.011852587236514835
2019-01-22,-0.022702307245114454,-0.038480037543253826,-0.02623281091450399,-0.015901426688464625,-0.01659926008593894,-0.019026627561525147,-0.05339822102793056,-0.011111646346251771,0.0007157399758345881,-0.015185629131037926
2019-01-23,0.0040362429939116646,0.004798041569364464,0.005344377658027272,-0.002528928329503425,-0.02240799575392587,0.009699145556216305,0.003489488129389588,-0.03864010516794837,0.004993142327911639,-0.008240527598407656
2019-01-24,-0.007957531234392919,0.009050258811113534,-0.00037813612164448826,0.0005842089131953344,0.010546898244096003,-0.004790717639410302,0.05569089533917267,0.01353846267844261,-0.0033384040392028277,0.001401423716210701
2019-01-25,0.03259964489692762,0.009406237482289068,0.016023869296830282,0.006306831858339389,0.021571922290089727,0.009092398887212926,0.014528893295608535,0.01879254659466642,0.007188448734805727,0.004471854046672107
2019-01-28,-0.009297857962051924,-0.01975608942600138,-0.019850488750502656,0.004727965627836509,-0.010388758836727149,-0.01969480444800852,-0.1487847227031559,-0.002224426662412959,-0.0047868146901312095,-0.006715151301252558
2019-01-29,-0.010418862499242804,-0.02723753876321456,-0.009116696872927394,0.0027879383118673074,-0.022492698981225866,-0.020575285141300248,-0.04755906190019385,0.0036373727345903615,0.002134632220735758,0.0037828996763542206
2019-01-30,0.06610106224867522,0.04690977564140571,0.025766697471604642,0.0023012531955541914,0.04229940845971552,0.03287105432573551,0.04305674397047537,0.03731688539222895,0.011269937676640722,0.010848266428473067
2019-01-31,0.007175601441307484,0.028504578463132847,0.025092397299219957,-0.008753762960623086,0.1027044899305106,-0.018500385027512185,0.04525175241207394,-0.005683777190272844,-0.0006286240142981325,0.01360195193872059
2019-02-01,0.00048067715992877367,-0.055321193100996084,-0.00647804135814031,0.0036645714532015077,-0.005896620979199181,-0.015926482298011062,0.0067944871605350975,0.016763086556941698,-0.0054925923970341305,0.03539276845136106
2019-02-04,0.028008899636612742,0.004344132475857494,0.020177234271534877,0.0035554012029974207,0.021137591584278248,0.028392601301794572,0.030283575487504773,0.002175678198907091,-0.0018997623341718596,-0.014595337916669065
2019-02-05,0.016964450485527416,0.015491866188782571,0.009113664579820678,-0.004422175036042352,0.011221946946149081,0.013899572620572247,0.005148296377245803,0.02667914265629361,-0.0071093134847847175,0.010238768202667163
2019-02-06,0.00034499648071676075,-0.011245686147586902,-0.02548090705393099,-0.0004817552700469387,-0.00392209669694034,-0.01116079311650454,0.020135929037024467,-0.01293524619851883,0.01190765450990792,-0.004375131398086834
2019-02-07,-0.019121324922958517,-0.015910006048540103,-0.015237164950098633,-0.013196560678813574,-0.02440225249400015,-0.007193546976255962,-0.03715209185740371,-0.031087922181826162,-0.0018570231432772392,-0.007736389251432681
2019-02-08,0.0011743095343340947,-0.016330834290413307,-0.0031970261262987856,-0.010012792448715807,0.005693437430598409,0.003792661875425621,0.005074423850764958,-0.005576329018938797,-0.026748889173064647,0.0016231490312467861
2019-02-11,-0.0057674521371508455,0.0017488562477837048,-0.000235898646011307,-0.004746983439376674,-0.009245985331930317,-0.00398256782889314,-0.011675996011182943,0.022760598713060663,-0.01834198736274121,0.0016208063160958908
2019-02-12,0.008580106420474222,0.029119271400045343,0.02283809159500236,0.01690619980129545,-0.004533992841994088,0.0154616476479616,0.03172087687167758,-0.0032979313639255247,0.02443265923103367,0.01739214935928987
2019-02-13,-0.004163106849643817,0.0012141827176494052,0.0009307757984136145,0.0047646494823623846,-0.005894623202988595,-0.0007485505391300252,0.011248360476660139,-0.011742429097439224,0.0011377875276544545,0.011210003772781764
2019-02-14,0.0036364067737402568,-0.010635630351720703,0.0005048631044740993,-0.006520604963230582,-0.0007318775634088073,0.0008422814713159762,0.010734889140044371,-0.01438072910139189,0.005783249951240398,0.0002622936723169141
2019-02-15,-0.002227378335406619,-0.009100547125929937,-0.008511175282283352,0.030103066973392708,-0.008883626041108887,0.012272187633621886,0.01802080345757423,0.013439268798795676,0.021624196435506594,0.01870420341745282
2019-02-19,0.0029883595342592236,0.012134157679584378,0.006126185655193445,-0.003511444653364786,-0.0012929541407165584,-0.00046218940409821263,-0.004458970312623386,-0.007302188315000657,-0.002659505420697443,0.006669139255904634
2019-02-20,0.006414655931198975,-0.0033725745741388113,-0.0052690104082291295,0.004836864172883966,0.0016625095121881597,-0.005212535687023484,0.012119882144607887,-0.010128258243082899,-0.0033333879148901738,0.0038275856898964187
2019-02-21,-0.005654347052136279,-0.0016412354851550698,-0.01472530892179198,-0.0020836043016119656,-0.015623669597703478,0.020872661368909765,-0.017689444790780155,-0.038166348352112064,-0.011606970028869281,-0.00908243958062936
2019-02-22,0.011103785282051859,0.007456236282017583,0.011122515031438115,-0.004466373375572081,0.011493461410689007,0.014157400882060132,0.021717831535906937,0.011878507177307875,0.0026615289982166316,0.007680950184968913
2019-02-25,0.007257918406698947,0.0008821844156088245,0.0006893520078202062,0.01042169672616886,0.016722604417562483,0.005571667651190711,-0.0031457704538528837,0.013682197437311697,-0.009441105922659941,0.0010192808199533004
2019-02-26,0.0005740554146848417,0.0020798706668898187,0.004179775301955767,-0.00766345523949061,-0.002980897700836224,0.006876488782668781,-0.010069979252247998,-0.0030504879645207013,-0.006141313657169979,0.0020362629885482732
2019-02-27,0.0030925133602119647,0.0028619124443764036,0.0007840258404154348,-0.0012353984847772149,-0.008075029441027346,-0.0016923488882491142,-0.0108158393857867,0.05512343917099909,-0.05029690708318184,0.010245102040062126
2019-02-28,-0.009884662144391597,-0.0007680274393184955,0.0032540663848640923,-0.007636702569016387,-0.00838843633989629,-0.0012491170538297812,-0.0063970526290680115,0.01619893198032066,-0.03193447618294991,-0.005552561645293672
2019-03-01,0.010456250901853932,0.01926645484769524,0.01931430446474391,0.0006709804887455423,0.005127851296432271,0.004453508834181405,0.014096912242745481,-0.08168268383461433,0.016094638130763644,0.012199237470950208
2019-03-04,0.005016945177933598,0.014513750908028594,0.004257359156813695,-0.002301441902099868,0.03088354100108006,-0.002402403470540435,0.0021071839242977676,-0.03251165931845648,-0.04202462999320127,0.0038675996103210764
2019-03-05,-0.001821250265614445,-0.002207450450986818,0.013579680650350557,-0.0007677248124768105,0.0229760759358054,-0.005001102757016981,-0.0016599461851898906,-0.03139602921927177,0.0226630200115346,-0.00149544927808069
2019-03-06,-0.005770788362467315,-0.013970631881135682,-0.0036415836303861976,-0.003753011197988896,0.0072722613417899595,0.00044773070324356177,-0.028974474511705983,-0.001085447687041993,-0.009822965533830405,-0.011412963470259923
2019-03-07,-0.011642082447147954,-0.02610244391897686,-0.012168740263992247,-0.007257362476420918,-0.019787353747748534,-0.012244697379681747,-0.01851962128911645,0.0012661721837979227,-0.00996302387241391,0.01103893425214446
2019-03-08,0.0023739423137280062,-0.0031724020434359033,-0.0007649035973492904,0.0003884136849551854,0.0027750087810629984,0.0010865288775436235,0.00920325507803093,0.02693084728297493,0.0062989428271706515,-0.014450221227524805
2019-03-11,0.03405601634829931,0.030274928015204303,0.025151190629199675,0.012924447839225046,0.014458624249510344,0.020776183541477738,0.06738059813489834,0.023581223114604224,0.024395779738301242,0.009698365330228482
2019-03-12,0.011172481594941478,0.0014833846646547194,0.015140079713043307,-0.002975170689587414,-0.000872195402687569,0.006977380112420849,0.00852780955724467,-0.026330125897717604,0.011165009846355493,0.002753734783171409
2019-03-13,0.004412441935779798,0.010529488021602368,0.0015105658088583433,0.0033580890809407063,0.0083987254433672,0.007715254535785714,0.03684629604493058,0.01957007740939458,0.025576854286854425,0.008836032366020794
2019-03-14,0.01105516269758371,-0.002718364558176218,-0.005460736197323185,0.009059635064546384,-0.018629952632006636,0.0007856034600512478,-0.018313938286530457,0.003454758260783156,0.004035532529841123,-0.003351009366754825
2019-03-15,0.01292447551110896,0.015383189836354888,-0.0018716894911415829,0.011421170805763357,-0.024930748854397392,0.011453457398169017,0.02534640011199512,-0.05140953908927527,-0.007410592652718183,-0.0036116093860534835
2019-03-18,0.010156627186130026,0.017247469835383878,-0.001471274178092501,0.005988571694513254,-0.033760135405422234,0.014219934059522191,-0.005077213285654653,-0.021802224404734522,0.014218122586864024,0.011536505178553803
2019-03-19,-0.007956215935697843,0.011244417875099166,0.011635407744699545,-0.0036449758346245448,0.006831504252653463,0.0006800925157351181,0.039232116505458,-0.007523861011181039,0.008318105996062454,-0.0025932597187966313
2019-03-20,0.008700579046830626,0.019904495279827,0.019738043240753407,-0.021579716326968423,0.023669895746166167,-0.001105585228423255,-0.007483802908313695,0.02265977238418918,-0.026122901666799772,0.005548773739045373
2019-03-21,0.03616835810438705,0.012160922039608137,0.007878057405342037,-0.01591216007953797,0.0038609966368418616,0.0227150773147777,0.05325829258808891,0.001533904013606828,0.006049458310483404,0.005763069822376595
2019-03-22,-0.020926012234318097,-0.030409398179863066,-0.02330924638871896,-0.030698668969490736,-0.01053216437309431,-0.02672236852492026,-0.035638699682843215,-0.035246480304529995,-0.019755610184580743,-0.01614627563575451
2019-03-25,-0.012164808713369219,0.005363007055880073,-0.00854054360614569,-0.008354821718167902,0.011795909552709307,0.005198089869962575,-0.021180719552386994,-0.0156588550190791,-0.0009314051746055228,-0.006982786735806894
2019-03-26,-0.01038519829561399,0.005340129956768722,-0.006316880334534897,0.0099573073704707,0.008324164131988698,0.0021223661108652533,0.017624843254644775,0.02783267714915969,-0.014156038722442418,0.012929241960144892
2019-03-27,0.008953803166713568,-0.010176281844700066,-0.009992361144002641,-0.003408568938568305,-0.010853067817044175,-0.009715487416865851,-0.002094327433602791,0.0260243331388298,-0.006926631756812795,-0.007687685528381603
2019-03-28,0.001325697091962687,0.004362605019555914,-0.004884523719157196,0.011283638753202778,-0.0019312184192633876,0.0013693116660909465,0.004240670092402403,0.01369611080354769,0.0021491213419081744,0.00496638452150018
2019-03-29,0.006496225030253264,0.004124747912130558,0.003933360644462533,0.0051501289489164995,0.006862789352541532,0.00860046857178204,0.012948140829200688,0.004440617326900639,0.02055262228250119,0.0007431415357640642
2019-04-01,0.006768199556669277,0.0186045153621656,0.018595902032907074,0.03313102895017659,0.01198612578725343,0.009115583946847609,0.015034435600832062,0.03275989192109418,-0.0069805979441770775,0.011444162700936684
2019-04-02,0.014432088624610864,-0.00011582341778240666,0.005456291419273885,0.004766784662432176,0.03208203009984551,0.001427288351330182,0.003942211802776578,-0.011477252828966885,-0.004612527987932696,-0.004291736975260393
2019-04-03,0.006831764983427158,0.003697784072046203,0.004362095037757943,0.0019951688090748924,-0.0037958181053615696,0.006523000529180216,0.03024819228976336,0.0205308104637668,0.005833869044994261,-0.005915543467801657
2019-04-04,0.0017390546954928886,-0.0010111428220824263,0.00711026895750344,0.00961412529342479,0.014189556020008447,-0.005097883339919708,-0.001910537693079261,-0.08593722216784855,0.00628499187214844,0.014114742581984337
2019-04-05,0.00667175203445459,0.010076259837952736,-0.006581998176019413,-0.0023710865373018438,-0.0017059562105948385,0.004430810745543115,0.014187997861955117,0.026459970073128034,0.00560268068327448,0.005348282394387871
2019-04-08,0.015613733725809062,0.006823719866721972,-0.0026200537247981423,0.003223299754364634,-0.004505989012791127,0.0003336941172112236,0.004389537467606727,-0.006421561243439884,-0.0001201212576273901,0.0061634091261071056
2019-04-09,-0.0030031148346807324,-0.007607779201279312,-0.00463710670643479,-0.00741023666930275,0.01503542078648478,-0.005434645429028837,-0.01327945023198135,-0.0032630303024267517,0.00016064757147326984,-0.012975079216169319
2019-04-10,0.005598224993812851,0.006239222182828933,0.003121414314316126,0.004471704193458724,0.001350640810347853,0.0076002333812124085,0.014893929947184342,0.01367711069116183,-0.011155920007554266,-0.004526391732513952
2019-04-11,-0.00835883755579278,-0.0017662898283274766,0.002599253681086249,0.008413376071498708,-0.0017450806882832678,0.0011638171426933516,-0.0029193246262300522,-0.0280652786610601,-0.04408229995796037,0.004770308407339765
2019-04-12,-0.00040228181486846236,-0.0005478403421246388,0.010804593146360402,0.04581385738508061,0.008917477269831834,0.005139449413879554,-0.008019888074094103,-0.0026859862524520168,-0.053213223701981525,-0.012647986403507823
2019-04-15,0.0018085125741659116,0.0009815792097548634,0.0031029255812803627,-0.011485573346324798,0.00306613167025247,0.0008264165260951235,-0.02834371562601801,-0.004943052898305119,0.03079060108331936,-0.003342496196779793
2019-04-16,0.00010036368171684353,0.009800755062900292,0.004376763709297764,0.010495828242399953,-0.004351131409413667,-0.002315865436043105,0.01882561866974251,0.025865779778642663,-0.040966781241271566,0.0067965080940884425
2019-04-17,0.019285546010302874,0.0009549381687978624,0.006658562588712605,0.028395913324556203,-0.0005033469923910635,0.008246417892813579,-0.004899968091292421,-0.007822448958816279,-0.01882189514196842,0.002828732931792258
2019-04-18,0.003587626031835542,-0.001679793447630733,0.0010718689458015197,-0.00737648962581148,-0.0028006399622449284,0.013053678975785953,-0.0053002051027363165,0.007456485905066215,0.022390841979321903,-0.00369115093220411
2019-04-22,0.003281227147523175,0.013667838256111457,0.009850870146233632,0.0012332271189152526,0.01756957972793968,0.0031565056989347772,0.011580715258328095,-0.039220700589321714,0.023883848112492233,0.021582178673513426
2019-04-23,0.01432039386520021,0.01913424706845826,0.013334331915237183,0.0012316262487562422,0.012814421756219604,0.013483164353586808,0.011605312668571769,0.004367189004715511,0.015163287907913856,0.005773432219165509
2019-04-24,-0.001543621000113275,-0.011512265824974863,-0.00832997582767016,-0.0016717903295433141,-0.006550862397697328,-0.003433868358682422,0.002618865406944933,-0.020055756342084126,-0.0009978272874650671,-0.019620363942919727
2019-04-25,-0.009116402305210922,0.00026289721788828917,0.005768763283891964,0.0005284688084064174,0.056847884831763534,0.03258075669806422,-0.022535752299901114,-0.043578711545985846,0.0019081950869846308,0.005610381775062882
2019-04-26,-0.004785568690513882,0.0251149873085396,0.007922130698552552,0.007541015847775072,-0.009200824491936512,0.005713201204388043,-0.04833842792239382,-0.051754657790314386,0.026552043744505795,-0.021265754400607295
2019-04-29,0.0015161930956064053,-0.0062740364215657365,0.014594550914721817,0.01431138821633316,0.01703537071658448,-0.0009237110830303083,0.006938687776508874,0.026564156668391885,0.0018969447022609942,-0.006480809563902188
2019-04-30,-0.01944407864158719,-0.006163149880398053,-0.0779822518921916,-0.0006026807559649488,-0.007110236247608787,0.006375308014453098,0.009269645417094012,-0.011579538159972131,-0.018618359592341333,0.003868780595718545
2019-05-01,0.04791891365388704,-0.00781652975766392,-0.02161731824092105,-0.007698940303220295,-0.0019151826789808504,-0.021046853217391914,-0.0029328902811436883,-0.019801806231266733,-0.004816819755107819,-0.020258769950250086
2019-05-02,-0.006528799888430646,-0.005613323539631774,-0.005820842473457384,0.002168499908501225,-0.002593380976070185,-0.013145203553231406,0.014959508011158836,0.04221406123668062,0.0021532293721177164,-0.01769748593711116
2019-05-03,0.012354731844060562,0.03191342362804333,0.019558612219172284,0.006133121150684045,0.015154852133203523,0.021089655467910893,-0.0009833387005529204,0.0438033007844267,-0.0021532293721176847,0.0023262012159330965
2019-05-06,-0.015563439081776747,-0.006087452958372692,0.00328162669556395,-0.008909489261205831,-0.008167528259095192,-0.005835373934097411,-0.0174170986224804,0.0012147730661703946,0.03619831450178659,-0.0043983193154073195
2019-05-07,-0.027327023079382663,-0.015265430980200941,-0.012308695620822648,-0.01647009279389012,-0.021426626275534582,-0.02073634334903401,-0.03819578469234604,-0.03296477054208545,-0.01023946011635696,-0.00532985750785671
2019-05-08,0.00019720497356882542,-0.001682900422915642,-0.006877813612424616,-0.005313914602467761,-0.0012127055978207659,-7.974699959396053e-05,0.0046679709666994345,-0.009026329942036213,0.004610091079207356,0.0015628958282521911
2019-05-09,-0.010802019258757171,-0.00937755492724011,-0.0024030562274663138,-0.0007995200326997513,-0.004706580344768461,-7.949293020039833e-05,-0.02168018171552794,-0.01174982922375762,-0.0049464227338704425,-0.000911375006806761
2019-05-10,-0.013950528631083575,-0.005219207390946392,-0.0002825415461709866,-8.90774048467014e-05,-0.001644735129402852,0.012904386454125057,-0.008082310049101243,-0.010218129749463936,0.010949770826120154,0.00865784076262705
2019-05-13,-0.05987668358236935,-0.036258277894010836,-0.02695210963194637,-0.02757416726116527,-0.03677265408906713,-0.030184465993431525,-0.06339404507009266,-0.053642888692410726,-0.004332120950134941,-0.011164395030260696
2019-05-14,0.015706278927370938,0.009522776139087656,-0.010373884872273111,0.007917457190454917,-0.004471932561772665,0.01112552631841045,0.02240412298648934,0.023078626554257343,-0.013109897150953755,0.0013199746849868654
2019-05-15,0.01190794072570575,0.01672249340412612,0.04002876205461624,-0.0038145119005757056,0.03019310732810079,0.013984233020700702,-0.01529771019129998,-0.0015508662931841915,-0.001481507968285784,0.007359845517284989
2019-05-16,-0.004409441290804095,0.019276956121435686,0.011633531516126136,0.01274834669670619,0.0038578001589093607,0.022828744833644953,0.003815240214840966,-0.015729859074043964,0.0030027437346638293,-0.00013106896764352902
2019-05-17,-0.0056980623807174275,-0.020426704771710495,-0.013360339097097986,-0.004863096283223944,-0.009078996789893087,-0.006692493149265505,-0.023112885329001905,-0.07879160253819237,0.019199227710558434,-0.005910333709833719
2019-05-20,-0.03176920117287048,-0.005380907843147097,-0.02085277358843527,0.00522219449877029,-0.014021222557095273,-0.014550685193929857,-0.03101344776667789,-0.027235784386159697,0.01891825520530184,-0.00013200206975094692
2019-05-21,0.01898950466832965,-0.0007803291762345315,0.008507653226785927,0.0034071011310610466,0.011427621841815365,0.005372929685343186,0.021577688377414188,-0.0013644301491681004,0.015930071338021833,0.004601031194181165
2019-05-22,-0.020684276585206378,0.001162183587495297,0.001220496258336055,-0.008177751057690912,0.0027015873764135875,0.006049765678412252,-0.018616559320392932,-0.06210985897149923,-0.0024036151431295915,-0.009090367578458033
2019-05-23,-0.017217039734901487,-0.024054523961227748,-0.009134255197191764,-0.01986798985428631,-0.024305560847868862,-0.011739297919114421,-0.03258842850755325,0.014218982156523499,-0.01145523687904051,-0.023704040374928095
2019-05-24,-0.0038475843386452705,0.004287174525437958,-0.0058935199644237265,0.009801110076954913,0.0010498663604271963,0.0004749952260823125,-0.014839196383541503,-0.025174877946532528,0.004573649125525007,0.004192058309325911
2019-05-28,-0.004143786824040003,0.0071864058679742045,0.0008341063409262583,-0.010906032420599876,0.017790707635316032,-0.000633656740077672,-0.012618170797186471,-0.010175940821913167,-0.022750015377946884,-0.02031258431896877
2019-05-29,-0.0047805562793273425,-0.009432116847075527,-0.01736709376034313,-0.00276834749490385,-0.011569002745308516,-0.009717470975422585,-0.02108164359029171,0.006128515358594928,0.0014035562405369845,-0.006216746540137614
2019-05-30,0.005173355725343712,-0.0015788850263094745,0.0013116431550511615,-0.010776918537319241,0.004490554307289206,0.006303285695179692,-0.007662072597403626,-0.008675443485018194,0.004527547345010946,-0.0026366385006204827
2019-05-31,-0.018281540422932972,-0.022972616855778175,-0.013384925190458034,-0.010327693378892569,-0.03073912804404708,-0.016439377764217004,-0.02658874434477716,-0.016391213145480147,-0.007005877417450437,-0.016814249398678045
2019-06-03,-0.010161699806376023,-0.04752091720062188,-0.06319349948710982,0.0047076644472185325,-0.0780210267756711,-0.03154015198311517,-0.012479873368026261,-0.034002173460743926,-0.021909061068328635,0.015562907943646382
2019-06-04,0.03593048682733997,0.021548041312531258,0.015048834529755374,0.030344675402791652,0.020202911903298603,0.02732698684868959,0.06664811487608464,0.0785760501617263,0.01759866578021697,0.023511144089713873
2019-06-05,0.016014826906932296,0.005155703373834923,-0.009384985871218311,0.003547756419964701,0.0039918780019171565,0.021447598374021968,-0.012100840330360841,0.0153261559057241,0.008313910809915444,-0.008323655635222115
2019-06-06,0.014574914022846596,0.009081436911120979,0.002982371513077767,0.002176625091150363,0.0009512145961426468,0.0156911367880195,0.017540499527333456,0.04651304989708485,-0.0039209157110462614,0.018060049998450133
2019-06-07,0.02626863951955904,0.027918906052417206,0.019479565878690874,-0.0110234782263895,0.029386183251220374,0.027623016965514655,0.011891682278976756,-0.0070654213857223955,0.020263126663423593,0.00362681064310785
2019-06-10,0.01269851131223025,0.030892108542121512,0.01337923222012211,0.010751437445773664,0.008444114717215534,0.009091099254931036,0.01993732185599756,0.04016068793025789,0.005536508744702712,0.0044152217117924275
2019-06-11,0.011513105280974148,0.0016485738255397314,-0.0015897332698516513,0.0030767560209819973,0.018588421559879213,-0.0037778215141769096,0.015509402473506404,0.01962942455513551,-0.009190176126777657,-0.0009350369556465497
2019-06-12,-0.0031875923456225357,-0.004506557485555057,-0.0017961599192151802,-0.012821208581317902,-0.017330699663387454,-0.004628603549080027,-0.03064736350712932,-0.03678052946367268,-0.005587910030407065,-0.010881988138217233
2019-06-13,-0.00020624708432622776,0.008041663860675924,0.01097634940797759,0.002467840209340024,0.013787002409384942,0.006292300884934869,0.013992018600197314,0.021977829297588538,0.0018799699721403758,0.008741764273143039
2019-06-14,-0.007288722866387775,-0.00033692003755475005,-0.004326517447811175,0.00255294767606472,0.02151707400954509,0.0009819313263686469,-0.024719544152784493,0.004710492177676777,0.0060909154859930216,-0.004428779874283892
2019-06-17,0.005948766553410317,0.008712154694986924,0.006962871651282076,-0.005478483376175474,0.04148137971692583,0.0030156425206880415,0.0026926230763806664,0.045967846334089235,0.0024421149601683363,0.009903903363270393
2019-06-18,0.023246244512091882,0.008100570364277153,0.010322324147814399,0.013549772707548348,-0.002861104538099384,0.01723874198400903,0.052712882204093627,-0.0012895183084361763,-0.001098164449715836,0.008619171330179882
2019-06-19,-0.0029271873008087233,0.003894877641195274,-0.0006606339419010063,-0.007252035820203387,-0.005266659283898445,0.003913619340449392,0.0015685464177937786,0.007491632206456829,0.018109204587205944,-0.005560676280697337
2019-06-20,0.008003810491825443,0.004912512407217872,0.007836887922256753,0.0025444485793048198,0.010874966533058429,0.009242714989724989,0.006379719113694717,-0.030537099002804925,-0.009759881877544507,0.01698166118678912
2019-06-21,-0.003415113651378088,-0.0035983699946725073,0.010873048599160513,-0.006829737192905786,0.008458984819623677,0.00014645904379861614,-0.015301427187030394,0.010147814582238825,0.018078939961519574,0.013999284905069558
2019-06-24,-0.0010063804011776194,0.0013593775173540569,-0.00773394564635826,-0.007152949663279052,0.007609288539222267,0.005896265789846845,0.005912643101910998,0.007991062700448779,-0.010519765955948657,-0.009571204223268523
2019-06-25,-0.015274017341052075,-0.018791923549513204,-0.026422798160218235,-0.008317194081839095,-0.01971535087713367,-0.032081520994360783,-0.007759301847747199,-0.017501531619481567,-0.007963073877011909,-0.008875787436550507
2019-06-26,0.021398544754989687,0.010360034971862483,-0.006697800005004894,0.006659314464590353,-0.006268293935563513,0.003740236248819612,0.05008453609627259,-0.002232228297383763,-0.017062911548571043,0.004317392265818383
2019-06-27,-0.00030033872825177625,0.0033927983928228453,-0.0034213816242001584,0.0033131007992569872,0.009757188711486118,0.0016413480202821713,0.02462236743881482,0.016150172309638413,0.011718911856480557,-0.010235205881979254
2019-06-28,-0.00915356917931239,-0.005608294946465263,0.005714405615120854,0.02683267962984868,0.018301248833961996,-0.0014172006363615019,0.00610740617086252,0.0027783929288936193,-0.009503562462281925,0.010626717120340853
2019-07-01,0.01817453640897977,0.014969473796872794,0.015759844452427303,0.016675923097162093,0.0,0.012757659894094156,0.011743377974123293,0.016466221724361078,-0.005630480986901755,-0.0009141776219554439
2019-07-02,0.005837504353446192,0.006285541940847791,0.011389507979220705,0.0010551232391279,0.01030916827112608,0.006611490344946296,-0.023996312936450433,-0.011600218839631889,0.005466628050716129,-0.011032200857980488
2019-07-03,0.008253022688046256,0.0024216723035965513,0.009295142580531683,-0.0015941700720071394,0.011219010517026201,0.006422505104290341,0.003200477795375191,0.04506146454972541,0.0050698214074356256,0.009464076776890337
2019-07-05,-0.0008811076042694056,0.0020145063009627206,0.008582855607037008,0.005921173072764644,-0.004065013632576797,-0.002914359236686068,-0.01560487127339088,-0.007692338334116885,0.007232838898609718,-0.004064089285262577
2019-07-08,-0.020829497232887313,0.004831530386180489,-0.014119083606504976,-0.005478079412843999,-0.0032640449330889653,-0.0007297702545895058,-0.019028091427704476,-0.01191106882403326,0.003435461612585737,0.004587024663608349
2019-07-09,0.006080808417093849,0.018261630021034286,0.006693336643190312,0.004243527311999569,0.01747026299246715,-0.0036572191263798226,0.0006359025704791052,-0.0012163699243967914,-0.007451685225076361,-0.0006542978248921302
2019-07-10,0.009840252941972848,0.01453448569859851,0.014674374886150693,-0.002915504944082236,0.01751540458183338,0.010134721173357925,0.017330262913081415,0.03778869128614836,0.005998022808929533,0.014031822387309366
2019-07-11,-0.007309029768594053,-0.008132486532284676,0.0027745516537316986,0.009510504466730924,-0.007426710634812609,0.003981634927621407,0.038124821806478054,-0.0013402808651119414,0.05380338932548215,0.0007738854976647209
2019-07-12,0.007653360851550937,0.004950130483804872,0.0011008231110932066,0.010462117889068406,0.017927407709988102,0.0036061647370921514,0.00796643156396696,0.02679618785170417,0.01798702979947793,0.0007730156237487219
2019-07-15,0.009351189118124326,0.004955344390456677,0.004503686728564582,-0.012216779657863632,-0.0046969338063807785,0.0,-0.0020302865607903114,0.033779097347802406,0.00022563207093429319,-0.0071098219633936146
2019-07-16,-0.0034659090077602647,-0.00550248861151783,0.0025608138419527257,0.010654515164936852,-0.00034327212110251586,-0.013189427497104335,-0.001136999712785559,-0.004427953346815866,-0.004899911463027203,-0.01503227319202905
2019-07-17,-0.005639413119869485,-0.00893076292309193,-0.005842910228342186,-0.00986446737153194,-0.010058483335761148,-0.005926286620981385,0.015618839991205205,0.009778567486270942,0.007490995274131452,-0.005944044309365407
2019-07-18,0.011295476310337674,-0.0071185921362067655,0.0004358009832392373,0.005947772090981182,-0.005067361034297193,0.0010999344802454236,0.00276487199434272,-0.005192847091315009,-0.02295010102975387,-0.00851517250395756
2019-07-19,-0.015039792930387798,-0.006787722315432412,-0.013770650346327587,-0.009903371568300325,-0.012126023953130836,0.0014648388728236356,-0.010276637354387927,0.018135442365715914,-0.015273420527685166,0.0020023302625763757
2019-07-22,0.022596877203053145,0.010688342420228144,0.006746545716229072,0.006408777436129808,0.019766923695795507,0.013161214278583843,0.016953351067716938,-0.009730316261804303,-0.0051957061511763705,0.0010659448852435639
2019-07-23,0.007787280274394218,0.00445214230282264,0.007729981185510113,0.018124712075012053,0.00019764361069066677,0.006193649552404831,0.025017124599035368,0.01740861417421435,-0.0012148909449069308,0.0039885670964601065
2019-07-24,-0.0008143718610603445,0.003163662575726461,-0.007273594741566287,0.004031332869322938,0.011301865558571432,0.010214268396973586,0.016934486165775833,0.01794158228530698,-0.015331914208197796,-0.00013252847931290174
2019-07-25,-0.007938741928191074,-0.013581296228977947,-0.0033307522378836366,-0.009632889107837389,-0.01948895661419252,-0.0037736956813586246,-0.029999146945600828,-0.14634118145360764,-0.009723656238361777,-0.005722434552538331
2019-07-26,0.0034719675511121033,-0.015711904843454392,0.0918516867226463,0.004397949536630498,-0.004794672644883254,0.008169744591532994,0.009700413426606467,-0.0034146189824959317,0.016905107123137766,-0.0016027564165232103
2019-07-29,0.009295435673231246,-0.01587374871748098,-0.002718086313479395,-0.0031887216322293395,-0.019257832028629955,-0.002195839697983168,-0.0014293524567294599,0.033335690122837366,0.003473023415528304,0.0070595219300157355
2019-07-30,-0.004301778484721512,-0.0073052312577508716,-0.011207337366818648,-0.0022468283335808554,0.005597974008017808,-0.004833130854325757,0.0035976813058796815,0.02715478226865056,0.0043635748059483535,0.0001327035162087505
2019-07-31,0.020198881726542446,-0.016864897630143417,-0.008012483938103408,0.003540712262503027,-0.014363644818828673,-0.02950098393889659,-0.03911379589139626,-0.0026867746162287836,-0.023495939754950332,-0.013225739880223717
2019-08-01,-0.02187669531314506,-0.0061578127469772434,-0.0052840037780043665,-0.026733307880120766,-0.007752746170083002,0.013049922248641392,-0.022780032535159783,-0.032644893450348864,0.0009634594417631488,-0.025883446021889623
2019-08-02,-0.0213850980456766,-0.017442009143555034,-0.01284015868957791,-8.861362434541913e-05,-0.019437339799828292,-0.008437318541824019,-0.022876644316892403,0.002093199627884857,0.003204428598733041,-0.009846640152168865
2019-08-05,-0.053767820450357245,-0.03239082144570347,-0.03536628165114713,-0.030204489589262255,-0.039330840604889776,-0.03485942668007057,-0.066695654352847,-0.026024991318455336,-0.0201579162349836,-0.02070091908152174
2019-08-06,0.018753424225410285,0.012778275729818725,0.014042593091717032,0.007817926398223965,0.015181537838204699,0.018584283017080837,0.010292371577102088,0.010586762848221487,0.013054266243886392,0.00962916738503162
2019-08-07,0.010302093855156597,0.003110618555960309,0.004115913191041588,-0.02197284840160958,0.003462800437834669,0.004371038066379746,0.010057459787224221,0.011504500337382999,-0.007398190844050573,-0.006503426971450286
2019-08-08,0.021816264915094457,0.021780725021871127,0.025424251548377227,0.016797947318987334,0.026699554795188495,0.026335241110440704,0.028001212669592324,0.020691055468529226,0.0047363288820783875,0.02631702107235668
2019-08-09,-0.008274829975694937,-0.013905054350440298,-0.014438099584531428,-0.0010928824744036575,-0.012221970590846431,-0.008532100389258541,-0.02611856573589861,-0.01390239815697271,0.004070332520810465,-0.021505947320671247
2019-08-12,-0.0025402991557641674,-0.012615288866911465,-0.012186011621731527,-0.018950310613642996,-0.01329024170483865,-0.014040276964687117,-0.017865005147330047,-0.025862371865183108,-0.022081536224348816,-0.004871152454804565
2019-08-13,0.04147602791906178,0.021844688318190798,0.018750210498092564,0.015298775093201914,0.016479061090058145,0.020482731193130627,0.0299209130110625,0.025819883534249913,0.024452087668399663,0.012275376323527775
2019-08-14,-0.030216986131559667,-0.03422406490530883,-0.0275156042480299,-0.04240879317429168,-0.04748838565529472,-0.030577396545469655,-0.03907461852568898,-0.06768680255284285,-0.024452087668399635,-0.041123603201056985
2019-08-15,-0.0049939273887291665,0.007436962772528972,0.004345140990840889,0.0038097740548822642,0.015898922732521137,-0.00224201801243322,-0.008700410916867962,-0.01828835317150209,0.004308272332029315,-0.00593016921117004
2019-08-16,0.023320848366823608,0.009219158337593528,0.008422450396566097,0.02367184181637228,0.006060635062228745,0.01816179601373288,0.07001857036449231,0.019744444624820005,0.005878232789693981,0.015492647387092787
2019-08-19,0.01847229372754272,0.013051989159110924,0.017843374035441156,0.008964654350986971,0.013356305323111578,0.016610099499244812,0.06795594369727567,0.030845997748934404,-0.003996780006711303,0.016697220792235852
2019-08-20,4.739548757294566e-05,-0.00814931406190375,-0.014186623029824406,-0.012778046605493873,-0.012757562246477396,-0.008343387511960336,-0.017186165625321964,-0.004285505421123639,-0.018768542452687005,-0.006065732211381435
2019-08-21,0.010780328060881982,0.012226647744316171,0.006778633889502939,0.002791789021880424,-0.001415781445830584,0.011084760185882059,0.019817695025793173,-0.022522132632969767,0.0007908691800411323,0.009945978409784373
2019-08-22,-0.0008467773798417438,-0.01040746095441238,-5.028870761024478e-05,0.010262187804373005,-0.00826053739428915,-0.007303616195400065,0.0014592981244095167,0.005959674684834935,-0.0313154423626692,-0.002153991155738046
2019-08-23,-0.04732278242896508,-0.030973573737141446,-0.032359602145972596,-0.025148127665927052,-0.023848443663874987,-0.03238097446489132,-0.05415830349135161,-0.04960079059483937,-0.009836004973472133,-0.030353710824503603
2019-08-26,0.01882095307288525,0.010942233772083079,0.015141421095821435,0.007985445727403121,0.01457693666529133,0.01532517300923585,0.018360838841451652,0.01688593882877674,0.0018192018162705033,0.005319744097679872
2019-08-27,-0.01134795455114808,-0.003987853398843467,-0.0003072904889427171,-0.0106297714296826,0.0051981439619481025,0.002138813741551354,-0.02230833291932277,-0.004288207091923697,-0.035906237511691384,-0.00977511391068199
2019-08-28,0.006687735246343874,0.001372654229947393,0.00249938699966125,0.009974837932665527,0.002533970201137406,-0.0013271619587606532,-0.002601644905154753,0.007028701855971562,0.019632905856194434,0.0072665921101782915
2019-08-29,0.016790226712651662,0.012476729930588952,0.017306246957473913,0.02240587137589511,0.020745338257343114,0.018708470834334353,0.03522350155682477,0.027991764077430346,0.01428049252961025,0.011020538549874937
2019-08-30,-0.0012925519900313536,-0.0056755109689405545,-0.0031112618262916273,0.005842754785781282,0.0005386165801035588,-0.0018840727852329144,0.0030494627959253492,0.01743757434314575,0.01455007385401316,0.0007303768560587141
2019-09-03,-0.014670670443024033,0.007599287077514432,-0.017779655070900367,-0.011903689561170052,-0.017823752994517876,-0.013289325421427379,-0.020140666096063138,-0.002662996693731353,-0.014550073854013166,0.0011676918487014047
2019-09-04,0.01682419922869036,0.006004836143353969,0.010817256510831002,0.011994610996946141,0.025710014641049786,0.011619849302182336,0.027575288509191765,-0.01943116129601614,-0.01701126967870152,0.010591307549002942
2019-09-05,0.01936286610264889,0.022025802871529235,0.02499239407978107,0.022499474063592206,0.019892593242214877,0.017430545800202982,0.0630341293867592,0.03953785869897743,0.012535384749016412,0.014044431621021137
2019-09-06,-9.371903182796862e-05,-0.00392468200476568,-0.004854299158452533,0.0021334963939520124,-0.018024082369264716,-0.006806626020829786,-0.006082927777044336,-0.00932113182298983,-0.0025731174930055064,0.009348507420927155
2019-09-09,0.004257836110532974,-0.001178781440171449,-0.0008708054158494121,0.02447364248096392,0.006750681559087498,-0.01142377190658884,0.01030203269092275,0.018901418181459875,0.007309297032786734,0.00786372305285692
2019-09-10,0.01174379762914019,-0.005914756798134451,0.0003565770468931475,0.012657890776099221,-0.013816134993920735,-0.010526060541688146,0.014738511163269226,0.016048960489895236,0.0076865991733961496,0.008080436591474253
2019-09-11,0.03130024005806817,0.0013393751130937493,0.01179059827856485,0.002734440253816137,0.012384711242646505,0.00029361182849560626,0.006258279230660059,0.047912327846942035,0.007500063527372668,-0.0019444953932764276
2019-09-12,-0.0022388314519950886,0.011215049350112213,0.012195803777512651,0.006124994324087088,-0.005425994552170268,0.010232448713192493,-0.00032564752973182165,-0.0049902167042224325,-0.017704056930032637,0.0006949948755326248
2019-09-13,-0.019645742986679808,-0.002286194656506738,0.004089001907214835,0.01948496486807204,-0.0014948535277382498,-0.0014549615524665504,-0.012725167214008912,-0.002728713996813491,0.019843656330528776,0.00912750229743225
2019-09-16,0.0052433834958872895,-0.01727409924180755,-0.006797160284996234,-0.008939423603433003,-0.005195386517869409,-0.007236143344615787,-0.009554207396733625,-0.009795012235959525,0.003503909586619354,0.01489390890376435
2019-09-17,0.0036315925611565044,0.00810390258526882,-0.0014219299349768177,-0.004963496028173817,0.00993858965586601,0.007745343154631805,0.004760919545704579,0.008121454351540124,-0.008180548027567017,-0.007624397868247888
2019-09-18,0.009335525367713666,-0.0027967121376823445,0.0022498002304132936,0.009986044518850433,0.0003190559900715349,0.008191327208301624,-0.006038115416295347,-0.005324674641613693,-0.008248395221101417,-0.004794518576240808
2019-09-19,-0.008158383215665428,0.002220369938279536,0.004936466239896769,-0.003177991228565484,0.010574394466063545,0.018241469729726806,-0.01703476346256553,0.012691671904217687,0.00966627554616942,-0.006751727688871862
2019-09-20,-0.014725864354279332,-0.015123356081273286,-0.007218831453737458,-0.004029138802002487,-0.0011051409303846106,-0.011621949360528403,-0.024312564187661263,-0.024548765463603572,0.00017205498641675987,-0.0034624412551497595
2019-09-23,0.004536570831832549,-0.004950486377768806,0.003935990149706751,-0.00016796128761317893,-0.016509882067528507,-0.002153784128798701,0.012373068701207753,0.002532023019229352,-0.017849127572120045,0.0006934768499705808
2019-09-24,-0.004766204972484851,-0.024776514664445734,-0.013338886770023326,-0.013124106113404888,-0.030103034121173697,-0.012729469788386355,-0.01329982857854007,-0.07763784395676024,-0.016616578856454036,-0.01382035082418359
2019-09-25,0.01527244486432362,0.01522560943795219,0.02240922036509759,0.005694140062342359,0.008349972714688646,0.01430946581922702,0.0325034117653298,0.024298080060291966,-0.012657653239207105,0.002947762750804655
2019-09-26,-0.005170803409666851,-0.016242438483099607,-0.0029337941137358116,-0.008254509772690153,-0.014824850071746476,0.0012906477669113125,-0.005005894610382922,0.058838046284869626,-0.030574962698553306,-0.005340280949329231
2019-09-27,-0.004878331262860904,-0.00830524237371174,-0.01324046776784819,0.005878812747235152,-0.016853233467545473,-0.013055927562089672,-0.03197069216701949,-0.0017743788664326618,-0.0010211951653180153,0.0071605959254305955
2019-09-30,0.023262813297234192,0.006043915850105009,-0.003931119103098908,-0.000255067703941908,0.00551825719013413,0.009394582057376852,0.013359388996336563,-0.005217380269892639,0.009524212596145736,-0.012245949886245973
2019-10-01,0.002764442118740118,-0.00014979419150042044,-0.012475846562335404,-0.018350506701709592,-0.012828986870781605,-0.01419780781362422,-0.00040227560661460794,0.015734771560612624,-0.0005063819333903975,-0.023790177328794564
2019-10-02,-0.02538741202501228,-0.013001530778686167,-0.023558801710756173,-0.020105694738861656,-0.006906199402129583,-0.017813252211834465,-0.005532630773545546,-0.006395828716893808,-0.0021200402797413517,-0.02645281657702687
2019-10-03,0.008458582700360982,0.0065103035515946435,0.009723910370771537,-0.0014249348144582804,0.027008969879004235,0.012032788064788077,0.046685525629503344,-0.04242918829553246,-0.00643361236457272,0.012284701589586592
2019-10-04,0.027646279276526627,0.008793152669587833,0.017939232325251905,0.02142840741443713,0.005947075559572085,0.013411072993073985,0.0036338438012158344,-0.006889680536428197,0.020406930186382725,0.014458080977887557
2019-10-07,0.0002203373790194185,-0.004026085267119779,-0.0022403574788106484,-0.002183659825185393,-0.004276069673179881,-0.0072661542121265,0.01288562850380144,0.026816005504508238,0.006530344489435373,-0.013869885163732262
2019-10-08,-0.011784202671016257,-0.015793681068500286,-0.01511050201239536,-0.022548409543520276,-0.01079972024627063,-0.010631083861473106,-0.03927937818502304,0.009753676748550492,-0.0051208558413339015,-0.01959690241923601
2019-10-09,0.011651978053975508,0.009616472379736505,0.010257052890796568,0.007217825804116576,0.011745277103901495,0.018765812981953588,0.01944530023718764,0.018490843294478566,0.008910292357884198,0.011033358019013503
2019-10-10,0.013388322481184385,-0.00100518069222072,0.00586266100455996,0.013930673035364757,0.0010001992585419249,0.0062017959665414644,0.012756209170291988,0.000858418039820759,0.0074024141857521875,0.011939258569740766
2019-10-11,0.026250882230513493,0.006755179581182764,0.005145895350013911,0.016757470893914685,0.02284446874395907,0.004160937821074522,0.01604337939682417,0.012788621436352825,-0.007447480032119447,0.010639461905572651
2019-10-14,-0.0014407433970227367,0.0026006849008286315,0.0016930921287519804,0.0026656300294051693,-0.004952712283584626,-0.0009308971985578722,0.0028988536118172968,0.03593539155955349,-0.006686928703166536,0.0028947752955941716
2019-10-15,-0.002334368189040553,0.01766694892629402,0.01989495082430115,0.02969641123413772,0.03014970690226757,0.014371339327828744,0.051408817416155744,0.0036127226196520047,0.07844095431194033,0.0034632749219290536
2019-10-16,-0.004045229283116878,0.005670218199067944,0.0006116992677074754,-0.002336720191364757,0.0034880540488688846,-0.008227584222914029,-0.011061034141337864,0.007186524142577059,-0.006728526691788772,-0.01729069005770424
2019-10-17,0.003875407722729839,0.005638333382188143,0.007853184909241067,0.005582544782458369,0.004421677760644111,-0.005140830570325257,0.0004123517204858445,0.008510294825121641,0.027796769243158954,-0.0013198690716078251
2019-10-18,0.00479115203333742,-0.016908737986876143,-0.006719534223076667,0.0017431869580337548,-0.024134637825855138,-0.016456875176830258,-0.019752434489810032,-0.019348511759363377,0.006830049797262608,-0.007808388699590299
2019-10-21,0.017193772489245533,0.015889987789337544,-0.00010441848984266802,0.02449856332106637,0.020820152898121547,0.007395543090199931,0.0285660376119009,-0.01351766398714735,-0.0058046963766909074,0.016575418628787246
2019-10-22,-0.002289215210692734,-0.011223871111253501,-0.0024784175414393626,0.009986367922735561,-0.039887133575901804,-0.014992781752875689,-0.0020431745101034387,0.008171731125572387,0.02253866777671382,0.005078597098969892
2019-10-23,0.01332966906713005,-0.002018214434825777,0.013150380267217338,0.00264096958398717,0.020679695365018607,0.006359411674766314,-0.0026612601988149237,-0.003527697705131321,-0.006756920553852171,0.009507341853173971
2019-10-24,0.0016437314704767882,0.010505509905438084,0.0011759531720654086,-0.0007195262998771631,0.0012349421679360166,0.0194824533509282,0.009031466061675718,0.1627073867407585,-0.013365884606631991,-0.009507341853173982
2019-10-25,0.012240967703240888,-0.010982306485900742,0.00411360014438344,0.007966473579608477,0.008068957715972469,0.005629360358912082,0.038270754296759225,0.09069467139827266,0.0016347693033784423,0.0023130624488286104
2019-10-28,0.009967328157163821,0.008902345419024592,0.019332507355192943,0.003801426239606598,0.008004533112625134,0.024288781229625966,0.010940449313117625,-0.0012807947563152676,0.008699903850796721,-0.008847794624250883
2019-10-29,-0.02339990986939357,-0.008119150571146162,-0.022215754341385553,-0.0006328707522885679,-0.0004752746240346243,-0.009476693521680065,-0.018892159571963846,-0.035690931583353486,0.020988356911042543,-0.0029178863566615737
2019-10-30,-0.0001231418748899785,0.009755331152435024,3.1768859555573905e-05,-0.005551979515001477,-0.00561500622246346,0.012385309664062481,0.0003942769297286936,-0.0038337382146187405,0.009899809044380554,-0.01057602319972279
2019-10-31,0.022357688935586283,-0.0018725073161205933,-0.0015083009837557966,-0.006463427242408683,0.01790004474599071,-0.008611556383720189,-0.009801755105682536,-0.00028577073587868494,-0.008276011552395345,-0.0022174457257482013
2019-11-01,0.02798547188345031,0.008284550823414213,0.010628154324619176,0.02279299090687177,0.010226753180808203,0.002438132371827493,0.007779962370071536,-0.005125560958197391,-0.0019409237029526232,0.02960058977606286
2019-11-04,0.006545694708163856,0.007352477288485275,0.013552789213553013,0.00794990969694934,0.005664939660782305,0.005758473136424635,0.038301418470164224,0.013190251778298889,-0.003813448267604093,0.029307830932142627
2019-11-05,-0.00143785910606949,-0.001635984259248522,0.0014180825869808309,0.002171034519276985,-0.0020562092482797217,-0.0006226931708047767,-0.004237037065107439,-0.0007877741614317626,-0.003788130363806687,0.019619531898499454
2019-11-06,0.0004277795090968154,-0.0033023668647886115,-0.00033307853690148307,0.001548142111156953,-0.014357369884359006,-0.0027731898529930665,-0.0094909108075599,0.029079338851648973,0.0008782987324914929,-0.022134578591403168
2019-11-07,0.011474812593283007,-0.004224307928792128,0.012263754201803393,0.005398959482598135,-0.005916863213308056,0.001387387515616625,0.0034136983907496433,0.027066259147669382,0.023433868952214793,0.02103922706554418
2019-11-08,0.002733668218862059,-0.001298291684538671,0.0015749409973430382,0.002918885549939272,0.0022032223753623388,0.011715886006835895,-0.0026915490023174463,0.004757095497985115,0.0019866852768513654,-0.01917365283074688
2019-11-11,0.00788730717471394,-0.007999998745449705,-0.008223131189565837,-0.003534408003040334,-0.006465923651051296,0.0010266525503162401,0.0019233398832176085,0.023307008242272685,-0.011270725384739048,-0.006094669321171239
2019-11-12,-0.0009160063745300137,0.003577876408002885,-0.0008245957654379793,-0.005866934525907654,0.02530854800210345,0.006549088815370821,0.006845421535910016,0.013927860226281246,0.004554912426203339,-0.013885946240901769
2019-11-13,0.009536160879856526,-0.014097774253444028,-0.0007943770358458161,-0.005278680519119118,-0.006603727254199696,0.0016305924293793684,-0.0049737776859799555,-0.010976517536210168,-0.006603402193551865,-0.008250884170571914
2019-11-14,-0.006943538943238982,0.0008495689742594642,0.009956715323823494,0.0009334833685391045,-0.0002071854604368679,0.0050784493734185344,0.005832112775820032,0.009317706491661899,0.008873169079861064,-0.0043698723619772116
2019-11-15,0.011809663703832617,-0.008648952687683294,0.018458915321975956,0.007205827410237382,0.010045172415877894,0.012817633536093163,-0.027055982166206395,0.008039716546772512,0.05168416602161803,0.010022604306350612
2019-11-18,0.00502936316856543,0.0074684960238794,-0.010326658902765242,0.008379779670009342,0.011719893410167395,0.002464164775442149,0.03885536872248717,-0.006209469761818026,0.013018079775607962,-0.009730834705907462
2019-11-19,-0.003037216139613603,0.0001483515094221294,-0.0055080295955317864,-0.000306393570590986,0.00967949283327076,0.00033218296312641243,-0.02041634924040379,0.02686525453277175,0.00475171456609615,-0.010268237048185204
2019-11-20,-0.011710061883134778,-0.00415064502033856,-0.008208120341892937,-0.007301691352839125,-0.009122292309057325,-0.0017359510508816603,0.015220673272111957,-0.020513868869493704,0.004838204730981466,0.003091481525696446
2019-11-21,-0.004493151780257847,-0.006217986458149935,-0.0013223039090673467,0.0023114469639515596,0.002124217121955095,-0.0009361839990494754,-0.0047462338311088014,0.0073828123156505394,0.0035861812361246406,0.023821002155226614
2019-11-22,-0.0008784569070804583,0.006326901323545818,-0.004988678322043033,0.006597115395099883,0.004486405154696731,0.0007354384074140009,0.0033725336272501963,-0.06337614052816848,0.0010483011637848437,-0.004315259700631885
2019-11-25,0.017382153345213685,0.015979589635143454,0.009210182592980056,0.005337967277152565,0.004866702685900063,0.01090396098503228,0.047775415208998015,0.009859919333317325,0.020840395012800928,-0.006653220927001962
2019-11-26,-0.007839587751921086,0.012938516318668469,0.005621271954187884,0.0013680488918536337,-0.00411254680571354,0.005275869497839865,-0.01921494431554929,-0.02230801073802288,-0.00450348180816443,-0.00247011138824852
2019-11-27,0.013342875312250566,0.011932253434933026,-0.0006629547780593984,0.0029575852210309574,0.015113618841316779,0.0019058553067125394,0.006435416001836947,0.007179607623328355,-0.0025968619722009194,-0.0005822049256403447
2019-11-29,-0.0022053461629643377,-0.009786452277548634,-0.006146258724808725,-0.0022745405261748296,-0.001783757642310498,-0.006190343328243603,-0.006896835425257569,-0.00408331183446667,-0.002854523340088482,-0.008331387602091109
2019-12-02,-0.011629523776789412,-0.010719163262200036,-0.011747491633636151,-0.00220329991402043,-0.00966771274121957,-0.012162525243254335,-0.03516879544534778,0.014831577778426516,-0.0007506760870106242,0.004247261017667709
2019-12-03,-0.01799075863808495,-0.006554897641658675,0.00455210174236584,-0.01293796732946093,-0.004416304337973133,-0.0016063305983292186,-0.007627459551231542,0.0039638352301946105,-0.009918405796307542,-0.00792343389829654
2019-12-04,0.008787080943888264,-0.005251180813047949,0.018518222592396563,0.019533772746305796,-0.0005532956397976296,0.003610136424361288,0.008439413397860725,-0.009473685044135857,0.00870191754230218,0.01127973923378684
2019-12-05,0.014564924094023091,-0.011544817962785503,0.006062409284402922,0.0054258146701874265,0.003265506468418036,0.0005337642704606205,-0.003252146499995552,-0.008019273672589195,0.00954846796640086,-0.0035022424341544706
2019-12-06,0.0191320570458334,0.006368715753630064,0.009323513419391718,0.014770767672679338,0.00844154264108596,0.012065920161732673,0.016298280599821788,0.016570487479172606,-0.0026014957698282525,0.01595167182620806
2019-12-09,-0.014099352250571746,-0.0011939050988062398,0.002684119523846128,-0.004676132341769795,0.0014414537762241623,-0.002573128055635552,0.0,0.010778479484683797,-0.009502912815426328,0.002155575073908258
2019-12-10,0.005827904356832925,-0.005904754434733096,-7.432784916521232e-05,0.0006695345688412299,-0.00233726417883736,-0.0015207572027373588,0.008494752100573988,0.02705113248298345,0.007108657146750661,-0.00865061811809655
2019-12-11,0.008493139122331857,0.005453040216112708,0.0010122420924110905,-0.0023823636121204656,0.006896154754464455,0.0037646237748291483,0.015580311786539845,0.011004409475391042,0.003499681505722466,-0.0014487998420928572
2019-12-12,0.0025448133367889565,0.0066172609838292965,0.003149286388523,0.028216552057664587,-0.027620217024166307,0.010100040073107849,0.030495590485727964,0.01959693606267636,0.011026591547242502,0.01981371822495319
2019-12-13,0.013501678456045167,0.0003464055904998532,-0.001202207872758546,-0.00880564777042446,-0.013508905244607775,0.008383302768684747,-0.0003568461371428795,-0.003592907084336512,0.006572126997369279,-0.01590616416050869
2019-12-16,0.016973156808310425,0.004685424827782585,0.010215784053083614,0.0038666628178704704,0.019437872714614467,0.006450185228981148,0.005165045482535833,0.06248899060660185,0.022684100790695112,0.01106084665858369
2019-12-17,0.001963054827627641,0.012051086000576885,-0.0042787185258945535,0.00609733598213533,0.0023720600122461074,-0.005415456020835036,0.01385001525149923,-0.006600966624869255,-0.0053561341928295,-0.004581997286473862
2019-12-18,-0.0023921938371185376,-0.003709385461905557,-0.0022020174416063753,-0.0010136997817586915,0.020505045230674236,-0.002070739720390165,0.005329849215279039,0.036681334404645764,0.00833104061949362,0.0027229611676815035
2019-12-19,0.0010003209111128,0.004613685162964642,0.0033451031312548836,-0.005010816252542382,0.017427441645908395,0.008643178742046322,0.02559468781556216,0.0273227300440061,0.005855018826638865,-0.006893555798091223
2019-12-20,-0.002073010375708806,-0.003230170321979381,-0.0038558094254386873,-0.0008013112258928586,0.001164074553313022,0.01085866543713951,0.01646929927804712,0.0038288839658321035,-0.006913973058041203,0.007895326981694841
2019-12-23,0.016186478587947247,0.003631847326724357,-0.0004366036275756886,-0.00029141141626889597,-0.0005818678929703822,0.0,-0.002300294719404459,0.0330530426375991,0.008507973019949308,0.0049916635066549276
2019-12-24,0.0009500782291754972,-0.002116000655262421,-0.004600982552808752,0.0027661862454985025,-0.005154390530874543,-0.0001909127195591648,-0.0008379819887040518,0.014281404577191001,-0.0018656814131184723,-0.0038485865512866368
2019-12-26,0.019646299083056085,0.04350624357368459,0.01332903734203639,0.010555706916148412,0.012932699022241862,0.008163159420945741,0.0023862834693414363,0.013291643487754986,0.0037616683413256675,0.001569481254797658
2019-12-27,-0.0003794668552690136,0.0005509958634312385,-0.005763266203662077,0.0007189977090254332,0.0014908959043908733,0.001825968757528629,-0.009747215270149198,-0.0013003685301450005,0.0010819749567727212,-0.003428132744407446
2019-12-30,0.005917334202260099,-0.01232833213461872,-0.011082567044392477,-0.003672113110202532,-0.017890902575122984,-0.008655659024292123,-0.01939551153800825,-0.0371131230011561,-0.007188621517249327,-0.005883243532103558
2019-12-31,0.007280040921818664,0.0005142525969060166,-0.00023907198785276044,0.0055392625189642055,0.004100818072597199,0.0006977064760864167,0.012745408346622519,0.008715179630272204,0.00044218919984199544,0.004308221052467187
2020-01-02,0.022559972922142214,0.026788570977962715,0.021632421644018376,0.012050146069127736,0.02183071533020564,0.018346917926549643,0.019402784887135777,0.02811910133608081,-0.005047094298203845,0.015923046807943108
2020-01-03,-0.009769532197431957,-0.012213314472679244,-0.005245222483209398,-0.013284221902439101,-0.005305169801826749,-0.012530139301159569,-0.016135694415252456,0.02920267893223429,-0.010171019909994538,-0.008072039956993094
2020-01-06,0.007936499876198462,0.014775871094842,0.026305302372624885,-0.0007954444169585275,0.0186583277161476,0.002581611780085995,0.004184979428516507,0.019071612174755247,0.006917807402011511,0.007648976639399967
2020-01-07,-0.004713788099941976,0.002089436023074214,-0.0019333582803955814,-0.017146693596518093,0.0021612369910255376,-0.00915952089791892,0.012034038011461185,0.03806670586808656,-0.0060549304329541994,-0.008217722969817232
2020-01-08,0.01595812356105879,-0.007839287338238396,0.007092305560362893,0.007770608563982016,0.010086957509850548,0.01580282374068649,0.0018737737407602726,0.048032568493066904,0.020865326759589343,-0.015195245230049783
2020-01-09,0.0210180594272688,0.0047876954600311996,0.010443372548849124,0.003644525222043166,0.014209506390402886,0.012415493332595501,0.010922675116954633,-0.022189385476863444,-0.005693831863991876,0.0076264105731151015
2020-01-10,0.0022583764423237183,-0.009455156242405702,0.006437712961969668,-0.010017812673381494,-0.0010999792784530489,-0.00463792786626991,0.005335181094484978,-0.006649355680979626,0.00308804209733412,-0.00892730713853842
2020-01-13,0.02113929706232156,0.0043132627393767525,0.0077173070902163445,0.008270076884919682,0.017501782681159875,0.01195269180498759,0.030871008710012138,0.09320702322102224,-0.031948836169860474,0.00950052062357139
2020-01-14,-0.013595133508355057,-0.011625527046359843,-0.006577124721766492,0.011594854816052212,-0.012926461465397223,-0.007068149277363604,-0.018828586379963035,0.024578286172624794,0.008326062886837312,-0.008633340653254632
2020-01-15,-0.004294391517882037,-0.003977024437111101,0.0060004977636791915,-0.015099450229143559,0.009495621971424319,0.006455843093261133,-0.006939322248654749,-0.03676981311758122,0.027950451999434786,-0.0015907396953917284
2020-01-16,0.012448023494987668,0.008513567549042408,0.007586553858467986,0.003869014374019076,0.002799684492390914,0.018157328121541482,0.013589852406674267,-0.00970946227670784,0.014502222355146527,-0.003915413567072258
2020-01-17,0.011010442538200462,-0.007064556764163625,0.020043604981126017,0.006897791409718514,0.001666916045436015,0.005581013854354986,0.0014051203742762978,-0.005839913304383257,-0.007576435977814062,-0.003785165284985133
2020-01-21,-0.0068002121627893045,0.014523546068980422,0.0018438375340951209,-0.009889288267979584,-0.00315614206127167,-0.0035972466813352045,-0.0053901440687940255,0.06942373110021945,0.006878149593472595,-0.014397226447670714
2020-01-22,0.0035633342691828575,-0.0024024329949913796,0.0010922573075328814,-0.001170172322434341,-0.0005420744158038166,-0.00481635180924144,0.008713952343597776,0.04004983514491321,0.00019947860446886822,-0.0057877913005463695
2020-01-23,0.004804417955493601,-0.0015270766138826273,0.0005522180057434883,-0.0010249668190237707,-0.00707362814876216,0.006137068348601234,0.010935160358977286,0.004624413044606698,-0.003766315199421842,-0.006270443642435025
2020-01-24,-0.0028861952089837485,-0.012247117354347813,-0.012552374332319356,-0.025141095586352136,-0.00831624883072192,-0.010128052307082242,-0.009456927651304573,-0.012981499419033645,-0.022456775104011867,-0.006762247073952161
2020-01-27,-0.029846482526512775,-0.018049378179086813,-0.0237698965638216,-0.008447015169194941,-0.014186544479414516,-0.01686464131812565,-0.04190712224031147,-0.012112331857897394,-0.030233001950240455,-0.024112502030702962
2020-01-28,0.027896522686094098,0.013532388730052893,0.01302475900658978,0.018014031820939795,0.013498196048243276,0.01940636056030611,0.031835677992488876,0.01578809278786119,0.006246215035102691,-0.0013911029285215957
2020-01-29,0.02071636914936192,0.002559818728975466,0.004265139007203047,-0.0014885481886301407,0.024671150943902948,0.01547218937175525,-0.009847725020809082,0.02455066473079113,-0.010443684083511649,-0.00838782350536293
2020-01-30,-0.0014501097802766447,0.00680130777131683,-0.001683196692331942,0.012291048672110148,-0.06333559940026876,0.02781724833029923,0.001098940851004594,0.09799952270077929,-0.006809962064705995,0.010551084733178166
2020-01-31,-0.04535171981073037,0.07119570893188107,-0.014873744063288735,-0.02632026394296336,-0.03704496995097251,-0.014868743721315051,-0.03890660632220772,0.015115867923964223,-0.030828392557160314,-0.042083096385037204
2020-02-03,-0.0027502335951904533,-0.002252704013802056,0.03418061176527798,0.007601762206039025,0.011229066366896336,0.02408676851099485,0.016360814266231143,0.18144500086765858,0.005745827388744936,-0.022630533677975566
2020-02-04,0.032480464361245506,0.022433811849720944,-0.025404287226568196,0.014293543192057305,0.02724670823522571,0.03238610076645404,0.027901472770557243,0.1286186970285338,0.02458374175456808,-0.012593177270469547
2020-02-05,0.008121562474074645,-0.004792703414039184,0.0004428141700862587,0.0168573749618009,0.0013334509675160572,-0.0012219528407104512,0.014581726448211603,-0.18845037343186985,0.051662072629282296,0.0449951479173102
2020-02-06,0.011628812261449262,0.005065879625856511,0.020479654169533564,0.000145237806955024,0.0035158823836051664,0.02052155986954058,0.013821613791048345,0.019223358515689473,-0.011119146571283009,-0.013642794416583314
2020-02-07,-0.013686014646692462,0.014069692433392624,0.0021252242624243078,-0.003202507406301162,0.006994751279685942,0.001414927876684565,-0.010517084067073478,-0.0011890304222129079,-0.011140458767395082,-0.006647247384314908
2020-02-10,0.004738583622242069,0.02593435798738784,0.01978133888965368,0.004146833622622548,0.003431972715325326,0.02582075273495987,0.0442391979498454,0.030554904345579816,-0.00760042272290912,-0.010617320719974425
2020-02-11,-0.006051637798818084,0.007883866478429244,0.0009273866747770636,0.0018859153137540303,-0.02793736468574497,-0.022834307795563304,0.018536487312620198,0.0040112052857509935,0.013014579595394263,0.009461275413910666
2020-02-12,0.023470290032425407,0.004268347229322045,0.0056593345704629115,0.0,0.017083580471310672,0.0014630049792862523,0.01720900510263176,-0.009197828567077742,0.04271423307238041,0.012151251423979699
2020-02-13,-0.007146641501284884,-0.004700848772083054,-0.0034564277982243596,-0.0008698075815028583,0.011229184599831151,-0.00542869375132956,-0.006478859701183544,0.04673438827304504,-0.004226419418441361,-0.0055647996709355715
2020-02-14,0.0002463078898055142,-0.007001620314183051,0.003522255932147992,-0.0030508289464096874,0.00486749588344447,0.00888723972409276,0.06785012542521944,-0.004949986662921484,-0.011381960827870638,-0.004606074186727292
2020-02-18,-0.01848050253784167,0.00969583372641929,0.00046736670442701464,-0.013328612994566221,0.016760524100044194,0.0100921473210285,0.02312653694785357,0.0704209168261074,0.011183431534039653,-0.012777202643918293
2020-02-19,0.014379126106410919,0.006726973190216665,0.003567353511314517,0.01354706563846328,-0.0014243788588344602,0.0029944807070313214,0.05933647584295058,0.06649517653196184,0.01043686603493162,0.00765275032248631
2020-02-20,-0.010311990490589286,-0.007919906743473367,-0.005181195275944006,0.0,-0.013470134279329794,-0.01538904259601672,-0.01924982737418977,-0.019826354777620056,-0.010470033809579173,-0.007986641442205091
2020-02-21,-0.022895102656535757,-0.02689219882130043,-0.022350817711956128,-0.012294683672165746,-0.02071841018563614,-0.03212285820757702,-0.048552126724289414,0.0017662480443414094,-0.002319700368586224,-0.012270213850669781
2020-02-24,-0.04866550481399267,-0.042235023870589,-0.043818908345827905,-0.02724348195381375,-0.046053405752268156,-0.04407269030134738,-0.07332098940730396,-0.07752369493467591,-0.08167203674267239,-0.047978671913214775
2020-02-25,-0.03445931159108276,-0.018357980231590378,-0.02390553835185703,-0.04567000653117009,-0.019875339814239425,-0.016639214806170782,-0.04196154087017809,-0.041482357972054684,-0.05322989264648325,-0.03907870524685676
2020-02-26,0.0157393686547522,0.0034663008478506324,0.0029889457967589234,0.0030051537748207904,0.0021828975471550327,0.012416822604901734,0.02114481654604416,-0.026744949535016983,-0.0014819911095764716,-0.022200362641532058
2020-02-27,-0.06760244604342171,-0.049333390430740226,-0.05584298656247067,-0.04250478589157365,-0.03851100073849014,-0.07306424796354927,-0.05727470824369508,-0.13713311629061195,-0.03513478108344382,-0.06206388186483433
2020-02-28,-0.0005854571843303421,-0.0002918893180325476,0.018311070068552,-0.044305732868707974,0.014232975737551636,0.0239245436607793,0.0668738716330366,-0.016347950327421108,0.004087425269050884,0.03199967740829486
2020-03-02,0.0890184555774099,0.03658851566405863,0.03454297069715996,0.045541117450642966,0.020416690271198207,0.06441905678214636,0.02327633982453556,0.1072570247859105,0.06876771855112174,0.04634304594804837
2020-03-03,-0.03227483390177018,-0.023278669366774255,-0.035685997369929987,-0.038247156435836135,-0.055201891231240266,-0.049105420336861744,-0.03887478724810168,0.0025383850988232293,-0.04382234397536629,-0.04906859738502545
2020-03-04,0.045341167473807203,0.03441420829326915,0.03227542597764221,0.024409181592991595,0.031089344000918357,0.036056858211574415,0.06768550460407365,0.005337746224066965,0.101826762036843,0.021597267945204716
2020-03-05,-0.032974683101159086,-0.02656658154602768,-0.049588153952215705,-0.05030579932563999,-0.034970349187432526,-0.02541555719778789,-0.04023487402167257,-0.033869376791647296,-0.022573267285545526,-0.04506756228642787
2020-03-06,-0.013369441204718984,-0.011994572145720599,-0.014572117858984625,-0.053063596107315744,-0.022279990388721794,-0.02867443418628687,-0.02688684438061876,-0.029497510135476336,0.0032107304515242028,-0.04949872198271509
2020-03-09,-0.08239513267141699,-0.05430184971456644,-0.06368776884707211,-0.11123201857723698,-0.06614126901673534,-0.07017817047262707,-0.08059394660131342,-0.14586457137702016,-0.03743395007826329,-0.10563223583380599
2020-03-10,0.0695459335260953,0.04941384267449418,0.047685353778417,0.07482635203583705,0.049997468332584644,0.06614685012951574,0.06177440271801666,0.059586929551683376,0.023707166887687633,0.036358991128434166
2020-03-11,-0.03534766710669773,-0.03823045590680999,-0.051715599972463965,-0.0482142540252,-0.045641149259170136,-0.04636021373907996,-0.05758664604134835,-0.01735009892797303,-0.007960022840651417,-0.033496667903418355
2020-03-12,-0.10397764864515734,-0.08253503819368388,-0.08560852962126178,-0.08602672510118992,-0.0972092934098322,-0.09964157713418065,-0.13052788093339412,-0.12349328402408655,-0.10372994228682325,-0.10563223583380599
2020-03-13,0.09956336312806878,0.06264454451479513,0.0883877239440071,0.11238359505767283,0.09744417656287746,0.09652473588824625,0.10742015989613604,-0.02516454136147571,0.08717206238074506,0.024968007804342166
2020-03-16,-0.10397764864515734,-0.0551930111496119,-0.09585591114042478,-0.11123201857723698,-0.15376899175358455,-0.09964157713418065,-0.1859461230617273,-0.18845037343186985,-0.18967100312947158,-0.10006930530595455
2020-03-17,0.04303081504105515,0.0679073394904408,0.04113648211269536,0.059319003269480496,0.023086157060651456,0.07912215198757475,0.10098731949619415,-0.03398134500612111,0.08179101743212101,0.06509996979449244
2020-03-18,-0.02478450082691535,0.012183223280898315,-0.024326217444996887,-0.11123201857723698,-0.016600677652095892,-0.0430078406733951,-0.06882180467043203,-0.17476304366003273,-0.117895449309781,-0.10563223583380599
2020-03-19,-0.007691573989041528,0.027450380856149387,0.018594602861825016,0.016668238078451678,0.04112667975854655,0.016319426332866965,0.0488324971234386,0.16879451260286096,0.012543997245398963,0.038791099666888484
2020-03-20,-0.0655904018509577,-0.018696493799985447,-0.03987900275505655,-0.021327949620352504,-0.022453712245449373,-0.03828256200573049,-0.034489589423518346,-0.00025720668994270134,-0.06198160616792736,-0.05033073870301512
2020-03-23,-0.021473006986145234,0.03027242280070844,-0.013268581297094297,-0.05501916042852325,-0.010945820536668248,-0.010024421650028483,0.033174020037286325,0.015688043665694176,-0.05845485035309178,-0.04019842160689468
2020-03-24,0.09560584069225259,0.019397213114498144,0.0695106654595771,0.11238359505767283,0.08339252235350009,0.08699917987480477,0.15833961568823937,0.15084593365171223,0.101826762036843,0.09890278755670107
2020-03-25,-0.005523977990258242,-0.02836614678504326,-0.02544473789800705,0.03663855756290892,-0.030078964438586858,-0.009618431624883884,-0.014389854812166245,0.06562083944686455,0.06469529431225335,0.05088420757667875
2020-03-26,0.05128532912840988,0.036267437779002064,0.05415240742788462,0.06734197366799277,0.04463249370083553,0.060672264246177,0.04622384278345816,-0.0207800386755252,0.08537855982390262,0.04021023628551081
2020-03-27,-0.04228386886054597,-0.028734293362178226,-0.04633999092677476,-0.07390446669703467,-0.04092664317416713,-0.041927528722733975,-0.017687906420072088,-0.026475805312348537,-0.051996170451432726,-0.04937000780134047
2020-03-30,0.02813844735258657,0.03305128565768252,0.03195382491438517,0.025674417965177422,0.05677933480190185,0.06797717955785611,0.04963236968713006,-0.024064387275638185,0.03577230112605059,0.014775360843375638
2020-03-31,-0.002042850223002041,-0.0072719999659999635,0.01355165388369297,-0.037818409705451354,0.005109216916090649,-0.01585272639778134,-0.007521338404807552,0.04263263821287683,-0.0075899865251446656,0.012455560888811827
2020-04-01,-0.05405205941236297,-0.02178742279295421,-0.0528821391295306,-0.0650495734231142,-0.04412510766899572,-0.03615362937226156,-0.08108315742405313,-0.08446087652228773,-0.049568395317701804,-0.011656143095813577
2020-04-02,0.01654901403931078,0.005817252037933856,0.013455862808085568,0.03665961342034965,-0.008873636709506772,0.020497109014133572,0.04975549808954345,-0.057898921000518445,0.01306120301307967,0.07368950060644044
2020-04-03,-0.014475568111470372,-0.006399314195321289,-0.022021663160377403,-0.03000338733484717,-0.025676164718351574,-0.009253180510424987,-0.04630567283427644,0.05467504939194526,-0.04661129712681922,-0.029898001411010944
2020-04-06,0.08364013658960597,0.04662517920980072,0.07956257265120595,0.06237958585104919,0.07115229775959232,0.0717326232954699,0.09567910108595512,0.07276481895829454,0.07893938253995456,0.031629004071842944
2020-04-07,-0.011650239433709296,0.006988976113008688,-0.0005326201298224212,0.013104039435481172,0.01961923025263451,-0.010828747495983341,-0.035534424305333094,0.05503939414254686,-0.0012085616862647379,0.018847575400327443
2020-04-08,0.025272605480012283,0.015488887252484295,0.02045614095406601,0.03958574417364912,0.03177092768667495,0.00998102178927191,0.030117334019319757,0.006195761068727163,0.0767623121444987,0.06136601282096972
2020-04-09,0.007190255286206933,-0.00011749136016937198,-0.00035625677772060477,0.0859150323457246,0.005207898785584864,6.0750077909609414e-05,-0.015097566216878345,0.043078797207400474,-0.01391110914764911,-0.016555604036720937
2020-04-13,0.01943786748906306,0.059904424788693025,0.0031775715281968427,-0.04549200118450448,-0.0022859595607781,0.002237853797078391,0.025902488837312727,0.12754711640906993,-0.0023499523901679177,-0.008615926418579337
2020-04-14,0.049268851779956234,0.05142426317898339,0.044294854889416584,-0.027778000567410453,0.01915287766133015,0.04829807168454823,0.05093180567411824,0.0866771798728856,0.026180649714086558,-0.0077469061850880885
2020-04-15,-0.00916906101311503,0.01061218674730437,-0.006287337150040368,-0.050577098323417946,-0.006757826455398636,-0.010532992304634524,-0.011012893946554105,0.02770162075738181,0.040499436614920704,-0.0470480830762465
2020-04-16,0.007914360892325398,0.042632714874196495,0.00010327598666688015,-0.03885514691301776,-0.004076935587939221,0.02957900960807189,0.04817261475216908,0.020854428493631318,0.05776379676575393,-0.03340754593435517
2020-04-17,-0.013661517249503135,-0.013877991515518532,0.01700860646201593,0.08607588488451906,0.016822450297045623,0.008772988185792174,-0.008108682710317528,0.011580411041559343,-0.026724676755572486,0.09890278755670107
2020-04-20,-0.020975389936287503,0.007805217491159297,-0.014054569828064514,-0.037138233031809964,-0.005594795671060209,-0.020020041526550035,-0.018192606969919922,-0.010038465581097953,-0.029407237101880163,-0.04835064515047439
2020-04-21,-0.03139807150409502,-0.027741595250859077,-0.039620108146150974,-0.029433742566274936,-0.04263756802747946,-0.04223678924154021,-0.06305087085164965,-0.08328137479063667,-0.028582289251641215,-0.005356773754739215
2020-04-22,0.028396492046924765,0.015078276370104332,0.037445136763966214,0.0032515251220917468,0.06505052169662726,0.033401048891379286,0.05991063321087602,0.06400415510269586,0.010268497181003488,0.028164249871123002
2020-04-23,-0.003882941908953203,0.015100238852104056,0.010088754197106944,0.0005595860300004507,0.015514342283203567,-0.012176198713777427,-0.00750686342874686,-0.036839791089286374,0.029557148364462292,0.030850838462106
2020-04-24,0.028460820175568037,0.004478467862372162,0.004262664627514685,0.014658373395309418,0.026334184967019492,0.01809494737869684,0.019456644576463695,0.02728753098899391,0.0206725139878795,0.006423575706616447
2020-04-27,0.0007065619085654707,-0.014299615622890095,-0.004506447107488042,0.042201354169844336,-0.013613605965682013,-0.0028689974174618397,0.025535400466933512,0.09666945779957149,0.009192664554382262,0.004790747508032589
2020-04-28,-0.016342134965584506,-0.026406206272373736,-0.03057629050277062,0.007056023663030896,-0.024784658219125233,-0.024662383001483306,-0.0194418306357571,-0.037801017814305886,-0.01930238786344023,0.02317030227996924
2020-04-29,0.03231706038297856,0.025020524430829326,0.08517731788968316,0.026613054148254406,0.05984291531074461,0.04389583035897903,0.024076235960931513,0.040002020280935593,-0.0024652530392839816,0.053891630704167144
2020-04-30,0.020876744155088906,0.041803503952607714,0.0033621067916418472,-0.02169296736995311,0.052757419967021275,0.009982477784513482,-0.020923575061309797,-0.023547759980736722,0.016617947289886706,-0.021080190016075816
2020-05-01,-0.016230271370550817,-0.0790151691799427,-0.022057689359177537,-0.026560895643445777,-0.011991068477082803,-0.02623281928805414,-0.03304297333924094,-0.10873700220740792,-0.02759367087021431,-0.07435634650710463
2020-05-04,0.014049428546426827,0.013016157575809914,0.004226765143074677,-0.011974786203977846,0.014674053948446,0.024166038986542335,0.029650053744344793,0.0819187203405193,0.010593491395585722,0.03954177245500856
2020-05-05,0.014897513832328764,0.0007812169559819208,0.019552053532387065,-0.0015205530155999458,0.008779369866861198,0.010678409163434245,0.008375746412227329,0.009180180665024101,0.018946755085501796,-0.0011148268133584706
2020-05-06,0.010264503247965259,0.014332930141282023,-0.002664549471744704,-0.018983618986480585,0.006738247212600531,0.009799122230935906,0.013693516504219362,0.018533023597782732,-0.014678266221072362,-0.018915293253879334
2020-05-07,0.010291542394711535,0.006929629421755726,0.017571272458896395,0.010359248253472696,0.013294396965503314,0.005790245787127513,0.023496853371706542,-0.003250973870209664,-0.01314116076869632,0.005666962629338607
2020-05-08,0.023522948418079996,0.005055588339379235,0.010938673083197287,0.016204217268727804,0.00514621440715819,0.005865122534720196,0.024719093345606936,0.04925154604829151,0.00699301167844217,0.04291731185088227
2020-05-11,0.015613038975155735,0.012275095742505182,0.013809566354133806,-0.029892156251243692,0.003901034116127874,0.011092871929757121,0.031870510429237574,-0.009971196406895207,0.00587109345491768,-0.009573046546002002
2020-05-12,-0.011494173350268222,-0.02184325689933136,-0.020448523918734817,-0.03322356994138169,-0.014553129457606385,-0.02291241974947125,-0.03315145469287393,-0.0023199593370761967,-0.0034351835021123583,-0.016856595481618834
2020-05-13,-0.012147668288219235,0.00464352271673132,-0.01971801076894711,-0.03507872265603414,-0.024085990033254224,-0.015238145685872489,-0.002887706262702816,-0.02305818093053759,-0.03429708654301523,-0.05091144665114436
2020-05-14,0.006124637698176874,0.008800091486279958,0.006306614126804409,0.040693221748601634,0.008302876714129758,0.004330024644270275,0.03169042131205252,0.015518160889563192,0.0443609814269269,0.008785086767534395
2020-05-15,-0.0059296271380754224,0.008723388257937528,0.011868441627088801,-0.01868359710881243,0.019488747005131035,0.014463314470439451,0.05573031637447229,-0.005191880165631997,0.0012035671314526342,-0.007117343509115635
2020-05-18,0.023288091150589378,0.006815562402388709,0.008788389778984093,0.0516134671076311,0.01089453759768142,0.009509027695693234,0.030105089690341865,0.01793204109959487,0.0082146038806449,0.07652007400283396
2020-05-19,-0.005795453410441171,0.009463506026665746,-0.007812836285298979,-0.019875299594970173,0.01716037073978418,-0.006946415288275288,0.0062944773359304524,-0.0069313094591098995,-0.014800676963147203,-0.031364471006700506
2020-05-20,0.019261740298837524,0.0196519053240098,0.02497652576251591,0.02955753365780787,0.058604606740408294,0.013775348931239615,0.0185087978274855,0.00930057241369536,-0.0036738704478404315,0.032026061411889004
2020-05-21,-0.0074835738329615915,-0.020709907813958355,-0.0017116700277073126,-0.012782908882269671,0.0061558488722199085,-0.012083909513901531,-0.02195022961384251,0.014654934735012084,-0.0037574459273826445,-0.01801471172654654
2020-05-22,0.00641753299267648,-0.0040379627094452065,0.0046028668106886895,-0.007793255362158678,0.015097912858353275,0.00043612976774604024,0.028201865974504043,-0.013037700356063059,0.010505580240436404,0.0008976044558510291
2020-05-26,-0.006796338151744508,-0.006182687942356004,0.0057361955814668065,0.06856810110181265,-0.011603479521891745,-0.010627860218845327,-0.03477609266977005,0.002433081947381517,0.016928547154302982,0.02894878521272881
2020-05-27,0.004347719077107159,-0.004747292931811086,-0.000767150224293924,0.05630587117164131,-0.013266055249875872,0.0013209419433412937,-0.02232894129411653,0.001659467041868106,0.029668135817901127,0.007162614167682905
2020-05-28,0.0004400086288092836,-0.0038615979869802697,-0.0014373338118936463,-0.015007931337733519,-0.0161902411088446,-0.0022576881616097892,-0.004496849685910594,-0.017736751939729612,0.0006585227198902056,-0.026294537140289388
2020-05-29,-0.0009746644561208778,0.017041909136995572,0.010716388780511349,-0.02586734320345455,-0.0016424181575393872,0.010146905588317658,0.04475971047806867,0.035583725409644835,0.0028905209420817214,0.009501989591976078
2020-06-01,0.01222278867931448,0.011670253098244966,0.0009411909955304093,0.013169555496039627,0.02984901984832789,-0.0022948194500886877,-0.007833371118510641,0.07284966703702293,0.0035367158734924482,0.017656694378063192
2020-06-02,0.004618965278657711,0.0005542421239081785,0.005171722581453456,0.00334119614655672,0.0034866116876402556,0.011312726128758038,0.0021552478484433923,-0.018588326218028427,0.0012412824396947943,0.022011977320659792
2020-06-03,0.0054899231307829,0.002419803318654912,-0.0021240658937468483,0.05257090593959972,-0.011061326258074449,0.0024304403443235765,-0.006337138228099137,0.0015867839932886055,-0.0031388882398156004,0.03998487375029728
2020-06-04,-0.008649625443975023,-0.007207963182428161,-0.01748721615747989,0.02059783252901981,-0.016957341837968147,-0.013251001048778783,0.00011401428101401769,-0.02126741082055923,-0.024097024794726734,-0.0028474385660539063
2020-06-05,0.028082978379478433,0.009062306094701045,0.018022426470347016,0.044018694469425475,0.019604386155007186,0.02312859245011421,0.017358614711735644,0.024320646383694,0.045160570903005195,0.07794092135057744
2020-06-08,0.005894812878196456,0.01640122058468097,0.005553867795164261,0.019762056837991898,0.0027260716546873244,0.006177596986347852,-0.012975978776660931,0.07004464847857836,-0.007628933709906888,0.030794948472774607
2020-06-09,0.031089925816694643,0.029973414532654237,0.0027857775186072506,-0.02598463726392259,0.030933982123633595,0.0076161759188086205,0.027002343421519324,-0.00978535494822048,-0.0008727633509146774,-0.0225393089049056
2020-06-10,0.025402016406220057,0.01775474019639406,0.008653661234686258,-0.041372592376569664,-0.00816148433725594,0.03641978852229749,0.0348436498647512,0.08590431690632504,-0.011253274984261333,-0.055116118911460885
2020-06-11,-0.049200977536369365,-0.034386807792203426,-0.04382180269798207,-0.08713142897713425,-0.05335642644986158,-0.05519369472480794,-0.06284083746454629,-0.052277046427824686,-0.0747443195502065,-0.09239259236100822
2020-06-12,0.008596492826303282,-0.005071582137180358,0.00783003305867477,0.02699587428659235,0.01832238857822227,0.007860748145331154,0.015370952988486961,-0.03937370329089697,0.004992189327575004,0.021211259177461656
2020-06-15,0.012291132166774825,0.01080967380014712,0.005519368336443193,0.013723318722329942,0.017003970453770306,0.006371443180299124,0.026649828562755978,0.05776761532071402,0.003954937097909905,-0.0006360197861340966
2020-06-16,0.026157137569181907,0.01641919546995653,0.01794806146445416,0.007968161868901088,0.013457496751055753,0.024209788368577637,-0.01153928059248805,-0.008889888882897297,0.023202426748953817,0.02223712306715078
2020-06-17,-0.0013926285123918032,0.009782656419923274,0.004187390034424378,-0.0256040937405864,-0.0005094436650035264,0.003455062044644474,0.01830210506654871,0.009787666254598352,-0.0013659058355678065,-0.03311501312578733
2020-06-18,0.0003982071134158317,0.004910408831544251,-0.01276196246104741,-0.005443128538586137,0.0017393165767063943,0.01065172379664223,-0.0019508659845386765,0.012196058432993926,-0.00383517173276405,0.006199930463686914
2020-06-19,-0.00573099171196032,0.007892706403668376,-0.006632106783244251,-0.011486726015629585,0.012006731567090395,-0.005977473167332005,0.004681210047932743,-0.003052506049991116,0.003473893786079235,-0.020237703666533578
2020-06-22,0.02582720066409362,0.014404049034053084,0.01809911942528659,-0.010896490241150573,0.001799246349033662,0.027394672879743395,0.028264345092329165,-0.006595797039905825,0.0048977214335081875,0.009523950697450115
2020-06-23,0.021120205018187246,0.018470070932883553,0.009140222567271091,0.012122345990420334,0.012545334098342078,0.006658674695580512,-0.008088830812293486,0.007474555771254048,0.01670497502849698,0.006013913645599686
2020-06-24,-0.017809592317125825,-0.010915222785479236,-0.021597945195408565,-0.0339612225972392,-0.03452230463048439,-0.020363252398816676,-0.022959862115606335,-0.04171541244464825,-0.02870130366475821,-0.04825476687274942
2020-06-25,0.013188054880440754,0.007352966946613356,0.0058458988423141,0.034267728215891226,0.007068391056062384,0.01255727896654664,0.027183735691721597,0.025817844628587844,0.024053546376085307,0.01494353956428278
2020-06-26,-0.031207646793407293,-0.022657517035347675,-0.05605612559910974,-0.056378323909445804,-0.08682626016984775,-0.02021918990865135,-0.03593870458857061,-0.02697370050614223,-0.03203881522875016,-0.034917448548303566
2020-06-29,0.022785005011787655,-0.004648937652200358,0.025098055942192676,0.004418673406835598,0.020883489338253344,0.010690018199938214,0.0049033231243778685,0.05039944763683731,0.009989452201407099,0.015920229507694936
2020-06-30,0.008312910639668698,0.02884445591830274,0.01483411044893161,0.011333191933155958,0.028726083182948642,0.025228378371449606,0.031851601195960665,0.06747855280845434,0.01775245922615089,0.008985186182092106
2020-07-01,-0.0018931788137380866,0.04253577590541981,0.016748218508077454,-0.00854130962321924,0.04511975286728627,0.005830297245866371,0.0033898877517865565,0.036213124954005624,0.009381418464259777,-0.02284405338515964
2020-07-02,0.0,0.004021512351305945,0.019183775382275232,0.003242697565281461,-0.01753879289063926,0.007591999154634957,0.008593634557860852,0.07651403502187115,0.0017783212257643697,0.008429174888108754
2020-07-06,0.026398744699478793,0.056086861548230546,0.020016961525645298,0.024940184983438106,0.02896557860789981,0.02129790565878639,0.023341221023030333,0.12645108117682743,0.015140026770610236,0.00700813241756766
2020-07-07,-0.003107801057574467,-0.018794894393650154,-0.006509375992977402,-0.02861605069266656,0.0024109882404488346,-0.011696230151427865,0.003297783198696185,0.01323965619758905,-0.02055240340781753,-0.026248329742602286
2020-07-08,0.023023133101900843,0.026637631211038765,0.00913989081792735,0.01055897567347234,0.01122959061625188,0.021754733042413505,0.034277571118622036,-0.017404076436543424,0.005747705216731583,-0.002315195720997666
2020-07-09,0.004291044207374174,0.032418003431597016,0.009966145154190607,-0.021888107152765537,0.0037699331448838346,0.006976348657847602,0.02827716607690777,0.020579243780394125,-0.02442803331172511,-0.04213683602563499
2020-07-10,0.0017478802971808373,0.005442909266691453,0.01331102022523056,0.05322489960858024,0.0023285665457534453,-0.0030374997273955157,-0.0028348674174455447,0.10241918272489342,0.0002405821983932071,0.030713649869019404
2020-07-13,-0.004623875644995144,-0.030459227148096752,-0.01755385812741537,0.0142330218430084,-0.02508029083993815,-0.03137573735441363,-0.04160078185061685,-0.031294179797161696,0.02870193986308527,0.00023406193376280314
2020-07-14,0.016412953571481426,-0.006464146747407976,0.005690534756012236,0.005718025403359662,0.0030497110318068047,0.006162583504589633,0.03179514188062869,0.013099686323903579,0.028971276781244424,0.03251788348965623
2020-07-15,0.00685351780736738,-0.02466286482562469,-0.00262032298129723,0.015358826168987757,0.0022915012607933796,-0.0014892132153329777,-0.014535953235474996,0.019074500672006927,-0.014528473910568692,0.012626975797117097
2020-07-16,-0.012381122023441042,-0.002985648858511928,-0.0012931668319574924,0.0028034696679559382,0.002701507408811549,-0.02000253466523742,-0.009085507767196556,-0.029785727485036655,0.010078270480869258,-0.007873366416087442
2020-07-17,-0.002022162846949515,-0.012724365220700149,0.0012731611928037314,-0.018671067656389824,0.004555397441668797,-0.00511312965501154,0.006564576544616604,0.00013329605943815782,-0.0020209089100080764,-0.017312288046338473
2020-07-20,0.020854845937686745,0.07630823511693882,0.03050872934263011,-0.00880017650341846,0.013909318492307853,0.04208297865125726,0.029864038312969413,0.09049888548491682,-0.010065909436554206,-0.023716635381286887
2020-07-21,-0.013897613781454168,-0.018484694634580835,-0.005077397203418213,0.021453963073435063,-0.015066933486612616,-0.013560311420137238,-0.01749164368059615,-0.04649333201590645,0.0054228359624361,0.04935015462165601
2020-07-22,0.002805378878858378,-0.012305027339411448,0.005723059978675124,-0.0072690409120826985,-0.007806971148711984,0.014269007642940975,0.010617702681475952,0.015167860710440668,0.005230306434273128,-0.023568110102348886
2020-07-23,-0.046585122443527215,-0.03725419917985109,-0.031220200292565534,0.002934183830370975,-0.030776818516754227,-0.04446908077544993,-0.030048159792748302,-0.05105769412846385,-0.012268887388076542,0.0020620622329541633
2020-07-24,-0.0024803557061469058,0.007458986752838637,-0.005646248752292989,-0.007097402440532918,-0.00815879728649642,-0.006141035498262492,0.006371655261245551,-0.06559870288489437,-0.007221377514523251,-0.006197727677508308
2020-07-27,0.0234239362221624,0.015270459525145965,0.013971442333472629,-0.014141045702959876,0.01202051226179366,0.012588020541568821,0.02202286252903323,0.08298067038819532,-0.007307291137422041,0.01462893497184251
2020-07-28,-0.016564086763926414,-0.018126069617507432,-0.01699960395127732,0.004324956319208927,-0.014581283472609001,-0.009017701497649482,-0.019964958832684183,-0.04185494718429495,0.004443939127228418,-0.011869772909764084
2020-07-29,0.018987004487565937,0.011004699826417956,0.01312122951468301,0.023960338037570847,0.013681454952213111,0.01004744742721342,0.024177902891207182,0.01520390470417943,0.02225565775258777,0.010961255796211584
2020-07-30,0.012027633215176248,0.0060308083157400725,0.009706579478882474,-0.027047708990415628,0.00517332157341453,-0.0007844758869258678,0.014089995969517911,-0.007781454581928156,-0.004739221506668356,-0.05030131026767434
2020-07-31,0.09956336312806878,0.036294147981264194,-0.03332409903035127,-0.003924286214484877,0.07857865035858314,0.005429183899964746,7.048440955550711e-05,-0.038884339639871014,-0.008059115800188978,0.005002994268180417
2020-08-03,0.024885461096387958,-0.01682166001089732,-0.003494058362209378,-0.005603428563784674,-0.006763718063901254,0.05471638303149338,0.036582010170894026,0.03720897247565101,0.0027377127025568428,0.004031666796728033
2020-08-04,0.00665596286852777,0.008619861276316521,-0.006400258801839457,-0.005739652491647467,-0.008489817499568716,-0.015122614335673613,0.01956157166267853,0.0013458747004375454,0.00292702934317775,0.028466721924264093
2020-08-05,0.003618172749466285,0.020871316739287018,0.00392207657766117,0.017223842364178576,-0.0028458466659368386,-0.0016419987587740948,0.00524159935020448,-0.0013323884879125765,0.025837227395007746,0.008703792709350197
2020-08-06,0.03429435259825644,0.0062115284906952865,0.017332579399529657,0.000308553000561499,0.06285071458898418,0.01588680326004724,0.004309540613699515,0.0030659693985973365,0.005075682742915086,-0.004800791203112688
2020-08-07,-0.022998186075571928,-0.01800293843304236,-0.004381597436806395,0.021768875157524386,0.011842068267491209,-0.018049503652911154,-0.012070165057476209,-0.025063424630081085,0.009412443358015578,-0.0045934044525300435
2020-08-10,0.014430176925947632,-0.006111826385309402,-0.0010350617119020392,0.012598781386425685,-0.020473293717354065,-0.02010865321616151,-0.0030852648917251676,-0.023781465364230404,0.0065080604578350455,0.024333296968070548
2020-08-11,-0.0301910969658368,-0.02167112480516848,-0.010935979191622749,0.03110891570442243,-0.02646919487739874,-0.023662911072422233,-0.028618723000133236,-0.03163934754750347,-0.011187626958207896,0.010281735316933601
2020-08-12,0.03269386054884987,0.026133573522779383,0.017873200714546858,-0.008512329501890608,0.014573475449654115,0.02816663506979491,0.05297254248377881,0.12331118921207428,0.021072552597633125,-0.000226903276596482
2020-08-13,0.017542933397168045,-0.0003859062604570367,0.0062238851479903025,-0.005552768457284969,0.0054104053077420645,-0.0023453082168879177,0.00024042766059995,0.04172205380429948,-0.0023299563591393274,-0.024800058526814887
2020-08-14,-0.0008916070786841998,-0.004121037907113718,-0.007957164845537741,0.00039073827731391056,-0.0002292432294844877,0.0009580163963696105,0.01051884273296649,0.018162259872136134,0.0067574558864864544,0.0044074695963834285
2020-08-17,-0.0026141375596603292,0.010865072977043023,0.007686759966931992,-0.026718354307175868,-0.000306447249061691,0.006584398939242986,0.06470588805575915,0.10618769683979797,-0.009903141306612535,-0.013047588125328828
2020-08-18,0.008298150546423709,0.04006138810950659,0.02574356101532389,-0.014038248432103256,0.004508076494125749,0.0057376529551654305,-0.006199907229477462,0.02764276800974182,-0.011611532245337595,-0.004936985865245874
2020-08-19,0.0012539532328063763,-0.015825714532805114,-0.007205506155745337,0.0023365856242766607,0.0009524747100520342,-0.006085425002893125,-0.010020907403565954,-0.0045463782503080055,-0.0044605722023413515,-0.011138768356556005
2020-08-20,0.021947007366770264,0.011250743012291311,0.02027701937217229,-0.012046047949761916,0.024154695581397573,0.023004693960779345,0.00020605864637859972,0.0635722137952821,-0.006584659050613603,-0.015370438614620244
2020-08-21,0.05024859974741924,-0.003843813244746528,-0.0004315513036069652,-0.0005138046437245747,-0.007462296108848683,-0.007296445465908596,0.04371373798543453,0.023768211540485355,0.0025815363017015107,-0.007530788177450792
2020-08-24,0.01188935696093472,0.006899163550113672,0.006061861328139502,0.027765528834904515,0.016270645223723644,0.003140187517096687,0.00289315461461996,-0.017607920006301417,-0.017015254544515836,0.02907828349869037
2020-08-25,-0.00823767066891555,0.01173146611135582,0.012974191926190102,0.004387496060115064,0.03415701724623299,0.012925831989511909,0.0023363922057632867,0.004527486632740915,0.010884686007751334,-0.0322531141811862
2020-08-26,0.013507336669635958,0.02809711446991023,0.0235581499669825,-0.014129210034968174,0.0790178850451228,0.021389156553455767,0.0018022053138009484,0.0621915738853809,-0.010949467189501743,-0.021511591963732625
2020-08-27,-0.01202635665333275,-0.012233678809977448,-0.009539610036342608,0.03236993381935962,-0.03580865064733348,0.024256691387313928,-0.01139715117779741,0.03897652873348478,0.009186646447411956,-0.0067710448661258416
2020-08-28,-0.0016210618903193393,0.0005292501453169122,0.0066769160164744865,0.0040953903174572055,0.001499650252481418,0.010230917286609824,0.040314095901332045,-0.01138789608941323,0.008625403997092168,0.023623974785986723
2020-08-31,0.03334957099977249,0.014347795491567642,-0.006056889089693987,-0.025425095007068795,-0.0015675305117301402,-0.014875668861045261,0.017099359511249843,0.11839534141276628,-0.00580640227399899,-0.018603916116221884
2020-09-01,0.039060054517107735,0.013858994770032553,0.015557793922393565,-0.000499339213405211,0.0076105913934065164,0.007685610688759313,0.033138368392760964,-0.04782238606695396,0.0008956322506817781,-0.012851742530101674
2020-09-02,-0.020936397939250274,0.009197048337934825,0.03695619445881735,0.014966485917089038,0.023615364554731837,0.01908890031507599,0.037316853465032024,-0.060034084286439256,0.023410739240608224,-0.006105099656042486
2020-09-03,-0.08344772462596796,-0.047389460231042485,-0.05252618285585671,-0.0031531001586763683,-0.03834559890366756,-0.0639488807707261,-0.09736500815474453,-0.0945727929773044,-0.01260097860167051,-0.002043448018816228
2020-09-04,0.0006616501161867637,-0.022028208040287028,-0.03008905307904643,0.021381998136487786,-0.029243241429932697,-0.014135209110769618,-0.030660070305585763,0.02743348445504921,-0.013466678275560477,-0.0007673318447385792
2020-09-08,-0.06966612328851247,-0.04493916629572862,-0.037114509533909816,-0.03539474584201464,-0.04178331913550545,-0.055613906140502635,-0.057850629594773724,-0.18845037343186985,-0.015341496507324616,-0.02329930791811422
2020-09-09,0.03911149659434975,0.037013109131374684,0.015390295011746404,0.00946284308971797,0.009396603335118126,0.04170174883660996,0.06515224502276107,0.10366923114657202,0.015405726501761764,-0.00604173861061626
2020-09-10,-0.03319060446160224,-0.029022560577017922,-0.013783550238907871,-0.010364031015093943,-0.02078286403014434,-0.02841823174393578,-0.03222846726636333,0.013720031040026988,-0.02406756977358324,-0.025351818297324736
2020-09-11,-0.01321578915403207,-0.0187214757293059,-0.006765847280434534,0.012344756151151694,-0.005535994611982028,-0.006546170855217933,-0.01203213801731245,0.003709375196707332,-0.006184028334701015,-0.002706476593170983
2020-09-14,0.029558794052550144,-0.004261050710177225,-0.004582411682270894,0.013756823554535494,-0.0017269400570307366,0.006740844835116484,0.05655189700034159,0.11852211424147706,0.02324502057710323,-0.006525254676930538
2020-09-15,0.0015590604229369098,0.016986906487693396,0.01727412902247743,-0.03162600607952608,0.023285362990284258,0.016273042646308956,0.009183071032163953,0.06936453038904387,-0.0043515481444303195,-0.0106952083140587
2020-09-16,-0.029957847473740983,-0.02503409881608985,-0.015115779160464847,0.004221404494975389,-0.03321600998451627,-0.018027100291467365,-0.03736896353390021,-0.017947393738460667,-0.0023139404193100598,0.04158265118608464
2020-09-17,-0.01609233309766095,-0.02279449983567252,-0.016705415364200286,-0.011500089442542955,-0.03357178427326888,-0.010491395262866018,-0.004083353134170422,-0.04237854336559032,-0.005036685212235789,-0.0002644620056352654
2020-09-18,-0.03223390653855775,-0.018049831297685878,-0.024472346043344553,-0.0021329792144098654,-0.009027440247116702,-0.012496865517714584,-0.022250222529769204,0.04326101937694436,0.009918547707102467,-0.01626929973041395
2020-09-21,0.029874914107157903,0.0018798451658920037,-0.014542574975229107,-0.03139784518936167,-0.01749668303311125,0.010671746071658826,0.026553378034989625,0.016241895082045352,-0.029085698378425996,-0.020646911602429423
2020-09-22,0.015593385747411426,0.055362197019776946,0.02054064948719237,-0.010971672512515959,0.026249381775246532,0.023808636533664905,0.009580688463559379,-0.05761528541471742,-0.016615560789255617,-0.025015649696550582
2020-09-23,-0.04285139230322927,-0.04214463095521935,-0.03515606959261047,-0.016363093715416024,-0.02274947098791955,-0.03348290335031876,-0.04152229790371231,-0.10915761260898618,-0.007230372280201488,-0.03261136533409285
2020-09-24,0.010216819496996704,0.0066217097971920415,0.009511846511948287,-0.0008630684617950665,0.0020459167146601696,0.012878598732576359,0.01832782993219388,0.019345803747202597,0.0017786054089425525,-0.002037707180762541
2020-09-25,0.03682942014037839,0.024642604582375296,0.011321130534818206,0.00870366607577671,0.02097829577824102,0.02253052173110207,0.041696517023119814,0.0491842305281949,0.033069345386264486,0.009280990354457322
2020-09-28,0.023588634553945595,0.025178461064278568,0.013528212838005562,0.028372999019500997,0.007818064103939378,0.007765123225153709,0.012447513833788755,0.033459528236176775,0.0024105876090899946,0.01915696222704142
2020-09-29,-0.007596675710789429,-0.00923261654532486,0.00503305671195695,-0.008459342087960599,0.019167090810498992,-0.01046325434701089,0.014527744778630449,-0.005069748902601041,0.0030290945669525647,-0.02960432527586995
2020-09-30,0.014963227588996876,0.0012233973846267278,-0.00028647140568158766,0.009602579412741494,0.0004201800128970174,0.0147037492251575,0.022780595274738923,0.023442192423042928,0.024745013859521367,0.0014576469031831766
2020-10-01,0.008426580827286256,0.022773457377156782,0.015100939111185662,0.007244683379993222,0.017899148594632132,0.01007579633712199,0.006189044101579345,0.043670173422939704,0.004160933823832236,-0.03558038659209826
2020-10-02,-0.032812714178931425,-0.030338326155417573,-0.021947650841688333,0.00944327754719676,-0.02541118500231687,-0.02995547422811701,-0.041408941635031005,-0.07665503512528221,-0.0034875291741222917,-0.004537870865626867
2020-10-05,0.030326589737081282,0.023466537334268914,0.01853429917226389,0.020915488806627483,0.01795746866250899,0.02011742928112418,0.04346347344448185,0.025192518630920653,0.019583515595433258,0.02278285034002139
2020-10-06,-0.02908855094817561,-0.03151160525254176,-0.02168556289660651,-0.010352206304387516,-0.022893830404691225,-0.021476327380518488,0.006866651732511858,-0.02787018407731412,-0.01169773508654792,-0.010427629675959204
2020-10-07,0.016824892866526824,0.030413812448158245,0.0055803970859185145,0.017295208361399982,-0.002089942293325393,0.018858406790062204,0.016426021740596354,0.026977120398229415,0.02735348429179807,0.0032890513945101805
2020-10-08,-0.000956454041214108,-0.0016097349459189387,0.01650960190049918,0.02034692312432934,0.021615155740788195,0.003567980325557805,-0.009009995249321778,0.0014567215247855486,-0.0023545860463075816,0.051203639730366714
2020-10-09,0.017246356666562518,0.02967554216621051,0.018050736285679006,-0.005714839172291214,0.0026125494271645932,0.02453286143495699,-0.005506936305198009,0.018793074176697643,0.016701786515286192,-0.014857490194583928
2020-10-12,0.0615845965941007,0.0464540159772508,0.03521624441702779,0.012178510695609594,0.041842504139525734,0.025572366273321313,0.033105469992418896,0.018943822515122916,0.006475849955779197,-0.0031713966839785833
2020-10-13,-0.026885559114164882,0.0002033158031418585,0.00158375328250083,-0.01633729259006247,0.0014132938144371728,0.006572810131175484,0.0015629358864316634,0.009786884708723409,0.004384914476512377,-0.01190988698050335
2020-10-14,0.0007429494471688547,-0.023481628688544316,-0.002319079804632891,-0.005572290247205423,-0.01576780811299119,-0.009014785967955793,-0.010796190407353143,0.032273287618783654,-0.029300814232172824,-0.002047769190662732
2020-10-15,-0.003968660292829225,-0.007478033616218114,-0.005110884762921067,0.014856536447131398,-0.018940501910676182,-0.005448066065671397,-0.008925721695507791,-0.02729299577407529,0.008415636577912283,0.008746497648599253
2020-10-16,-0.014099472573472422,-0.01994812848396483,0.007832119186091318,-0.0020669037938450562,-0.0029666338167959705,0.0,-0.011410631485291652,-0.020731092265373598,0.016288081853324726,-0.01021176155355307
2020-10-19,-0.025873747805446913,-0.020216949722746604,-0.024374676536513533,-0.016989078291647256,-0.017181220061049003,-0.02507738337833166,-0.022978534443971996,-0.020310891071385614,-0.017367106453021516,-0.020142995723973153
2020-10-20,0.013105738204640555,0.0030508956211158598,0.013716280163071611,0.005695185645619644,0.023291814572401252,0.002005445347421008,0.010886901349781075,-0.020850455371877373,-0.00250137604530896,0.00834345112644385
2020-10-21,-0.0054609493533412995,-0.01001890884724982,0.02225749029100961,-0.010012843519618737,0.040900050216868676,0.000698588896084606,-0.008888490031148425,0.0016576578966101716,-0.001918881641083497,-0.01615338989480283
2020-10-22,-0.009629846810317932,-0.002684886825932588,0.01294866796984999,0.034712734873420116,-0.0021910230414707347,0.0004187400064793203,-0.01218142242391782,0.007425427859397711,0.00906680535583064,0.04999553705379464
2020-10-23,-0.006152727428806862,0.008776346822349299,0.016249184263355625,0.008998792945037365,0.02369949073222757,0.006216444730752593,0.017012561020751302,-0.01219258008931434,0.014840553794852768,-0.020284543339256153
2020-10-26,8.683572175235019e-05,0.0008235515832760146,-0.030270302693623224,-0.025068057469462553,-0.027337659495181823,-0.028854132607555115,-0.03359642045055324,-0.0008324460631960825,-0.02307126958331713,-0.02399767586627773
2020-10-27,0.013382553588676026,0.02442300268945314,0.009167051620199559,-0.01904647274902504,0.022056560063593012,0.014976578970697874,0.019256042530979227,0.010414737676610572,-0.007924275794954111,-0.016019481182168144
2020-10-28,-0.04741918159252773,-0.038319991707740156,-0.05666406742362443,-0.02849022661487118,-0.056716182707926936,-0.05083680519981488,-0.05917478248951729,-0.04493353448533056,-0.039814240725436434,-0.03883083492715759
2020-10-29,0.03638087255177157,0.015134134911874026,0.03004437310479125,0.006504557243780956,0.047994638649988396,0.010014923539908079,0.030956147252276762,0.011777078527549948,-0.014125412172187015,0.04339070286760774
2020-10-30,-0.057648333167538375,-0.055995337191590895,0.03733803564011361,0.008913859910240842,-0.0651772593965506,-0.011051560443295163,-0.03834869450302546,-0.05707106115006527,0.004796602035971332,-0.010672615554318811
2020-11-02,-0.0008271342449239143,-0.010485731675678473,0.005067535773390761,0.02229154269633393,-0.006673665614851002,-0.0006916623259342571,0.003722997878503362,0.03163027338080621,0.022552988931742783,0.04114075914914355
2020-11-03,0.01523684010506177,0.014515652838803237,0.013052199599451012,0.031034224516547228,0.01496283240978243,0.020061294047569782,0.0342804882320882,0.05675891678442002,0.029207048273866425,-0.017211116012503164
2020-11-04,0.04002486421544894,0.06131112770815112,0.05910019785434373,-0.031034224516547197,0.07994383858281869,0.04712089737470614,0.05780345148940303,-0.0069123197353376745,0.0983467197870609,-0.005401890882570474
2020-11-05,0.03487821424118848,0.024635765802841537,0.009491632403029509,0.040083328782836866,0.02508494860286805,0.031389111045912875,0.026169274749294976,0.03983908014025376,-0.0004511857706783803,-0.0018073793458305946
2020-11-06,-0.0011364919730227577,-0.0032050668056014093,-0.0015729236170612649,-0.013410138100615338,-0.004319118914180632,0.0019240628070745663,0.02799435617212745,-0.018755444602258167,-0.01977690997207294,-0.01182741233484671
2020-11-09,-0.020170036581208632,-0.0519488297063862,0.0009599849267524898,0.11238359505767283,-0.05118393366771705,-0.024112728137059676,-0.06608699612324376,-0.020418708541599162,0.007283524796808117,0.09890278755670107
2020-11-10,-0.0030136055144218917,-0.03519509049367411,-0.013546455933459935,-0.0032561703047410996,-0.023005566992143206,-0.03437722950501903,-0.06522963875217248,-0.026215382510501505,0.010487830683769227,0.02194266375904048
2020-11-11,0.02990115738858118,0.03317322672809136,0.005457744158916285,-0.015045536054837123,0.014757188911952612,0.0259159188272476,0.04949839261557269,0.016363110813065698,-0.005642248481190267,-0.01036272447139409
2020-11-12,-0.0023460502805241236,-0.008678484699991355,-0.0025271899851547538,-0.01236051981006251,-0.005076745089593429,-0.005138906672094714,0.0028836894761242945,-0.012957330573612593,0.007675816829890358,-0.03486613356657338
2020-11-13,0.00041932024203637807,0.005939975842648188,0.016751133427937784,0.006243171188190612,0.0067751485714171835,0.004954322338482604,-0.011942314861969986,-0.007948653293047676,0.003548919325204578,0.02384089751818027
2020-11-16,0.008682650854502158,0.0007187867984453675,0.0009982669938971337,0.027834809341867644,0.007231213347842324,0.0033199014465889044,0.016280164301726015,-0.0010042223136041864,0.00322835546563958,0.056048699494975956
2020-11-17,-0.007593121910481444,0.001468143007621713,-0.006997257593236216,-0.010196826323026197,-0.01429716474433644,-0.012833409403135996,-0.006904726551460634,0.07893944622909929,-0.013316375797866174,0.013276617652186299
2020-11-18,-0.011456779091853378,-0.009677888280344956,-0.012003667654734332,-0.007434334862300171,-0.01107943027649369,-0.013271403616581273,0.0004837418586991838,0.09709745318946535,-0.021792291926896464,-0.03848667653607798
2020-11-19,0.005154998052742598,0.003715583547472407,0.010247990057041873,0.00268604193884374,0.0035602900808656105,0.00632817289112533,0.0008562056227241872,0.025622441945055478,-0.022039970527432787,0.005092971967591789
2020-11-20,-0.01101820970733283,-0.0056688516272875725,-0.012698349380487695,-0.008603851806716847,-0.011941860713169602,-0.009602605636463458,-0.0265769351547717,-0.019537882465358328,-0.006848523292006022,-0.01237545599282336
2020-11-23,-0.030193745184012306,-0.0003259651773973119,-0.005092664209535338,0.028396471985997533,-0.004720108325104938,-0.0013315480857661488,0.0039842746818644845,0.06377098448424992,0.0010752925850360865,0.06345479704154877
2020-11-24,0.011527525938688641,0.006328425701275153,0.020817176445090502,0.04520019263262828,0.031138700164193896,0.017690252825109137,-0.01396709113361096,0.0622723727366544,0.002831083356176781,0.06444350202314379
2020-11-25,0.0074395114006332785,0.021263218006347694,0.00013046124180050847,-0.010515541178030777,-0.004814737723891009,4.6991960791682045e-05,0.02115184323557708,0.03297682427747412,-0.00842791082096269,-0.02826614707794858
2020-11-27,0.004814745211981673,0.003219256968037136,0.012891787028626686,-0.006659918115118861,0.008023303101024153,0.006338822519789831,0.002000122697828454,0.02028074420821668,0.014155388460511887,-0.015309360350735346
2020-11-30,0.020880255051123564,-0.008580433078829422,-0.018422567206557727,-0.02793977894007233,-0.003028119441560885,-0.005404081617189724,0.010520550825853934,-0.03149318478843732,-0.004745631828786114,-0.052616324174185915
2020-12-01,0.030361516703327835,0.0162931356533559,0.02307888472737902,0.01565520415306889,0.03400369723131818,0.009947074138006554,-0.0008584674904248592,0.029784568093447848,0.01431685712259556,0.00965660723981857
2020-12-02,0.002929241326474064,-0.00515287341781244,0.01635773732959439,0.019026551322031515,0.003379551619401727,-0.0038929090782309195,0.011472547107988104,-0.02763741793314288,0.01849792107625081,0.03672041349884246
2020-12-03,-0.0011380270468410298,-0.005257991204430573,-0.0017162806179735024,-0.006576989000196064,-0.01991752151612861,-0.005260642890702523,-0.010729281748057033,0.04227093212295058,0.0032168801623501204,0.006736959476416744
2020-12-04,-0.005628512778317167,-0.007607189417695092,0.0010531297354627945,0.009032069425246605,-0.007657212030067921,0.0005602945759135426,0.012039185018446667,0.009493325730045684,0.007055896298538991,0.03590591550223671
2020-12-07,0.012195402831864086,-0.001449259101838023,-0.003696920379636143,-0.0037672256430178476,0.020804601738252045,-0.00032704305880529435,0.0035707799186349394,0.068886056292822,-0.005818779254385793,-0.018891478060739167
2020-12-08,0.005077869605618632,0.0060897673194401595,-0.0031419681608812053,0.0009842340025587918,-0.007663137479343878,0.00799488976305077,-0.019049667645474395,0.012573321033348567,0.0,0.0322375973486533
2020-12-09,-0.02112502987196149,-0.023272568006966705,-0.018651125761331794,-0.00781730349329038,-0.01952568339392843,-0.019682317690327446,-0.031908170966751206,-0.07241913725041024,-0.009967308757900813,0.013170232496078228
2020-12-10,0.011917270180545272,-0.0008734778193995013,-0.0057593665447083706,-0.006464639181500239,-0.0028827089298053767,-0.006061802987998712,0.003204222850064323,0.03668958724599977,-0.013917400738484168,0.027879033899489834
2020-12-11,-0.006757276828816724,0.004802302959357711,0.004036798681606652,-0.00592074983156944,-0.01296643074554316,0.012931340661730673,0.0031557582652178783,-0.027615591895456065,-0.007624829911321251,-0.004783141834206028
2020-12-14,-0.005159993351728618,0.012927776593180737,-0.012781379339109177,-0.010594508238440867,0.0023370373857398655,0.0043981776485545075,0.022453573987513697,0.04775997018342951,-0.0027926496912151167,-0.03673963263929395
2020-12-15,0.048876025860276215,0.0025782705182143205,0.005020795150300434,0.016930896059505655,0.004947724284898355,-0.0003269884697702793,0.003880713010540762,-0.010337277993335172,0.010476823406208388,0.01923583607151934
2020-12-16,-0.0005474631160067777,0.023678659082595685,-0.002211385213399068,0.0029047855664605608,0.00043552566489021404,0.023766144994530742,-0.008871098885890242,-0.016688013184044656,-0.0009722108207590245,0.015217965872072777
2020-12-17,0.006939271595104204,-0.001506881775001751,-0.009537535583830473,-0.008321823133106103,-0.004326212155709234,0.0006383723255136417,0.007429424458933069,0.05183107739238726,0.006843026307146961,-0.00504685763437458
2020-12-18,-0.015977733558508896,-0.010696397444651836,-0.008244198865975553,-0.004942218016080597,0.006970614948319305,-0.0037898713464701284,-0.005204315218413178,0.05790353852575241,-0.009675836749728576,-0.01739952676738487
2020-12-21,0.012318999072693342,0.001413904523066775,0.004819570015611885,0.03685031022139622,-0.013146907533268618,0.01813355047487559,0.004529470147869005,-0.06715493498509616,-0.00682067609552495,-0.01842318051368413
2020-12-22,0.028067024641204703,0.00010602891458408637,-0.008301341938807624,-0.015333491374117485,-0.021116397633765296,0.006046734249326515,-0.004058734408980626,-0.01475762913420309,-0.003188726874146106,-0.01706966098745784
2020-12-23,-0.007000166930375063,-0.006649178948489452,0.00464543768328707,0.027561164849512675,0.003811631539099692,-0.01312504626176154,-0.020466475714006494,0.00876920991536227,0.0076717362332678575,0.012769731134368339
2020-12-24,0.007682483619092055,-0.003957235360226408,0.003425336452866411,-0.004407161755167805,-0.0026519596934179287,0.007796858874019121,-0.0011924273987492268,0.024149533626973363,0.009434475013251177,-0.0040782452171472154
2020-12-28,0.035140901017948735,0.034470151618254896,0.022691221590988433,0.0065636044038534505,0.03527212761487961,0.009872585614931624,-0.0072411271577676566,0.0028971067347807124,0.015027561812696755,0.0033596751565502818
2020-12-29,-0.013404254301198553,0.011517048584034767,-0.009173927300798529,-0.002636323645710506,-0.0007945872350660269,-0.0036070488157861767,0.003347316300319011,0.0034595328945027123,0.004038944808357237,-0.011324112912543781
2020-12-30,-0.008563238095663471,-0.01094170357368153,-0.012312640434955936,0.0027960296400998496,-0.017898895191722212,-0.011080477595855467,0.01552395843095296,0.04232058232357712,-0.006817848016798576,0.007964437755993354
2020-12-31,-0.007732518235068857,-0.008840331459923346,0.00939551707418867,0.013548334594528094,0.0047336134235202824,0.0033322908053091092,-0.00692724523271175,0.015552413007484785,0.016358895091247785,-0.009176825031032452
2021-01-04,-0.025029931614109893,-0.02182109847190733,-0.01524128795525122,-0.009488259498956295,-0.015569385123874424,-0.02149523136600717,0.004471114163104929,0.03358173995604568,-0.0033704544365096207,0.00676996365866026
2021-01-05,0.012287782761085398,0.009954646073317086,0.00803183258513602,0.00542658465932324,0.007519581561342306,0.0009640278768690233,0.021966930995511277,0.007290726849836652,-0.013538901764239405,0.047067423826611596
2021-01-06,-0.03424098032778014,-0.025211776834210834,-0.009916571983906714,0.045886669438980225,-0.028675998025168244,-0.02627126887101891,-0.06076236694939073,0.027994766442436515,0.041109431170371545,0.025197462061035236
2021-01-07,0.03355408211115088,0.007548565530855581,0.029431361150762208,0.032311296696294296,0.02041241383306121,0.028059605276542773,0.05621980836452226,0.07644846869014829,0.015905511928438323,0.007814964928616676
2021-01-08,0.008594190464813436,0.006474509430722278,0.013151946205773597,0.0011036275751860906,-0.004362942545814691,0.006074399474371287,-0.0050523295380571955,0.07548123816080572,-0.0045027745586369945,0.011059329397921293
2021-01-11,-0.023523454972194893,-0.021754382256951105,-0.023376799561740838,0.014813929120008836,-0.040928117634519375,-0.009745880015163374,0.025635023132791233,-0.08144231364811663,-0.0072916898431790705,0.0299049939796414
2021-01-12,-0.0013965841053947977,0.002123540741920703,-0.010796634178193933,0.015596497336559812,-0.02264175792108923,-0.011840686628239831,-0.010090092757921375,0.046075003355075396,-0.009413483882368118,0.021960442670312188
2021-01-13,0.01609657751226454,0.014335165650269394,0.0056360491486774095,0.0009268616279457184,0.002188002031918557,0.006538774883133683,0.003479420284471947,0.00583390055163722,-0.006541128212724476,0.011215041987304603
2021-01-14,-0.015242786260621054,-0.01220978211670719,-0.009389929979880664,0.0058257649386512815,-0.024132468926399267,-0.015464960229371619,-0.024802867533981556,-0.011074621019438693,-0.012784276037178658,0.03829105353635155
2021-01-15,-0.013825744188524,-0.007452299659631569,-0.0019083178825047996,-0.018084328142944122,0.023019209755183387,-0.0017387713334463106,-0.026152817640059382,-0.02254816438492551,0.002194283718161596,-0.04929749989149683
2021-01-19,0.005412554760789575,0.005304424924284414,0.032376685380336355,-0.004337646499460322,0.03801724030107998,0.017665949199524588,0.012806685522235031,0.022015499815695144,0.0025300564323997863,0.019643089609061196
2021-01-20,0.03232837989653415,0.044686981065348005,0.05218751034341241,-0.015108818923109243,0.0241413764751291,0.03584967921595773,0.025805850479879634,0.00696170884124915,-0.00384021689204368,0.014028878522575885
2021-01-21,0.036002005542952326,0.01327491862890803,0.0021678092905364297,-0.008419548140181034,0.0199505847732924,0.0028041291795092307,0.03685231157683971,-0.006440854103183227,0.011787361045243245,-0.029088395604159642
2021-01-22,0.01594587849320795,-0.004473303364494828,0.004453516804997215,-0.0077432886100759326,0.005955867585244762,0.004346448671141935,-0.011240069260227145,0.0019507385857471659,-0.02120920015149088,-0.014235034241172274
2021-01-25,0.02730734804177026,0.0005374909810066927,0.0009083327764686949,-0.012560853785272708,0.012705873241915999,0.015720291859670915,-0.0043302183058541235,0.039555086200732226,0.0007477500598709581,-0.011237476882730184
2021-01-26,0.001677905840226952,0.009706872588035214,0.007190689746772481,-0.004095446168155321,0.014427293565276559,0.012124875140722169,-0.016095854097886223,0.002596544878530684,-0.013605531045607386,-0.022206306116165742
2021-01-27,-0.007713239923740068,-0.028528919404602372,-0.04777541843637767,-0.02867900684063801,-0.03576791904928524,0.002450392633094022,-0.03927951232270878,-0.021669174678462418,-0.029938303819544803,-0.011401289924035676
2021-01-28,-0.035612054407290705,0.001557905206109897,0.018659881007604753,0.01744423805780898,-0.026586938755443483,0.025561351221983778,0.010262671487918415,-0.033811459334112025,0.015376876910841738,0.015534825162772456
2021-01-29,-0.03813845117859533,-0.009752051571646207,-0.014041675866737434,-0.01112935586829036,-0.025491744619729476,-0.02960560698318539,-0.004704420309220539,-0.051455133708131096,-0.013606374238915277,-0.02684428830477652
2021-02-01,0.016384697434060368,0.041746274050055085,0.03532772586249482,0.007355936608938188,0.014144920460247097,0.032614555504911456,0.01885558643839534,0.05668432585298431,0.0012579194383277705,0.0017826214871915396
2021-02-02,0.006316958591179304,0.011043015400718599,0.01366689240348342,0.030318186589779476,0.019165372493345375,-0.0005842681739963732,0.023868678348643563,0.03851924269165984,0.014032956109521258,0.01568226588204341
2021-02-03,-0.007808863587451708,-0.020163489626646183,0.07029550321783486,0.01138632925281098,-0.0016112364227146624,0.01446627432645938,-0.0019384044916267613,-0.020956118951172036,-0.0024532211625995777,0.03847872864832361
2021-02-04,0.025431737588464447,0.00556035766663457,-0.002553329951084483,0.022752050172100146,-0.000600085615733804,-0.004082324087376942,0.009836589836835751,-0.005514295631595512,-0.02569102472379698,0.019008219458314168
2021-02-05,-0.0031029093808869835,0.0063293425623789645,0.01699519589678297,-0.001954771282511234,0.006023211567179083,0.00078486848526135,-0.005375195439840697,0.002631883215661463,-0.014713137303243445,0.032970322223817634
2021-02-08,0.0010962442178163465,-0.008751967758836224,-0.0020655785674709905,0.015533091173837872,-0.005685561312643636,0.0011140445906221586,0.06050795584206088,0.013044842106937113,-0.0005238949932060971,0.042142458483485974
2021-02-09,-0.006595679753331978,-0.005413479034808956,-0.004389497894407798,-0.004003635434886057,0.010708230923437407,0.005347077444425588,-0.012229491195554228,-0.016300455142510474,0.016178173825811663,-0.01178093416000237
2021-02-10,-0.0045684246434116865,-0.005588994815406755,0.0053293221801156395,0.0005726424829712733,0.008941363961242526,-0.0039046926418387553,0.03452246164717214,-0.053982110546516617,0.01137210042166259,0.009631327617224668
2021-02-11,-0.0019227239604115924,-0.007467083315264711,0.001087480119063833,-0.0027963678322684843,-0.005458585406939283,0.0068539214539555075,0.03242008693220709,0.008462878423046197,-0.0009900982882493727,-0.025357732440986266
2021-02-12,0.0017746857533001755,0.004764600739063575,0.0030020229927075846,0.01411685008422158,0.00040659064737491346,0.002042986454081665,-0.019165298061437637,0.005479859012751231,-0.014607982401602805,0.01355111109057277
2021-02-16,-0.016234929943972475,-0.002676197092374675,0.007451779385140434,0.02378579214879484,0.012746596473866629,-0.005279402106322046,0.0243646190322415,-0.024685864957400334,-0.011089692491581335,0.029643386932116145
2021-02-17,-0.017801423399517194,0.012068471325383062,0.003745341009381056,0.0031060152360331814,-0.0014609844311154958,0.0043501005154082985,-0.028064296517069202,0.0024209343993348833,0.006876663492398333,0.015445045207758433
2021-02-18,-0.008673962900341026,0.005903355134450001,-0.006064940007224676,0.0033711066299849856,-0.015397518557227041,-0.0016803580716160092,-0.005178966439593283,-0.01358555824881115,0.004730803989241242,-0.015829517377784943
2021-02-19,0.001232773896434756,-0.023816428691007405,-0.008105589802240274,0.01655287582461805,-0.02949639645601758,-0.011634628586461216,0.006553404067341997,-0.007751801260508434,-0.011730621523369797,0.006705717970583581
2021-02-22,-0.03025217540944042,-0.02151030634661799,-0.016678797264557992,0.00934717229688317,-0.004713730951531483,-0.02717428193115876,-0.03898751553319294,-0.08937612559287707,0.00938352625255888,0.03619020897338508
2021-02-23,-0.0011116629027916687,0.004316729031036398,0.0028483908114787892,0.007999374131110501,0.021019570595446877,-0.0053016132843692046,-0.015001612539806624,-0.022161184525391956,0.005691205145778473,0.01371774241263001
2021-02-24,-0.004060326635531074,-0.011007327640787778,0.01143383895454109,0.017442145221140258,-0.005846900726562275,0.005472148415512986,0.02493042996311606,0.059954347975619646,0.008160455768417368,0.029532472201860255
2021-02-25,-0.03540182553536835,-0.03293690001850802,-0.033107379059333523,-0.013664708174156343,-0.03707557820196167,-0.023990431767075535,-0.08575168559651924,-0.08402401628244031,-0.010104574198699168,-0.016717528121160015
2021-02-26,0.0022289891328698655,0.011632467716052848,0.0029519633056246386,-0.026882408393296822,0.011438522531032851,0.014695622434312279,0.03012601145907494,-0.009898985904473094,0.010134758608677236,-0.02524424825028207
2021-03-01,0.0524512924455848,0.017057488725899683,0.02334190852620342,0.022374404240322977,0.027904628094494524,0.019432888305678436,0.009235476933554882,0.061615106636751404,0.0072878556110198495,0.036656717114831434
2021-03-02,-0.021114921571164874,-0.016540301818484742,-0.002505989249961678,-0.0032611212325808613,-0.022562238800683598,-0.013041480170974326,-0.031968505078752985,-0.04554943930628858,-2.9763437677265276e-05,-0.005868322980085821
2021-03-03,-0.02476083146742545,-0.029358478249911932,-0.026042547330553396,0.019147540490949664,-0.013957950711149766,-0.027351453694181332,-0.04590449835548833,-0.04963546753524194,-0.005303534519803225,0.007993658848732314
2021-03-04,-0.015938322376983168,-0.009170074897274566,0.011133920825404786,-0.015487787635248917,0.008693234852246845,-0.003654095543035212,-0.034522108029907565,-0.04984401019282242,0.0028203660434301466,0.03801535684383875
2021-03-05,0.010681341492842559,0.007658083796422065,0.03057140879374022,0.0023219369221067496,0.025445839382972443,0.021251846065107466,0.007349766475693964,-0.03853223628041701,0.03904063485822557,0.03711581958298569
2021-03-08,-0.04256665321866291,-0.016299583149453855,-0.04365089847675902,0.013165850713142158,-0.03453071281693874,-0.018345126161602818,-0.07222072632823227,-0.06022747806878096,0.008805826619275554,-0.0009854230230923868
2021-03-09,0.03984517410669445,0.036879873274693574,0.01623591305423015,-0.007087942139207013,0.040039788287999256,0.027713985458399894,0.07726928199214436,0.17932714140524914,0.0051557550788245594,-0.015563074857505958
2021-03-10,-0.009209131915546271,-0.0017024656850275469,-0.0020458549491681635,0.021502093153171087,-0.0031658757330529337,-0.0058345348290192245,-0.004162086712718961,-0.008228833280182691,-0.006784744869724724,0.030240540036557746
2021-03-11,0.016368154932363026,0.018133028189585527,0.031114189142122634,-0.00523534722676694,0.03333765007604961,0.020062491821758874,0.041263749884845526,0.046130766690605556,0.009961589188609532,-0.007474929891039994
2021-03-12,-0.007654763791885609,-0.0077703841773409145,-0.02435459333077871,0.011788821794170928,-0.020211638006522478,-0.005836457256023492,-0.010638326821900008,-0.008425900400429927,0.011782007138630847,0.010707572118900015
2021-03-15,0.024162473194499018,-0.002531144890792291,0.0021634582594165903,-0.00500776534589134,0.019736800449427747,-0.0039952466381341,0.025742907789624278,0.02027649657712341,-0.006028986065191009,-0.025826863150034962
2021-03-16,0.01266257505968074,0.0032979661178309406,0.014233087147762618,-0.012043842318618525,0.01999969835225278,0.012274734600305948,0.007552161245700178,-0.04486533694757771,0.002032552779684318,-0.02142332158852824
2021-03-17,-0.006471526002943206,0.014089129048404545,-0.0008018291569291675,0.010240150191009803,0.016794449947856616,-0.0028226502015991153,0.003755122796081111,0.03616869761350537,-0.006848270146245962,0.004388644633992791
2021-03-18,-0.034493217283908854,-0.03496292546552067,-0.029674098725256875,0.016371598503818984,-0.019160498546230836,-0.027023946334823384,-0.04748892609284061,-0.07184055905976201,0.027639972979158548,-0.044076334543394984
2021-03-19,-0.0044904413775492275,0.015392830040768038,0.0027765474648886626,-0.016049130269104327,0.04041126382607278,-0.0016051153257992078,0.009640857198353201,0.002614584056873359,0.00970311465580055,-0.005648731059758191
2021-03-22,0.0279418062077826,0.011610547696605156,0.001838540282263637,-0.02724717116334301,0.01175386310566484,0.02418968941720268,0.026161875309137946,0.02284097771296026,0.0034949290804347716,-0.010320567480647174
2021-03-23,-0.006912646223976982,0.008523856571831514,0.0052259173223663585,-0.010052083895805489,-0.009963013211818486,0.006714863351987552,-0.008797963073451574,-0.011770465503008509,0.004460503293202643,-0.012418015176811193
2021-03-24,-0.020196078877765263,-0.016203881085462144,-0.004320152781497549,0.007731303860584117,-0.02964746179480262,-0.008963185914873939,-0.03327302715561449,-0.04935894253519092,0.005682547309217228,0.02007954435942443
2021-03-25,0.0041548967148931455,-0.013307791454017294,-3.463537195682935e-05,0.01273243726062477,-0.012124034619443344,-0.013339197260384884,-0.008559256001766664,0.015929083234572167,0.001321457405971601,-0.002844022475675029
2021-03-26,0.005128255809721908,0.0018923206745425616,-0.0038105382738385864,0.016513045703224993,0.015238059969605222,0.017661684165602324,0.023962246624211335,-0.034440713289359076,0.014420235572245917,0.026869669558002636
2021-03-29,0.0014839566556872827,0.007735312514846097,0.010347752256136314,-0.015661585182803042,0.02718709627931365,-0.005257263879675848,0.008453653258912803,-0.012065159218404247,0.006829515313214285,-0.005386004610485359
2021-03-30,-0.0123503869725563,-0.006667777807782873,0.0003323014753250011,0.01172078402926125,-0.009744131979145807,-0.014515720048772416,-0.005925366165599675,0.039029424523405194,-0.014616023437506,-0.012446678175600872
2021-03-31,0.01859184534653005,0.012616087083554913,0.007812118863352857,-0.014672600536252819,0.022420584692077153,0.016766075190413905,0.03635032179703171,0.04958242699342897,-0.003996401568513246,-0.015286430334212732
2021-04-01,0.006934383982279515,0.021397878158709596,0.03209035778149162,0.009675647907661901,0.013924937566773434,0.027526222671980696,0.034134282678734015,-0.00929552576717066,-0.01352955937078394,0.027558719372982887
2021-04-05,0.023303601031802675,0.020580800847156144,0.04101985487686538,0.005286333408660139,0.03374419918202232,0.02735106672454854,0.012644552569662284,0.043324388497766333,0.008436719756335,-0.015629462107156693
2021-04-06,0.002459170709366437,-0.0009022971624071701,-0.00438101995545779,-0.007054863880930489,-0.00861571603596362,-0.004869873275349314,-0.00904893805842513,0.0008244361718844317,-0.015819497953467185,-0.002835791227854815
2021-04-07,0.013301765680303463,0.01709045911872312,0.013385142398347608,0.015546525347652964,0.022056250090195812,0.00819663600457145,0.020139712906952798,-0.03031223705748461,0.0034793720657370062,0.004427562375445469
2021-04-08,0.019050909554267463,0.006052887214350471,0.005078585328488753,0.0012253386378513827,-0.00022350449530463316,0.01331625481857183,0.012192777729881277,0.018941076007001657,-0.0020531795354992804,-0.01048053657194313
2021-04-09,0.020049312922263224,0.021855051421528913,0.008953663020359114,0.00745063648114786,-0.001790625429803703,0.010214449122309543,0.0057804956218600765,-0.009964638245883383,0.030790663403339875,-0.002324392797757063
2021-04-12,-0.0133217446946882,0.002129852126864464,-0.01153876394327803,-0.002114032428831182,-0.0029488616139863467,0.0002344279147553878,0.05465923940775207,0.03620406408291566,-5.293029064075859e-05,-0.0066443449674548245
2021-04-13,0.024016020759491427,0.006080225513606812,0.004360940465366986,-0.01199865563617834,-0.005729867063722694,0.010030985931916557,0.03046655840582853,0.0824615371588125,-0.004741815761741669,0.0037766987878892254
2021-04-14,-0.01801369770900919,-0.019902668921269934,-0.005569011636403333,-0.01886720955100837,-0.02265928169426862,-0.011282382600970756,-0.026005468922450658,-0.04027179907894094,0.0030127099921581674,0.028489752036192605
2021-04-15,0.01853448193637248,0.013733669660684043,0.01914713004666714,0.006328819635024673,0.016376558783628637,0.015182249235195509,0.054781842770803876,0.009000306677510112,0.03756778171745227,-0.005949260817907538
2021-04-16,-0.0025308311620697386,0.006004280530908502,-0.001094398126081933,0.0073984387127982686,-0.00534206245352083,0.004767128943881308,-0.014025426540436765,0.001257911412789418,0.0025609150681205144,-0.005631749316697339
2021-04-19,0.0050553897745353816,-0.008101740463144907,0.00306603764288871,-0.0042492722843103636,-0.012951647984995589,-0.007700120554545867,-0.03522427034396943,-0.034587909254449344,-0.0029969883242923854,-0.003181971933955986
2021-04-20,-0.012912773585988612,-0.011129268476364956,-0.004705726979245605,-0.022391016604306344,0.0013555752122540047,-0.0018568481044156635,-0.012478581539195259,0.006082481415169929,0.01701548767149551,-0.021294485087277912
2021-04-21,0.0029253832052051018,0.008162267510845943,-0.00028960044602394894,0.008472197652032266,-0.003906470720013419,0.008942903422264501,0.012397110168695045,0.03435484924604316,0.005733263222807341,0.012759754096968999
2021-04-22,-0.011753827952768284,-0.015883879438343667,-0.011402052293418504,-0.021282281171786193,-0.016555753047581064,-0.013172464982400826,-0.03378253695924477,-0.03338171795091616,-0.005708149249060081,-0.013121707221639824
2021-04-23,0.017877619582752365,0.009576191314045886,0.02082913492897614,0.01895465909163853,0.015427353150584612,0.015357615914322952,0.02756242180978264,0.01340170287553078,0.009462307403888095,0.005413398381505679
2021-04-26,0.0029733947258472923,0.020184691912166108,0.004338582810417254,0.002460671204030848,0.006322731197414523,0.0015304688846984069,0.013840518586399665,0.011992516455123612,-0.011178720060911635,0.0019773857383076723
2021-04-27,-0.0024526514225334567,0.0024698649221989518,-0.008237674790214247,0.004572338785514793,0.0017473876933429403,0.0016046216438831476,-0.006238036404578422,-0.046385859854230695,-0.003441433048637176,0.013025711566125161
2021-04-28,-0.006045163197942841,0.011946146532530181,0.029275107019821275,0.006458166150988672,0.011561131542710094,-0.02869341007123062,-0.006849413135874772,-0.014780794025162398,0.0002281890776403528,0.029691086372340567
2021-04-29,-0.0007490356648698007,0.003697092085053035,0.014192796250981611,0.019257827554310707,0.07043333266641039,-0.00808587866774879,0.003136877233122665,-0.02537683713134589,0.017484801172984083,0.01418242802057468
2021-04-30,-0.015249032657647562,-0.0011212645540177846,-0.016543924330842633,-0.008932278770922184,-0.013535480577897543,-0.0013076373867630241,-0.02078580140113965,0.04680461290993818,-0.00687179759668114,-0.029267196520029966
2021-05-03,0.008181981343486612,-0.02361686640013657,-0.004437290178430033,-0.0029298990340006687,-0.007720249754705267,-0.0012697911600272277,-0.011576056685233763,-0.035203052789871174,0.017646507167213565,0.02722921342675973
2021-05-04,-0.03602681581058254,-0.022280927908247625,-0.015592036718626754,0.013729149454394959,-0.013168147417499018,-0.016291779595454938,-0.03327025128396679,-0.016636360929421883,0.013313390231674055,0.006270488010198156
2021-05-05,0.0019535050812573345,-0.012557955081461925,0.0034360365191539914,0.013035467855208538,-0.010546607285170028,-0.005341325590388236,0.007445615477300504,-0.003956776807325818,0.002815850458809032,0.029629382094952077
2021-05-06,0.012721162506462028,0.010895826077640012,0.009707648437091343,0.019924388187690614,0.015747297945791116,0.013139992183957762,0.004451038859965801,-0.011090612633393284,0.005970091736965889,0.009467783369639738
2021-05-07,0.005313205245004615,-0.004474051509126132,0.006218338674914376,0.0034169019278147473,-0.0029416669126516213,0.010872800519534608,0.019720932494083725,0.013219694470214068,0.0064374511724440905,0.01419618215755826
2021-05-10,-0.02614307999112077,-0.031202294199865952,-0.025920544425899392,-0.0001240190409844451,-0.04195479159287395,-0.02113617068045947,-0.03759294606353525,-0.0666139869184463,0.007727998476179495,0.002399812438377067
2021-05-11,-0.007438078740598054,0.010420336143649124,-0.009509475103013181,-0.01676320570295995,0.001828572306006088,-0.0038508035059278698,0.0028348810066859513,-0.019001672485714396,-0.022076613303782792,-0.032315976662219414
2021-05-12,-0.025254672325611464,-0.022576744303825176,-0.031235247612420365,-0.006898565045116434,-0.013069137635561287,-0.0298024045193949,-0.03903962321896954,-0.04525703659502106,-0.015494408364110656,0.005344202111687536
2021-05-13,0.017761167138910006,0.0030189822880309276,0.01300003214702035,0.0253967474634415,0.008917437091815906,0.016721109221583277,-0.006800738681320375,-0.03133918628539079,0.007838234689221448,-0.012401897522236052
2021-05-14,0.01965033261755203,0.019244482527551766,0.02189348214212678,0.015422511745581454,0.03438842666569811,0.020848624769780437,0.04140947027799299,0.031084853734470938,0.0030303962925014357,0.024486963076344855
2021-05-17,-0.009301717692328286,0.01462764646007257,0.004615639533365962,0.004016035056781933,-0.0015206824783732583,-0.012040787208556074,-0.0054561625277345415,-0.02213414578006038,-0.0028590462144456015,0.02309813242818101
2021-05-18,-0.011309412576521021,-0.011721487581113643,-0.011623103210333677,-0.014189159751365638,-0.017588414391935696,-0.008601833392984358,-0.010627714268304597,0.0018013224952045325,0.004273499542147295,-0.02870861834959266
2021-05-19,-0.0012823336710823577,-0.00014852585753418506,0.00398332481899959,-0.007666635069680101,0.011643103511535975,0.0024708422305815265,0.003561017700298833,-0.025252562795766022,-0.002146544115999832,-0.024287316260139028
2021-05-20,0.02079422793164789,0.004901676923524499,0.01548588489065264,-0.0017396140221156056,0.01588130496314158,0.013725507138357794,0.038134733233754284,0.040553601408475165,-0.0021022557698500794,-0.0023765433674619195
2021-05-21,-0.014877108354975374,-0.013828021471269424,-0.005572672573866804,0.011314430578304958,-0.0074976000443793345,-0.005328733200179639,0.02562252531980815,-0.010105809239520404,0.007290133441614856,0.0013588169797372767
2021-05-24,0.013226355224853614,0.0129993563234214,0.028748707309385637,0.005395249665191082,0.026215988792859798,0.022624007167949926,0.04053988361234858,0.04306162202970284,-0.0016533564309327722,0.011642865571486524
2021-05-25,-0.0015747097845982912,0.004323491452926749,0.0007746487940920994,-0.010387808807704409,0.009687129560261314,0.003741366796231538,0.0022871603705320724,-0.002889839951081735,0.005097212262698709,-0.022907704989400264
2021-05-26,-0.00039404976724889684,0.0018730010825371592,0.00735378574052252,-0.00012344359698999942,-0.0003968218766072815,-0.0009142202522148781,0.0033335319587976756,0.023599290742317446,0.00038731143482875963,0.011604353221126884
2021-05-27,-0.012454329526460185,-0.010792589148289969,-0.007434170526170657,0.015451813733878932,0.01541508263362124,-0.008706076071319638,-0.01359502601459402,0.018752900206065234,-0.0012350174053838417,-0.006468271210761173
2021-05-28,-0.005362232594989598,-0.002181807353604432,-0.0024706290963453933,-0.0006692733219510531,-0.012154647778200793,0.0014830401895210904,0.0476888019226612,-0.008964584890580543,-0.0018920215471024866,-0.003249932539272315
2021-06-01,-0.0026518791784514374,-0.0013723560569097765,0.010270238669111927,0.010960190224499988,0.0012158906898620623,-0.0091736744788311,0.001230364509898236,-0.002113500469111133,-0.012704140425909942,0.03518000993328251
2021-06-02,0.006256725010210296,0.004754641593085972,-0.0044572654719812295,6.010246366655495e-05,6.093827249747027e-05,-0.0004043079524063113,0.03109881143622384,-0.030563287475861584,-0.0021413437795372746,0.007907805020707747
2021-06-03,-0.0122286984460743,-0.014633490299348802,-0.00975392996826241,0.0006622562091817476,-0.009493623587095563,-0.00645021922167787,0.011348789659640505,-0.05482031154624073,0.0051854288351498145,0.003930462317685855
2021-06-04,0.01884354520412696,0.0060095641643640885,0.01940096107797607,0.0016233754443374419,0.013132788653835933,0.02046404422699544,0.035230056258678574,0.04473860632554917,-0.005702675172516568,0.00440350456755408
2021-06-07,7.933632523594796e-05,-0.0025639767739557943,0.0036407238490810145,-0.004697405680047703,0.018682982705911233,0.011969954224516893,0.0023153680482538167,0.010098272085864791,-0.013377069228855206,-0.0065305398860894814
2021-06-08,0.006649854246787577,0.02045844509486988,-0.0016081211544910646,-0.003991774799960103,-0.008653533611154791,-0.004897526254548528,-0.009237051847595585,-0.0025481655598922595,0.003715804927327439,0.017535939062053002
2021-06-09,0.0030723480628129496,0.005206770515708458,0.0039530620205212325,-0.012563651582763348,-0.010332324148054283,0.004030475238711101,-0.005443465793176318,-0.008000903407653626,-0.0015942724236544465,0.008334682331350823
2021-06-10,-0.008055479770147271,0.020661910893956897,0.011228549244608714,-0.01571144296214517,0.006669583733138957,0.014290571767184186,0.003837990925236588,0.018761400839628444,0.0009717677156043016,0.0015947627467268243
2021-06-11,0.00978452288481766,-0.0008421810689315857,-0.002026667002379964,-0.0006858695130747119,-0.0036159343470237577,0.0025239001892612763,0.022709688335998728,-0.00037708912038201647,-0.009006846090672803,-0.009286191845849306
2021-06-14,0.024280722434370912,0.011006334685231454,0.007669528703697816,-0.017114945119906837,0.016496472600252898,0.0077252024681875725,0.010797208930280884,0.012708130416930218,0.003186636108767558,-0.0016097273146236284
2021-06-15,-0.0064585097573082026,-0.00021872359760794925,-0.008414461067752855,-0.01528427846466599,-5.928493586150496e-05,-0.00590462306739857,-0.012860943518864553,-0.03012429716067012,0.002801969860122672,0.03576337424119554
2021-06-16,0.00392602336799578,0.009449397061352359,-0.005342993930951045,0.0069997998344483855,-0.01698078175004323,-0.003800308956412309,0.0012221410214814956,0.009151155788618984,-0.007598570850455067,-0.0035816365859809114
2021-06-17,0.012522103934399774,0.02143330072900694,0.008007745927613268,-0.029284964873420926,0.01626780643921539,0.01358370389950585,0.04646071585437118,0.0192069740346885,0.00025167236929435685,-0.0334714026806682
2021-06-18,-0.010142606161183402,-0.000670883305820527,-0.013499986645930362,-0.025628684729874302,-0.020566011947117893,-0.005650430622355024,-0.0009922597470441931,0.010823457790850165,-0.01663152139347814,-0.02598398585573015
2021-06-21,0.014005119975682634,-0.009491708765252797,0.01406660922724672,0.016825961187483595,0.00794632955155307,0.012259231862578523,-0.011411974799477358,-0.003986737073227676,0.0220980357277081,0.03561635883653171
2021-06-22,0.012618444654948451,0.014794678093753032,0.004243464359403924,-0.0014634547696263567,0.020080508125855073,0.010906408140622466,0.024629805979185487,0.004628256702323586,0.0015561480146102347,0.01899093324287488
2021-06-23,-0.002092125911330284,-0.00046229652298874693,-0.001665054549984793,0.0060402003190492895,0.004590706313149964,-0.0009044279407905098,0.008987049734143056,0.051343820984031875,-0.007881759397727188,0.007341092648180506
2021-06-24,-0.0021709655547195303,-0.015746270765313524,0.0030496679730758476,0.009155996075129048,0.007575685256110354,0.005338901565641246,0.007749170115192256,0.03479874196476401,0.008333156163135918,0.0040377758555042356
2021-06-25,-0.002251487137734189,-0.013902758645549816,6.928410534854698e-05,0.01004700652509418,-0.005288210957980708,-0.006281594121035693,-0.009127670014516186,-0.011763228305736152,0.015128003087489014,0.0021675516466224433
2021-06-28,0.012467975799033535,0.012396928694551673,0.0002246687842171324,0.0018158812541384866,0.04095228695265785,0.013864763604110831,0.048912912533646775,0.02476994196174637,-0.00865572552053336,-0.025849256301470443
2021-06-29,0.011434625630650267,0.0012332733462509843,-0.0021528975221144653,-0.0012319547995740035,-0.010600420219692545,0.009923504573331502,0.002086869531398509,-0.011624991064809973,-0.00840479502954372,-0.00620886856527379
2021-06-30,0.004610315963018485,-0.0023169853895690052,-0.0014975838449393598,0.009041578102971003,-0.011949931105211534,-0.0018441012244844878,-0.0012114229054948358,-0.0015582931945795787,0.005860805907177638,0.007319313026188565
2021-07-01,0.002260859936323184,-0.002092189192267082,0.0029033599691571394,0.009852471614341947,0.019029406566658084,0.00258079056806223,0.010419089653059124,-0.00262225819371756,0.011051530633520644,0.0028492166294088513
2021-07-02,0.019407135271500515,0.02246941064938596,0.02271368387724217,-0.0009611872169381552,0.0008742981720585446,0.022030941276495724,0.013513993385395143,0.001444593124038416,0.010979451779785952,-0.0014238857428630447
2021-07-06,0.014611205533221405,0.04585930904650017,0.0074172393546013135,-0.016934013875602002,-0.005428016295369449,3.602939953492136e-05,0.010270957619858337,-0.028870583198134143,0.002196156632659316,-0.028908115859340697
2021-07-07,0.01779591976732027,0.0056535525885647525,0.0022479499949025904,0.001172682013010824,-0.006512209400229982,0.008142076753672029,-0.015912114328755493,-0.02289574720602526,0.003406839553736483,-0.01576635093080291
2021-07-08,-0.009242495438356124,0.009378115281815287,-0.011371065026152124,-0.017404062105386746,-0.013905513668845073,-0.0090065666227799,-0.023291451062129074,0.01257859403128338,-0.004162831771856166,-0.00447948300418955
2021-07-09,0.01297062191811783,-0.0032399471675578434,0.0037874565815120926,0.031497992313155615,0.013705773295499955,0.0018726717552223495,0.007383539831490209,0.006321812249024031,0.005255174285136379,0.017961873440682754
2021-07-12,-0.004212672348906003,-0.00021237069203446337,0.011541069470067743,0.014214321898868319,0.007788728487009596,-0.0022334507730303373,0.02279332502528509,0.042832279170544656,0.009491204251438174,-0.0009801591703550096
2021-07-13,0.00785864241679128,-0.011138754050319735,0.002878168527297784,-0.01498531156608843,-0.0030343754790669486,0.01311130476747033,-0.012879762501752566,-0.02534398967789286,0.005991054018546728,-0.004752441549496792
2021-07-14,0.02381454803776243,0.0011740849089997769,0.007007805242999419,-0.0034110630751028525,-0.012748232985226746,0.00543090461266885,-0.020379197958900277,-0.02293732311171139,-0.009120758100782318,-0.022424287390235702
2021-07-15,-0.004502282220462515,-0.013806009042966375,-0.009653622581135808,0.0021899694895061543,-0.009160533605781292,-0.0052530185886161,-0.04511459951684074,-0.004263873629526309,0.012721938976682657,-0.009790718526628168
2021-07-16,-0.014175873903160701,-0.015981254351190455,-0.00027566145200203526,-0.023100311159707676,-0.009626618514863369,-0.0009966376358598002,-0.04338470595452115,-0.009854715165981626,-0.0008336452733972132,-0.028039974617005393
2021-07-19,-0.027283383969019415,-0.006749758546577603,-0.019018753166563707,-0.03305963366251653,-0.012416793285929656,-0.013410979429396369,0.03350245330506443,0.003099673103658058,-0.02567803936914645,-0.034972876118021454
2021-07-20,0.02564250857819077,0.006626609097477396,0.013011058763940604,0.01847114533615322,0.013881618041899794,0.008304258668742277,-0.008972507585376198,0.021857165705963834,0.00951268778815216,0.010960482568265734
2021-07-21,-0.005144956502320547,0.0033554749445127334,0.010557500347049895,0.02082246794169315,0.013286924419148088,0.0074191173522647706,0.04198190335978685,-0.007919294852611359,0.00403609177140425,0.03165928528585188
2021-07-22,0.009582571340042327,0.014628121323517897,0.006817076174111309,-0.01270612789220234,0.0142239726111503,0.01670424661204814,0.00943519504848887,-0.00924460786068585,0.0027213739460901815,-0.011317276763386792
2021-07-23,0.011917877015501817,0.005102345801164877,0.03514413926042234,-0.0019232376519207454,0.051608089992211344,0.01226097346859359,-0.0018389589325118164,-0.009097683584931696,0.004631267508030309,-0.001226434544338462
2021-07-26,0.0028904504162878515,0.011739458318775493,0.0076390994441214,0.006682150855043331,0.00719449243789402,-0.0021425817642925457,-0.01359026559539152,0.02189168871378688,-0.010009134453017019,0.024931867363058493
2021-07-27,-0.015012623782608193,-0.02004647134574264,-0.016056960246166003,-0.0013197585940101799,-0.012563258205973826,-0.008721261940142909,-0.004467294872782597,-0.019718078031379437,0.003765215718108419,-0.011177000213255333
2021-07-28,-0.012271141630044773,0.0010831503488784933,0.031301518486295,0.0016496267488499638,0.014762429026498412,-0.0011175921338288691,0.015241187945617652,0.0034062276545409947,-0.014388671912509672,0.006721259185206579
2021-07-29,0.00454230661983115,-0.00840919910387896,-0.002328009300066777,0.008533034139451307,-0.04090246907232461,0.000977600000513092,0.008119774820202732,0.04587275846182932,0.00708669448339823,0.012121446472645158
2021-07-30,0.0015092422976296562,-0.07866330887549154,-0.007770708625573579,-0.008005975109696533,-0.005653592826944402,-0.00556493647344042,-0.008324736565488704,0.014437208664382839,0.00033988701259770964,-0.023348721012490775
2021-08-02,-0.0023338375372069877,0.0011683541547145397,0.0009495605153736264,-0.0040270949361030876,-0.012283820337871463,-0.00031605736044294953,0.01279039639885671,0.03217472594711166,0.008093542376203723,0.00017383219610779546
2021-08-03,0.012565105865888588,0.010379692962522098,0.005734044717940363,0.011313817955123696,-0.002019407762232181,0.00804273629233921,0.0032858033761405995,9.862134908657855e-05,0.015117519700848663,0.010709966862373755
2021-08-04,-0.0027858833891653465,-0.003428109147843768,-0.003726470540240861,-0.010850636024959823,0.02162979144059967,-0.002126714788539019,0.022899797467084447,0.001661168327351945,-0.000853764426643798,-0.023644990916201286
2021-08-05,0.0007480721292548876,0.006320347457217287,0.008298697296219723,0.012549647146061164,0.01122071585358698,0.01045086952560279,0.017746348312296545,0.005205072568156722,-0.02485917405903219,0.006313389027051315
2021-08-06,-0.004778348255871715,-0.009239891315900388,-0.003772534056910413,0.02800773240879779,0.0014868027075859377,-0.00020733864417573052,-0.013218922865159133,-0.021971130346089583,0.009512014384316416,0.01147256158077818
2021-08-09,-0.00034229296468203755,-0.0009181548153357011,0.008615504799288945,-0.0010799267070398181,-0.005240731272926047,-0.003911270742819785,-0.0034921362601053703,0.02075293960905606,-0.010290526574860674,-0.01147256158077825
2021-08-10,-0.0033598694225281693,-0.006361004973165342,-0.0007744764215998236,0.012192395130374617,-0.001328242515648619,-0.006576589803818257,-0.017847221097483316,-0.005295892009324611,0.002212027249878056,0.016988008391842994
2021-08-11,0.001784261415379679,-0.008640868502137664,-0.0038667105857961266,0.011859533206769314,-0.003245017613064025,0.0017788934504881716,-0.011959312545283167,-0.003061037245157465,-0.009859240092579652,0.0029174607338985185
2021-08-12,0.020560370127713605,0.0034538388189029033,0.006691478634957015,0.0039015754249845545,0.007445123362588684,0.009917397213721509,0.010403203687655918,0.020181504916966016,-0.004375085894501106,-0.002264234664766581
2021-08-13,0.0014096950827091285,-0.0028889970825907705,0.0038812370387841587,-0.011250111835728237,0.0014604583958743892,0.010435511011365979,0.014117048927549244,-0.0070584091033222005,0.009097345438846162,-0.010164743182937839
2021-08-16,0.013456659615971417,0.0015227871766333222,0.004216673125601703,-0.006585343678406998,0.00926379812737482,0.005957705316322467,-0.011858992757090674,-0.04418754471286682,0.018237706836087803,-0.014728439893043191
2021-08-17,-0.006172816480801971,-0.017438191452478862,-0.011986830610092423,-0.012154222517514166,-0.022373004014307637,-0.005172878648828756,-0.024970724054199832,-0.03027123516946714,0.010893978045165028,-0.0068158943234413755
2021-08-18,-0.025831501086466268,-0.012646113476257194,-0.00891172242121054,-0.009149262000014282,-0.008404638075752669,-0.006138198860843041,-0.021716578476393373,0.03437259258571844,-0.010630478766817433,-0.021283361081324094
2021-08-19,0.00231986921288961,-0.004216696494284563,0.0017038592861087437,-0.008391047357290803,-0.000928757599908594,0.020562536330175886,0.039039112662534424,-0.022783267048393844,0.025013052330738913,-0.03099573543737988
2021-08-20,0.010106007844645696,0.0038198497898503034,0.012811943553799814,0.0028479416397940637,0.011896407787472285,0.025253686159003922,0.05014090706566964,0.010031571629142592,0.004244155109609875,0.0001896287884248162
2021-08-23,0.010204504561263332,0.02039103748353467,0.018827694475472667,0.012716143031667883,0.011014196057690015,0.0009523634211562526,0.05340968958751777,0.03756503320848795,-0.01017467658194552,0.04032117938087111
2021-08-24,-0.0006013458390579627,0.012146253464241655,0.008673945642056854,0.006171087385735355,0.005927046840242547,-0.00668598506566039,-0.00754272225666894,0.0030958501857263057,-0.004594860241558558,0.008161973359642506
2021-08-25,-0.008456928237535135,-0.0019985098458953207,0.005770385322737166,0.020403375048501902,0.007848642649932496,-0.002017502281909853,0.01908865493100822,0.0038177489873267093,-0.008705548201450607,0.0018048241623529106
2021-08-26,-0.005542429323626637,0.005085305152845157,-0.004503856226238412,0.005144357444039176,-0.010944954651282103,-0.00971536925666865,-0.006548844977260677,-0.014217568331421088,-0.0069089877825386885,-0.01361563210848941
2021-08-27,0.007158570815227049,0.010090674197310714,0.017961838737973274,0.00800496822832269,0.022388743414848138,0.0021041254213713017,0.02541284376442967,0.015229452832627683,0.0045715083285254405,0.01918947835612322
2021-08-30,0.029963995825839217,0.021249618004886027,0.0040646856340252014,-0.016136705921784754,0.021320633335519045,0.012829496131438098,0.002294537552686774,0.026324794631827943,-0.001098786747834033,-0.010997955588000598
2021-08-31,-0.00846032172393734,0.014282714711431693,0.0007396136934056469,-0.003059128992501365,-0.003368398327830044,-0.005648764360445004,-0.013268597077511423,0.0065592749200010505,-0.004865032951986675,-0.011670449784763646
2021-09-01,0.004468292280896893,0.0023626160329893353,0.003573419742992301,-0.0014387960566840114,0.0070131855456533705,-0.00016549315972160984,0.0024984336893039967,-0.002217981262751364,0.0025912252755702745,-0.01385193496992302
2021-09-02,0.007447225401885314,-0.004574927931495782,-0.013369249469331863,0.004622482801631383,-0.017878928592906133,-0.00225558430557158,-0.0020072289688588796,-0.00231847373209337,0.015123935828834716,0.024070994918076762
2021-09-03,0.004221750243253893,0.004301820154126882,0.003152859723483994,-0.006063460938591159,0.0026079800988032227,-3.3155549898969123e-05,0.019762352325808384,0.0016098361025145228,-0.002008246289586136,-0.003820034056474081
2021-09-07,0.015370630072967215,0.008941925919554996,0.0037569260386538777,-0.0017572645164873858,0.015611367606367799,-0.0031929348152700547,-0.007955382522568995,0.026035942688487673,-0.0038380271849897765,-0.00584883303316639
2021-09-08,-0.01013492389675125,0.004608538783881409,-0.004094234386642992,-0.00446959752313118,-0.012135848923555532,9.988734347214688e-05,-0.014355194457609867,0.0012609548743898497,-0.013985124534237392,-0.009208151929295558
2021-09-09,-0.006727416463672105,-0.011795296134862758,-0.0010444800537681809,0.00434373425294005,0.0011382488142891317,-0.00990857708740936,-0.007278210302222293,0.001312369553312357,-0.0020242526988359377,0.0007396191374440997
2021-09-10,-0.033662431883239065,-0.004317307606338972,-0.018740621984508363,-0.011562018176838945,0.0018238609602678978,-0.005194349978033613,0.0134810241230383,-0.024935356375548032,-0.02249757765704796,-0.002035649327575591
2021-09-13,0.003886290654303619,-0.0034592661286029646,0.01028575157155348,0.01576228240706347,-0.005773438222758993,0.004319129511742077,-0.014609150889506017,0.009099139444443169,0.025929096381010593,0.025424345083756843
2021-09-14,-0.009608412107225545,-0.0020761346389200496,0.001488397658599015,-0.017606639466940785,5.302452115320932e-05,0.009384041704720559,0.0040546078312715525,0.002003341828722264,-0.00478799686661766,-0.014370272651547151
2021-09-15,0.0061249829403242665,0.007447589064120205,0.013137490678208357,0.006915378488127393,-0.006955762095438032,0.01663887477785938,0.004441342406583984,0.015117058319369686,0.011999367775428756,0.033156023760781125
2021-09-16,-0.0016117897976703432,0.003575505609499879,-0.005690151298960643,-0.000442911808334274,-0.002302759902546823,0.0013114587811642925,-0.004441342406583979,0.0015335851645735571,-0.0016300746959539425,-0.010691557136022998
2021-09-17,-0.018518330443184915,-0.007400637151307249,-0.01976092017187669,-0.0025965700917773434,-0.02260920297861721,-0.01768392586055648,-0.015495740244496712,0.0032970919669145526,0.007933063842070896,-0.011894100011290308
2021-09-20,-0.021592600265023312,-0.03132736193754281,-0.014886928778361666,-0.03039113174565737,-0.025042224419320365,-0.01874915008806198,-0.03659783277762523,-0.03936976129858423,-0.017914580817472908,-0.027011491549867844
2021-09-21,0.00342206880585018,-0.0036122637458179565,0.0022577533103080006,0.00013042124376042545,0.004991590550261337,0.0016973785935438456,0.00627963213269989,0.012534643183807646,-0.0008727482932803476,-0.0009315436421824489
2021-09-22,0.016732010860213836,0.010833453848678572,0.008953918479353166,0.01897184217446133,-0.040736795838410986,0.012740665575373311,0.03218863636749545,0.01684451236014587,-0.008866726243532283,0.028848920617740817
2021-09-23,0.0066963855873102525,0.010579777062858911,0.006625337370037265,0.03324294787626919,0.007980467312377008,0.003277000564369026,0.024358042982756685,0.002258262820491851,-0.001640885667510781,0.03330986482561528
2021-09-24,0.000612768906406197,0.0027829969154169873,0.007049218623799065,0.01147374174381456,0.020031756523823194,-0.0007012578329385672,-0.017997690607430065,0.027160841972020323,-0.002330820549163861,0.008895214494655381
2021-09-27,-0.010605900032596802,-0.005773469524888403,-0.008069537506006441,0.023878402852274463,0.0017549949963437711,-0.017455687920523204,-0.01925015451154785,0.021677401377557137,-0.00445617648723338,0.02926026954471578
2021-09-28,-0.024089068353224826,-0.026732621677354657,-0.03786623892610122,-0.0054044370428311585,-0.03725423228367185,-0.036875180840457066,-0.045381915746177476,-0.017592195347548873,-0.016545080690437374,0.010400958420563263
2021-09-29,0.00646192932660563,-0.004485396155336227,-0.01092973975460656,-0.0007829047672674736,-0.0030575279583878547,0.0016917718020077557,-0.008831582046687072,0.0048111864344248965,0.004480379717066984,-0.0006677846742831118
2021-09-30,-0.009355377638087992,-0.004882981617736262,-0.005055410741337178,-0.01371207617458189,-0.0006480507860818624,-0.007350944469740234,0.009652465750495623,-0.0074897880450971975,-0.024446727678087348,-0.017860684577620828
2021-10-01,0.008094227812516137,-0.0005420246980202862,0.021220548988936657,0.02079749794023974,0.010609727127530685,0.025149181786394248,0.0012543084991671752,-0.00033534501293734615,0.004315966705173872,0.03524376958962341
2021-10-04,-0.024913354022535923,-0.02888485808454832,-0.0213439719538892,-0.001077522128198746,-0.05015715682029636,-0.020937294331484686,-0.04991887853174035,0.008106673348889567,-0.013907644173004434,0.012882533324754699
2021-10-05,0.014059087272127272,0.009739950346903852,0.017528433364624296,0.01619807419894642,0.02041984785013754,0.019760476545892625,0.03579019289052229,-0.0012035741082394261,0.016452567205365046,-0.0016214725117890125
2021-10-06,0.006287273568452289,0.012651646071788683,0.011272661003954921,0.0021322932832108796,0.002040218351250861,0.014952258057556867,0.01210180481674736,0.002763320999873195,0.002082055489445115,-0.018508417184194523
2021-10-07,0.009043789074958864,0.012315060502089633,0.011994872210139958,0.006310526762353351,-0.013336296254348123,0.005918450371382961,0.017953638610541958,0.01377889392912291,0.026160935428570196,0.002806310701389428
2021-10-08,-0.0027258409946875482,-0.004190573462060326,0.004017589137375864,0.0007641538236669705,0.0025178048498293143,0.0,-0.011645126568615102,-0.010284539562274665,0.009247851575464525,0.024748864409143534
2021-10-11,-0.0006299030002183325,-0.012952121105274618,-0.006254150162286069,-0.02125593995058234,-0.014035240930211535,-0.0021047652789571367,-0.0065499071364291195,0.008177997401230774,-0.008531663973016716,-0.010021096918672296
2021-10-12,-0.009144966718268286,0.0003172241904451794,-0.017904062848710624,-0.007710778216994927,-0.005175549063288046,-0.0045988855962914915,-0.0011606760306607734,0.01725061613832015,-0.004330270842168028,-0.005211554477586319
2021-10-13,-0.004248648681156047,0.011314351840536129,0.008269477545979304,-0.026720625214925995,0.0023755035874662455,0.011643469974132998,0.01288178920648376,0.006630349593761303,0.0007685286384393634,-0.0027799182336995447
2021-10-14,0.02002358420670701,0.004732543058962018,0.025609773966623554,0.0152250199789706,0.012219365315045026,0.021501035875677883,0.03781620920028132,0.008886865672994949,0.04081090925071283,0.015113528396788164
2021-10-15,0.007484479477132972,0.03254486320029431,0.0015361517960376166,0.019026615440286863,-0.01154167163596386,0.004810809175235789,0.005320339448544224,0.02974907491710917,0.01817547435379872,0.009471061136433239
2021-10-18,0.011737466809422201,0.01100400576947037,0.009924478057257219,-0.00036056647592211264,0.03205844714566343,0.01007378936182299,0.016332734626362425,0.03161711443997285,-0.008092263683823792,-0.00047921034724194433
2021-10-19,0.014967445967039602,-0.0007517249304827118,0.0032098962942487034,0.012055644168365558,0.01377129166689972,0.0030540782385134226,0.0030555096693738438,-0.006734486474692475,-0.000565385821233273,0.014913631964001287
2021-10-20,0.0033550671789107905,-0.00848206698962188,-0.010301736438452893,0.01337623541065538,0.0023207090588919167,-0.002663519896005252,-0.008424721790408301,0.0017687488821671587,0.02492360753323587,0.005496860160688422
2021-10-21,0.0014731858999740392,0.005824760045406363,0.0008250071010605927,-0.00787448606829066,0.003222974946838996,0.010838551721363474,0.026298969338340458,0.03205181901693134,0.01639026004322621,-0.018334700365511745
2021-10-22,-0.00529896935522024,-0.029382296136388146,-0.030916435041269286,0.013361758625989826,-0.05183554472516535,-0.005161828093143945,0.0014972359867619054,0.017387072543931938,0.015436183778364072,0.006835709621289629
2021-10-25,-0.000336211266328565,-0.004561377086082202,-0.0008687420943195043,-0.004901990119479061,0.0124906796235038,-0.0033375001894789366,0.019176034608582856,0.11921843486746743,0.0007342776035175807,0.019299328645063032
2021-10-26,0.004564388002928861,0.016636110939323188,0.013452025679424431,0.0026871903712091553,-0.03997420157787594,0.006405227616174079,0.06480536816787058,-0.0062938149592970775,0.011392430348199917,0.022890374346311502
2021-10-27,-0.003152744371381385,0.004851848967382222,0.04840432110788847,-0.021048249913583596,-0.011432884107912721,0.04125159140055433,-0.010819915426343973,0.018898727534898532,-0.0025548332020754244,-0.02631506042919601
2021-10-28,0.024684363514186555,0.01581542696620515,-0.002523359702962561,0.014962555739645727,0.014941452048703122,0.0036446743610054288,0.019841648188262253,0.03705562944417333,0.004312746510762511,0.0028028169373598287
2021-10-29,-0.018322361651255274,-0.021745984346714802,0.014951363080267318,-0.0027628935518148644,0.020766101169123696,0.02216650988132587,0.024789650505150845,0.03374062327713504,0.010983817947724007,0.0024848775942308767
2021-11-01,-0.00562300393104164,-0.01623822909338356,-0.031209210658725336,-0.0005299951055526179,0.019616455847392706,-0.006807728243258037,0.01011791719177853,0.08149724419582528,-0.013908281912477085,0.017832901492691
2021-11-02,0.007090674130720854,-0.0016167159617979095,0.013398116919832262,0.003938088260557393,-0.005774513439030028,0.01135089279384381,0.021981317443831402,-0.03074274797958024,-0.004568713596085402,-0.01241866312841076
2021-11-03,0.009750869813647273,0.021279781969291613,0.007982061684693658,0.00035187139357358715,0.010732415693371555,0.0026080876513205186,0.007434512468211299,0.03509368755165895,0.011634322096226574,-0.013825494338995178
2021-11-04,-0.0035045473540068718,0.02711146442608225,0.011324133381467368,-0.013222709034890758,0.012674740212084673,0.007278648859422753,0.11370569385189679,0.01313564628546233,-0.001246928109614078,0.007480220885935979
2021-11-05,0.003575696547234553,0.012004091021206855,0.003934373782812459,-0.001427192287612505,0.015598943527998822,-0.0011298875239185034,-0.001645499847226838,-0.006378469186125081,-0.0020820413510322577,0.009425873445989783
2021-11-08,-0.005567906273467036,-0.008564519878774466,0.001201776166892055,0.005992441084731609,-0.007385064714465632,0.002763450159735327,0.034748114442630484,-0.04961124617557869,0.014829778135570015,0.01070838880307261
2021-11-09,0.0024564708737434293,0.024699674045048896,-0.0007551301097003735,-0.007600084789081484,-0.009644255259386742,-0.003090985446404235,-0.004783445492992972,-0.12772318728902374,0.003732630237975591,0.00969131269168636
2021-11-10,-0.01934917943377623,-0.026687971077505174,-0.02052230056842114,-0.000954265186299061,-0.023318520661465544,-0.015448476791027553,-0.039861576334790545,0.04251283809069096,-0.009629475677301066,-0.019897391097544403
2021-11-11,-0.0003383142024787632,-0.0027463665972794556,-0.0008708117034551436,-5.9362630870310234e-05,0.0003048172812313085,0.0049156555246216765,0.031114100826478027,-0.0041661953768667185,-0.005472498233984972,0.0018675934223838994
2021-11-12,0.01423519458677809,0.015048234458080111,0.01977681306838662,-0.004484942638355025,0.03933947676647041,0.012822185378550207,0.0,-0.028701065279561472,0.0034915859088135402,-0.0076483838856902485
2021-11-15,6.665304447529979e-05,0.005806911669058077,-0.0015211653122521984,-0.001799562143635557,0.019377278160249024,-0.0019320238028348168,-0.012083307334319929,-0.01957254315692035,-0.01800451923025079,0.008581187812477272
2021-11-16,0.006644727553301884,-0.001405473377029005,-0.0038875973029656556,-0.007230495313672432,-0.013323595407418499,0.010183994305123116,0.005911015576461525,0.03998366090579434,-0.00262105105258328,0.010046969675919608
2021-11-17,0.016355590602648004,0.0023413880700420314,0.0011557037906412147,-0.005396914995188328,-0.00640595819410274,0.0006783294331627706,-0.03168584817240851,0.031984216103858806,-0.0014908422152119837,-0.01097977360270669
2021-11-18,0.028136324113562254,0.040601497259703,0.01202824958477416,-0.008671232785338448,-0.006122633567594125,0.006319680089615407,0.07927221893755874,0.006744812791821567,0.0011575064267010725,-0.010944275519195482
2021-11-19,0.016833532754177063,-0.005287066211290259,-0.006105415004120673,-0.013149481975463043,0.01932858007512522,0.0053772531837351385,0.04052557214794291,0.03643213445735007,-0.021294478988406536,-0.04732152065015018
2021-11-22,0.0029230486018676388,-0.02869509488188082,-0.017779608283233897,0.021091009325046015,-0.012501881074657188,-0.009605670870446066,-0.03169315346614014,0.017272096909531555,-0.005606648123252033,0.01375062831489157
2021-11-23,0.0024192343110200293,0.002088774763957146,-0.0035606763765953873,0.023630752737991107,-0.011087231275983617,-0.006346732058241278,-0.006593243162130724,-0.04223229344871564,0.021681316176699734,0.025996251100888157
2021-11-24,0.003278081794006361,0.00010331000315118602,0.0023157020863779107,-0.007874836268415375,0.0112337663937663,0.000680947291893792,0.028812703909570504,0.006265105659810634,0.0067536759498629485,0.00552878606528232
2021-11-26,-0.032191012484354214,-0.021412317856405228,-0.02731311611225158,-0.030590337519256428,-0.02355557016185364,-0.02465725771458098,-0.036496882329441205,-0.031013582803841335,-0.02303288724810244,-0.035760929008712264
2021-11-29,0.021638183480622034,0.016136535670027943,0.02327095113659844,-0.004331869194183984,0.014631723548345056,0.020862123530335477,0.05775418391045951,0.04964715675134432,0.02711209828411666,0.005535546372804553
2021-11-30,0.031088833301197737,-0.015420562086679022,-0.02528092773132024,-0.014997821866461635,-0.0409722665531378,-0.018105802688928727,-0.02119609139224674,0.006810578672784683,-0.01736249342916882,-0.028825170382453965
2021-12-01,-0.0032114373147166526,-0.018228623739821467,-0.0059799105244266884,-0.005935673579317381,-0.04365626296893802,-0.0015438882619863623,-0.03859638627583588,-0.044440653310942796,0.0002701446192369666,-0.0008360046187089565
2021-12-02,-0.006148491457170825,-0.001848596514633391,0.013481766816518099,0.020809310769183464,-0.0006762402630171893,-0.0017886149983572536,0.02174354252566343,-0.009543130353379798,0.0037737827747828276,0.024615110667896047
2021-12-03,-0.011793632118935206,-0.013935728778151546,-0.0067692554869749726,-0.018279282145934425,-0.01150324761489962,-0.01986280901678745,-0.045631026069910596,-0.0663521763056877,0.010627939672895863,-0.006384388467827687
2021-12-06,0.02127480045065517,0.011025217696555534,0.008090315755247646,0.011744897758260642,0.035315936427864396,0.009796683510050981,-0.021604433468411257,-0.005889394805839068,0.023730063328922635,0.011268188476378175
2021-12-07,0.03483262809540006,0.027602038798318594,0.028336264902839536,0.014935187149923252,0.015421302422828465,0.026411729455656487,0.07656144247763447,0.04148581070093519,0.009991020565659332,0.011142485851861445
2021-12-08,0.022527435881835416,-3.689939734869626e-05,0.0062073698174863025,-0.01150732521766507,0.023724387191055237,0.00014934514173228558,-0.01870797993283401,0.016230761245708623,0.008847703606180698,0.002886259790882172
2021-12-09,-0.002974855781185412,-0.011343741238858878,-0.003704771738118799,-0.0015567800136269878,-0.002241015383930438,-0.005598135308609157,-0.04288477717558048,-0.06289341727027524,0.009467600195365423,0.002558860022199508
2021-12-10,0.027628154767920448,-0.011311296797986634,0.002455552207749323,-0.003996293054463957,-0.00021235297404093324,0.027945550743033204,-0.009623038625946313,0.013093827482800639,0.010319976387774724,0.006368578176218543
2021-12-13,-0.02089095201999805,-0.015475202151186945,-0.014804828526228643,-0.011960019840790917,0.014272301209272607,-0.009209230238916054,-0.06983762401656472,-0.051053775924629424,-0.00018799635008234872,-0.022144543175171706
2021-12-14,-0.008055446453887638,-0.002811076756339546,-0.013250344999808907,0.007633256764978255,-0.0022448428963900403,-0.033129601361616016,0.006230309778931547,-0.008208173270999982,0.0027566605767246504,-0.0014613986871464346
2021-12-15,0.02811053440718008,0.024670732493370397,0.017455480066494486,-0.007506375656672177,0.023454068915638063,0.019035544095233684,0.0722131487781955,0.018072325435531507,0.03064394039020539,-0.00439712724459953
2021-12-16,-0.04005540000334564,-0.02597563931621664,-0.013723927540386002,0.015517720131593339,-0.019984269208341118,-0.029567541361331984,-0.07045013418872571,-0.051585055672323236,-0.0030793467966084794,0.0016307532224639379
2021-12-17,-0.006523297255450833,0.006766260845510533,-0.019010073023901817,-0.023016951799342152,-0.003319888176973303,-0.003391747124575432,-0.020859168658108843,0.006076947341899706,-0.01171464540482689,-0.02207655432221106
2021-12-20,-0.008154879446435396,-0.01743466066061881,-0.000833015287695136,-0.018152930378170194,-0.025303257328997273,-0.012086250689891293,-0.002953938536083108,-0.03561605979548491,-0.006983429924291232,-0.014598886223731164
2021-12-21,0.018906811648766817,0.01978169533389277,0.013087547962939877,0.013869794693270437,0.02653078145419104,0.022806691985456175,0.04776042405713534,0.04198665654283043,0.007168165976945661,0.02239760250685156
2021-12-22,0.015202450076211523,0.003631503982249459,0.020301893045461386,0.0039001290717281243,-0.01128432308386644,0.01789650247762586,0.01111596636014681,0.07227140942458773,0.014103416669643156,0.008066703517802773
2021-12-23,0.0036373069124266987,0.00018411946479317587,0.003419394547308507,0.0035674619929317018,0.014391269474826563,0.004461937972484528,0.008129954098889204,0.05602002567418564,0.0025266425362414735,0.0004917152188690724
2021-12-27,0.022714814161869035,-0.008211646321395375,0.0067159108056187074,0.005706676463793457,0.03211226442557314,0.022921058416398042,0.04308677538691515,0.02493491640225287,0.008282415866442253,0.014156875999252184
2021-12-28,-0.005783741088880165,0.005826710732445391,-0.008279271144526269,0.003030442164828334,0.00011560374200571778,-0.0035105885156792313,-0.020337859441858626,-0.0050128185500081576,0.0068634002437790685,-0.0032367729878776527
2021-12-29,0.000501647743447162,-0.008591725101779567,-0.00021813500122438517,-0.0005044000597290498,-0.009518959437497403,0.002049263393742932,-0.010642811165485535,-0.002096907250306926,0.005235293419170586,-0.008792004344657788
2021-12-30,-0.006599688034349102,-0.003294427727342962,-0.003103885364716225,-0.0005046546075486289,0.004132105210253961,-0.0077208696435813965,-0.013929444610253599,-0.014699782732613053,-0.0022773043539901735,-0.005904428542196285
2021-12-31,-0.0035415659487720843,-0.011495217795266778,-0.00926661845375513,-0.0008208936642604945,-0.023535186071799837,-0.00888046701933789,-0.00593237699213204,-0.012749774874751605,-0.004550068941578189,0.006558475930859597
2022-01-03,0.024696511268415367,0.021877258953900566,0.0009626844938637976,0.020935175752644156,0.006489865872702303,-0.004679270598261802,0.02385375256843627,0.1269116289226746,0.00027878044443923564,0.03768576435089189
2022-01-04,-0.012772825499114923,-0.017060289689663746,-0.004091291054050887,0.037208806048932785,-0.005954969847588908,-0.01729576886171382,-0.027976581627228544,-0.04273287830059682,-0.022917225152873602,0.03692405408026095
2022-01-05,-0.02695991564938491,-0.019073846316683307,-0.046961838916667345,-0.01845116658536287,-0.03741939951739018,-0.03914389772806719,-0.05928547967185814,-0.054953895352910696,-0.002467864147826597,0.012360583172766651
2022-01-06,-0.016834391622882073,-0.006733601858714689,-0.00019981616308642394,0.01056810085402215,0.025251611189225313,-0.007933506744377589,0.020580892490125933,-0.021758379841487693,-0.04178483083591094,0.023248298346768833
2022-01-07,0.0009879215758578643,-0.004296997177475961,-0.005317205240009539,0.009859492295164671,-0.0020173802790718846,0.0005097261560651387,-0.03359796087568234,-0.03609004895021842,-0.023809389691734798,0.008163194283805098
2022-01-10,0.0001163113516473022,-0.006591854785116594,0.011988240408199957,0.0009563220139318584,-0.011275094449128876,0.0007320870870013029,0.005599374738903706,0.029890740749494566,0.013859185738180376,-0.00597006677758606
2022-01-11,0.016644494889943923,0.023718602439306714,0.0076614897040273985,0.0010155908570377804,0.01902107516189046,0.0022567388386262096,0.015104401697317202,0.005917481776156395,0.0085651176697061,0.0412015676745562
2022-01-12,0.002566791529276034,-0.0009377696670975312,0.012053505750307785,0.0056560320247994065,-0.003325159412429848,0.010390899011276869,0.006521614974174743,0.03853754612843837,0.010013720398091414,-0.002947543329404536
2022-01-13,-0.01921128641922019,-0.024466534551061184,-0.020309917147565398,-0.0012477604515486929,-0.020554144861501776,-0.04324433573658526,-0.052197927216901294,-0.06987655465675016,-0.013366817058813669,-0.007194844656423057
2022-01-14,0.00509731220897861,0.005715124523055335,0.0064265782594416536,-0.06343321416368075,0.016464870034446726,0.01756135039029183,0.01371538526122226,0.017346435457551865,0.0026920855865914576,0.017404376428002497
2022-01-18,-0.019074889707077335,-0.02006265472349509,-0.025284643071622717,-0.04283230300539013,-0.04231069076472908,-0.024640399323650045,-0.03932755601033982,-0.018364847454341894,-0.01656524825397382,0.016695272027079842
2022-01-19,-0.021248783467780797,-0.016614359071245203,-0.0065029872729678,-0.01559034143306575,0.004515831536645826,0.002244509485948481,-0.032806772203149794,-0.03441330009854252,0.003313263318782735,0.00041075314749357457
2022-01-20,-0.01040090300463669,-0.030080217077818206,-0.013478981521770768,-0.008563858764249548,-0.009526019014961086,-0.005719457364613885,-0.037267599162515694,0.000622510083264904,0.0010373633742958134,0.002186042901487256
2022-01-21,-0.012847168765370422,-0.06134555364691525,-0.022423566126798064,-0.017627020514850152,-0.04321898586296963,-0.018641073513395088,-0.03266017108334706,-0.0539980722931419,-0.003960324453020652,-0.015126832954685546
2022-01-24,-0.004876291863170815,0.01323896043083007,0.003465311254005758,-0.0008960224464167686,0.018108465603617802,0.0011477662549643482,-8.547821439656482e-05,-0.014835635717323473,0.0023823401896998493,0.008554068980263374
2022-01-25,-0.01145003223534315,-0.03204163984338447,-0.03002496673615245,0.010841097451352836,-0.02811996785045566,-0.02694799843102081,-0.04587644903799576,-0.012551567227813773,-0.01181587525451066,0.028975783515223917
2022-01-26,-0.0005633970732580439,-0.007986135126473034,0.017941993619784918,0.009441388063913066,-0.01856187314289045,0.02809466277579741,0.01986924019306984,0.02048773822340817,0.003474342430883065,-0.010194420624792578
2022-01-27,-0.0029475272811910753,0.005493528624727967,-0.0017658893128773326,-0.01780230221401717,3.398511734527457e-05,0.010493832022583756,-0.037037814948135295,-0.12277997465910719,0.006891257677793405,0.012727123434898626
2022-01-28,0.0674507399624797,0.030610731040560255,0.0331334993175768,0.008906624875111674,0.023711816152932916,0.027694531368531963,0.04001952359033969,0.02059221036289143,0.009615505290575418,0.0021273146332953866
2022-01-31,0.02579024649300644,0.038127433338896885,0.014535666185549882,0.013482162891244284,0.03756733356009377,0.008785019876567279,0.06958823723217727,0.10145138741776683,0.01387159744734984,0.008992428441989537
2022-02-01,-0.0009730723015065365,0.01077253018259915,0.017150219089941122,0.01701471084234767,0.018157492332676717,-0.007164320250727667,0.006188517059563456,-0.005856643341232021,-0.008842050253535736,0.06214170806983602
2022-02-02,0.0070197785976398724,-0.0038501180924552735,0.07254169158973714,-0.0080377787009469,0.01246135977996029,0.015107825557959836,0.02421916356966069,-0.02786380690498853,0.02398364233919348,-0.002601840045551695
2022-02-03,-0.01686139080799842,-0.08134849507057183,-0.033738401875175836,-0.008304049865612213,-0.21023885410850354,-0.03973139068458717,-0.05262436222416,-0.016162405874435497,0.018564513111372333,-0.011728051410103017
2022-02-04,-0.0016804512380624477,0.1269489157684572,0.0014178533969941248,0.025626748949797395,-0.0028219093528200657,0.015448353196762923,0.015373078945361308,0.035474386816493036,-0.01152351371922509,0.021479496916295956
2022-02-07,-0.004243697945055042,0.001875974577811346,-0.02897271148186015,0.0033373292363216528,-0.05273937078927606,-0.016444724724612052,0.016678454641349105,-0.017458706575610557,0.001096375682542979,0.011966070734111064
2022-02-08,0.018298137372056364,0.02178265381683596,0.0014214132614277335,0.01864024394119387,-0.021255031433899035,0.011923740244025396,0.015250156564487104,0.016028052271245364,0.019875482484909446,-0.02619269775633378
2022-02-09,0.008259715979537703,-0.0013886979453967615,0.015609167225492437,0.004159622490132585,0.0522919333307775,0.021600008775639917,0.061664273473069596,0.010787525285489406,0.00946044721404414,-0.004798699920596941
2022-02-10,-0.023881949920041605,-0.013654506185153747,-0.021213190200394905,-0.004159622490132547,-0.017084699997889825,-0.028783740938269485,-0.03354656005172432,-0.0298952129692807,-0.02311171572638585,-0.009666813075580809
2022-02-11,-0.02042557431292646,-0.03657177570139793,-0.03179047816690881,-0.013102548897803056,-0.038072630655757236,-0.02457322952838958,-0.07537773150856429,-0.050505215210130634,-0.017806336046215843,0.024867143498209832
2022-02-14,0.0014223022214287576,0.012147601490993106,0.009217502298925203,-0.009333906587382045,-0.008461929722695981,-0.00013588148616292307,0.01319093043162745,0.018159773032297852,-0.007831943052508143,-0.015453497113579576
2022-02-15,0.022888544215123513,0.008621083638872947,0.007955891505301266,0.014518081164345562,0.015044655726995705,0.018372967432611315,0.0878387336560969,0.05191932445845771,0.008040969340309189,-0.012614135044328081
2022-02-16,-0.0013900047324637746,0.010107783346743868,0.0082340270418783,0.0018081857159383292,-0.020387367332007,-0.0011680524897900264,0.0006036441729917191,0.0010402120327626255,0.0037985786846513026,0.004605265846252123
2022-02-17,-0.021498539482659736,-0.022050230393006458,-0.03847615309335458,-0.02330179188211127,-0.041632408544382625,-0.02971953392541153,-0.07860096363799952,-0.05228610180162916,-0.02043445282053164,-0.0015324687021709643
2022-02-18,-0.009399990404605204,-0.013350682834785058,-0.016247707924973594,0.004677949544290859,-0.007490300343701042,-0.009677620782105092,-0.03593418823125808,-0.022350967561475237,-0.005393611730507152,-0.01118340051115181
2022-02-22,-0.01797292224155263,-0.01587889987657254,-0.0045306953804248925,-0.001776400754905193,-0.019988889194249654,-0.0007296193867588183,-0.010716187710707252,-0.04224617718140919,-0.011394116411814786,-0.011702007471371862
2022-02-23,-0.026204210805632594,-0.03641116014436802,-0.0172924729711792,-0.02116121602883869,-0.01812649305220018,-0.026234572287426646,-0.04382807265492324,-0.07254830168258311,-0.0062681682729757975,0.004045963779078351
2022-02-24,0.01654257643357194,0.04410800497645022,0.03921675219866298,-0.028237982712582467,0.045075925901953716,0.04983146099705531,0.05901789945899358,0.04695367409397792,-0.008148497809527946,-0.012715305223616311
2022-02-25,0.012882020104306363,0.01593036537376894,0.013239929403887452,0.023383810772372126,0.013777404551060525,0.009190785613013348,0.017075989376975124,0.011299945777284081,0.04264107074400745,0.026556776409117983
2022-02-28,0.0016365006187528894,-0.0014673390183547882,0.004434026283917597,-0.04259182558649537,0.002609677896337164,0.004965501293446187,0.009393914042982126,0.07211363413565586,0.00025212291934026415,0.007423590729420708
2022-03-01,-0.011695963063377439,-0.015891148369833387,-0.007398246501310704,-0.03845969533330286,-0.03638339581069835,-0.01293484200155023,-0.03794714016471553,-0.006986492144572377,0.000798144922031956,0.0095184440339768
2022-03-02,0.02037895902110719,0.006006111112644554,0.003796970337890521,0.02052860562055474,0.022449853458004362,0.01760952391652593,0.03132784930136059,0.01779600470296842,0.018989254144136915,0.01703244513366016
2022-03-03,-0.00198323969232696,-0.02769967430173762,-0.005006129395447792,-0.007133650710858741,-0.025008652064057647,-0.014326430363726946,-0.021112932346295226,-0.04724057511561311,0.0024897507919570375,0.0063132060145375864
2022-03-04,-0.01857956900088069,-0.015381483821486462,-0.0149965190940932,-0.028532470903924228,-0.014440747356793866,-0.020691272683000982,-0.03335800721082155,-0.0011922300504741562,0.024482610800483542,0.036944616206692996
2022-03-07,-0.024003431751751108,-0.05786267214586164,-0.042811656598302564,-0.03938142518163707,-0.06499835185500966,-0.03850893563611684,-0.07156246164434663,-0.04104369101185902,-0.023907385588130825,0.03539878844835868
2022-03-08,-0.0117446846670415,-0.010520594620232346,0.005728251926595001,-0.007067741692171509,0.014930289011506446,-0.011031757947066704,0.007558746681172493,0.024335419149005895,-0.02792966484436561,0.0075473281464225215
2022-03-09,0.03439885169816488,0.023717698424230754,0.04849237250723421,0.03928049861737324,0.04223986177160825,0.044837906070315035,0.06739862547947889,0.04107819387010212,0.02525609047747918,-0.05852656271925679
2022-03-10,-0.027562568064887095,0.052711186532696214,-0.00745155673606257,-0.011911061599750309,-0.01671304367307998,-0.010138015875105717,-0.015589701043620336,-0.024358017786858904,0.012016283697869841,0.030570304148952638
2022-03-11,-0.024199228563175922,-0.008845856240147519,-0.019512648054469707,-0.022781417301527645,-0.03971084592794616,-0.019517526518469972,-0.02493537947977908,-0.05259370365966602,-0.014637555331796382,-0.005167880761810788
2022-03-14,-0.02692147937411231,-0.025553208143987614,-0.030644964886183405,0.009881876087524197,-0.00523729464675707,-0.013045793197851336,-0.03546307116505304,-0.03711720154932235,0.010404105210467451,-0.036454931520694095
2022-03-15,0.02924562806455789,0.03813139923769891,0.025453279750016034,0.01759049751084644,0.028523801447433925,0.03801118489248384,0.07420510578996106,0.04530634609366675,0.020268003704550796,-0.05859615107856384
2022-03-16,0.02860228411749726,0.03819476755459102,0.031109783769360435,0.043716176329127075,0.05865296357914673,0.024900231531546184,0.06419032531824236,0.046704219074345354,0.0007024825046501183,-0.0037624736755088872
2022-03-17,0.0064332346711718355,0.02664947618554765,0.004181672673972443,0.012565409534917752,0.020463701478613674,0.0028153208349073235,0.0109621179137832,0.03665493442277862,0.01742845169939314,0.0262985878120026
2022-03-18,0.020703033653509947,0.025192147663773066,0.016939714393929158,-0.00035666462161227925,0.04077599211912091,0.017494047409154834,0.06589759485532297,0.03803519751155836,-0.0017766609832038905,-0.003932865728474004
2022-03-21,0.008501720462933576,0.001493436589994942,-0.00017643228059366627,-0.003217194522474743,-0.023366614303765083,-0.004236108098242532,0.01056667512190854,0.017268009913468576,0.0030381510453737154,0.04389352382137144
2022-03-22,0.020587300766922383,0.020820051155123028,0.027298122534851806,0.021044266499590843,0.024105456422381082,0.016246710461386024,-0.007886413757035525,0.0760832835953988,-0.0046200157446390664,-0.004389202575030752
2022-03-23,0.00819995266820571,-0.009022396175222974,-0.011450902292078305,-0.020114069573624327,-0.01483364758660234,-0.01514438178251699,-0.03413016176194665,0.005147863044765912,-0.004144400714613664,0.01563950657328767
2022-03-24,0.022424044829477605,0.0014768099843156708,0.023560453384538466,0.006489460058624379,0.028221469299628054,0.015275838500217614,0.09362765163318791,0.014714339594958641,0.020124693434824564,0.0030028962944511055
2022-03-25,0.00372754203659684,0.0068448147304497955,0.0007129738090280457,0.008704466139006642,0.010195216065405962,-0.0013823055034051113,-0.01640359226376318,-0.003240181703986614,-0.0008378070385984347,0.021592622884143795
2022-03-28,0.005023795900099122,0.02527066880086216,-0.0015362177882079554,-0.007426117960610176,0.007947688372572006,0.022853550518149458,0.018851898607930986,0.07728050710253655,0.0003311835760630115,-0.02845241882095335
2022-03-29,0.01895379719100281,0.0019184362663260243,0.007395287811109322,0.002198049818229993,0.027656513905941198,0.01504550958855351,0.015367272286193872,0.007054913567225325,-0.004824402597500032,-0.005327226544947392
2022-03-30,-0.006671897862684128,-0.017961531171231216,-0.003986659390131715,-0.0045432738940440745,-0.008782931152575382,-0.004926243307675889,-0.0342913769153638,-0.005087674440050588,0.019563323170151418,0.016972512929891093
2022-03-31,-0.017935682565098393,-0.020064520292900095,-0.020434622779396106,-0.030487253112597767,-0.024389664382851964,-0.01784154313622368,-0.014697777904714292,-0.01509517416561853,-0.02105271484107148,-0.014305298532281322
2022-04-01,-0.0017195000303235517,0.0034450322821231614,0.007757586950527837,-0.007436506044630794,0.01113564739603888,0.0035940289634797252,-0.021260752368366907,0.006465651918934319,0.005124607615541759,0.006396838727494996
2022-04-04,0.023417202068047344,0.02884445449723015,0.019928419284111067,0.004424506397464491,0.039417536787345483,0.017777698556907678,0.023969201056328555,0.05459557817973847,-0.005026382690865343,0.0004808458882362822
2022-04-05,-0.019123804849157874,-0.025822642256601212,-0.016790352759207674,-0.01170584712433712,-0.008803489000924735,-0.013070565170564194,-0.053643035958062885,-0.048464637280470575,0.015061754250653718,-0.005183984901080716
2022-04-06,-0.018623104111972075,-0.03283328123701215,-0.029178818646899193,-0.013971291114458079,-0.037531324808680114,-0.03729223154392218,-0.060569193583934144,-0.042589069768463106,0.026661636310307425,0.011058999964487339
2022-04-07,0.0018025738472942884,-0.0061382328144399005,-0.004841437780421568,-0.0030466816456752037,-0.0015687661810448584,0.006224241675360059,-0.008186803971468289,0.01093679078037125,0.009731537356459086,0.016597928508829126
2022-04-08,-0.011980628752932274,-0.021291810941382657,-0.019326201565380067,0.018142519696623175,-0.0027847771112161288,-0.01470778075513035,-0.046028507684716224,-0.030510186068030958,0.016640954816169604,0.020828144106183062
2022-04-11,-0.025847176962653807,-0.021850949776512304,-0.03406506417431876,-0.003677416991511711,-0.026756867380371776,-0.04023000613953693,-0.05339200476188317,-0.049534931817513166,-0.015728647738687217,-0.03503787036295953
2022-04-12,0.011457786804499472,-0.0022158166719546393,-0.008646083546579567,-0.011038351069493307,-0.010775901499503656,-0.011281200133032994,-0.019023579953560646,0.01122853693277581,-0.006964711808790084,0.020655760329938818
2022-04-13,0.016210204490487008,0.031037763445815297,0.016921327964384808,-0.032764470522303996,0.003961642938307805,0.019520141739907935,0.03198853015816043,0.03525937358618668,0.006145508936865772,0.014036526110780155
2022-04-14,-0.03044697093554021,-0.024961650159491106,-0.024659789202282584,-0.009312414377064449,-0.02262730696390038,-0.027457749884921886,-0.04349430134500326,-0.03723709338922126,-0.0040676261687149955,0.011681144456678137
2022-04-18,-0.0013318532317414498,0.007084013688019547,0.00744080520007867,0.01838360752596936,0.0028032276092989994,0.002462747181585979,0.02439669584976907,0.01939443951963136,-0.001384961806969897,0.0081644784597983
2022-04-19,0.014016394080511842,0.034294010908479985,0.018103858567490094,0.020495410866366116,0.030557461089685833,0.016896402904493752,0.018872360227333122,0.023480261839117743,0.00675513749056727,-0.008961494044095393
2022-04-20,-0.0010157258400682327,-0.026386116801539967,-0.015260899023751396,0.0035021423821988158,-0.08090981031218594,0.0037083597740441804,-0.0327867743548202,-0.05082502163771964,0.015336686451268062,0.00227608054764717
2022-04-21,-0.004855453719559898,-0.03772931062801116,-0.025513976994495507,-0.007782326152796375,-0.06360066570296646,-0.01957134395886091,-0.062374786188548415,0.03180563608534794,-0.01582003309422633,-0.010629138105585101
2022-04-22,-0.028215603413655116,-0.026969363430673157,-0.04237905574417471,-0.029142998640022896,-0.021281031585967232,-0.024440629780830284,-0.033657295612655194,-0.003704429607069112,-0.031182288508353674,-0.022073353076270348
2022-04-25,0.006714489059933609,0.011872429325306142,0.028336125551361085,-0.0003154542670073677,0.015521643028453028,0.02412000844507724,0.01963684277683531,-0.007019222592886596,0.006371985755662846,-0.03429461642898453
2022-04-26,-0.03804258908676531,-0.046830397470919216,-0.036607769989899674,-0.030027418363111853,-0.03283428905702024,-0.03812131768743845,-0.05760187087258647,-0.1299278575282087,-0.020211674294741782,0.00036458772094789663
2022-04-27,-0.0014677882614004302,-0.008819827903123646,-0.03739966974360737,-0.013091355611044686,-0.033720562193556375,0.04698739259874657,-0.020052623909698104,0.005790878918745771,5.821478264941237e-05,0.028157343144091344
2022-04-28,0.04416558036220674,0.045483928748159326,0.03632438301434806,0.01568901979800453,0.16206431241974775,0.022380458890188765,0.07160669981177359,-0.004548029513557434,0.020439436641126033,0.02979735395765088
2022-04-29,-0.03729153946087482,-0.09194763210362274,-0.03794426916456163,-0.032800493950454604,-0.02590001675086992,-0.0427110023678226,-0.06446437672073574,-0.007721957937068309,-0.03072930047087433,-0.022616114558952405
2022-05-02,0.0019645492831892046,0.0017565476902947816,0.02144491219562443,0.009090619536148476,0.05180951496613054,0.024734387727031792,0.05179721715343098,0.03628977282780161,-0.014658216350325081,0.013515452054619665
2022-05-03,0.009576676111374085,-0.001981867083020741,0.006421220308280799,0.021193539246083682,0.0042536552925560855,-0.009500945548127852,0.0035262806227588876,0.006963974902024329,-0.0030574786363880527,0.02039019307787215
2022-05-04,0.04018965389446422,0.013390415419768674,0.04113350211131592,0.03254600143717346,0.05228098760483065,0.028685393622630367,0.03666269038232902,0.04659599279666411,0.015885332100018048,0.03902871959739054
2022-05-05,-0.05732828736363687,-0.07862161321968106,-0.04821955195199375,-0.02533793300831583,-0.07012539637270278,-0.0445316975367137,-0.07609999320690418,-0.08695990905101429,-0.025741405356193108,-0.015274228348719882
2022-05-06,0.004715661021841328,-0.014140750847553027,-0.006536165620296408,-0.0016152420880037126,-0.021891470294203953,-0.009491784014255114,-0.009008837242134611,-0.00877557365586079,0.009856073256175093,0.015165087291632602
2022-05-09,-0.03375210038465596,-0.05354166033985861,-0.028351391063609784,-0.015148177207515098,-0.03780632571981189,-0.03764491375218861,-0.09691764579988414,-0.0951126361970946,-0.026775445633429346,-0.08213523495580387
2022-05-10,0.015983251596290684,0.0006432376717789796,0.016606377597885216,-0.02467420173385436,0.007312232689306912,0.018424557268398367,0.03734667532541548,0.016293707630266798,0.0032633847975277806,0.006608424819180206
2022-05-11,-0.053233138648753314,-0.032556515700991426,-0.006951896765370751,-0.006328292360452211,-0.04612729135038889,-0.03377353208328111,-0.05640617592815679,-0.08615264955046516,-0.0038185960577908507,0.020604722443181966
2022-05-12,-0.027262427766943917,0.01468209351950851,-0.006699179706129969,-0.0008468447206479609,0.013158722065760008,-0.020159712766644196,-0.027741750252534777,-0.008207980246495447,-0.015234327981907665,0.004529619298683864
2022-05-13,0.03141755487145229,0.05569537333818603,0.028019189201974246,0.00885587318432455,0.037864243456543004,0.022345187201631173,0.09043664328442212,0.05555683158900242,0.013690295526156325,0.02923251907002454
2022-05-16,-0.010729345290280114,-0.020052883582188433,-0.0139310471533478,-0.006994106442843514,0.007123797951221907,0.001454152269945551,-0.025280094770775998,-0.06055559591829793,0.007839009344618349,0.023247431160254264
2022-05-17,0.02510462161865633,0.04030980601090871,0.017565163234187615,0.03260993114240651,0.012815200644847844,0.02014006593506355,0.051533834501009054,0.050132289582274676,0.006743092633997475,0.012673733359098034
2022-05-18,-0.05807317698864969,-0.07425163860523774,-0.040058520909766526,-0.01725383214122608,-0.052587936154488577,-0.04659890538084379,-0.07059726827701548,-0.07043726926027942,-0.04389077988025808,-0.0159771823201792
2022-05-19,-0.024950221766034092,0.0019259973748420684,-0.013635865863502792,-0.014933158470256617,-0.004953945951034725,-0.0037064350604133984,0.01092110517284858,-0.0005496144580126333,0.015096163439458474,0.005390532995924775
2022-05-20,0.0017457421453240995,0.0025313230136676168,-0.01346172803915315,-0.008232640571533589,0.011693600394833139,-0.002293933358312097,-0.02543116811441744,-0.06631616117599509,0.014892226214556386,0.007868905586620085
2022-05-23,0.03933531563301192,-0.0003161006497306091,0.02341345852728206,0.060032957591543014,0.013803280256776292,0.031529977337520894,0.012145792119703682,0.016432950581559483,0.012988488338940679,0.02185813182484819
2022-05-24,-0.01940311493363778,-0.03266897126205679,-0.05076100867824969,0.014026345113482204,-0.07924470105331963,-0.003959743301061697,-0.045027516238320235,-0.07176955888757142,0.011074690258670196,0.005417318008434289
2022-05-25,0.0011395482962915553,0.025371870055026394,-0.001558183457136393,0.006940145947668367,0.013968756278957764,0.01110828093378582,0.04957392720643106,0.04762508488803113,0.0010646102680158351,0.019927156775842152
2022-05-26,0.02293447053365395,0.03950431937060653,0.018610443762106892,0.017142323133258416,0.041554984842385276,0.012792838333132219,0.05031761809028409,0.07164265445291097,0.00827745192316457,0.0035244993304234026
2022-05-27,0.03994805847294315,0.0359770770988458,0.04111259627717117,0.014038893072588422,0.01809957733429049,0.027230347119755444,0.05238227545231026,0.0707688185938516,0.009669669266595972,0.009782071184176766
2022-05-31,-0.005360426319788257,0.043030852834664374,0.012787789394351635,0.007286365050115201,-0.0076652168676311205,-0.0050265144256360144,-0.007416658540254309,-0.0018051917677216725,-0.02058067020417232,-0.016426756272841944
2022-06-01,-0.0008739259335970809,0.01219142464906909,0.001142101247155673,-0.01770078558761918,-0.02616029810368191,0.0020211555819445665,-0.019031624119502422,-0.023876273341224673,-0.008551207707788987,0.018985401264967186
2022-06-02,0.016671460091569296,0.030965911805553418,0.03222963811281536,0.01596020982940004,0.05276047562467976,0.007897405579195662,0.06712773403381765,0.04571303469577831,-0.0005887614293160349,-0.0017389035439149298
2022-06-03,-0.03931835746688297,-0.0255076393596147,-0.02654749218921813,-0.0140376406320677,-0.04147986364249633,-0.016746960020069448,-0.0455290010793871,-0.09672413884722543,-0.013601503250623804,0.014433776704115846
2022-06-06,0.005213941760197607,0.01974655443905197,0.01970584124871868,-0.003309145497301615,0.018024854222592045,-0.004713913845787163,0.003519609455425538,0.01591980642197778,0.00936696169622054,-0.0025258835603763734
2022-06-07,0.017432955615116003,-0.014447976483889591,0.002812248183837358,0.002617527568874739,0.00718143984828772,0.013857139840801383,0.0074250472238509046,0.002542820180630796,0.014018622942149925,0.0448124433603253
2022-06-08,-0.005056216743877609,-0.014907309337206952,0.00037980245470549623,-0.016042678542638168,0.005047286762579909,-0.0076992727722966945,-0.014586456864550805,0.012397350726358317,-0.007207770119128712,0.011733174604028094
2022-06-09,-0.03661801313255321,-0.042394573681651705,-0.020330117066874463,-0.021239509357717772,-0.06643885189948848,-0.021002632137864807,-0.03270388987474587,-0.008970671737446728,-0.008342045749904076,-0.02184545103759131
2022-06-10,-0.03939480933380408,-0.057588983573757455,-0.0325164792050419,-0.04705582434637348,-0.04689781479864599,-0.045586947514326445,-0.06135224007585214,-0.0316877053198606,-0.009855767083720228,-0.018442995198434058
2022-06-13,-0.039036564289597085,-0.05608072910711982,-0.04384891539779223,-0.03023091910257576,-0.06658751409285774,-0.04333842269423022,-0.08140366593436485,-0.07366972655880115,-0.03129145529955825,-0.046974993235362486
2022-06-14,0.006650329334447075,-0.013205363644664271,0.0030313147879826047,-0.01677932703282439,-0.003231849764464807,0.009162961594112768,0.012006606320547656,0.023606322357198544,-0.01707066425325783,0.002604666050284616
2022-06-15,0.019912052174019448,0.05106358079343476,0.028170636389532495,0.011766466194331195,0.03374901491955305,0.029301789608997597,0.04270944004999596,0.0533736162801124,0.0055719624938876475,-0.012671070377496511
2022-06-16,-0.040459212396482216,-0.03795462873180644,-0.03458193213697507,-0.017305161301424808,-0.05137108210677132,-0.027340687358515477,-0.057660163741052116,-0.08927688581957327,-0.014345507111647992,-0.03758221098310297
2022-06-17,0.011467328054259117,0.02439607839682275,0.010413935901148506,-0.003532774154788198,0.017683222142792655,0.010880909777117934,0.017725399499526392,0.017029157609637507,-0.008875202284670628,-0.059394421819041816
2022-06-21,0.03223541232333306,0.022895360879700146,0.040250030250386044,0.024470611057586276,-0.04171562858983029,0.02429361794933275,0.04229189467129179,0.08942411634475682,0.06063752616652981,0.06037881325888352
2022-06-22,-0.0038342667473567913,0.0024812460138330314,-0.0005066712395728761,-0.005627621780096291,-0.007670108748136138,-0.0024069076356469286,-0.012512962269450614,-0.004015858661335937,0.019299569099075146,-0.04037585665515347
2022-06-23,0.021344212439015922,0.03153073437129849,0.006744664093370578,-0.010999701071238358,0.0184365925508587,0.02238414681129291,-0.008286182018238228,-0.0043156097521520964,0.020475936511154785,-0.030625752717187375
2022-06-24,0.02422159872423219,0.03512809079637085,0.04981550368288434,0.02940890857419938,0.06940845467138072,0.03357965035922927,0.05404438832288829,0.04425503260828766,-0.008378112120202284,0.019639162061136545
2022-06-27,0.0,-0.02821501915746544,-0.01831893031950143,-0.008044668271628785,-0.003945010167597134,-0.010552340113942241,-0.015120184991530571,-0.003206786761701394,0.02001456834650197,0.024215303534323027
2022-06-28,-0.030242380284705973,-0.0527726431080026,-0.03358788044261438,-0.004823449267147765,-0.05337942127901383,-0.032263991367298954,-0.054014286457300546,-0.05133914578061633,0.005482562186842628,0.027365712574488228
2022-06-29,0.01293969290444558,0.01405345471235067,-0.002735700244729552,-0.004499803378386326,0.020085838508710534,0.014630452395900046,-0.02791712164383313,-0.018100003611393488,0.014197578142672139,-0.03763950678910055
2022-06-30,-0.01819205668719058,-0.025195393281078386,-0.02482180858846519,-0.023606806811614638,-0.016544513740804807,-0.013266642394515048,-0.024951615380533178,-0.0177355774717728,-0.004041508791715076,-0.028546922243892447
2022-07-01,0.01603483162771724,0.03105406439766482,-0.0020716447543785185,0.012706424413561809,-0.007594810432562655,0.010650365808484483,-0.04286090341409777,0.012352524133575146,0.00731326201209827,0.02205762834540576
2022-07-05,0.01875364807675805,0.035330514810317494,0.04077581726237989,-0.003810838415596428,0.04973304901355755,0.01251856446895658,0.029913825193534877,0.025215114905161356,-0.02378284433670358,-0.031796802785981744
2022-07-06,0.009561629130217564,0.007286182647943523,0.011490898547265907,-0.006503334668250769,0.00935023754548167,0.012702158019230346,0.011032167090995875,-0.00573722846648063,0.019696211899893696,-0.018204947474615922
2022-07-07,0.023715658861611682,0.017341975999450154,0.03609481657117766,0.024978315033370654,0.014154070472533298,0.008193100844776717,0.04699451478573896,0.05380522947187794,-0.00176743492116202,0.03144110126173351
2022-07-08,0.0047034597446132765,-0.006814197291832153,0.00479146089563928,-0.0031429795707644597,-0.007636899406720373,-0.0027613616509966597,-0.0012619236574685096,0.02511707828484195,0.00822840752726905,0.0016276664973624234
2022-07-11,-0.014867619742128926,-0.03335256478334072,-0.031292183698711604,-0.013203253342236583,-0.04794789502605572,-0.01183836149810189,-0.044279588273020976,-0.06772231414560198,-0.003244592715770637,-0.005124645843903948
2022-07-12,0.0068102510140579066,-0.022900025593117632,-0.014419159215615766,0.0009739547571984716,0.002391485279762208,-0.04184473023841334,-0.004630474708510439,-0.005448427397798375,-0.004906197484622732,-0.013401200276089051
2022-07-13,-0.002539725526654671,0.0107459397638012,-0.02366849867372651,-0.009427114614208948,0.0013466353223353907,-0.0037521997535584863,0.00542213276875061,0.016890005886123306,-0.02595488749944697,0.004015691423541775
2022-07-14,0.0202756642569855,0.0020811275557193875,-0.008894272059218927,-0.03556376710287501,-0.03384042067035024,0.005367134777419814,0.01362354579089087,0.005357484236889209,0.002371266338720638,-0.020241050399911826
2022-07-15,0.011385003484416416,0.026052020207380393,0.012694825287519793,0.04481401236178883,0.041214205830642975,0.010336864922928235,0.02505420706153356,0.007330299130864308,0.052948891745468345,0.01669875330979891
2022-07-18,-0.020859433447596044,0.0018476894058662332,-0.024887223500945865,-0.010322974679956486,0.015244462677643594,-0.00966801729121277,0.021279229612494475,0.001997430616818738,-0.019788768868663584,0.018284526313009735
2022-07-19,0.026371337319322837,0.0383717111840348,0.04290714031806179,0.02447635526935301,0.04986309918514022,0.020554298598624347,0.053861431440470384,0.020505045463666282,0.02674876555574334,0.024890960963277524
2022-07-20,0.013419534589420579,0.037849962832112935,0.0007905950787768359,-0.0001745618286830872,0.04074459352646502,0.010502254958295817,0.046849162317952095,0.007991447618970264,-0.02655618363985089,0.010929086753618915
2022-07-21,0.014980998858342313,0.015036666950921374,0.003855658011930904,0.006786677698091377,0.00043683622755874986,0.00975118218603545,0.013553699261663688,0.09331246499887616,0.005739575449175881,-0.01683739402723761
2022-07-22,-0.00814362879599484,-0.017891585334626356,-0.05797171761733421,-0.004867582582772141,-0.0789195769119673,-0.017060509693769415,-0.041341167600593684,0.0019732780255828208,-0.0020119865270099,-0.007664678054387656
2022-07-25,-0.007425911204003252,-0.010510843951367622,-0.0036209885043531334,0.00400022514428371,-0.015599416774279168,-0.005893731712632212,-0.017180008341831515,-0.014093787954092982,0.015339818707758614,0.03276029906103293
2022-07-26,-0.008865313091902626,-0.05366832967343516,-0.02343313685789455,-0.015745748899939887,-0.046048750173073874,-0.027139257684155017,-0.029265634952190662,-0.0363152186530825,0.003996009500248521,-0.0038976552595427977
2022-07-27,0.03366155272267691,0.05226402422174665,0.07376794393117904,0.015919427195900924,0.0634778470465541,0.06471214540150663,0.07327789809743818,0.05982904612856656,0.0056650189420449784,0.021413656076638962
2022-07-28,0.0035655976121211634,0.0107708959770675,0.010207737464792989,-0.003738576349832114,-0.05366102947529012,0.028140930382932913,0.010845875257552495,0.021882347827174065,0.012787276940801081,0.011617438389393208
2022-07-29,0.032266595092808624,0.09859082981024253,0.018218555111260765,0.0047792076217566416,-0.010130870108134847,0.015543823656653138,0.009904282432016367,0.056238328890716484,0.0015685079887095912,0.04526812838244635
2022-08-01,-0.006172291355272742,0.003255181148895761,-0.01263099779198516,-0.010018788884232856,0.005203203032202462,-0.009771929510516753,0.01518987836405912,0.0004262206792024022,-0.012916494673075275,-0.02560086725204411
2022-08-02,-0.009330900613587247,-0.009126353187385704,0.002347938696482833,-0.015708161630628045,0.0016244192674854277,-0.011540844682582237,0.0045987628193463305,0.011072869479979633,0.00014957276800179847,-0.004349094775817629
2022-08-03,0.03753462548182935,0.03917484597170419,0.025300454432163506,0.010440759416636561,0.05235398826623306,0.02745602838030658,0.019616073586158068,0.022402858626649376,0.009645797140655105,-0.03295982510469864
2022-08-04,-0.001928331708807813,0.0216251677554199,0.0009310719020192853,-0.011063402540190713,0.010431255248155786,0.00416878061956378,0.016899625288217736,0.004014952135593356,-0.012844643933413202,-0.042989818186928395
2022-08-05,-0.0013899823488334668,-0.012492693140300751,-0.006110498404599442,0.02981105075599176,-0.020493549189874415,-0.0026124842988823212,-0.011831062417678008,-0.0686033118290163,0.002451501008038525,0.014347824041886172
2022-08-08,-0.002906923463456797,-0.009921207364734218,-0.0014482125881271032,-0.012255426072354341,0.018615775811203803,-0.009196861665955266,-0.06505500448856462,0.007789020718917544,0.002874219082029933,0.005637098711043428
2022-08-09,0.0003031283519873067,-0.011398203042398835,-0.005728260362439095,0.008967143627349428,-0.01015430210293956,0.007038390795501368,-0.04054568768592417,-0.0247155543645267,0.0012289495144824384,0.01826938610496062
2022-08-10,0.025857399991786503,0.03465340706112098,0.02598207661986999,0.025753251856917,0.05657815721589978,0.02400987374537888,0.05748689182577634,0.03816806100817755,0.0008558850400635079,0.009448699261668353
2022-08-11,-0.0044416011534750355,-0.014471032455294032,-0.007210536251355184,0.014673447529672024,-0.004777646923515611,-0.007428120433826415,-0.008601837715450601,-0.026599955270312267,-0.00907937592792198,0.02851733429901811
2022-08-12,0.021199555218832607,0.020479998229218345,0.023616743444927903,0.016428466165570314,0.016816598987700205,0.016893756220208538,0.04186021988415559,0.045690263130780645,0.020138938535552237,0.00865425624286716
2022-08-15,0.006313344390873806,-0.0025808990121560286,0.003281817878341681,0.0026983809207817545,0.002158285749832867,0.005329935905811556,0.017117041079670024,0.030493897831355556,0.0017273519490580017,-0.01803400484707852
2022-08-16,-0.0009243741182832651,0.011112811619446402,-0.0031176386469115537,0.009508801243657094,-0.007880854594193333,-0.002593507682438046,-0.008071219176112986,-0.008952025876518947,0.002714107153987302,-0.009359289186901553
2022-08-17,0.00874626477022524,-0.018684262378250237,-0.017824145556344283,-0.008447829983201477,-0.026079689579502463,-0.002639435558800732,-0.029238685290990288,-0.008407578354357605,-0.002053037214240236,0.008058702740461195
2022-08-18,-0.0022942328495359297,0.0014064484864398943,0.005172735594651191,-0.007779614411724231,-0.0010873501012079263,-0.003955525885380132,0.023608132045066555,-0.0037131047703819653,0.0004033609420526684,0.0233688835395522
2022-08-19,-0.015217056624237828,-0.02901859297383289,-0.024940397550345213,-0.025056405384115712,-0.03911522499654325,-0.013950465742216488,-0.05047218248341136,-0.02069451464936621,0.005669672225601766,-0.0031833074325402543
2022-08-22,-0.023298569154166084,-0.03691702741982209,-0.025665602993068706,-0.016659987587778393,-0.029669038508986584,-0.029795112536631224,-0.046736303966887556,-0.023027123255798403,-0.006862567013032088,-0.0007447687004273648
2022-08-23,-0.0020311345906789983,0.002998007806707862,-0.0033319510025147906,-0.009905664041913557,-0.011969570652114786,-0.004727360985926767,0.008592769079981563,0.02230781558771273,-0.016235479993630786,0.041566482175822005
2022-08-24,0.0017923260473290106,0.001346256547678855,-0.0014940278906752625,0.002420923767540941,0.013256502001197023,-0.002354250127720249,0.0023835880957512397,0.0021677745650455194,0.0012308452481786412,0.0059010053617167295
2022-08-25,0.014812242612817642,0.025676456345101635,0.025702411933686636,0.023470196481463645,0.033252187243567016,0.011034423918135219,0.03933894013751644,-0.0034616690754643124,0.009480469897278222,0.005159874901933968
2022-08-26,-0.038428276993401206,-0.04873552390255167,-0.055611394018829606,-0.03327647929705028,-0.0423588117733735,-0.03935123667113616,-0.0968182910767713,-0.02732301898385137,-0.023011497258790627,-0.012388233568477087
2022-08-29,-0.013784503543997038,-0.00736939497405998,-0.00837291764130064,-0.0024447361493226683,-0.01626455296444368,-0.01072530669798042,-0.028635085049852998,-0.011415491099770154,0.000982168554769886,0.02272939339179508
2022-08-30,-0.01542393588440418,-0.00820055348874808,-0.0043963088541871835,0.0001747907121979585,-0.012708255490404365,-0.00855729591628575,-0.021299861523326045,-0.02531598923616216,-0.013167492431358709,-0.038797501006423006
2022-08-31,-0.010691965866528073,-0.01534276001209404,-0.006631200887659703,-0.005961279449913308,0.03605623294194188,-0.005720511612733478,-0.02447602362454456,-0.007554668468041173,-0.006735931075668195,-0.007503903014681611
2022-09-01,0.004695907262505431,0.008248627364462172,0.013947704771717882,0.006834996349202628,0.014804284848587002,-0.004100819317180507,-0.07975038662692925,0.005608200169827373,0.008952089672614696,-0.018157209882016908
2022-09-02,-0.013704693787172978,-0.002428212185707223,-0.01737234502239053,-0.00701075794858355,-0.030952911993853582,-0.01680707110844902,-0.021027025094600804,-0.025395567131662106,-0.014706882946459684,0.018157209882016908
2022-09-06,-0.008249210834523887,-0.011040262841267292,-0.009690034529458892,0.00026377936253649535,-0.011165237822450701,-0.011034592930246147,-0.013426360237568293,0.015460425583855752,0.0025725387762956242,-0.006717636537702466
2022-09-07,0.00921135731856964,0.026371849253352748,0.02441638351742262,0.01881265072402321,0.011601481147081653,0.018931064063431327,0.018620729292062127,0.03325755641840769,0.007697168115391134,-0.008567665319469711
2022-09-08,-0.00966428456241429,0.002622535962612139,-0.00982431954547268,0.02302866222256586,0.010358399571855222,0.0016646331340620477,0.019925455229844596,0.019408586563541073,0.011113275517388657,0.008146299452912967
2022-09-09,0.01866474292035675,0.02622824562673727,0.02072850480464863,0.004794572489767985,0.0428191496386781,0.022716936407897622,0.02798227680100188,0.035389242849343666,-0.0028947024650162836,0.01661392912195227
2022-09-12,0.03778480103791928,0.023581047138634757,0.0018961006005953414,0.011762289155970882,-0.0011236475848810318,0.008247142684306746,0.008168653247302373,0.015693156705112052,0.013092620936781072,0.011436901768453732
2022-09-13,-0.060471538162837984,-0.07318946892343868,-0.06080506021178736,-0.03536672151499406,-0.09837485965202761,-0.05654748060747578,-0.09951775500732947,-0.041209445573060305,-0.03308751896849966,-0.023635365378866704
2022-09-14,0.009509941164338528,0.013549201586232946,0.006497264551453131,-0.0023224234728810708,-0.010899577375795128,0.0009121686137335938,-0.00022860655366414184,0.035245873940170286,-0.008185610074550854,0.02425000526468494
2022-09-15,-0.01911149663689011,-0.017816303428596674,-0.02010543190294667,0.014958085864668185,-0.012756860444199198,-0.027493797076260696,-0.015274349978378001,0.0037601953268899466,0.02544970107292963,-0.029508735531275736
2022-09-16,-0.011020588486205442,-0.02201762235626526,-0.0010695404021822843,-0.006724792973878005,-0.022039880495555945,-0.002611542229602386,0.020592225837207944,-0.0013177201460770078,-0.0036207952312925086,-0.017230869743805895
2022-09-19,0.02477345179013399,0.009106029090597056,0.002623101235455684,0.009182304342975104,0.011756478800242942,-0.0008992427296613801,0.013845300128239086,0.018680537647816527,0.004843882943429214,-0.00010731442034285338
2022-09-20,0.01554393789683227,-0.020012830448643673,-0.018902787613483713,-0.019916190650968783,-0.013124576977580302,-0.008501631423090206,-0.01551347103195867,-0.001100668054834369,-0.0014336724829816694,-0.008187990760155287
2022-09-21,-0.020475620388095285,-0.03032676622578613,-0.018561638884518075,-0.029259273413699795,-0.02755124424632963,-0.014541174009373145,0.006430531319852293,-0.026021592607865372,-0.020717958228676434,-0.01625001379105671
2022-09-22,-0.006395686049386638,-0.010430481377003758,0.008625112735379957,-0.011443956505494077,0.004913650301448815,0.008459578194497688,-0.054230830446719155,-0.041438568478665415,0.010451410251416153,-0.0041866610855522835
2022-09-23,-0.015239264157874315,-0.030553234112175698,-0.014078987297478413,-0.01878885724821901,-0.017018554930958867,-0.012779344171822518,-0.0035888237866060395,-0.04703665354268194,-0.007468181582696063,-0.05468706387478195
2022-09-26,0.0022577157562116996,0.011968890924047326,-0.005789634435220811,-0.02176730203514938,-0.029194859604355045,-0.0019774725888013316,-0.023279375400315085,0.0024668028538151034,-0.010274303214252307,-0.02085726760714367
2022-09-27,0.006544694111858258,-0.00644711979642255,-0.00684817687369989,-0.008841137491319468,-0.014551566538822957,-0.004389596742700233,0.015016083687143333,0.024797737333229056,1.9719220357078486e-05,0.020740718028377892
2022-09-28,-0.01273218391766739,0.030980865018271533,0.02581775171707489,0.020015400558878634,0.05225660722181353,0.019519942361658923,0.02568815493144727,0.017065662059063912,0.01089698993752102,0.035742869632980484
2022-09-29,-0.05036656926419588,-0.027577874271049258,-0.026638607586167144,-0.017090987283808062,-0.0374118285419074,-0.014919874975948218,-0.04135872674577683,-0.07053030781738932,-0.009992594116337928,-0.002027774812000859
2022-09-30,-0.030499520683065873,-0.015803691756381338,-0.018335862586885143,-0.01576066109532534,-0.005365950382309493,-0.019558457188163736,-0.006650703106380291,-0.011097446407076914,-0.007476227275245907,-0.015569407784361281
2022-10-03,0.030289095874787984,0.02516733048685826,0.030781228618989364,0.03044127686294023,0.02136508354441171,0.03310841482851537,0.030264944383509323,-0.09008354847845335,0.020518928306060728,0.051453600879442285
2022-10-04,0.025300107677520837,0.043978891324203705,0.029960333704827275,0.04572227649924099,0.011975989938597215,0.03325341115810027,0.051025475694066826,0.02862918608137619,0.014749981439891946,0.035796265048334504
2022-10-05,0.002051279497567571,-0.0011568286989317087,-0.002068202232159183,-0.012423581879437956,-0.009310106470220455,0.0012849023733723177,0.0031847008130454304,-0.035210184423729626,0.007426749506966651,0.03961628649553559
2022-10-06,-0.006647762494904031,-0.005388563475942462,-9.871916448470865e-05,-0.020592945937049176,0.000647444828999594,-0.00971798131027343,-0.005998701824403088,-0.011191467132615623,-0.015178868313252665,0.029229529622735135
2022-10-07,-0.037409605189487424,-0.04888996644735092,-0.02738793740791781,-0.020176126570889314,-0.0412506134263419,-0.052191586434013455,-0.08367955501916444,-0.06533110715825653,-0.027893079439964354,-0.010143247697811027
2022-10-10,0.002352588365388999,-0.007799184311071454,-0.00834433117953816,-0.009385360061961391,0.0025446626456416804,-0.02153311846484461,-0.03419874946041829,-0.0004932430962923407,-0.011936068033451763,-0.021915068772022157
2022-10-11,-0.010307520124756669,-0.01292739007238406,-0.006973127946212289,-0.02928458813635828,-0.04003144765419072,-0.016892211430937627,-0.0072238566123387984,-0.02940186584357689,0.0019027132603913156,-0.008534958264925615
2022-10-12,-0.004615808534967392,0.006130377153208065,0.0039026543458801476,0.016053149505972888,-0.008123733939235546,0.0015072979229786788,-0.0074505158771428865,0.003412211010253521,0.00029994847272440484,0.004378163570745849
2022-10-13,0.03306065563772282,-0.0032826427568259787,0.015258094232117598,0.05410295657146067,0.0216463912032848,0.03691803197280357,0.03922081878723332,0.02041257160441261,0.019706282423146412,0.03435199113592275
2022-10-14,-0.032771465283241485,-0.05132600960921381,-0.0255610500420128,0.016503818502146054,-0.027467274070250892,-0.024547390224837175,-0.06324606111050222,-0.07845410579918498,0.006294973975197865,-0.026660461434795453
2022-10-17,0.028706931556003373,0.06246082010978991,0.034705678206496025,0.04114193870604191,0.05584262537651102,0.03849508068170356,0.05720777266750993,0.06770743117966126,0.016908497415254048,0.014313828030762138
2022-10-18,0.009365310046524397,0.022334186457693587,0.007970457702522894,0.02539551443139103,-0.009294178037010863,0.004075528039607861,0.006623425311628705,0.003822165646732409,0.0006319765356370138,0.0017873655252855552
2022-10-19,0.0007648368436114057,-0.011148202689094493,-0.011377396727593326,-0.019800906773369143,0.003232937216007391,-0.00850578008542039,0.0069947482084887855,0.008366694500343838,-0.003625721426095192,0.029231271705723014
2022-10-20,-0.003272559861261173,0.0015630456934787908,0.0034069390250703532,-0.003266829990901544,-0.012841965444162197,-0.0013965255936597624,0.01179634491505094,-0.06878698522005931,0.001075663680843296,0.0013479356127290042
2022-10-21,0.026699678358701996,0.03470527521216521,0.011536495987058804,0.05119434710101126,-0.011623510009254056,0.024966341211257462,0.022060713888858503,0.03395945997966481,0.024370473001921984,0.01839984720011923
2022-10-24,0.014694079448323575,0.0041816570199037775,0.013651102710770776,0.0012263146739536492,-0.0022330725105031094,0.020966480057676977,0.010612863483392316,-0.014987724107085643,0.014637456131498462,0.006966132010640324
2022-10-25,0.01915282207511796,0.006488657531862419,0.01893779650472109,0.0026114364726950927,0.05831811192095936,0.013697408022327396,0.05120985261839219,0.051525211920993325,-0.002551122800726983,-0.006777260905160306
2022-10-26,-0.01982195669953931,-0.04182438724790477,-0.09585591114042478,0.011425869325656614,-0.057547568506115206,-0.08029544354433832,-0.02791033374445255,0.009931639962148882,0.005445865672034903,0.01183021311447389
2022-10-27,-0.030939113231698394,-0.04148511663717591,-0.028962672181201986,0.003940345057436086,-0.21023885410850354,-0.01995386517972851,0.02147980242460026,0.0020011878357876823,-0.002525601929422529,0.003819429211224778
2022-10-28,0.07283422203058984,-0.07046806314523207,0.043187473113690596,0.011808087807512191,0.012782971298805686,0.03943265981829484,0.04873234087363033,0.015123446596271723,0.0172737256716737,0.02886799189063623
2022-10-31,-0.015530044408443012,-0.009424419446504203,-0.01865890254584073,-0.001587654699117168,-0.06281945588977181,-0.01598313180319417,-0.024661927707298685,-0.004297734947231046,0.007067717404230408,0.000993170045435509
2022-11-01,-0.017698462920998914,-0.056733592543971104,-0.043687300767830894,0.017872343055998358,0.021661395793498277,-0.017206534185691263,0.003402549231478707,0.0012298580156588981,-0.014222916892865853,0.009877745705957383
2022-11-02,-0.038018944684433814,-0.04945158785215439,-0.039455088254663394,-0.009250532914333164,-0.050188200129082323,-0.03600895574371867,-0.024214840816293794,-0.05801089494975556,-0.007114345092269212,-0.02076622853473473
2022-11-03,-0.04332974197439498,-0.03109058271107464,-0.04155515699090095,0.0018098486374179396,-0.018166988194633412,-0.026938561570427566,0.01516556167565584,0.0015338580999043428,0.0003311992479489498,0.013502036479237266
2022-11-04,-0.0019495368163344067,0.018638216982674413,0.03706087790259385,0.026990882876734797,0.020924297281761324,0.032782192987964746,0.05331793901948977,-0.03709208198225607,-0.010057838760353266,0.010832144074840127
2022-11-07,0.003894497738507637,-0.004958465035960488,0.02182046752333562,0.005266223131938562,0.06327128450916467,0.028849514236812,0.010190961830575855,-0.05137700982212229,0.01264825317282989,0.011772825855260703
2022-11-08,0.0041665620577587175,-0.006093813282808144,0.004622854136504945,0.0006087438846877206,-0.0025881958558605263,0.004378972813713704,0.0208289618821574,-0.029766854567743133,0.014626106221057856,0.003162911952496296
2022-11-09,-0.03375317698186382,-0.043613588180190316,-0.017932811415917026,-0.013094075622463367,0.050531053036575006,-0.01923402927626825,-0.058230640281120086,-0.07436539035358274,-0.022657966131013334,-0.04576852249385585
2022-11-10,0.08523648997826151,0.11491535104712981,0.07307677415587358,0.040334740556452184,0.09757430691057739,0.0790589468670915,0.13391249391773657,0.07132888823212645,0.006471047960145186,0.014585507715232026
2022-11-11,0.0190853974712296,0.04214992986278232,0.025953874858904213,0.0016273314954951047,0.010227391532032596,0.016854391926432812,0.035979755872795074,0.027155202242509627,-0.041440758617474815,0.030744147491768185
2022-11-14,-0.00953099897973388,-0.023084154958510447,-0.007392039069733056,-0.010326724006912777,0.010561533866708085,-0.02275706675742086,-0.0019615107170648416,-0.02594999483044167,-0.016084221730951146,0.0029152247532252943
2022-11-15,0.011799581640389536,0.004558631983396615,0.02822916335514204,-0.007269754861947663,0.024731073031421157,0.0017373355694179752,0.02251227102225151,0.018009160285334423,-0.021126843350148597,0.006681278072675403
2022-11-16,-0.008366068933060411,-0.01856627488370591,0.004156326191264802,0.0013529628269523582,-0.03343625250303044,0.0018218084907603443,-0.04642299857470394,-0.03934004993858786,0.016776756491867665,-0.010747125527028596
2022-11-17,0.012887852984533888,-0.023650675297741616,-0.00496941881112765,-0.004366565924174187,-0.01584510069522688,-0.00020698673316269832,-0.014753062516051667,-0.020266034660649707,0.007381930824052111,0.001327535869050181
2022-11-18,0.0037749767244853777,-0.007513650804188213,-0.00950004961578173,0.009760498906490177,0.005369131440752544,-0.0019050915436982327,-0.017242894748029536,-0.016402810087859467,0.028108419174480866,-0.008705609934507351
2022-11-21,-0.021918837562030336,-0.018006920831346168,-0.018961286112741643,-0.005919895669713727,-0.019738405708236536,0.0034348833998967326,-0.005988434484327621,-0.07082202204033466,-0.02446670284298133,-0.00995302291683882
2022-11-22,0.014554814759154806,0.007971580289157953,0.015053493583827529,0.014846000961302308,0.014279563640868317,0.01223636769514234,0.045997439879554715,0.012079065403443036,0.011343313047106274,0.028516299741273114
2022-11-23,0.005908606813761513,0.009929087433161624,0.01442402643697252,0.01060701088171007,0.0071530484865396345,0.010353074024362554,0.029550338430757578,0.07530952893106566,0.012576219632720018,-0.005004551591597856
2022-11-25,-0.019788090403689812,-0.0076783312910851725,-0.010208375457123685,0.0019033862383659244,-0.0074222978006905785,-0.0003634454233847716,-0.015188145879980713,-0.0018575995078746789,0.014822250236279465,-0.003527187017328287
2022-11-28,-0.02661517685396112,0.0057642482872482335,-0.014573110090005238,-0.017633007536784304,-0.023889660350595462,-0.023424838051278166,-0.027605764246353425,0.00032805270562665304,-0.010001264440945902,-0.03049295103554669
2022-11-29,-0.02137500915509551,-0.016419307746887702,-0.008993962544514929,0.016315457043695157,0.006231733250804699,-0.005932381120214635,-0.011949600725472208,-0.011491515256992131,-0.008054411443713877,0.006626013801213458
2022-11-30,0.04744999953194483,0.0436140540859465,0.05914654711744456,0.01179319658427128,0.07597262452680571,0.05979934807790207,0.07916180161239021,0.07390252318127676,0.036741114150048354,0.007211069512514666
2022-12-01,0.0018895868579301394,-0.010831192229061232,0.0,-0.014138847434587683,0.019619799317328115,-0.0017653575914205921,0.012449323409183621,0.0,-0.02000712340170679,-0.0048619717383411995
2022-12-02,-0.0033769737971340967,-0.014449471106160492,-0.005460884954117584,-0.007959019937196487,0.025008475149496445,0.0012949330881263763,-0.015230651058079253,0.0008214584254523483,0.0016800692179908636,-0.008519882519560077
2022-12-05,-0.008015009015813583,-0.03370736231877925,-0.009603910821678645,-0.028441438385642115,-0.00862066446987504,-0.019081342269966297,-0.015887700161923427,-0.06580520897353867,-0.0020909735773220963,-0.02778089261036121
2022-12-06,-0.0256973746751592,-0.030795718248338627,-0.025451823451647912,0.001673186628827271,-0.07028889655799564,-0.02051257638550724,-0.03822874074674598,-0.01451975486845227,0.007967434289623779,-0.028189560394540875
2022-12-07,-0.013881024436870733,0.002376766277155038,-0.02125969855599659,-0.0006840544830610552,-0.0016662729502840005,-0.0030646321673054046,0.008284791777942759,-0.03267127201155782,0.0066344612937720895,-0.00221646835587065
2022-12-08,0.012059665635616319,0.021140538059143867,-0.013040212817821514,0.010439566574925872,0.012213294500118571,0.012323078200118041,0.06304475641860291,-0.003453386948248274,0.009185719864008629,0.0074013181343671
2022-12-09,-0.003440402447056597,-0.014043946522882085,-0.009435032532709926,-0.005433197183881615,0.004930214610054488,-0.008035474349311945,-0.009833279319342686,0.03183338116095202,-0.016042752237498917,-0.008463230554180039
2022-12-12,0.01625677813194231,0.016255164405059676,0.005157211100546265,0.015392586644141512,-0.010320547726866934,0.02847985543256987,0.0309268402971319,-0.06477309340338366,0.012275941829358287,0.024329819056862146
2022-12-13,0.006759578270001786,0.021198289437405628,0.02455940305971396,-0.0009691496064159748,0.04633360958402818,0.017313861301969626,0.030164733099325124,-0.04179828130131225,-0.01409506524892307,0.010874784929686968
2022-12-14,-0.015657683445048025,-0.009887580246293281,-0.005872999090886138,-0.005009623435924541,0.011913825111685452,0.001167018532546177,-0.022269222186441038,-0.02612261140486262,0.0002602257639594308,-0.007393242003137299
2022-12-15,-0.047987461833134855,-0.03477554111983318,-0.04529353836805818,-0.025123559236148413,-0.04577218722428926,-0.032438634308986296,-0.04170886459589507,0.005533102257132837,-0.02003738324512105,-0.009627272670757994
2022-12-16,-0.014686227433657627,-0.006692740608663019,-0.006625472994811437,-0.006245489291995592,0.02784798957387881,-0.017500988070932904,-0.02273151713227087,-0.04833680500131505,-0.00757124927353532,-0.007043129261348589
2022-12-19,-0.01603755890015081,-0.03403503022155705,-0.020370170728916753,0.005937747854551338,-0.042330402535339894,-0.017479917834897156,-0.019315208591099423,-0.0023992055582815475,-0.00019091075884054503,0.004479060797541372
2022-12-20,-0.0005286000437614752,0.003174469440173832,0.006536692356731454,0.004832197444554936,0.022542768589692015,0.005598903546684959,-0.01045170337279877,-0.08396483835074355,-0.006495368890347409,0.014349450087661846
2022-12-21,0.02353012065928017,0.018376816404560806,0.006271150902121982,0.011185289627236947,0.022546921218950636,0.010817852639300404,0.025533585947322846,-0.0016704490129968075,0.013991973309599205,0.012759295564301446
2022-12-22,-0.02405947009087124,-0.034947221566029855,-0.020526310681980593,-0.011414740444666572,-0.022290665648133423,-0.02586018709196588,-0.07302238058018108,-0.09302311928148893,-0.0008532209356607822,-0.02038044527214956
2022-12-23,-0.0028023009541352484,0.017274436611979943,0.016611517179533235,0.004734166081796777,0.007824482389618113,0.0022643879065227046,-0.008708400093761432,-0.017706675474399133,0.007974207564639799,0.02610145128832899
2022-12-27,-0.013975473816188633,-0.026265685720911106,-0.020836516479204207,0.0034975232957841556,-0.00987597258513929,-0.007441599394090392,-0.0740270468998535,-0.12113825810398889,0.0012792275329940534,0.013798386788145761
2022-12-28,-0.03116586401570359,-0.014800721671305868,-0.015800940523306047,0.005450408550019817,-0.010838753067936774,-0.010308017182813477,-0.006037664372058747,0.032553261278161744,-0.006676606053723267,-0.01656244660301246
2022-12-29,0.027930843831779753,0.028435658196292006,0.027857440070155573,0.005721207092618122,0.03934721683789388,0.027254903577773725,0.03960157030688614,0.07772640277207259,0.0027023617382172143,0.00753726749426567
2022-12-30,0.0024654527630781184,-0.002140568124387558,-0.0024902020391070734,0.006584110396734772,0.0006649860211268045,-0.004949744981032243,0.0007530583237208467,0.011102159833173808,0.0005658382876275436,0.010023193181311335
2023-01-03,-0.0381221397132779,0.021435277164066735,0.010036604336255377,0.007577352872103665,0.035910526366269936,-0.001001414047144711,-0.02067206888098153,-0.13058999220665155,-0.022006367364665106,-0.03496517991509725
2023-01-04,0.010261593420728608,-0.007955122776173124,-0.011738286119392118,0.009281720828375377,0.020864600216529913,-0.04472874361056159,0.029867181026461992,0.04997884108534127,-0.027642246897751868,0.002906140377844431
2023-01-05,-0.010661159182402168,-0.02401157339665977,-0.021575346638200054,-0.00022153469601463987,-0.0033816255574192168,-0.030085798056813978,-0.03336606155440624,-0.02946907696009933,-0.02924406819617557,0.022127575424050704
2023-01-06,0.036133360234397685,0.0349917378504728,0.013138403963174675,0.01895467930849442,0.023973873486044506,0.011716458333597388,0.04079677836991111,0.02435215499827936,8.158499795959801e-05,0.012014205860441171
2023-01-09,0.004080123234723869,0.014760401298199752,0.007755440830676261,-0.00414077291446866,-0.004239107919268546,0.009689423121057708,0.050458310300390226,0.057654579278002493,0.00012256626400737773,-0.018813293341695785
2023-01-10,0.004446876116455072,0.028326693248784427,0.004534248857958818,0.008914313058014243,0.026824596223063355,0.007588200430956204,0.017820749657454765,-0.007711027963739906,-0.008319266377998989,0.01482467898440294
2023-01-11,0.0208923906409925,0.05645956080731301,0.034459153369757724,0.007403916004423337,-0.0007521695624917434,0.029789909802700416,0.005766261956027334,0.036109204525613114,0.01511147359016677,0.011559718865219955
2023-01-12,-0.0005992496466019866,0.0018911574433712077,-0.004270364918372442,-0.0010030307948068929,0.02834022852067209,0.011554485608574689,0.03137562128738747,0.00275546279838757,0.004590369458206358,0.016474787580426264
2023-01-13,0.010067964668531312,0.029476316899670684,0.010805004471575685,0.02492155342584515,0.001973052113848748,0.003014222180793003,0.02322775065582284,-0.009432465746951967,-0.012382933573456692,-0.0006183813121468005
2023-01-17,0.008718610109476133,-0.021322326395198637,-0.009050797015510054,-0.015574152879116865,-0.0118970188073539,0.004670667310971416,0.04642313508056139,0.07163646233055776,-0.009213742827561586,-0.001946293866108671
2023-01-18,-0.005384907036161918,-0.0061616190001011146,-0.0018639159662428002,-0.03050308600377963,-0.017438470608301535,-0.01906960509627712,-0.01853026579024375,-0.020825332244057446,-0.018391900358742483,-0.02075761407162
2023-01-19,0.000443976715627091,-0.018822579439957077,0.02095970792456541,-0.013416301170288086,0.023257648867429613,-0.01659089525805956,-0.03585411018774373,-0.012580752996881307,0.0169064846850831,0.006398368683822256
2023-01-20,0.019038140948914567,0.037400259951453026,0.052034517540164194,0.002446119739208504,0.023375053239928292,0.03511956014232374,0.062093915575826455,0.04797727392320426,0.004860723352576734,0.018071470833897433
2023-01-23,0.023228511343701568,0.0027724682514327437,0.017896544313709368,0.016082773205316467,0.027598839036412057,0.009776437343072604,0.0731583060203935,0.07457364612008015,-0.001871455989856195,-0.0052186429521176485
2023-01-24,0.010012757055558345,-0.012381472357830799,-0.021166549646116115,0.008559383094037084,-0.0009080202819475027,-0.0022286042604604105,0.0037443545217552515,0.0009734348560736818,0.011847775578065609,0.009268739872738543
2023-01-25,-0.004712054406291104,0.008888953725914,-0.025711592157247012,0.00482745259440217,-0.01152352100174061,-0.005925693468964732,0.0030062795007638515,0.0037457958683397114,0.0018289426727249305,-0.005285898641451392
2023-01-26,0.014695137570628871,0.020774687057825685,0.02386756343756435,0.006162532403310263,0.040171949769109094,0.03025143622441385,0.024486738171027235,0.1040650092615062,-4.031759047676823e-05,0.03940436226766934
2023-01-27,0.013591583149667326,0.02998335055905419,0.01879280665170917,0.0024261531511598168,0.029697062284399885,0.0006449944658829956,0.02803474864299642,0.10436164069972145,-0.013142472612969129,-0.018426297813816665
2023-01-30,-0.020282406073813562,-0.016667823165641346,-0.02475812663368976,-0.008516697002112465,-0.03132798839775956,-0.022206324480691295,-0.06088852222039087,-0.06526572943550507,-0.0005351392074816938,-0.0178913049849954
2023-01-31,0.008980327971719763,0.025335155126435763,0.019410200299856156,0.005947792202237401,0.012904457734432209,0.0207949337014591,0.019381163680518128,0.03860663902242871,0.02721044526505641,0.021345172357519572
2023-02-01,0.00786972091430433,0.0193976149644124,0.015958658637711207,-0.002647088631982419,0.027476858164471464,0.019738484345205035,0.06949429584055808,0.04619721319012782,-0.0043968502452007285,-0.011007712401002638
2023-02-02,0.03639214943378936,0.07120315696615197,0.0702598081048602,-0.0046673391158302,0.16206431241974775,0.0458184009037116,0.03592224787832987,0.03711744228973266,-0.054093054999785964,-0.03178803214170404
2023-02-03,0.02410720695086519,-0.08808283393109906,-0.027857925836179735,0.015355773216961096,-0.011937262364172167,-0.02390389636824381,-0.02845393532159166,0.009041655543147504,0.0025244992984842524,0.006903546444148584
2023-02-06,-0.01809154431465076,-0.011772272805910223,-0.0181054472266846,0.0058655845273106275,-0.002522823351278184,-0.006134606377780093,-0.0005211953099363423,0.024849222136681733,0.00679849963126237,-0.0016989322358328602
2023-02-07,0.019061945937897545,-0.0006852973444615529,0.04503489976461515,0.012116017698872224,0.02944501463523597,0.04116306393688072,0.050123717281135585,0.010470780820742525,0.00344493618715608,0.02815088026462851
2023-02-08,-0.017810451863795963,-0.020380578012770365,-0.07994206711048873,-0.007055593712176126,-0.04368121718591939,-0.003106704767753696,0.0014419570885150928,0.02250783702828191,0.013207050001568722,-0.008739800946634237
2023-02-09,-0.006935519398645599,-0.018256648878253772,-0.04486808957959589,-0.01568601439551978,-0.030498975353281246,-0.011728487067275693,0.005927145139020323,0.029516907690852447,0.005180966549852303,0.0037674790708632057
2023-02-10,0.002453127310597152,-0.006433489213979958,-0.004642005383954277,0.004405543499304896,-0.02141703197458964,-0.001974356698803099,-0.049181797665388736,-0.05161833459581209,0.01738862242716088,0.041287191774318055
2023-02-13,0.018632189700174877,0.019579629188155288,0.00042292164244210053,0.010789489292682884,0.029868219409631303,0.030764632371452046,0.024296570948846755,-0.011493498714308886,0.0022230614546648393,-0.003897307485169872
2023-02-14,-0.004233815413619242,0.0016060637303953276,0.0007396420848888848,0.004409135489383799,0.00027847429915425195,0.003128174456505963,0.05287328477830614,0.07237801403011461,-0.005100304315078376,-0.011783967295797533
2023-02-15,0.013807511373420648,0.014537811644538115,0.0235894046025293,0.004181377720204328,-0.013010320216813242,-0.008025132406920077,-0.009052296212352899,0.023567198213512965,-0.003211055499106754,-0.0030108049542733007
2023-02-16,-0.010483995888667516,-0.03020652173405669,-0.014861340465557317,-0.01386485776169771,-0.027003984644867248,-0.026983349403911,-0.03404688116137652,-0.058631243213632354,-0.007970739895334042,-0.0029335533522940483
2023-02-17,-0.00757553564307334,-0.009726256199159738,-0.01221949132686234,0.0029569987168901364,0.0025484265202056987,-0.015724893017128365,-0.028303507316788202,0.030561678706295534,0.023783730613989643,-0.039210660156007354
2023-02-21,-0.027042127144915617,-0.027324623494127318,-0.027508038415710673,-0.018519518509816525,-0.004638279104702584,-0.021107861978275463,-0.034872554235080865,-0.05394722804913025,-0.015690803238745544,-0.0009889803066622507
2023-02-22,0.002891768115831869,0.012712248376870527,-0.0015263756159756552,-0.0076929427166356834,-0.005594357030308353,-0.0046015813918876035,0.004781712249753203,0.017528035977254008,-0.004937845723561272,-0.013037684845123751
2023-02-23,0.0032853139529981906,0.0003131233176392935,-0.008327011642774353,0.007979338252251344,0.005361931106071856,0.01287852322037769,0.1312157303379285,0.006006057267467943,0.005710773803551105,0.009162343158335844
2023-02-24,-0.01816955101867325,-0.024509991975448668,-0.019553984387170636,0.00898067254698655,-0.009637301741617171,-0.022025119624163914,-0.016102383291524268,-0.02601977738759486,-0.015081956028692617,9.030399516277153e-05
2023-02-27,0.008213852739809022,0.002776912318089041,0.008268202133432077,0.008690164703458104,-0.005000847218052934,0.0037646223330200347,0.00919030098957386,0.05316324215501689,-0.002087519663747841,-0.0018073987844644858
2023-02-28,-0.0034539377698763435,0.005000289230826088,0.002111938627289069,0.008335867699389226,0.0313540757827757,-0.0029623962369360944,-0.012201102221195295,-0.009290230436857878,-0.015387150236071673,-0.0058060849793649
2023-03-01,-0.014348152576778118,-0.022103959704043146,0.003325665994988189,-0.005596510910115492,-0.008726599018266046,-0.012709746047100698,-0.022564782256674923,-0.014395089751065829,-0.001513963387934339,0.008876884187620329
2023-03-02,0.004120491866257295,-0.00043408483069996514,0.017986810626187594,-0.010436262778254869,0.0063801744038378344,0.019462555862090485,0.02677712412455678,-0.060322654091468045,0.005205126674361075,0.004588705281166165
2023-03-03,0.034488553881932144,0.02962312838587694,0.017775914103859397,0.018193120628769995,0.05960970559981664,0.016509061750235667,0.024405959288630565,0.03545612908951283,0.001798857248793189,0.012577489989553249
2023-03-06,0.018369285769441777,-0.012192056844170188,0.015679944437902826,-0.005864515712044967,-0.0018911261653988562,0.006170018023762604,-0.01416416246649967,-0.02032754273314496,0.004628040326440833,0.008825505932623537
2023-03-07,-0.014602354433023062,-0.002135579508745822,-0.013440117857121084,-0.029848875335251556,-0.002111595539896182,-0.01064552186215954,-0.011187779355907215,-0.03198003067013721,-0.014455722187422464,-0.019519690830286367
2023-03-08,0.008342209193852234,0.003947251242114423,0.00414649638103592,-0.0059330195463222725,0.0024901902732551813,-0.001772135803480306,0.0376289733045013,-0.03089156736881823,-0.006945626787534448,-0.014712089191518493
2023-03-09,-0.015026780261566343,-0.017941053663252087,-0.02068998494842406,-0.055656815081257464,-0.0178918106992714,-0.005454414151946329,-0.031293893280563645,-0.05117763786639216,-0.012164701100571235,-0.007758862714592281
2023-03-10,-0.01397587460099145,-0.016614182739941783,-0.018475628392016063,0.02507787381393441,-0.012071097636149584,-0.01489314778772175,-0.02030185429881131,0.0030026831172517087,-0.006344820193882182,-0.012447742018893813
2023-03-13,0.013178712529774284,0.01856350439768763,0.005282408768802088,-0.018120285605785016,0.007713575301550774,0.02121438122524397,4.3407798821856197e-05,0.005978365078895034,0.007251134932574014,-0.011571560058502385
2023-03-14,0.013990825280708082,0.026161301723076753,0.030907978883247714,0.025352074694446627,0.07001699206349982,0.02669601995375327,0.046660553540634656,0.04909578215581386,0.0019391400031073978,0.0037473753057184955
2023-03-15,0.002618174515056918,0.013816419647146834,0.022517775626760904,-0.048396668935671024,0.01904210522377501,0.01767346515994166,0.006833685695210185,-0.015452165385496644,0.001827779952664878,-0.05102735054432429
2023-03-16,0.018521318659267646,0.03914078921242492,0.042871730456222154,0.01922768855670629,0.035664818726328804,0.039736321623295594,0.05277610668566522,0.020188342220549882,0.014059774915997737,-0.0058229414951149645
2023-03-17,-0.005468759459358762,-0.010955473953869753,0.01287540546228641,-0.03851405908044252,-0.04654542398962737,0.011626708026086627,0.0071781384664158865,-0.021963216854791676,-0.005353135157336486,-0.011848677525964696
2023-03-20,0.015364711195500523,-0.012610742620752338,-0.003944029956692226,0.010515847497260073,0.011184061740808802,-0.026104588798323055,0.006779672913668476,0.01717250122413543,0.01576433332647811,0.02580586996467252
2023-03-21,0.011873726869495024,0.029247763784060337,0.03590177891440981,0.026467398889680985,0.02175240675212599,0.005677549352602902,0.011478253960009843,0.07529223411697607,0.006561863825717169,0.043827753340133016
2023-03-22,-0.009145122552574448,-0.019166746850565873,-0.01488332491184413,-0.026152742076091695,-0.011692507596832484,-0.005457153876050833,0.010215187028207527,-0.0330851466718186,-0.00958552601520265,-0.023154445750600626
2023-03-23,0.0069451965101552824,0.00010133363497333344,0.02134348023424217,-0.002677219908333436,0.022124552502746666,0.019529488104012394,0.026949634848114856,0.0055821275337720674,-0.011867797429614418,-0.011346427756886168
2023-03-24,0.008271409889246331,-0.005893146925693497,-0.00151638507450209,-0.01533269354948795,0.008433209011196539,0.01042624550513296,-0.015268008017179795,-0.009460894526444498,0.012855780016856982,0.0011597567970731547
2023-03-27,-0.01236942345161869,-0.0009175342309671865,-0.028669383085422145,0.028257512297416566,-0.015507203349474271,-0.015046705980550013,-0.009304126198326653,0.007325624786097459,0.012339804575714524,0.0216890908946172
2023-03-28,-0.0039884675303499964,-0.0081934405189327,-0.014055186494410727,0.0030305487300981517,-0.010705828549539725,-0.004169521132837444,-0.00457104801295421,-0.013753472002494866,-0.019529518985780526,0.012399344148520902
2023-03-29,0.019597545012835477,0.03048493870739539,0.003556953780255246,0.00201542564435407,0.023004417243874902,0.01900211289331134,0.02150126782854465,0.0244876221590413,-0.01275613017355289,0.01703108908045925
2023-03-30,0.009841200934976278,0.017305747097592427,-0.004943557018800363,-0.0030244377988755938,0.012052374202697454,0.012540923105424673,0.014678198614053221,0.0071949836717746535,0.007409216638392026,0.0048522550458544025
2023-03-31,0.015523322724154905,0.012567761597929928,0.02776065135245881,0.012043507267302475,0.01953484672002609,0.01485109095906785,0.014286090060481404,0.060504162532241994,0.005367916163921238,0.0015515600171238236
2023-04-03,0.00767194162112587,-0.008556175035560798,0.006055089914092439,-0.0011517520049793852,0.005317597488203057,-0.0037180554488339896,0.00674536197505452,-0.06311918518816903,0.04469194594302921,0.05732550848280544
2023-04-04,-0.0032549825103649955,0.014925585099441625,0.003443650310716999,-0.013458292957664854,0.007714063601106991,-0.0001739783920604868,-0.018478249062439247,-0.011307735857578558,-0.0019038669032949043,-0.009604321624824655
2023-04-05,-0.01135434461526859,-0.027799874012424952,-0.0023903105068437363,0.0014900739211705482,-0.015204549959958397,-0.009938676740694643,-0.021055792256008923,-0.03734894534323148,0.03188376412895766,0.016982469656207123
2023-04-06,0.005480748562518905,0.009450740780884159,0.037112681319900045,-0.0010977441031069211,0.021610981169606663,0.025212275315437817,0.005786706362784296,-0.002482632348555218,0.007005375094315877,-0.01672151194290109
2023-04-10,-0.016101172353160942,0.001077222967143844,-0.018431178338633076,0.003289494816317783,-0.006266683113255559,-0.007607585024280609,0.01984829352810938,-0.0029764508462149673,0.004610960426991566,-0.004442728618229986
2023-04-11,-0.0076200865680799215,-0.022268227189570028,-0.01029324776526998,0.004914009744884045,-0.004199881115314476,-0.022929283093998328,-0.014978123947779214,0.012281322445656457,0.011176147064951503,0.007046785655831192
2023-04-12,-0.004362974678466396,-0.0211385503060785,-0.006762184337338143,-0.0001556827245696272,0.0007012422529078515,0.0023306958513473817,-0.02512055370738248,-0.03403263254550459,0.0004221990509927363,-0.001040779500628123
2023-04-13,0.03353520088685499,0.04565543032053191,0.026313591752456025,0.0038061160173907802,0.02924113284932776,0.02215244638505123,-0.00120834959457659,0.029256539212836878,0.009623545445392912,0.0046753707778486725
2023-04-14,-0.0021162965390461343,0.0010736481279812137,0.01331492419275383,0.0727945766944751,0.005160301518655314,-0.012847870524953384,0.01108576464287104,-0.004853036816821088,-0.02782375254023428,0.0024156933194470617
2023-04-17,0.00012107877258928875,0.0022411286119839928,-0.026998555879023254,0.007897757733496418,-0.011945148154411387,0.009253119947414134,0.009077398427836204,0.010966636750077955,-0.012663183455140467,-0.011701277341701177
2023-04-18,0.007476812784113867,-0.004291801457498827,-0.013968768002520535,0.011165332053326578,-0.004441918609935895,-0.0014900596536214959,0.024329589162990006,-0.014703352511066695,-0.0017230763273265995,0.01934108517230073
2023-04-19,0.006943901497939394,0.01936168847711433,-0.0030669960524218306,-0.00127352726031205,-0.010101776434213176,0.0002773329290809506,0.009496799307874495,-0.020389861131667686,-0.03690821029074056,-0.0031691117369811376
2023-04-20,-0.00586333183227235,-0.0047091095790211925,0.010598236764697242,-0.0029077203565198457,-0.012267764004515964,-0.008145525088641756,-0.030055952360087995,-0.10254036525166675,0.002588210750186354,-0.00800994275668091
2023-04-21,-0.009829065430540344,0.02989264254702952,0.0011392517577907644,-0.0019193247244740149,-0.0008453256770090976,-0.0012239164446750405,0.0005533099437570327,0.012741333042302827,-0.007495127682836714,0.003194483604551163
2023-04-24,0.0018767632431910793,-0.007036666520682404,0.005298275532454415,0.0013509460698753694,-0.0004697332298424736,-0.014061032916872331,-0.0028432005024234103,-0.015444550452118741,0.010526710042542282,0.018701658064992386
2023-04-25,-0.00948069046875421,-0.03487276836944828,-0.020208456541120693,-0.02198358173225087,-0.024933430985701947,-0.022793959446085945,-0.03006818076231344,-0.011633104865311444,0.0060764863814125394,-0.014315321935924512
2023-04-26,-6.0887876887420974e-05,0.023224398457013323,-0.0013489995038040764,-0.017882388332228633,0.008873993720151078,0.06993150917896436,0.026882673281165472,-0.04402465397224694,-0.018403086341356626,-0.00922524450617612
2023-04-27,0.027999493516548315,0.04507277127081395,0.036729189640308905,0.013368903593899029,0.13037440836939476,0.0315253513527375,0.009966561789388664,0.041032719267455574,0.015450809722273813,0.011882169387189242
2023-04-28,0.00751291744433026,-0.040605781087400955,-0.0023264024803381278,0.008645300109683082,0.007350638970042199,0.007940438625554418,0.019027450683215465,0.025394246651119615,0.0032977583306474365,0.012842141561692182
2023-05-01,-0.0005307652926221854,-0.03277395882406449,-0.0013051102003816093,0.021186184301940747,0.011830489363703987,-0.005548620639761332,0.04098767967001303,-0.015208459761728233,0.007309230282581354,-0.031503447000415644
2023-05-02,-0.006210437515263715,0.01536391753200235,-0.017692795282382275,-0.016279203062737967,-0.016334727858637786,-0.0004908057197916768,-0.024511114114790896,-0.009436987371174365,-0.004671023641319427,-0.04066933052429026
2023-05-03,-0.006488337468096694,0.00019301691085338006,0.0008542988352633252,-0.021390531203687106,-0.00928048246589745,-0.0033125564336980067,-0.014568434313648206,0.001869644402715088,-0.008037988039763733,-0.019906104516142185
2023-05-04,-0.009963040667932216,0.0033710455381283566,-0.006853957129497151,-0.013772805862606645,-0.014918983479898217,0.00331255643369802,-0.008670008589361455,0.0036667412660127767,-0.004422901891279529,-0.017666548800385103
2023-05-05,0.045859167954307056,0.015835527254169667,0.008370481276738456,0.01934656049551061,-0.003173954232909254,0.017011730410467735,0.03976193839774281,0.05350549046047228,0.014263155714454835,0.024591248184356082
2023-05-08,-0.00040338097064225364,0.0016076240119395433,0.020625207065881793,0.0024105263743257853,0.002102912140390753,-0.006458674904952387,0.016289165089131526,0.01012145995502574,-0.003364112659878636,0.003948731446471684
2023-05-09,-0.01002121367203433,0.007437086747609261,-0.0039049214310454194,-0.0048269378855543095,0.0004285016939553754,-0.005360381051435278,-0.020096854247421008,-0.015486902413259212,-0.004557534819554262,0.00027516914111315823
2023-05-10,0.010366876637466315,0.03293503350092615,0.04016987253275956,0.0005130200091194146,-0.0012434254868674164,0.017148460263275756,0.010930163890085042,-0.003612788634512576,-0.0006323308497698863,-0.01291075693932569
2023-05-11,0.001094109306278622,0.017898556144584802,0.04222758101377453,-0.003155357502491778,0.011559661596348454,-0.0070694501661834296,-0.010685284484936644,0.020786425091438347,-0.002676678522885389,-0.018264864190218992
2023-05-12,-0.005432302293623278,-0.017263494264582374,0.008031595550695892,-0.014436931915890908,-0.008432545732359732,-0.0036826814528669568,-0.008363034052610414,-0.024114596337054404,0.005040842333000987,-9.445718067554883e-05
2023-05-15,-0.0029015695894568116,0.008489121836596263,-0.008546361543955529,0.008391272548489925,0.021368846175465035,0.0015847024680928975,0.021399660870586874,-0.009750860107846383,-0.008935809391345651,0.0019052244235354507
2023-05-16,0.0,0.01959105037675755,0.0254229074660003,-0.006751985437645682,-0.00016750380445984143,0.007340654336126286,0.008940009296858429,0.0010214088288270423,-0.014773922346406253,-0.02456897731239326
2023-05-17,0.0035967060798050617,0.018349125212474244,0.01106727056589008,0.030284171951982394,0.015250317732112599,0.009407137843001831,0.032499327520967264,0.04313493317739194,0.0105543803453443,0.022186717108200832
2023-05-18,0.013573814346193274,0.022684486585828632,0.016333950535961705,0.007555482047690721,0.01782050279929836,0.014292382484517044,0.04850934539556512,0.01727768584344739,-0.011576304176004498,0.009022506066685466
2023-05-19,0.0006280028165388998,-0.01621197208021114,-0.0005700209176644111,-0.0022967292283349702,-0.004913985905051398,-0.0005650689735489113,-0.013155176906502926,0.018206255962432197,-0.0008559591382783186,0.004621875722925007
2023-05-22,-0.00549566403217859,-0.01072394478867387,0.018482388944566903,-0.008296906723120546,0.010851234649563505,0.00888149873353795,-0.002818621227983684,0.0473245988875953,0.0037521779454536687,-0.012214360929131297
2023-05-23,-0.015271092341293405,-0.00017395019575110725,-0.02011295646228112,-0.010487269311982121,-0.006383052037044788,-0.018603958975543317,-0.01577691291806943,-0.016549549453013485,-0.0024580942860820995,0.013531039728306223
2023-05-24,0.0016306805263423345,0.015189747065965913,-0.01363690943924735,-0.009193693867487519,0.009960809797393796,-0.004482518300667167,-0.004900048471760442,-0.015569850375932186,0.0028947476340824996,0.01112212481907746
2023-05-25,0.006670123060225684,-0.01510276818575663,0.021115428547765887,0.0024353708828361467,0.013867484754977195,0.03773670835347571,0.17162059175722214,0.008547333224801432,-0.006530748888799706,-0.018101248165823158
2023-05-26,0.014006297962277472,0.04347586628475364,0.009109705866507537,0.009317482643162947,0.036333695489972444,0.02116019414412919,0.025116250887017626,0.04608376548838008,0.00796488410667873,-0.00655191638156064
2023-05-30,0.010603123158730812,0.012822304345733589,-0.007572173888132801,0.003790055409874854,0.0018299384504094427,-0.005059514418389008,0.029474559110200516,0.040530008769500823,-0.0034740984731467706,-0.008899013230018906
2023-05-31,-0.00028224751145004227,-0.008916850747084985,-0.006489828508436649,-0.012812709215572444,0.008345663099803384,-0.00855085670322213,-0.05844245012396911,0.013676132280176065,0.01528318563425004,-0.01803951879017885
2023-06-01,0.015895660186269825,0.017999210602823053,0.006894121667637938,0.013685066058164316,0.029369444776650135,0.01267847627089557,0.04990454104030757,0.017450979367424225,0.0130294511183207,0.01148207476527582
2023-06-02,0.004764036766198372,0.011983006127262639,0.007649193532619447,0.02078872769177839,0.0,0.008443582740100172,-0.011201508486894041,0.030608082827557156,0.011981450099484491,0.022954397322295178
2023-06-05,-0.007599896963362457,0.008415221280893264,0.010691027010697556,-0.009872900522693028,-0.004485334944219062,0.0016087943165607502,-0.00397452013238932,0.016868648629117366,-0.002786148679770487,-0.004454137867905196
2023-06-06,-0.0020625340872125484,0.010400614095251953,0.010263759947413865,0.0017957417548291445,-0.0009955522414074477,-0.006750123107813997,-0.013286535551024421,0.0168599499197107,-0.02154776630316022,0.008134870641491303
2023-06-07,-0.0077863949344855465,-0.043421904903774046,-0.03851398875035858,0.00964181402938647,-0.028128418999894413,-0.03135439233245309,-0.03087296702355084,0.01462307267215497,-0.01122009962429293,0.022173590583741732
2023-06-08,0.015346522783097484,0.02460606952762862,-0.00294315609600231,0.000284251901610428,0.0037108607769610166,0.005796680751133717,0.027244324708732552,0.04480209933086133,0.016660983049736226,-0.003137790720946177
2023-06-09,0.00215750202149266,-0.006621468748440394,0.0007366960189556595,0.0019879720171043927,0.001397449431699857,0.004692979951406118,0.006728814030497843,0.03981660778824774,0.006891208588705,-0.007421866370774629
2023-06-12,0.015517948572124558,0.025121316164936732,0.011469570636227413,-7.100201212386452e-05,0.022762000762555724,0.015365275896528202,0.018197883429607174,0.021974491562613167,-0.002088728022839981,-0.009073622470434613
2023-06-13,-0.0026151230282219,0.0007108476079609743,0.0015355438014260057,0.007207999904799888,0.0009956955512339944,0.007325813598055073,0.03826359415002001,0.03492701634188564,-0.0026018251014785494,0.00018790881787910602
2023-06-14,0.0034850606019644985,-0.0018966774409432219,-0.0012929392601802895,-0.0037388962664426754,0.0074542036618837765,0.009082552039679798,0.04702209254097837,-0.007449046704933148,-0.06615333510182798,-0.01209840444651705
2023-06-15,0.011136626544936853,0.005443175548084132,0.011416697922476047,0.011244634365716913,0.030550967860871393,0.03139840332008052,-0.008032679097456155,-0.0034719442089692484,0.017124143397634628,0.006917841962040905
2023-06-16,-0.0058771423605977705,-0.012826801009232924,-0.012549314775798492,0.0011873580665104789,-0.0029493364630133376,-0.016714515976054195,0.0009136387049896238,0.01796971375181672,-0.01601116692745992,-0.007203149889457469
2023-06-20,0.00048652143623556255,0.002308282311188502,-0.003487089321069659,-0.005108601995502901,0.011780619880304205,-0.012581658135383188,0.025805118608899103,0.05201270640767318,0.023495569899317087,-0.02319081590715654
2023-06-21,-0.0056912860859567585,-0.007581513078945846,-0.020932421323002378,-0.0014743238352749584,-0.009505691789506087,-0.013370824822487947,-0.017570469402679114,-0.05616662426467672,0.015558225640980083,0.011133206490320773
2023-06-22,0.016390211861470376,0.04173475821321792,0.021338523596919984,-0.019440053166453447,0.011438257851066445,0.018269441744535188,-0.00046466353008685606,0.019654473293680905,0.004812859996888716,-0.005502502566029958
2023-06-23,-0.0017129643699028327,-0.006320292959406817,-0.0065992232106182385,-0.00524399799632328,0.013424280643301163,-0.013902216383473337,-0.019147965601888178,-0.03073851253541729,-0.004288556457192411,-0.00875094462983293
2023-06-26,-0.0075816438924641485,-0.01558513561942593,-0.033242152354724025,0.0024456921451327216,-0.036181961477286084,-0.019348666024667983,-0.03807742859460626,-0.06251408245574486,0.004309395024286913,0.01828888016801488
2023-06-27,0.01494691127276959,0.014424567940817595,-8.435191310716743e-05,7.180680134349621e-05,0.030346275479546134,0.018004811818349356,0.030156816240701045,0.03729619858071868,0.007279325943947676,0.0024900004402623964
2023-06-28,0.0063080479360935904,-0.0010843421189455317,0.015513250902789133,-0.004391582339389008,-0.00615047267307729,0.0038184538857210645,-0.01829116481286623,0.023813875097039847,-0.016949091433066492,0.008096941121255204
2023-06-29,0.001794606436218814,-0.008873661272556729,-0.009027178639958555,0.034327125299971555,-0.01326699444255868,-0.0023850113015054775,-0.007200616931704546,0.004905252914132209,0.004185641654698315,0.012258474572666057
2023-06-30,0.022839808420857755,0.01905113813636069,0.005025077693264778,0.013916388449790824,0.019173470040887527,0.016253013041607124,0.03561322009700595,0.016446493545468958,0.008776740646152763,0.005141653670821926
2023-07-03,-0.007815239181879577,-0.0010745214685311468,0.0016695585701552186,0.008012434473113655,-0.003351019971706549,-0.007516226035053191,0.0026205576756715043,0.06668035183063045,-0.00575887106351661,0.0019560428870856058
2023-07-05,-0.005888500593871572,0.0012279637641415527,0.015311537609270292,-0.006683869031263457,0.028776156968762144,0.00047299055007189717,-0.0022658580741144367,0.009461225032650612,-0.014034736999865833,-0.005131342183238624
2023-07-06,0.002505399541173397,-0.015614479950363446,-0.013561653016755425,-0.009935868349538739,-0.008118030020626896,0.009184428275473167,-0.005069702690467013,-0.02125228365266279,-0.0039548769406263515,-0.038035346647165104
2023-07-07,-0.005908758435774972,0.011001878790426247,-0.005258995869637148,0.007859683682627126,-0.005012881174251401,-0.01193839214432033,0.009455504473367479,-0.007659314226953743,-0.016714770750726186,0.0023293399102327647
2023-07-10,-0.010915102563352179,-0.020630536429565062,-0.025687086623091403,0.005595937498884999,0.012213217389922692,-0.016112572312380356,-0.0076285378417022525,-0.01771977662648564,0.0031797653292185545,0.014722274062094705
2023-07-11,-0.0028140404438921963,0.01289534927354112,0.005907923444121378,0.015517967104845324,0.01414627888483034,0.0019268142797071812,0.005319840765336698,0.0006674942605875906,-0.0003457057162756836,0.01215247156452781
2023-07-12,0.008945615195445058,0.015563949723523061,0.015165260017531015,0.004939569633150565,0.036374789481408834,0.014126541438495599,0.03469370984770746,0.008121354742896705,-0.02447104170971318,0.004895156468002521
2023-07-13,0.0040491569533764775,0.026406663898050423,0.04609187324354245,0.004848170119886028,0.013071187765570985,0.01606243956628278,0.04618144895109572,0.021496049775542363,-0.00878327376633659,-0.018481476267823798
2023-07-14,0.0007872403458011774,0.0028254136578632553,0.00704114730773765,0.006027426929516146,-0.014591721464240344,0.007501023058489783,-0.011110524295087878,0.012444771516691934,0.06990515334328894,-0.03504346544022603
2023-07-17,0.017157214051794125,-0.008350743114511814,-0.006158349623245776,0.023817891886727092,0.005649725517452348,0.0014185033049203659,0.021582383325789035,0.03148434056863512,0.00810991416633591,0.004349615722134587
2023-07-18,-0.0013410701156420198,-0.005480667866621605,-0.00716551072176232,0.0018237786371229452,0.004593160681581924,0.03902805657874722,0.02199004638726749,0.010141906463636843,0.03235802749525735,-0.004547680183049986
2023-07-19,0.007046674060873696,0.01886777143765127,-0.014077278534235068,0.0038320776451295302,0.012610402424396393,-0.012343119010400104,-0.008818703436387533,-0.00711596075110357,0.007372699794831523,0.006912278133349921
2023-07-20,-0.010148529886071013,-0.04071113790508541,-0.023464267326393062,0.012242418393190381,-0.043626392173635654,-0.02339303656643701,-0.03363266402248216,-0.1024426640636013,0.0010715936743028256,0.01746120928819655
2023-07-21,-0.006180765884560852,0.000307687993656272,0.006855580719863192,-0.007714392018212188,-0.02768377073010782,-0.008977207835538703,-0.026964058914728844,-0.011015199637560409,0.004531104032872564,0.004631023136413849
2023-07-24,0.0042112583325776875,-0.009273613091557636,0.01250280619315649,0.019492679938131956,-0.009046288954234366,0.003890414820187539,0.006815271981222973,0.03417588510139735,0.0042356335332632885,0.015567755498618333
2023-07-25,0.004503494928288737,0.002558849307688174,0.00557986754920315,-0.007496583736007604,0.009759793856605813,0.01686593744674476,0.023635724617011872,-0.014148526638195701,0.0044134284234578335,0.0015153273720366423
2023-07-26,0.0045346604371108365,-0.007618281489535843,0.056162132514388896,0.005976337464676206,0.013827254057485932,-0.03836420918270906,-0.004981882628737682,-0.003511861575139069,-0.005751192503628483,-0.005598613918748487
2023-07-27,-0.00660272356545547,0.0007800788687019062,0.0010052164908241372,-0.011090821024521413,0.04306878178599106,-0.021093041763223713,0.009808279592390166,-0.03322998965193553,-0.005467620831874676,0.003135110021171143
2023-07-28,0.013417357646891177,0.030410134252966122,0.024277965581405842,0.005688316891267587,0.04322796282689568,0.02286789102652442,0.01834909016553021,0.041105070589749985,-0.004602597373566941,-0.012023996857511212
2023-07-31,0.0031609288310016346,0.0110572111941032,0.0010553444801159344,0.006669329059552444,-0.021364896401505972,-0.007266788850807402,-0.0004493660015915255,0.0037087357528333273,0.006856387152485211,0.02914107703062737
2023-08-01,-0.004284719818777703,-0.014998135236778893,-0.008854713327842939,-0.004950219007912679,0.012817994266425478,0.0012494994991961365,-0.004762209445405999,-0.02406922380883306,-0.0032241284392628094,-0.005798268655891324
2023-08-02,-0.015611469837919488,-0.026781097330387048,-0.024392288698959205,-0.011389256300969215,-0.026374524584671148,-0.026634508543866148,-0.04931783601411317,-0.027021352113566002,0.00011892033534304612,-0.012552762408182259
2023-08-03,-0.007348511805727439,0.005444917932495522,0.0005451342852769504,0.006094696873167426,-0.003569627433302787,-0.002568145062178889,0.005541457802823574,0.020295602012260543,0.00011871233768914753,0.01723146758318105
2023-08-04,-0.049211293218601314,0.07945180513430172,-0.0026505488688316928,-0.002112867515105658,-0.007885710943528367,0.003422825353033157,0.003699642338275306,-0.021279912186420162,-0.004227776442533998,0.002796483015203102
2023-08-07,-0.017404088716344933,0.018808843040995626,0.026345583913367124,0.004731675322453041,0.018588418924195157,0.0070832302960343345,0.016360514663878258,-0.009538785882980292,0.015807292158276656,-0.002049968109449943
2023-08-08,0.005297608945733127,-0.016161386274731373,-0.0009886955813066649,-0.00562935559471567,-0.012460430837731781,-0.01237540060421619,-0.01671846927958673,-0.00698396541730477,-0.009600705497685769,0.004931713972248545
2023-08-09,-0.00899476361869894,-0.01504759501753799,-0.01333049391584735,-0.013498472208073879,-0.02405255487761923,-0.011785006536322936,-0.04839418172878824,-0.030537632908455258,-0.007440701871473955,0.01684430104011021
2023-08-10,-0.0012357187376002509,0.005137245447970533,0.00023152010274615762,-0.0014966081281164634,0.0017352776221399378,0.002169975399291265,-0.003908486927392586,0.012922436522360333,0.0027248258789500926,0.005098193107677716
2023-08-11,0.00033764804231961246,-0.0010831058272496987,-0.0010030862883801952,0.00577886115237532,-0.013500787599018037,-0.005963224150405738,-0.03683627029976371,-0.011024937980288016,0.008957300497124614,0.015409432741123882
2023-08-14,0.009349296926803672,0.015485316080358403,0.013569226255990436,0.0020697609280079018,0.014971573347784223,0.00939470554743287,0.06853117977717803,-0.011981650600334395,0.0057312846001579465,0.000804358618241112
2023-08-15,-0.011263505887319857,-0.020846133672850414,-0.011872494560239893,-0.025786718577887995,-0.013944254573999454,-0.00675030026309957,0.004264891137699703,-0.028771606269163794,-0.008333264542772487,-0.026008537503309143
2023-08-16,-0.00497129951376966,-0.019066286976507706,-0.008356627791799562,-0.0042521810766789694,-0.02569590038789722,-0.002431487968271942,-0.010386089135660834,-0.03210324714965498,-0.006196517649476289,-0.016970272277172755
2023-08-17,-0.014662104632227323,-0.008102713606702033,0.009434729014705344,-0.010440891766365614,-0.0317609000947607,-0.01104709485761384,-0.0032706255910470343,-0.02868774932252366,-0.019248295098678293,0.019186671718831403
2023-08-18,0.002812035596540603,-0.005688597043229265,-0.01911635744679461,0.002284663464419634,-0.006475006450060507,-0.001263180445229995,-0.0010388879940597966,-0.017161267109647337,0.009028750276203493,0.015015838157158436
2023-08-21,0.007707237162796178,0.010899633762398327,0.007114236003684038,0.003417621552997762,0.023206142791992457,0.016918693795482907,0.08131585636989287,0.07071456218373605,-0.0015258538856932266,-0.012160136981417954
2023-08-22,0.007873708768884753,-0.003197806521519639,0.005515771672073577,-0.020956624788581492,-0.007965366475873948,0.0018003419316812619,-0.028047382936256755,0.00822448994977978,-0.010787751097044154,-0.005627046782904241
2023-08-23,0.021711381697581328,0.009415529041193322,0.025168303691825735,0.006740634751232082,0.022825095659134348,0.013981064173619934,0.03121480621482054,0.015615669490355368,-0.00590767285364052,-0.008827139091323242
2023-08-24,-0.02651910218963192,-0.027530224045928062,-0.019760055143694385,-0.000950395248431691,-0.025785012270259314,-0.021732820130039403,0.0009968728923063859,-0.02921607421029239,-0.0027416732626424755,-0.007494051157998843
2023-08-25,0.012563898253634605,0.010713027528748599,0.0007700214550840528,-0.0012235201026335391,-0.004368574025330061,0.009363117943404307,-0.0245770271395406,0.036493404628287436,0.002087441029679204,0.017707706428637376
2023-08-28,0.008807185215078717,-0.0009008643247144191,0.008662871212743844,0.0034622785717189843,0.016534833929991794,0.0022268535913267298,0.01759813746929253,0.0009635784854130897,0.004406522186603328,0.008371219528241155
2023-08-29,0.021576082393340922,0.013206715007284348,0.026810968169659336,0.008099399164176745,0.026282894440930796,0.014445648475451472,0.04077158126241658,0.07406603958973092,0.0031500156874803256,0.005936903390187812
2023-08-30,0.018990564798801082,0.00118530020246871,0.009687528345788976,-0.004041665416939109,-0.009745530664320656,0.0011563383708040299,0.009791349299130768,-0.001089320005828064,-0.0026412149306169375,0.00969710811350004
2023-08-31,0.0011718308137459406,0.021532889699268778,0.0021319284682592135,-0.012428334292926311,0.002673571453719382,-0.0031375561060712127,0.001845555514772704,0.004582681990043304,-0.030887423522829315,0.002791993997926776
2023-09-01,0.008427710629957974,0.0007967306725371615,-0.0037523143207078063,0.003343175003206516,0.0016545473462464618,0.0027420270894126676,-0.017289867666648646,-0.05197055872941742,-0.0007137460646975868,0.020738510475908783
2023-09-05,0.001265977070448234,-0.006173016781758742,0.0008106345889543665,-0.011095444523886179,0.012639893555124248,0.014768864110545309,0.0008037040677629494,0.04579063580383254,0.009550344526911432,8.810798128284437e-05
2023-09-06,-0.03644962779265489,-0.014011920021062172,-0.009695643301067678,-0.0016542608431641878,-0.003270376820920781,-0.002010422458459065,-0.031026136792518033,-0.017978069897591802,-0.008081635441130147,0.00859493443918337
2023-09-07,-0.029685843480003495,0.018228281379293984,0.005932026026610446,-0.008590902945906875,-0.0016728365203948462,-0.008962201175095458,-0.017577701759602243,-0.0017083203640211426,0.016366472000723147,-0.004902426214895762
2023-09-08,0.003485687358868255,0.0027527518216119884,0.008246317724859915,0.0007651938805567013,-0.0026148326282334636,0.013128986030368156,-0.01457334794548633,-0.01196040362366716,-0.0044828321864497115,0.014462883786073482
2023-09-11,0.006600727428949015,0.03462479564658769,0.0039517224080777335,0.004370735170593137,0.031945949684688016,0.010919467043735191,-0.0086832348416063,0.09615118904304938,-0.0028953111979585526,-0.012621508843363249
2023-09-12,-0.01720769373515476,-0.013153992385327589,-0.011606700048488433,0.012930013211639455,-0.019369623871888213,-0.01842644568607331,-0.006840743451322641,-0.022549196320499374,0.0010841172213185207,0.02875219467442416
2023-09-13,-0.011925582750809292,0.02530902952298205,0.010071874342587578,0.00047797678967955766,0.011207896327069177,0.01284779636837137,0.01361305443480239,0.01418033641106544,-0.0001250799739754952,-0.00897715261423015
2023-09-14,0.008744071772557696,-0.0008979168301894522,0.010116234705405978,0.019211838266418254,0.021596719401909888,0.007825252111162442,0.0021082873892523946,0.017320639037477315,0.0078056280889802964,0.017705728360251215
2023-09-15,-0.004162527505463244,-0.03037658988565322,-0.005082040663353417,-0.0029520807421473416,-0.03729008791888436,-0.0253558096745847,-0.0375766574517636,-0.0059953082833390835,0.0063897865423802064,-0.015475265080655375
2023-09-18,0.016771717739273898,-0.0029247348968620985,0.005878135337189528,0.002080784239088525,0.007431383146922984,-0.0035189957524931793,0.0015023764030733368,-0.03376463807907184,-0.0013159725234941082,0.008022535093789052
2023-09-19,0.00616208936003353,-0.016930564270193287,-0.0012309809007099233,-0.001274986634436271,0.008294808558657359,-0.0012468057445608268,-0.010195998891444331,0.004588376260533905,-0.011171796665720187,-0.0026386401542296705
2023-09-20,-0.020194728392829375,-0.01714838747973992,-0.031645827719332546,-0.004239052951428134,-0.017859436181347523,-0.02426914354410038,-0.029876591434346008,-0.014780377139554338,0.02358270143178933,-0.007957881641718177
2023-09-21,-0.00892933100725262,-0.04505328140436448,-0.024984120327480423,-0.007852718769758125,-0.013234981179669385,-0.003873245876123698,-0.02935743532737381,-0.026588996104119158,0.01814255360775541,-0.014189462724299494
2023-09-22,0.0049323479009795055,-0.0016251248796010811,-0.0014578512751869963,-0.009629190068016824,0.011263972229626378,-0.007917496186987744,0.014354047125546414,-0.043236555785455495,0.00984877121247855,0.0015672073530153415
2023-09-25,0.007353424152159039,0.01651413665688319,0.0065811382495129305,0.004928705362190311,0.005834227581695908,0.0016704176762526062,0.014600761045166505,0.008579557642104906,0.008225258573757083,0.011160781763606211
2023-09-26,-0.023676705846249278,-0.04113311252209692,-0.019562997188509006,-0.010433360604758163,-0.006235347322139312,-0.017152221579071293,-0.007393179928024526,-0.011687984544270934,-0.009510428564357278,0.0015474016906989586
2023-09-27,-0.008937416149466568,0.0,0.01520607301750982,0.0058482259253313665,-0.004089089840212426,0.0020805579460195546,0.01320249330954892,-0.014939798128788435,-0.0034086585747369444,0.03203848614689271
2023-09-28,0.0015245740964961914,0.0,0.013467923032370599,0.01233919569558221,0.020675248818842463,0.002713655269682464,0.014517102164285457,0.0241549898062297,0.01256627468869031,-0.006091680563961917
2023-09-29,0.0030418315682211616,0.009008352994332738,-0.011019548438370198,-0.01756641279157966,-0.012413552071163531,0.006704814644941524,0.009470205351789362,0.015465456415727708,-0.011653446723672155,-0.015946354856403906
2023-10-02,0.014726514640220234,0.018240461143240686,0.024979551134184264,-0.008657060857083756,0.021778755981528983,0.018979627862842966,0.02906847265986198,0.005500013317318054,0.02037827632532088,-0.016723511266191406
2023-10-03,-0.0078001306812049975,-0.0373007704408456,-0.013053475053300165,-0.007399908564266907,-0.019350354093112566,-0.026481900209203227,-0.028654891158251764,-0.020356864105244222,-0.009960686247749317,0.0017281492490675418
2023-10-04,0.00728214712312415,0.018115851921521226,0.02099685283945091,0.004474441812995144,0.015300792766549439,0.01761730727036663,0.011969403255268839,0.05764957536105983,0.0022547814687519743,-0.038098967611992995
2023-10-05,0.007172030651723277,-0.008222697494164894,-0.0012579173538460162,0.004207607988619296,-0.002588581517767971,0.0012530714975808046,0.014584066964773055,-0.0042593870629195184,0.010926801539234712,-0.022768478904025106
2023-10-06,0.014642842075107399,0.015753318962097584,0.018412535018681078,0.015277989393202431,0.03431368353385301,0.024436080414770474,0.023749018061934222,0.0018441397469999051,0.01648378646180408,-0.01683978813481818
2023-10-09,0.008415740165243704,0.0023417029658428425,0.006086937120988322,-0.0022766857211247164,0.009246185909119008,0.007792155981966429,-0.010743080135763347,-0.0033063672235030548,0.0032340709161261185,0.034392977572067954
2023-10-10,-0.0033580446349972862,0.00946698516860395,-0.0026041040084005002,0.006060127806768036,0.010871916933250436,-0.004345232846366128,0.011529359337467364,0.015097007960672728,-0.004320704535590425,-0.004246498252268603
2023-10-11,0.007873247295723558,0.017986831598422272,0.01787487082625331,0.003426882526860448,0.01840989427055317,0.012197409263606306,0.021771117952308804,-0.0023926822540326844,-0.00020979261667691904,-0.03651166388669353
2023-10-12,0.005048249542967116,0.003785588962598881,-0.011305119853956717,-0.0023291178816437015,-0.01122725526120034,-0.0037976073854918565,0.0029653434308055692,-0.015789985181823882,0.002686405314470194,-0.0001877957962270544
2023-10-13,-0.010345872643656145,-0.019381108651019514,-0.011653155809501454,0.014908112879839884,-0.029649376839911794,-0.010411445331767164,-0.032122113459179556,-0.030395093236742683,0.026031303382885593,0.03143453594992773
2023-10-16,-0.0007273043402310453,0.021042247787508333,0.012588019959452372,-0.001014199092873561,0.020320267229509918,0.014870555280107122,0.013849969657128555,0.011088356477393282,-0.0025430520969797615,0.0007278940062839187
2023-10-17,-0.00882354997468794,-0.008181257764936053,0.0044473958295258974,-0.0021668335318761243,0.008835227722552704,-0.0017450086822329617,-0.04792511336969876,0.003655911168542864,-0.0025683077184638125,0.013011767363429983
2023-10-18,-0.007422121388829226,-0.025733286363791553,-0.012676727159112016,-0.011041338052225728,-0.021936319008609498,-0.005889906923672641,-0.040454206529586416,-0.04893148784195894,-0.0011000497331304358,0.01390765309197245
2023-10-19,-0.0021636271288911425,0.00210493209093831,-0.0015232467313769176,-0.004258395936526853,-0.013211184877735564,0.0036589434146834998,-0.0022537073668779687,-0.09761624872658338,-0.008298464341310851,0.0006197035979346917
2023-10-20,-0.01481324798754492,-0.025477545009301914,-0.01573092829142381,-0.016236573509710243,-0.013387959794099511,-0.014134369367571759,-0.017104810836150456,-0.037588294506417,-0.008690216205357548,-0.017314103541940372
2023-10-23,0.0006937594392515536,0.011043686017449744,0.006614850136737227,-0.013735176512539199,0.017216759491290663,0.008079632807377234,0.037651722481907804,0.00042444095402800134,-0.010413976441345181,-0.014782882583892834
2023-10-24,0.002540031390668111,0.01567921771001468,0.016781570690449193,0.0012051360348405888,-0.004660335023400644,0.0036675149367586223,0.015882508751723066,0.020719371046622376,0.006554836211615691,-0.00973206338402675
2023-10-25,-0.01358337759211813,-0.057387204557163146,-0.09585591114042478,-0.005469563406703671,-0.042549782602893015,0.03021661784336291,-0.04410727358285394,-0.01911750338776431,0.009875010769144916,0.0018433984617054187
2023-10-26,-0.024913203075675905,-0.015106526502479031,-0.02686845792008957,0.0025607456229864494,-0.03803968552373043,-0.038235976851683576,-0.03539730354570498,-0.031855023921114375,-0.0034954580284252326,-0.009158668138315016
2023-10-27,0.007937666358390591,0.06609496003096194,-0.0008999785600690201,-0.03668326268030388,0.02864753182631161,0.005838476243711174,0.004305529800346417,0.007456619810883741,-0.007027537911932541,-0.019235784138459392
2023-10-30,0.01223001970435938,0.038169415629497834,0.01857082344124723,0.012668698952682708,0.01978744948452754,0.022485692611014598,0.01618921225683948,-0.0491375588495086,0.010107908667832687,0.0031214945843650085
2023-10-31,0.0028148020959209833,0.0028592165427562357,-0.0030577439673274247,0.011863584945915894,-0.004603250396237016,0.0023691314425165243,-0.009299398149586063,0.017479077618859314,0.010454669568094621,-0.0002832904015948569
2023-11-01,0.018565372581217026,0.028955362245697565,0.018920298086358117,-0.0008631281524174642,0.03451548456671986,0.023269689231937445,0.037186300841589914,0.02371578467512363,-0.007421597563104271,-0.0019859207008920006
2023-11-02,0.02048218266315459,0.007779930147075702,0.008191019577392374,0.01769226532511429,-0.003147485547163946,0.0064804679988525885,0.027520735144068522,0.06060741733192271,0.008485093701581717,0.03231940886471132
2023-11-03,-0.005194738855995327,0.0038312748175106013,0.012549320846586396,0.011110432601414682,0.011927259733009033,0.012779547030384815,0.03387484273471931,0.0066139872231546415,-0.009802594624222864,-0.012264423291071264
2023-11-06,0.014499564483763074,0.008191461641482902,0.008868324679065858,0.007523961471069518,0.003807153806790287,0.010517287704057741,0.016439877738279155,-0.0031418755173999516,0.004810332770260262,-0.017880089651561536
2023-11-07,0.014347447178986254,0.021031053723631822,0.005512709897052281,-0.0004861017445916406,0.009517718021301707,0.01115675265289108,0.004449079877164848,0.013183964542986627,0.008158277250288747,-0.015803708385420123
2023-11-08,0.005867543838314504,-0.004424354026475328,0.006620790513603727,0.004917836808739051,0.0030064966514724116,0.0073784505169821775,0.013380039756440809,-0.0003150737899407528,-0.002047036571332786,-0.012359222678373725
2023-11-09,-0.002627936596963626,-0.010471269344291862,-0.01221025720548845,-0.0029752967844836145,0.002405011340491752,-0.006934835286412403,0.008040461660341001,-0.056160489658582134,0.004220129352928481,0.0002914894189288927
2023-11-10,0.022954562198325226,0.02083402648617425,0.01788300304600615,0.014722225192441374,0.025320083519044842,0.02459173372389913,0.02907270727366747,0.021996498496030296,0.004091857483825345,0.0076436828475472994
2023-11-13,-0.008620691391878495,-0.006779695661997966,-0.0037784859839936394,-0.004448576721196231,0.0012767673424037725,-0.008120921857629004,0.005879146017876942,0.04134183399945281,0.0025097416285062516,0.010451044491744764
2023-11-14,0.014184541999105427,0.022262486894446033,0.011516567135919177,0.01808197305875969,0.021398185162902695,0.009742772449468326,0.021084299297668106,0.059438019477541446,-0.0038964268863372112,0.003842853587998324
2023-11-15,0.0030363931135594597,-0.017993607290294027,0.007456015106296769,0.008719715013381278,-0.010762142135473914,0.00040581082520064473,-0.015587253159152442,0.022614155469065075,-0.00380048369767562,-0.006059101192996311
2023-11-16,0.009001496004556396,-0.002587108521031568,0.017013946181789252,0.011354908351320265,0.004438401968793323,0.017430457534438015,0.012036568632030877,-0.03883534904080814,0.0026155497443085805,-0.011643895947274153
2023-11-17,-0.00010551651933588925,0.016319176713110995,-0.01190145220605463,0.00900523543732888,0.002540366141935186,-0.01694365126010412,-0.003684946589587861,0.0030349323976646067,-0.0065608054085749545,0.024106993500197467
2023-11-20,0.009235672414733009,0.006522368493262836,0.006923199392205619,0.003070874820873224,0.014607296907413518,0.020314139553076063,0.02228608281545771,0.005533119144943252,-0.002221191924760771,-0.004392320516985408
2023-11-21,-0.004240105868125126,-0.015378098422388055,0.005270473010031237,-0.0020896432146841233,-0.008833720942325705,-0.011645544676910268,-0.009267430606581951,0.023490974516940124,0.008355932363183074,-0.0003829861869135431
2023-11-22,0.003508539009410353,0.01933932343605667,0.01103611196318745,0.0023505683697842123,0.013294752565788139,0.012731215636769124,-0.02489484074593156,-0.029408274734311717,0.007698429073979197,-0.004316967329665932
2023-11-24,-0.007029024712378977,0.00020445580612358505,-0.013082547312713293,0.0013688471191920261,-0.009592325992130737,-0.0011120969867222151,-0.01948388957963627,0.005280386261856706,0.0061236012420743495,0.005369587241592463
2023-11-27,-0.0009480164413040825,0.006723903692254734,-0.002050631836472448,-0.0022823831760426854,-0.010491374711639426,0.0031214460815146526,0.009706481244599155,0.0026721746625813217,-0.006436453139498956,-0.005850518611269745
2023-11-28,0.003208969400781308,-0.00474961512561893,0.005774611575885991,0.0022823831760427635,0.012735807441669095,0.01074484231452906,-0.008765217463534047,0.04408335693193017,-0.005644949457174984,-0.000577278577502477
2023-11-29,-0.005424264439349009,-0.004840585148378569,-0.016238861432913684,0.005067239809277803,-0.020233325661526694,-0.010111140257879677,0.006648723820728983,-0.010512266581044115,-0.010320864319005274,-0.015128317530171628
2023-11-30,0.00305802069080396,-0.001573209061844679,-0.018391908358495797,0.0113401786506011,-0.015318366138668672,0.00015852730715417354,-0.02887146775438252,-0.01676961998268328,0.03307432324762102,0.0039010233583403604
2023-12-01,0.006768210135722942,0.006413794210223246,-0.005068255027870059,0.004857464900990853,-0.007147586563097254,-0.011680327286388511,-0.00010684499264255719,-0.005220199323597404,-0.007156961663371851,0.0024302722362923622
2023-12-04,-0.009509506077418003,-0.01500697967354326,-0.019837482555187476,0.007305490831667973,-0.014887664447266876,-0.01444252118815148,-0.02720313450422433,-0.01370144313218934,0.002045065820932469,-0.005452270153657842
2023-12-05,0.020844419700123566,0.013986300502114904,0.013217816125404545,-0.00012660601809283417,-0.00542039815243662,0.009114770052530736,0.02302659303245931,0.013240755825754019,0.0036047650939217252,-0.019618841040840888
2023-12-06,-0.005703234270157756,-0.016198024273178,-0.007432497551849009,-0.010563741594233917,-0.002642785384213596,-0.010036318117336148,-0.023092507195932036,0.002719129460769398,-0.0013277511319774826,-0.013330385465812358
2023-12-07,0.010088057369054444,0.016198024273177868,0.05178142421484153,0.003065990320732687,0.02838521443620045,0.005812824626903819,0.02373641587513785,0.013568409275163597,-0.0022950893778963676,-0.006986288247466426
2023-12-08,0.007385094855402138,0.003669683224747049,-0.014269096846843852,0.010973384287650132,0.018685899693007296,0.008803509640732976,0.019341349687530495,0.004933396614923965,0.0027320566247977496,0.011415972199620962
2023-12-11,-0.013011735875569417,-0.010432734440314026,-0.012673491030759501,0.003652184739471539,-0.022705125786556285,-0.007860269470085864,-0.01867627592851586,-0.016957231787828677,-0.011139364089189379,0.0007029186997441715
2023-12-12,0.007889166003946825,0.010839635496016388,-0.005793504864030921,0.00888554111037263,0.027113036033028764,0.008260890500486825,0.021849833448673348,-0.011452714531076777,0.003745244121033453,-0.015885454948240608
2023-12-13,0.016553671759696766,0.009179334477907091,0.00037700804587046603,0.00335852447307491,0.0015545870370701866,-2.6808535439703583e-05,0.009003098839141363,0.009573866272891631,0.006010560685307157,0.00883384986477741
2023-12-14,0.0007573642449758438,-0.009586235533609468,-0.0047635923513778475,0.01802848098965449,-0.004700991592266993,-0.022802715665311522,0.0054334583867022505,0.04797595720291628,-0.027271494747250043,0.02653536575055741
2023-12-15,-0.0027295439069557922,0.01714963889276147,0.00498991484307177,0.007532858730687332,0.005238827732683018,0.013032168913756258,0.011106682868546717,0.009711688394547188,-0.005857245064808585,-0.006716681845823979
2023-12-18,-0.008539647840639136,0.026971809898698733,0.023846202557403797,0.006034100304514755,0.028550551761825887,0.005165648561870784,0.02398897250612483,-0.0056173183184346845,-0.008641585047467983,0.007405393892894209
2023-12-19,0.005345760946745389,-0.0018191003361762064,0.006239525587436966,0.013266531388193668,0.016518752408546552,0.0016356971316512255,-0.009490517958805445,0.020185249870892544,-0.004778327062372706,0.013096421294247963
2023-12-20,-0.010771699765919992,-0.01091834083412718,0.012291750843950741,-0.011343319024906604,-0.003087154247819283,-0.007098258221665711,-0.030560649925114806,-0.0399767793773106,-0.015596846180178299,-0.016841776363054162
2023-12-21,-0.0007702782585660914,0.011243426514228085,0.014923399319949208,0.005687743287036521,0.013677239962974045,0.007848019104614168,0.01810562081865386,0.029345860784192233,0.007626730514692353,0.0045321788071506575
2023-12-22,-0.005562822228126386,-0.002733830879625901,0.007591161952233535,-0.0005973267113251697,-0.001978855467130383,0.0027801882811686173,-0.0032714096471151933,-0.007731210565404946,0.0008270152802889442,0.0017679703139082865
2023-12-26,-0.002844980088256859,-6.514686816695571e-05,0.00021194700838088936,0.00589672508300669,0.00406634074026419,0.00021366241419962513,0.009153033434054571,0.01598774007390915,-0.0005383135413426255,0.002254261712714848
2023-12-27,0.0005177333792004057,-0.00045644547960358643,-0.008159146814984156,0.00597985136996368,0.008419263857070437,-0.0015760846085484347,0.002796598073614529,0.018647455510860632,0.005293139203520873,-0.004710566346344913
2023-12-28,0.0022239302218033203,0.00026087992298881607,-0.000997800595804308,0.005298937123513744,0.0013685150033305353,0.0032294255935351643,0.002122399410298232,-0.032104151730159784,0.004028199155214056,-0.014565478156983572
2023-12-29,-0.005438960694730511,-0.009432812028151797,-0.003858595616538061,-0.0011750642972562283,-0.012242606680670776,0.0020233443981010056,0.0,-0.018738327073791184,0.0029863453352863595,-0.00209822185843839
2024-01-02,-0.03644264704375956,-0.013317252487412825,-0.010940677101140554,0.01157302475667619,-0.021907052104646,-0.013844049524181614,-0.027722025950624063,-0.00024148746074577508,0.024152030303639636,0.02352573301289604
2024-01-03,-0.007515798371680031,-0.009785543802100045,0.005413561501218021,-0.004367945280961332,-0.005269928127163226,-0.0007283310188207782,-0.012513656650993096,-0.04096122279932548,0.004974998748536065,0.008366709824100187
2024-01-04,-0.01278146164375058,-0.02661905587134582,-0.018379886821425197,0.006614274986394082,0.007663768524427273,-0.007203519872450481,0.008978154386366791,-0.0021831499656647054,0.006234735993493033,-0.008757459903310944
2024-01-05,-0.004021213939523256,0.004623714384981175,-0.004850690998119686,0.005004675073964496,0.013818405223237042,-0.0005165403167114785,0.022638617518829243,-0.0018509415250833076,-0.0148504941445277,0.003025160229023524
2024-01-08,0.023887417047520194,0.026229678338986727,0.022654259303103958,-0.0014524647155741486,0.01888588507126477,0.01869578379998219,0.062299410896862334,0.012386614576639277,-0.0016016880767588935,-0.016802306778969264
2024-01-09,-0.0022658519897180147,0.015109875810597672,0.015082970821084502,-0.007937417241679075,-0.0034354740717091143,0.0029313449655568166,0.01683265327713562,-0.023096839566935645,0.0034421929692932244,-0.012463387801145434
2024-01-10,0.005655281406512391,0.015470650615520465,0.00939159209729242,0.0021073144714021655,0.03583301315129637,0.018403988017036133,0.022514633814442835,-0.004350632806278706,-0.0013568538631959202,-0.009881127595128342
2024-01-11,-0.0032277196910586114,0.009387897135060054,-0.001406380774807305,-0.004218889296307104,-0.002161694980589615,0.004847423739188788,0.008646863221209184,-0.029145966144498332,0.0037872397103873453,-0.00020257914775678753
2024-01-12,0.0017765847833414925,-0.0036152239546972612,0.004003970470309517,-0.007367217832479119,0.012954269171574483,0.0099341948217839,-0.0020451159150495397,-0.03734939877742937,-0.034248078602867965,0.012889045142003489
2024-01-16,-0.01239362680303116,-0.009487311793446907,-0.0011223722861911757,-0.00628988442397047,-0.01895049280079425,0.004622818228520902,0.030103586167336324,0.004649070658851297,-0.004535427001080024,-0.02287081664329104
2024-01-17,-0.005187018485804799,-0.009512302504832145,-0.007184073158488678,-0.005371968693439083,0.0024732317272783007,-0.0020518501925495124,-0.0058522100805189926,-0.020025473044372827,0.011091072465110497,-0.0072943952625841016
2024-01-18,0.03205164593733127,0.011729719012639512,0.014108002966124572,0.001973045231277274,0.02084709560364325,0.011233785941213175,0.018628943168833116,-0.017172815629643214,-0.016518450743936784,-0.0018576706913827942
2024-01-19,0.015413597918571538,0.011915672389449407,0.020010224872492717,0.0171146722867934,0.01927446663904948,0.012113201917137693,0.04089832848182669,0.0014620115002590317,-0.025062808758556893,0.0015481693728001526
2024-01-22,0.012089779691922941,-0.003611493461086361,-0.0026678411233456503,-0.0011750104432347393,-0.004364915755974738,-0.005432633289255898,0.002736164660750319,-0.016105240597581734,0.018553560881005553,-0.0013415910192965909
2024-01-23,0.0066312097348250705,0.007979485588611064,0.007166304583141617,-0.006605982368189667,0.008918202022406285,0.0060092987843901,0.0036644723680201332,0.0016270106278732431,0.00491982890294408,0.011195104079920807
2024-01-24,-0.003489911061853508,0.005433174197432314,0.011226268451775477,0.008895951659418241,0.014177382324714426,0.009133548365170012,0.024564952197440922,-0.006283434610725192,-0.0044519964463428565,0.01711329576223362
2024-01-25,-0.0016980679997911508,0.005594095679664069,0.021094052750303544,0.014209405276637669,0.006327387235861698,0.005721882039601046,0.004147209263452047,-0.12925817170128795,-0.039403868863049696,0.02508435723566033
2024-01-26,-0.00905377217099331,0.008647102438040672,0.0021049658350708786,-0.00382385940828285,0.0024388222050568844,-0.0023245027661505124,-0.009555972962269338,0.003389065826718794,0.019667484150573625,0.008482600106775711
2024-01-29,-0.0035921755770786422,0.013359331333490848,0.008636061218717309,0.002608906787430981,0.01730504050320893,0.014232406332637159,0.02322452532970792,0.041055489597857625,0.002659473297010707,0.0012610654523852905
2024-01-30,-0.019433582554996966,-0.014113732972622603,-0.013444204232820082,0.020287307147858893,-0.0023966231231985833,-0.0027617250911114925,0.0049344291466217344,0.0034508226289791306,-0.0018451840429569942,0.01654052586155982
2024-01-31,-0.0195473341175227,-0.024189614134501332,-0.07796516981121515,-0.010894954849386561,-0.025108822179799616,-0.027316145359955628,-0.020064636876871128,-0.022699471099276523,0.016014607613823735,-0.019648051733714537
2024-02-01,0.013252385756712592,0.02594906400632865,0.007537506846098516,-0.0036197073177797784,0.011822910118905263,0.015474079212763656,0.02408700459821367,0.008347821172369478,-0.009029454364200322,-0.004093582241110238
2024-02-02,-0.005419685192386848,0.07572554877189726,0.008605619611677117,0.005739512719919677,0.16206431241974775,0.01825824861891956,0.048512870163970295,-0.005042858776994556,0.006074325363294352,-0.004110326739218149
2024-02-05,0.009798541589485572,-0.008768909348284514,0.009089092829060855,-0.0013171507710208344,-0.033350619042600095,-0.013637731152152771,0.04683052867336259,-0.03713468972636411,-0.014350927588629547,-0.004127373438273661
2024-02-06,0.008594627455368773,-0.006834432372405122,0.002918719891622507,0.003432472101900746,-0.010261147643323408,-0.0003944072610380951,-0.016124835629963443,0.02206779799027196,0.01521298427362243,0.006869440405678915
2024-02-07,0.0005808272763361686,0.008125368023266808,0.009943535933342138,0.0018827805789076446,0.03217815384189796,0.020890519675859965,0.027126620227783005,0.013309178288648728,0.016931511745387,-0.00029346557013218655
2024-02-08,-0.005771183959191641,-0.0040544313336464575,0.002539056245811392,-0.0035973127548408756,0.0008726276442042039,0.00014482544870398012,-0.006555002057767482,0.010500153377802503,0.0013468352036555148,0.01697500106604453
2024-02-09,0.004085519680443826,0.026781354306300166,0.020956372973010968,0.0012004811127337238,-0.004029318948545593,0.015431741691982182,0.035158331142302164,0.02093365777497024,-0.0036021406478713627,-0.02138685881908756
2024-02-12,-0.00904255420867133,-0.012168901576895616,-0.009914777224458136,0.004446998339721579,0.0016861403162163517,-0.012658440302403614,0.0015929316181513828,-0.02850600281752684,-0.0011197401037036968,0.013662615571103287
2024-02-13,-0.011338521587380735,-0.02170298682855135,-0.01633300122653639,-0.008741713949535268,-0.01890202469129016,-0.021763828527290526,-0.0016623070672897261,-0.022088768605910858,-0.0015275233241330058,-0.00864621159423212
2024-02-14,-0.004821539604062643,0.013780303876272836,0.00549714382629464,0.010106037948547282,0.02819966212466914,0.00961882955936032,0.024270577125222625,0.02516701014711292,0.00017430917190439297,-0.004945984123263784
2024-02-15,-0.0015758363667235569,-0.006925273760105457,-0.021960644369059527,0.021579862298817483,0.02245976082003085,-0.007180869874660576,-0.01694933088272203,0.06035334314528131,0.007592922573371079,0.028256301406465515
2024-02-16,-0.008466118892898737,-0.0017094021256489145,-0.015885214945199462,-0.004680943291250577,-0.022375201305884627,-0.006168214852001539,-0.0006196166917891422,-0.0024975038337594173,0.0012854229748088784,0.0
2024-02-20,-0.004122447344766784,-0.014439139136134756,0.004260769614840202,0.003902171225447037,-0.0033223971437418348,-0.003147827763485156,-0.04450808166331185,-0.031447068575792124,-0.0009399667050518054,-0.009492566449845162
2024-02-21,0.00417735732266393,0.008996959517601153,0.010082210856129899,0.00648882139769991,-0.006856482176729928,-0.0015158271146462085,-0.028923222505195353,0.005199145723306879,0.0017447902770012203,0.020231853099120022
2024-02-22,0.011181308873867429,0.03491338968982024,0.010745276072029807,0.011924046326973423,0.03794365380880382,0.023273989100617874,0.15187009612659025,0.013463405650618309,0.008641239340139354,-0.0008587085156429888
2024-02-23,-0.01008484066895848,0.0023457610294128446,-0.000902581144772571,0.005012954093061706,-0.004329107085588245,-0.0031876509444971157,0.003545988856550841,-0.027943686650054866,0.0014045856953363207,-0.008820677653256252
2024-02-26,-0.007479324943469174,-0.0014869599257995307,-0.04540263896887292,-0.0034297508850790756,-0.0047422940061450924,-0.0068469427381667525,0.0034830579975352024,0.03797371074003026,-0.003648328016134275,0.003940526481326601
2024-02-27,0.008081714140240856,-0.006833819221537168,0.009477381275634933,0.0004905593422046841,0.010962221394435347,-0.0001471941237388553,-0.004955865825524524,0.001653606167566249,-0.022913261468054714,-0.002112496144457337
2024-02-28,-0.006647514065340062,-0.0021920379551390117,-0.018165183247588094,0.005056590947746192,-0.006240656423367734,0.0005887228491112301,-0.013277051418010492,0.011499231283567918,-0.02993204009416707,0.002783657990238374
2024-02-29,-0.003699787671345792,0.02057680546309288,0.015136482052655796,0.009070376954101622,0.012544528283332534,0.014415517293317847,0.01848576849579947,-0.0007921787106965236,-0.009436682627507147,0.0019154093425005313
2024-03-01,-0.006048865972916696,0.008225899848415687,-0.009579161030498187,-0.004146766321006949,0.02452686105222102,0.004486593938484646,0.03925121214882283,0.0037575170226514664,-0.008279709051995201,0.012549967424340416
2024-03-04,-0.025708815063489116,-0.0035975271186564546,-0.028025140387526994,0.007473503683416635,-0.00821599789825865,-0.001396989222871479,0.03531983931231874,-0.07424463938175002,-0.01577134155769227,-0.014081842860487798
2024-03-05,-0.028853195864617456,-0.019676533274039055,-0.0051123602884090595,0.009967464497053602,-0.016127270428415254,-0.0300179372821114,0.008539812691145808,-0.04012679843323044,-0.018261963312239626,0.012190500740747274
2024-03-06,-0.005895707347128803,-0.0035094856867787733,-0.009618830310674982,0.005183932392391215,0.011903120820629418,-0.0013919285712755013,0.031331254266360194,-0.023512123304642613,-0.0011631440633650789,0.01063997978936822
2024-03-07,-0.0007096694258527279,0.018897104445031784,0.022425454839227248,-0.008797238382751489,0.031938327542708075,0.017381535881306955,0.04377414701519649,0.01188110874296599,0.01299186164865651,0.005603788869813483
2024-03-08,0.010184591231674202,-0.00834829600574499,0.007635741804221883,0.0018613938579832886,-0.012257895252312127,-0.007162449407198363,-0.05707532849101521,-0.018701625030085045,-0.0006922378559298719,0.009362719233872057
2024-03-11,0.011762272202340917,-0.01952208072253206,0.01655216147551297,0.0003718118582136998,-0.04520043812760767,-0.004193699489039455,-0.02024275788113832,0.013763678693560029,0.026054610418035487,0.005887758872352404
2024-03-12,0.0027745464825130167,0.01975013161880721,0.006010903017342441,0.008198202891533968,0.03287066899539933,0.026251720085081528,0.06912653361496764,-0.0012947061441473569,0.00040887222290804934,-0.006441424702369643
2024-03-13,-0.012196561231760114,0.006648685830772736,0.009270909664288075,0.008079604874919275,-0.008399371386475058,-0.0004334141706606618,-0.011214430221838515,-0.04646099727496628,-0.0027627572049912226,0.011108625646611829
2024-03-14,0.010868029307168675,0.012327433453265669,0.023402451737055633,-0.017978661064137307,-0.007575581283010725,0.02408714603120201,-0.03292774516562324,-0.042056898779332184,0.0020471045753792513,0.01755706238512068
2024-03-15,-0.0021988479238782594,-0.02452200827324045,-0.013508008144619159,0.012319243129545751,-0.01584151352449638,-0.020912232552925777,-0.0012175261525388492,0.006563076277915342,0.0037149984138209464,-0.0017958787805359565
2024-03-18,0.006351966694886656,0.00034392410567333365,0.045012130866751904,0.012325364698767445,0.02625813204454247,0.0021588606661445734,0.007011195000844599,0.060664152342604714,-0.007710605830660393,0.009214188474738793
2024-03-19,0.013493802498411521,0.008105519638180665,-0.00441113672205631,0.005848098279497168,-0.0014901178967280868,0.00975303511983342,0.01060440817363019,-0.014372034891457558,0.012791213716458449,0.007010179151817896
2024-03-20,0.014601937888424382,0.01271024074657137,0.01156314414562219,0.013021845014666874,0.01852799636469545,0.009023895871621048,0.010836076925181749,0.025017133837829976,0.0018429580526302483,-0.0008847831810984766
2024-03-21,-0.04171543036455447,0.0,-0.007693817900710931,0.01380928718811944,0.004421345655130394,0.009688852510219875,0.01169390448560774,-0.016299696542812377,-0.005152647226125243,0.004415379824123695
2024-03-22,0.00529604254643096,0.004033399915744371,0.021249696816277468,-0.012333427082990076,0.0035778613962169567,-0.0014683643061518203,0.030736206223350663,-0.01158171211632812,-0.003300141623035828,0.0
2024-03-25,-0.008335006307035995,0.00468522019633587,-0.004653974271187516,-0.00919680862618494,-0.01295676053095946,-0.013809569787430125,0.007533279590753416,0.010481683435756076,-0.0085866587738012,0.010169491345608185
2024-03-26,-0.006695029969859622,-0.007876935918428052,0.003990065689576104,0.004660048010282256,-0.014275930464033706,-0.0028656941716175472,-0.02602997309978599,0.0287772826285837,0.013147147760410205,-0.007529445837914754
2024-03-27,0.02099086277335337,0.008544428374293455,0.0013267640748938474,0.01917848718817852,-0.004101996094332314,-0.0005216503073019055,-0.025284278010302155,0.012084083617363902,0.0016033308291147042,0.01031654227573954
2024-03-28,-0.010615298586031502,0.003053793447902987,0.00039760455775396934,0.0039018524343281905,-0.01690807182804036,-0.0016862269095209827,0.0011738998410692866,-0.02272190773999231,0.0032396621153604867,0.010985730828356329
2024-04-01,-0.008491712077255072,0.00326551461029285,0.02976534039899282,-0.006813000060163712,0.011812691158671769,0.009109344854860077,7.747719686969308e-05,-0.0032477284143495326,-0.010158595719184663,0.006431506663957469
2024-04-02,-0.0070235710627548475,-0.0015484091821309372,-0.005999251097722606,-0.0004022903873336259,0.012177493977107415,-0.0073994207966696455,-0.01013288603399711,-0.05026651935105258,-0.06661831170713532,0.0193852028155894
2024-04-03,0.004786271729551105,0.009474051539763393,0.002326526873208682,-0.0028201657970709127,0.018663772130876787,-0.0023519278836647336,-0.005470266247691055,0.010447544054431742,0.0034863054671807735,0.00016769913705437322
2024-04-04,-0.004904497913005855,-0.013300069884866008,-0.028746440691312856,-0.007637382304082084,0.008215044766562199,-0.006131258728435895,-0.03498973729258765,0.016083269202606634,-0.009528716795634641,0.003514234362874339
2024-04-05,0.0044918029444731755,0.027777320574842966,0.013002199879125032,0.009157916626900109,0.031632558685036276,0.01811757217957618,0.024185711667668454,-0.03696743555877544,0.0007900572871409918,0.013688267703507988
2024-04-08,-0.006685907697632476,0.0006481667921116775,0.01529232022158271,0.005202913164372345,-0.015459988392459953,-0.0021879215335190993,-0.00999212754178759,0.04783676362708771,0.000570362266256031,-0.006779259794876209
2024-04-09,0.007216432288304751,0.0025885563003378185,0.01123807891790174,-0.006723365986956698,-0.004536077660268517,0.0039724352242888365,-0.020628543883546634,0.022295607975213145,0.008124861771569505,0.005212398378592919
2024-04-10,-0.011201841420978331,0.0015069094018642995,-0.0029419003219058643,-0.008557934447256258,0.005652383914204467,-0.00710960952469492,0.019549127809024985,-0.02937344256551801,-0.02125904300153363,0.00838205770442494
2024-04-11,0.04236071262589431,0.016533742520170792,0.02072658382394305,-0.00020453624970733156,0.006385336121440624,0.010972763258078728,0.040274549170881316,0.016399556773736196,-0.018682415730458524,-0.0033606593894159207
2024-04-12,0.008589939432603036,-0.015566165935951603,-0.010594917162806078,-0.06686438928454717,-0.02175798602325455,-0.014191189657965174,-0.027182720033480434,-0.020541749097701737,-0.005721330090267849,-0.011728018033570414
2024-04-15,-0.022106315496613196,-0.013577002419975346,-0.018363187407055316,0.0005469579904958682,-0.023061322224665406,-0.01977227131764312,-0.02508911968629284,-0.05757465973833702,0.01453422694661332,-0.005748897932925127
2024-04-16,-0.01935311358249687,-0.0016350785294987403,-0.0029750049586359972,-0.011493603459712854,-0.0009400686649378113,0.002269864904079487,0.016307894043854628,-0.02743506868222295,0.050879156032770455,-0.00830645710062953
2024-04-17,-0.008180880986731578,-0.011190509048215303,0.006906096968874956,-0.003990233909254987,-0.011248341081386372,-0.0066310219639273945,-0.0394334502458687,-0.01062208397137564,0.021311404411538344,-0.0005056291934206198
2024-04-18,-0.005730759665437109,-0.011428682278624262,0.0034673352267167545,0.006476135337231165,0.015322126596437984,-0.018551955324439987,0.0075397096186377134,-0.036155647217109545,0.029194543948899723,-0.0009276281363232903
2024-04-19,-0.012287582237327016,-0.025944630354616176,-0.012383256691224743,0.024793397976495886,-0.04218888675567181,-0.012820897951714214,-0.10541180315474101,-0.01939578390268632,0.015991359223417552,0.011409500845912234
2024-04-22,0.005077847369217371,0.01477882204751945,0.014112721995918603,0.019243378299902227,0.001371037357214294,0.004599547159545676,0.042622112756501275,-0.0345935559693179,-0.019953099810040578,0.005656234013887025
2024-04-23,0.006371454393247113,0.0129496869735391,0.012589768623470677,0.014310349666530758,0.029393671102881522,0.01635108242990244,0.03588115558282006,0.018345226676437152,-0.010333500370752613,0.0038909445872113892
2024-04-24,0.01262230943600756,-0.01656734624660272,0.005482336298707686,0.004880320200354511,-0.005254592587303897,0.00364905802934071,-0.03388343120650938,0.11387415621830609,0.002300922997763535,0.00016527453640540816
2024-04-25,0.00513398524015487,-0.016673704471388103,-0.019865455229938805,0.0015007121156662662,-0.11161675585614694,-0.0248001181279767,0.03641599948225527,0.04845814470471284,0.01337210301487251,0.0023104348821285843
2024-04-26,-0.0034787648553130835,0.03368654484295438,0.0949619894583252,0.0006203490634202745,0.0043180772013243374,0.01807938952946596,0.059923828282679226,-0.011168015552988686,0.0030125699929335046,-0.028168552694099746
2024-04-29,0.024505230321993973,0.007432568410519159,-0.034312935426223504,-0.0010858635382437302,-0.024364431868966044,-0.010067351352068727,0.0002507772713369093,0.14242723171122051,-0.012840701186248344,0.014141586132511978
2024-04-30,-0.0184399813437626,-0.03349007554568368,-0.02049125717490914,-0.007999707801720258,-0.005679239544462788,-0.03264633194807381,-0.015560842443464784,-0.05710084205665045,-0.010958891307098956,-0.011517089788822476
2024-05-01,-0.006065248978231264,0.022599831917240992,0.006612741280807557,0.0006257885915122806,0.020751500993016703,0.014306630615304496,-0.039676595323789976,-0.018113707174260838,0.0008471097496295227,-0.019121257877834193
2024-05-02,0.02179259856565737,0.031455365813882176,0.016703330762421004,-0.0010430309841281845,0.0056535159150984775,0.007315905616433211,0.032882814471607465,0.00011105007606901516,0.01813627634705962,0.0018081081778590245
2024-05-03,0.05809544632790745,0.008033933494385928,0.003714291078618492,-0.006018379663514091,0.023008086762265414,0.021927544229450896,0.034045612363118934,0.006533843535574036,-0.0010553669171481728,-0.002066686611414599
2024-05-06,-0.009148336024461365,0.013283331052944075,0.005129069358107251,0.007790751669488862,0.029905064163950106,0.01677681164607914,0.0370462727927049,0.019511437908750914,0.003911554591345278,0.0064445571188229776
2024-05-07,0.003789967341422025,0.00031790155490520083,0.01856539089645879,-0.0013028399109658204,0.0054821881281712,-0.010208284423473714,-0.017362539875059292,-0.03834210509362018,0.013221717616513267,-0.004980257494659286
2024-05-08,0.0018623044469340325,-0.004034374926922967,-0.010979753370863097,0.02013491453363723,0.009268428765212264,0.0029274208435115154,-0.001569414602515027,-0.017530851194269642,0.004481317848649999,-0.00017214673676608174
2024-05-09,0.009964540094920562,0.00794706169253194,0.0034186223789365567,0.009411046589168637,0.005949308746784864,0.00432649587603779,-0.018587602199090336,-0.015864649448707812,0.0075626606769218525,0.019524107928650954
2024-05-10,-0.006914220131655215,-0.010716874256865036,-0.007737742587720377,0.006410100053918341,0.0016392825435233578,0.005851799594439954,0.012663833159773385,-0.020562350450525728,0.011335144198222128,-0.004060920848348176
2024-05-13,0.017491703006831935,-0.004865607224493341,0.0029013088544977126,-0.00020130184964935538,-0.017348206277468192,-0.002462232676964006,0.0057799802067221365,0.020097034145307512,-0.0020886853446070775,-0.0004239245466589806
2024-05-14,0.00615446117401848,0.002676374471979152,0.007069582562847868,0.013891714484653452,0.008171432998149255,0.006841061135859835,0.010530734809436981,0.03239754278801776,0.00417314272668789,0.006052038332057133
2024-05-15,0.01214382990868596,-0.005789979151338669,0.01265880011370555,0.0029731091154338815,0.020328204712740616,0.017332807900376467,0.0352107010589259,-0.020254418706909572,0.007116352489021565,0.007703772326647639
2024-05-16,0.0006323060883723294,-0.012770048240180699,0.009633820906832876,0.0017796159257920674,-0.017407774073505317,-0.004952222219691576,-0.0028680135560021384,0.004873391179277019,0.007162057784640866,-0.006005593328225613
2024-05-17,0.00015805463660384153,0.005809980560830076,0.010735747372373353,0.011393303889209248,-0.0027932466950780395,-0.0018543248046218304,-0.020125169398235377,0.01487402019069651,0.00642507419879725,0.014904949969997992
2024-05-20,0.006143194123705491,-0.006300279871404103,0.004872833138067412,-0.046015471163429085,-0.006526787417599489,0.012134194062903138,0.02457697618168007,-0.014245067870223688,-0.014205647180159533,-0.008140718718112696
2024-05-21,0.006833838059543284,-0.00212713491141393,0.005242933837515556,0.01994511003685441,-0.009020068139994711,0.00866134960149785,0.006373256464406451,0.06446711975223302,0.012144905909534584,-0.0069339890177019855
2024-05-22,-0.007566904780225766,-0.00010914608364277473,-0.008299753384418766,-0.0060831777753890025,0.0067567452166770415,0.00344358541032686,-0.004581387801681024,-0.035399542384592614,-0.004210928755308952,-0.020315101791328644
2024-05-23,-0.021282941098384654,-0.011423056748417279,-0.016175222015131455,-0.00703386079751935,-0.004284802223364514,-0.008209743563972262,0.08910595537165508,-0.036007818288810785,-0.008707534679358257,-0.01720647843908198
2024-05-24,0.016451836421938756,-0.001658392028660058,0.008263414799307993,0.019063611767419806,0.02635744696885253,0.007373133253851205,0.025397584278799384,0.03116576011599187,-0.016898112905071743,-0.0007932827574216774
2024-05-28,5.294612554578637e-05,0.007715628907514658,0.008025160434704774,-0.006047001787913033,0.003548566599441558,0.0003719533102534735,0.0674756914957856,-0.013989415788236143,-0.008874821731872715,0.012616336765944237
2024-05-29,0.0015776913196947886,-0.0007138953246986688,-0.0028384804606515833,-0.006991757587189806,-0.011652951450014135,-0.0026759034453463066,0.008079635493248569,-0.0031733327174769638,-0.03836960269808763,-0.010766538112779651
2024-05-30,0.005241200529873598,-0.014944634490046925,-0.021781825950879168,0.0061392789540879985,-0.015530117189246925,-0.03437012455722181,-0.03839373827413405,0.014648923152829736,-0.006353830847451769,0.003163298406512145
2024-05-31,0.005005967880693929,-0.01619107105787046,0.002263418293773119,0.016419986352128668,-0.00047127482027029764,0.0011086879763899744,-0.00787707513147401,-0.003978997402597566,0.028087120684820346,0.028282931227874147
2024-06-03,0.009216211838388012,0.010710931098535235,0.003876513608033755,-0.004005566087442751,0.022578171172389368,-0.003886022874651654,0.04779361961776565,-0.010102569596006488,0.004170165172255618,-0.024255720956369627
2024-06-04,0.0016480694129722845,0.0055916049316681584,0.0035737857338983795,-0.013267545559997502,-0.0010477047063375741,0.006147787486927439,0.012418362988494051,-0.008659479988969872,0.016053218135196487,-0.015674711255304792
2024-06-05,0.007790427717723193,0.010759365441920877,0.009278542824319745,-0.00958593577671722,0.037183518955974645,0.01890352481008052,0.050270817125921075,0.0013151256990527008,-0.0046995531933462665,0.003986008833429239
2024-06-06,-0.007121852811917621,0.02031303453242799,0.00749704434219899,-0.0017758239128804133,-0.002629582061588109,0.0012021381101407292,-0.011847069337501615,0.016660454613497404,-0.0023880030030222713,0.007486027610430201
2024-06-07,0.0123158347452508,-0.0037909438439048654,-0.012927792138439557,0.0153204325520508,-0.0016214558698393886,-0.0015796277615870073,-0.0009095872943292072,-0.0025885260992180074,-0.022628166750426792,-0.010762197107864389
2024-06-10,-0.01933345760572814,0.014864526720524128,0.004294716284485493,-0.0017018426388757412,0.019366604521707142,0.009439827779571537,0.007433765639567029,-0.02101026729322036,0.008745242667072183,0.0029224374301599844
2024-06-11,0.07013140746991445,0.0009083768397987709,0.009157474017141039,-0.026653351114899113,0.009643033560975404,0.011179027278914984,-0.007169686269936948,-0.01817434057762428,0.0024616535025931262,-0.00807998747848148
2024-06-12,0.02817767493783841,-0.0018175795783648761,0.006602586814052783,-0.014667657519405724,0.0026959411767576353,0.019182555213557096,0.03486598046239711,0.03811347747393242,-0.006368234067499961,-0.01111612000688766
2024-06-13,0.005476195818645914,-0.016508777761010902,-0.014903326497138337,0.011059797120112557,-0.009358960782217842,0.0011782696212703243,0.03461740120608597,0.028799010597446485,0.008542285328809926,-0.008055547721673523
2024-06-14,-0.008201802413615794,-0.000925185330377967,0.009262815186218071,0.0006192544361447455,0.0011114767005433498,0.002239413672758922,0.01736271920601183,-0.024746085007725318,-0.00036197054458497556,-0.008487341900724824
2024-06-17,0.01948025305675161,0.002175536021534634,0.002542180998476344,0.006173521937330725,0.004887162384047349,0.013020058058086297,-0.006847949178671841,0.051619109593938894,-0.011765452108203464,-0.006897453321325337
2024-06-18,-0.011045156539777761,-0.006814429382413544,-0.012204755210009305,0.010306779954074903,-0.014193366391066354,-0.004537807634488062,0.034517215962587035,-0.013860022086213656,-0.016861514632124177,0.009369008033527266
2024-06-20,-0.021747588308758864,0.017836847681061675,0.0068870285385447885,0.008441365545246592,0.0044148351676680814,-0.0014348271156413156,-0.03604533288689694,-0.017957490517488177,0.007187444952486184,0.021346543746784106
2024-06-21,-0.010499513325655357,0.015886019163884733,0.01871209906394995,-0.012001036087976842,-0.01388917815989396,0.009112595330383584,-0.03272104577358902,0.007899471520701,-0.003991194124391366,-0.00880887692532023
2024-06-24,0.0031276977963470265,-0.018738006784044702,-0.0022849896580058654,0.013057536053114787,0.008312472962987066,-0.004702303580265451,-0.06917911548461786,-0.002352322975825913,0.01519706906771649,0.029271352554380053
2024-06-25,0.0044582692028555596,0.004140733544431204,0.026484584567459588,-0.004081085667775055,0.023160930833175008,0.007300167228437575,0.0653795279101262,0.025790114652126835,-0.011246981126635752,0.002801708818416583
2024-06-26,0.019796074104215307,0.03827288718411035,-0.000815340353559146,-0.003236551572142361,0.004923227039454094,0.0026794620054436525,0.0024555974447316685,0.047022052078927956,-0.0009500234804226529,0.0003498146233237482
2024-06-27,0.003978037396068835,0.02166336912708652,0.008286306672066339,0.008774696284707829,0.012472415219435927,0.0015248962168286002,-0.019250548939116808,0.005332819818052439,0.00494605216208557,0.004273400596910775
2024-06-28,-0.01638779344594586,-0.02352451121310858,-0.01773919749335301,0.015395232697005894,-0.029969644485637492,-0.013114128874578855,-0.0036358941397458258,0.0023273813203096337,0.045845193535886536,0.0019131102686780217
2024-07-01,0.02868917450756601,0.020233739225558187,0.004600989649166232,0.015648770017057768,0.0009120084427445783,0.021645627674935455,0.006133029612146517,0.05877983360300819,-0.029108437076126554,-0.0013909249996239485
2024-07-02,0.016109486345777944,0.01409893985494711,0.012220549110375437,0.01631790601165263,0.009505234241995382,0.005567709491944857,-0.013200149401431138,0.09710195030947986,0.007231487408599496,-0.006808118596386884
2024-07-03,0.005794091946410223,-0.012123208336190894,0.0031264469846852536,-0.0006707732504232908,0.0009025011147386989,0.0032389865891442426,0.044717401172646054,0.06337304899541438,-0.016901007817719648,0.0050669873738621455
2024-07-05,0.02139011245866691,0.012123208336190851,0.025398493521896225,-0.013339151926799638,0.05707006156223632,0.01462857477699592,-0.01928348565963274,0.02060688228437311,-0.0038448631901570147,-0.01218617152683436
2024-07-08,0.006517655680434175,-0.0035563498917093785,-0.008271369217465435,0.0018539280087778401,-0.019809331213231,-0.0028271932449611755,0.01865946462455078,0.005629789876539415,0.0027216367461593174,-0.010552190499744048
2024-07-09,0.003767547871411949,0.0002508745118109151,-0.00026440991440483447,0.011918911187191858,0.0012838307608543534,-0.014474363908119745,0.024502698238413223,0.0364508858978897,0.005644683159081672,-0.01111512318009288
2024-07-10,0.018629041923204116,0.0022548901390979956,0.011574035386277963,0.0008182897632236058,0.008810204256217914,0.014495878216351137,0.026514082849059335,0.0035389720904070512,0.0177641482377078,0.008794720209159237
2024-07-11,-0.023494597390054113,-0.02401082970854252,-0.029783110644340756,-0.0016857754409191662,-0.04199619634446223,-0.02508408554675984,-0.057276280681112256,-0.08822077208547265,0.0068239561908526435,0.011813436309004614
2024-07-12,0.012966295656729633,-0.0028751754997392003,-0.002698088894074231,-0.012172866551203632,-0.02734542230230612,-0.0025323139838062613,0.014339544033825188,0.029434316513726216,0.014115905637059722,0.00017657998498356786
2024-07-15,0.016604786022702524,-0.009142411458262565,0.007858081765284729,0.02462832879453344,-0.005447049204619928,0.0009034923249524984,-0.006209624847565856,0.017609829570940913,0.007478858570878095,0.01698223522061464
2024-07-16,0.0017902568375297656,0.0015554679731073517,-0.01409119320543796,0.016853058012706233,-0.012921739061393711,-0.009828695169896335,-0.01632677881488711,0.015396997777534727,0.06297638785065328,0.007178317930633593
2024-07-17,-0.025621340794687707,-0.026724318518412248,-0.015893355597283224,0.015099282433169431,-0.05843357861976392,-0.013437501421424324,-0.0685351533317108,-0.031919700332288976,0.04351275325834466,0.013694198786836987
2024-07-18,-0.020748767733789662,-0.022493376002440963,-0.018567070373326985,-0.03228582594187193,0.02955954401322903,-0.007127671323096462,0.025934311889552503,0.002933302220995548,-0.015717351983394287,0.009812369517030404
2024-07-19,0.0005797757488203434,-0.0033798282769946274,-0.00016886640456010858,-0.0009528304751669309,0.0019735023473135185,-0.007430387234665637,-0.02644285490081944,-0.04107613843938729,0.0017527878185827454,-0.023247971312622236
2024-07-22,-0.00156142070463837,-0.003172184996925187,0.022320158753738675,0.0023805660370873503,0.022008943117955905,0.013249427887457069,0.04647379521696583,0.05018271902171053,-0.012101338616904617,-0.006916347850647246
2024-07-23,0.004677309290559819,0.02092444370758336,0.0006603091585630702,0.00023782118223503645,0.0026431536124771307,0.004302845838877892,-0.00771968805214577,-0.02060764898795659,-0.006880868574774691,-0.01626761468065587
2024-07-24,-0.029175908903461077,-0.03039119500388669,-0.0517015374344635,-0.008307171184689967,-0.05774475692986912,-0.0365134284624416,-0.07045623583226528,-0.13164294360339135,0.009062743819706433,0.014009626624278591
2024-07-25,-0.004816118268704002,-0.005434169444389781,-0.03148149384365547,0.000383492282063936,-0.017186739755275477,-0.024785810708460428,-0.017393425011141255,0.01953112906763447,-0.0001251145402289088,0.02082324971666319
2024-07-26,0.002158681902606734,0.014626968944213104,-0.001675245038910496,0.016963799519142175,0.026744862896221622,0.016286379402104027,0.006922910372509392,-0.0020452089625195087,0.017779871301007288,-0.0008518405761221396
2024-07-29,0.0012838282823674826,0.0038282625594168156,0.015035935679337302,-0.0065708851985851295,2.139106491347136e-05,0.003427266201721882,-0.013087294471514974,0.054450283723543685,-0.005226684981229585,-0.01053875497996717
2024-07-30,0.002562863281206306,-0.008166388972744573,0.004472919012820543,0.020374333063403575,-0.005425715877372356,-0.008968500173014385,-0.07303985249862091,-0.04170207944562914,0.016762055139792356,0.017672485497235442
2024-07-31,0.014879509966087315,0.02858958980412218,0.007313883818875526,-0.011168438069177491,0.024819546304193106,-0.010864579813766624,0.12055336757885735,0.04157282172336867,-0.0002950060382796218,0.0035478026386483786
2024-08-01,-0.01689260481395533,-0.015685476578311947,-0.0045575612946758635,-0.023007059832828292,0.04712088156316542,-0.0029686152543645285,-0.06907218735234887,-0.06778709499652093,-0.0059010846342883545,-0.01392556797918436
2024-08-02,0.0068458485298469925,-0.09194763210362274,-0.024303223091733307,-0.04333768779521894,-0.01947549119371654,-0.020882526334433705,-0.017923647650628906,-0.043301714320780345,0.029350170279634585,-0.0005988142982885772
2024-08-05,-0.049365550520730835,-0.041839920325843556,-0.0454804778745821,-0.021521693631645467,-0.025751733680965585,-0.03320191879518627,-0.06568903593468485,-0.04324862022379944,-0.034268010948349796,-0.018217529103848603
2024-08-06,-0.009796065542166133,0.005635490449044775,-0.006046495364948474,0.027529402274582664,0.037867058026369665,0.011223657445840281,0.03713190369771294,0.008810602088580683,-0.0028290043659581323,-0.005329112714264517
2024-08-07,0.01242076809998215,0.005174089797253657,0.004098046754026244,0.0002995357696491399,-0.010518797381593822,-0.0029572128818081906,-0.05258153558305311,-0.04526769292244102,-0.004002041642081684,0.013226705416708395
2024-08-08,0.01649648666540341,0.0184440734555928,0.019254667902473346,0.018098748693095065,0.04148612422614199,0.010635241642806029,0.05946417922047074,0.036255901329012616,0.00028255851588996126,0.01892416309449723
2024-08-09,0.013642368945163845,0.0068522199395901024,0.01007078332647363,0.008490803597808976,0.015846038141533254,0.00823536465124675,-0.0020978747549908697,0.00581690373893266,-0.01329798461364689,0.008110261273532836
2024-08-12,0.0071047193359466895,-0.0008389728264874979,-0.008467534395506213,0.0018931970119403624,-0.0035209469085474704,0.0019437274393697664,0.03995472225654651,-0.012629388585244743,0.011618823588202992,0.0012612990154385656
2024-08-13,0.017046811301731878,0.020354930507755713,0.011456660449457695,0.008451488298929846,0.02410844557104497,0.017543980396669313,0.06326496587866966,0.05103246867853809,0.01570848741921663,-0.009626094967530198
2024-08-14,0.0020316807222032765,-0.0007639034445704183,-0.023357863762171433,0.011000168352093189,-0.0033733102301670673,0.0068603003860609425,0.016565967848895254,-0.03152675190710158,0.009411498278434108,0.009205815723076176
2024-08-15,0.013439859306690529,0.043090966761615855,0.00578231411693238,0.006211608823686059,0.019867339731553624,0.011754338511578772,0.039683256249395255,0.061436309145650216,-0.00010341215221710462,0.0061674732291450915
2024-08-16,0.005900976726473976,-0.002988857651035908,0.010238788707352921,0.011374394811685928,-0.018615282458690947,-0.006098847759442678,0.013902503175908304,0.00920378250292453,-0.0033353112592885946,-0.004727761947688438
2024-08-19,-0.0007080060400684138,0.006530104639669463,0.022511209736896447,0.006893101953118774,0.00352037818016522,0.007285765404117644,0.042586399275221,0.0300815962441386,0.0019024016857279594,0.0030416441910235898
2024-08-20,0.0027409903316989634,0.0036964682293246748,0.0030551458964500947,-0.004325922636227594,-0.0048295223840063815,0.007727519779239425,-0.02138081491144772,-0.007300267158314731,0.003225645157486455,-0.03389282897440842
2024-08-21,-0.00048594098037224603,0.006852561474421805,-0.007987183422513653,0.0003728933329599235,0.015877919687085587,-0.0015547670235135915,0.009775214749748662,0.00976670507756732,-0.004453092251394213,-0.006391285310499042
2024-08-22,-0.008293905650176068,-0.02234539227075752,-0.01243776496331034,0.00941492995644828,-0.006053981362472594,-0.02046073475880767,-0.03774626110418348,-0.05813634375381778,0.0011237649225192127,0.007699680387785635
2024-08-23,0.010235576050047969,0.005153271352930898,0.011049852702388688,0.007725132777279015,-0.007415578731874113,0.00297959596110085,0.044493887637075735,0.044835591431516886,0.009955241858961312,0.013763405730843533
2024-08-26,0.0014977729379281764,-0.008736614913990125,0.003255256163973014,0.003931696159813186,-0.013115942214096407,-0.007949259580025908,-0.022750386818129183,-0.032803441227522996,0.004472310268139996,0.021180592396030304
2024-08-27,0.0037345796299424225,-0.013654075452589952,-0.008947048657615413,0.00459770523534945,-0.003883908213429704,0.000846211847596644,0.014445307111011706,-0.018939062709292416,0.0003744893687638118,-0.009556449926226479
2024-08-28,-0.0067764605615675735,-0.013491668231426824,-0.011174688426938504,0.0050286519177973445,-0.004479332817329519,-0.007859976314926718,-0.021189518056946816,-0.01667672472989858,0.002024058270279189,-0.009906017227724287
2024-08-29,0.014465009195904844,0.007698580379841969,-0.006592120030224779,0.0041488407050257305,0.0027827102652915364,0.006118587722287806,-0.06597795515667992,0.0025726237078790366,0.005135208585565823,0.013722665264270597
2024-08-30,-0.0034438491459130574,0.036396721617948,0.009841443054681966,0.0115883496863545,0.005945091416115637,0.009683802262786364,0.015023986262598252,0.03725544123667223,-0.002318755013645795,-0.001609645066901542
2024-09-03,-0.027582073446914965,-0.012685159527315687,-0.037542655874682467,-0.02022089141146649,-0.018489250261351613,-0.018631615978312574,-0.10009672881675567,-0.016529275820300126,0.014265770199421029,-0.02116519882780159
2024-09-04,-0.00865616185454086,-0.016706139175178974,-0.005799860016812025,-0.0044128226155193875,0.0019130475795590624,-0.0013196281227931632,-0.016712960830789218,0.040981513663141275,0.009145040115371083,-0.0122862273993212
2024-09-05,0.00690401280173491,0.025968075788917713,0.005036999349288544,-0.007781062989498283,0.00800319932946743,-0.001248042983247589,0.009371257570621128,0.047876016035803666,-0.014487498006453213,-0.007833633441088683
2024-09-06,-0.007039946555176427,-0.03722372046282126,-0.04102337895204683,-0.02404255864461086,-0.03262406882898319,-0.016517074671921955,-0.04171223677423264,-0.08824048544582774,0.0023312248146221204,-0.0046941740685808074
2024-09-09,0.0004076065384803428,0.023127387297091972,-0.013425730283043268,0.020267625423593533,0.00899456523509655,0.009957662088610555,0.03478606775741342,0.025949973905266994,-0.004668221361427059,0.020822303030399628
2024-09-10,-0.0036279670239669107,0.02338469252840609,-0.00033618317700717876,-0.05328358169443881,0.0,0.020685807028456616,0.01519329863212101,0.044759273955983725,0.00826403367523766,-0.037111782786596166
2024-09-11,0.01151856210593427,0.02730414417528586,0.01667700517774754,0.008091350618099695,0.013849990049305759,0.0211177589929129,0.07834784648173354,0.008628742512625562,-0.015612952916727265,-0.009975692165726292
2024-09-12,0.0004938939875349651,0.013350735010507195,0.023084245525860157,-0.0030446393561050816,0.026547918661185943,0.009317252446461621,0.018980365350884643,0.007337206636805016,-0.0022578950408593985,0.01366852670105026
2024-09-13,-0.0012128215555815799,-0.002730969055689944,0.017748357493707168,-0.011097301479106921,-0.0018661967557055158,0.008372441029214755,-0.00033574125890192195,0.0020864851607279924,0.009976910971764669,-0.0007195026751111796
2024-09-16,-0.028168197804639156,-0.008616597457795744,0.003803113303376993,0.01717741536799128,0.017326033428540548,0.00174015066518017,-0.01967163369436662,-0.0153589759450266,-0.005214071348423132,0.0139375146810121
2024-09-17,0.0021702511432454817,0.010705675426824473,0.007940191149356596,0.006665015176197722,0.005684223654662262,0.00879418873183482,-0.010242488597622203,0.004794890315022082,-0.019159311796240797,0.012957878400980742
2024-09-18,0.017829924004744212,-0.002410931547252041,0.0030707825075186805,-0.008253821441322992,0.0030344829889124717,-0.010023748217940043,-0.019392563659745156,-0.0029445960609886415,0.0046435502770769835,0.003497042303204134
2024-09-19,0.03639513823802074,0.018283807518041345,0.01447435239397067,0.014114753799672022,0.03856277439962662,0.018126048006681154,0.03892547593573816,0.07100962175825201,-0.006184740726126236,0.012316996166647937
2024-09-20,-0.0029317962447758077,0.009070295653554553,0.00890346299394875,0.0028939793137922947,0.004016335000048714,-0.007826571520868712,-0.015992083267720048,-0.023519752638904136,-0.00359342483783644,-0.006313010923102641
2024-09-23,-0.007609902829482728,0.011829538769620484,-0.010693461027019492,0.001656503275852238,0.005436348031581932,-0.004051677834328151,0.0022388366220304507,0.048140375327935025,-0.0027692420414926738,0.017969102933539396
2024-09-24,0.003966154370516554,0.00041255068996117736,0.0027148057784400896,0.00070923108592061,-0.0019153766976734675,-0.010061643655703938,0.03888659257910919,0.016935793509053217,0.0030995270965251923,-0.0026449460265660298
2024-09-25,-0.004407727697040667,-0.007400007450933529,-0.004941618014395493,-0.006638348102503125,0.008801486118887158,0.006826949287683937,0.021606467754303176,0.010757148762662457,0.0019453202849752885,-0.019671121196514714
2024-09-26,0.005067305672242834,-0.007141186533660476,0.0076491679983220874,-0.001952649419724012,-0.0008272050001466528,-0.001853043841163984,0.004281892076178706,-0.010953821465680538,-0.0026061108940173593,-0.017313762940659665
2024-09-27,0.0011859425145807597,-0.0168284107446147,0.007469269218036714,0.0034263287072245955,-0.0008457561708897029,-0.007657224627685402,-0.021513148772879687,0.024249227064234113,0.012173149779180418,0.026420972668732123
2024-09-30,0.022614300362103074,-0.008763077056375612,0.01152215809410436,0.0017087340972636264,0.008913973613507056,0.005312775312838128,0.000329507479398811,0.004482044837533062,0.004851960794856656,0.012015229706235725
2024-10-01,-0.029574689353939414,-0.006460997690134298,0.006850158932630587,-0.018282289238895282,0.007015155309634026,-0.02258646595547107,-0.03724648577608648,-0.013894251852425751,-0.002363165292978939,0.022855566181449648
2024-10-02,0.0025165707247126697,-0.002000651545077023,-0.006789753208113649,0.001206512257295146,-0.0063691850935301015,-0.008498225823127394,0.015688304532066637,-0.03550382703625727,0.01532875270891321,0.013170757313517778
2024-10-03,-0.004906664917599665,-0.015270736231762942,0.0,-0.009987294441975207,0.017238714468184046,-0.0014155426150319187,0.03310190633984459,-0.03414806745440706,0.0007424782821542081,0.008684999357592394
2024-10-04,0.004994930485343819,0.024697907897679776,0.007208803372433845,0.03487823430754428,0.02234741634139051,-0.0011528629462466574,0.016709373555460982,0.03839570976808335,-0.0026184151776847448,0.01818898671223828
2024-10-07,-0.022788576385824977,-0.031093362659704415,-0.024725598948193008,-0.0013739362433828474,-0.018904372620878487,-0.015794986847489676,0.02216686746041138,-0.03768957599969925,-0.013006986066981904,0.004316488067519116
2024-10-08,0.018236725002051653,0.010563468311108654,0.008553551513097547,-0.0008537540422013731,0.013773179924259037,0.012544827256688615,0.03968136085878754,0.015124010919583781,-0.003398717456992295,-0.02692055934853697
2024-10-09,0.016560520169763296,0.013319379012842232,-0.015449236043525525,0.012589319219670618,-0.004022492394741205,0.006609352069317118,-0.0018075744182009823,-0.014210915403026646,0.016439488514995076,0.0004095672458905585
2024-10-10,-0.0021805674093713476,0.00796086049904925,0.0013585248132720901,-0.0027211554059616188,-0.011376597467616373,-0.003888187814110335,0.01615241811158786,-0.009503630132407154,0.010900815227979734,0.008563511961410678
2024-10-11,-0.006526763021499359,0.01155904643352474,0.0071312197260045875,0.043442063802798685,0.010427956308699474,0.001153695998460759,-7.433940504322342e-05,-0.09192353886888906,0.0005853958835784293,0.0038094930016051454
2024-10-14,0.016345627351754537,-0.006802098901968148,0.010481614019208428,-0.0036505837005680543,0.0007965277973376702,0.006750743320296378,0.023968688923001812,0.006224848869363662,0.012215127797829422,0.0037951669366706802
2024-10-15,0.010964352355533486,0.0007995584839864811,0.003026499600858371,0.004100382868219263,-0.007053782160662086,-0.0009548376746772194,-0.0479937529406051,0.0018690482583788197,-0.08459972509170896,-0.03052247106290235
2024-10-16,-0.008891230311519959,-0.0042714734594326426,-0.0018148934118131501,0.005604952545055661,-0.01630228624462087,-0.006276518855646119,0.03082683101204617,0.007983687088569507,0.02669470059058738,0.0025725825345893293
2024-10-17,0.0015949915642268706,0.003418620886077508,-0.01359402381189771,0.0034817155258962717,0.00024271021483453125,0.0014408496588463077,0.008875754913819991,-0.0019899714413276278,-0.00933731658121843,-0.002572582534589351
2024-10-18,0.01220185708623628,0.007755306570388279,0.003002846332449043,0.004224234504631671,-0.0007977890726561689,0.0034496665621428692,0.007783965428703267,-0.0008605378505268966,0.006304876986763023,-0.002829026418215332
2024-10-21,0.006278146717696215,0.0004232229251258213,0.003969840322423626,-0.010571763736802813,-0.002274991212228205,0.001481571853993892,0.04054367806466708,-0.008417707909120813,0.003259765553689142,0.0005830833033439015
2024-10-22,-0.0026252784107996053,0.0033265052557146266,0.006500289100287133,0.005009814832882415,0.011839431366656153,0.02063196028944167,-0.0008352279639552406,-0.004029147285192923,-0.002821085519573767,0.005150020664669307
2024-10-23,-0.021860275126728373,-0.026656796914304174,-0.014394054684613735,-0.0031729766599689286,-0.031983118422936094,-0.006830058537842245,-0.02846747203747879,-0.020018310718538105,-0.009202254606863752,-0.00356897137113252
2024-10-24,-0.0008236693184066656,0.009000562616286057,-0.0003684992741344484,0.007002886043664319,0.007229381650964475,0.0003060802801730216,0.006071930839654224,0.18144500086765858,-0.006806226144049347,-0.005669926254620304
2024-10-25,0.0036366213708668117,0.00774968161813032,0.0155494299502159,-0.011938714778619292,0.009587952307151211,0.008019944298270588,0.00801570307272304,0.032891334056112616,0.0066642633793286095,-0.0008365728277296754
2024-10-28,0.008562510451707885,0.0029769707636567114,0.008735391511385216,0.014247387835335459,0.00852881291136022,-0.003650300119365097,-0.007232335860888226,-0.02512824530239814,0.001204002910663118,-0.0049498983908793665
2024-10-29,0.001156214477861014,0.01286871001658346,0.017598200538850178,-0.011596965788435342,0.02581584252748387,0.012486540709211973,0.005181297690770339,-0.01145548515134625,-0.005517382577303826,-0.013718634461917689
2024-10-30,-0.015395760147743692,0.009907234588807736,0.027781480717070643,0.006751654038871433,-0.002497868593697024,0.0013418558119417127,-0.013614404973460208,-0.007619899978935549,0.0014754561752933716,-0.005043339574798947
2024-10-31,-0.01837738479713978,-0.03339535403553647,-0.01938889302925643,-0.011157905860186255,-0.0417868895187311,-0.06243695675062176,-0.048373905685591106,-0.03035306639591626,0.002731665008358804,0.0007710350706783027
2024-11-01,-0.013368589170938411,0.060018526321249224,0.0010512026924955518,0.004585788859896398,-0.0007404179400717699,0.009844348239530856,0.019690482265134753,-0.0034882074251496174,0.00540641723713458,-0.01579468446445434
2024-11-04,-0.004045878201085597,-0.01092182223034851,-0.012040115392754364,-0.014275731761755532,-0.011491037790818302,-0.0046651582894636995,0.004788946406421724,-0.02496977961188894,-0.017399935399221356,0.031343633825639206
2024-11-05,0.006465392146903427,0.018822662731709527,0.002950254994773625,0.007750488302444533,0.020740146629252696,0.007317726063594674,0.027976895348554878,0.03480162701711456,0.01646553645215356,0.0029464120667185294
2024-11-06,-0.003272201936001123,0.03733922736991443,0.039109596376496164,0.10925374164666934,-0.0006640116109433855,0.02097157647903607,0.03993271656193943,0.13759466024737685,0.050985530303594775,0.017003259109852786
2024-11-07,0.021146913161772682,0.014192148444279072,0.023737243943070915,-0.04419051021145083,0.03377340090042674,0.012417034975167182,0.022208666580032118,0.028630012464395397,0.014574402145240377,0.0012390173347715317
2024-11-08,-0.0011888463183104513,-0.008942557238934116,-0.013366896682334211,0.0025349459242867706,-0.003996510367131341,-0.006816099171857101,-0.008431491327778423,0.07869717552417867,0.01696636524176256,-0.00033019633685376325
2024-11-11,-0.012101529775871969,-0.006457525082191786,0.011151579455465278,0.009700419693550785,-0.010524554258651819,-0.010778862478985874,-0.016184042383590037,0.08580690404849912,0.01521314393759403,-0.005298496150239515
2024-11-12,0.0,0.009958024917575062,0.007017070987575256,0.0011278690320477335,0.0028253937556658878,0.011937798332350267,0.0206446103921995,-0.06342678815128278,-0.017066170608935706,-0.0009967151248322964
2024-11-13,0.00396115898787596,0.024539669362855586,-0.01520136145871532,0.006656798648066527,-0.008275981179495073,0.005116492239088196,-0.013715435652197232,0.005313266949669512,-0.01442004099850851,0.009263194501373103
2024-11-14,0.013676559845728855,-0.012312812938838414,-0.018620521849129424,0.002939517096336309,-0.004908802201694662,0.003966742583730944,0.003344088328323695,-0.059448133931949705,-0.021218008479490923,0.0006638151067551798
2024-11-15,-0.014209569384126009,-0.04284745921407266,-0.01775532747405839,0.014122474261922887,-0.04081021930825373,-0.028247881399319497,-0.03311232017519248,0.030196972790488486,-0.0015522811821799232,-0.010422426438027354
2024-11-18,0.013332889398146388,-0.004501522120521847,0.01615935044695817,-0.0011421212648497969,0.0005773918289265544,0.0018296955800556876,-0.01297293330444294,0.054664350493325395,-0.0043658947690268035,0.008346572960568753
2024-11-19,0.0011394937845905326,0.01432430133148399,0.01595870708880126,-0.007948932916163247,0.01199487078616117,0.004870774083084986,0.04778735389199311,0.02120595242401374,-0.021687132708906143,-0.014062393702716568
2024-11-20,0.0031491280827427985,-0.008491035845116046,-0.012087209767994557,-0.009548055173803069,0.007864339093754103,-0.005520415155012508,-0.007647605391008418,-0.01154032611298051,0.03992051146166361,0.014145545499185227
2024-11-21,-0.002098159514320728,-0.022430287385072762,-0.04861103315239917,0.016394570731190574,-0.004306171326126183,-0.004326198090324838,0.0053323268227429,-0.007012172684276001,-0.005025194207108711,0.013292247159854314
2024-11-22,0.0058900521370221035,-0.00637175235688548,-0.017269416554749895,0.015365932333308458,-0.007039710036254823,0.009953454308376934,-0.03271015793452581,0.0373345373484672,-0.011141596398461932,-0.0011489024869897077
2024-11-25,0.012966460387670142,0.021728540914003922,0.0173885749956532,0.006976170672366319,0.010620485730512374,0.004283442701837073,-0.0426732236516624,-0.040430888534493496,0.025003553424206897,-0.015056434380197827
2024-11-26,0.009360456697544855,0.03132358260823746,0.008730037676956914,-0.0012793527328297846,0.014807307984377537,0.021730196283694325,0.006594929698151089,-0.001063755153845317,0.0015831930202543326,-0.016811374499062528
2024-11-27,-0.0005532492019868327,-0.010251516694207487,0.0006503332732970266,-0.0007204313391152166,-0.007595810266722979,-0.011751371643294027,-0.011606707891313328,-0.015914020837727676,0.002617103037468817,-0.0026313096058135374
2024-11-29,0.010164032981618944,0.010395828320660513,-0.001655912220841676,-0.00028017723968963966,0.008954818964872248,0.001110535034945683,0.021273576273396655,0.03619593916712737,0.0029869885304950796,0.0025464329356336395
2024-12-02,0.00947747074508696,0.01347372166869659,0.0149223510979311,-0.013992966455076205,0.03172102958389706,0.017602711005855275,0.002744979496217353,0.03397975234247804,-0.0027568788759694558,-0.0009328183983971117
2024-12-03,0.012690990625024174,0.012872961773847143,-0.0008754412501256667,-0.005824059722346214,0.03451694306187285,0.0005104019626645429,0.011689239534807447,-0.016005713052796626,-0.005421255027865358,-0.0015285900333291166
2024-12-04,0.001482583526046865,0.021872981158048213,0.01752973677356285,-0.005817200219093877,0.00021191822358297517,0.014321743081528695,0.03420086210239852,0.018355288553428408,0.009144670902032128,-0.029232534328651392
2024-12-05,0.00012338622798313794,0.01089568506430291,-0.009971005511490228,0.008509318859307214,-0.007933185138387122,0.011817745785723553,-0.00048238364879887196,0.03178623389945424,-0.05350258498807947,0.004365697731244949
2024-12-06,-0.0008233266986692869,0.0289577215747153,0.011918995849546487,0.007629241907892895,0.02407848324668199,0.0021440918669180255,-0.018226416788143348,0.05202108959673976,-0.05202359699513271,-0.010597873469931853
2024-12-09,0.015973040562157346,-0.004149028072046304,0.0049160609570685155,-0.01445534789443597,-0.01648747272439947,0.005508078068272351,-0.025815048483364453,0.0014634148953150045,0.02364448344195536,-0.005916959058112072
2024-12-10,0.004125149290228035,-0.004654999543156226,0.05437619212580628,-0.0039041196106777308,0.009327722550102273,-0.006049462338250699,-0.02731275452729297,0.028328310501358537,0.008118585393680898,-0.0020392480086141966
2024-12-11,-0.0051793656828092866,0.02293094704166905,0.05377447950852595,0.002754967681890882,0.02134271500610374,0.012686403926234798,0.03090826728210998,0.0576113551148347,-0.05764646272856353,-0.006678860238508274
2024-12-12,0.005945966101891222,-0.005618085452278564,-0.01776169394251564,-0.008246482423328299,-0.0029917294696272232,0.0012686349870782584,-0.014241809203275639,-0.01582716714006912,-0.03387398310613518,-0.0008938560651824286
2024-12-13,0.0006853067895842849,-0.006616567663893641,-0.011210787173372242,-0.006604800502447296,-0.0166893271663715,-0.00510684362176842,-0.022755954959874883,0.04244899941747966,0.00910985557290298,-0.008802754895613014
2024-12-16,0.011659502305411655,0.023763519526408726,0.03540020584191694,-0.0015014150538059034,0.007057342042554693,0.00961216036972365,-0.016901749291922213,0.05960057359180242,-0.0431477129027634,-0.021614045040990758
2024-12-17,0.009672590217254027,-0.0076711237701660145,-0.006325460002156316,-0.005105387951194189,-0.007719097543498824,0.006335214997484733,-0.012271862558176168,0.035724138195772255,-0.02638317305034192,-0.004249831407404536
2024-12-18,-0.02165448759620852,-0.047078410933269275,-0.03658371156633311,-0.034095403749380755,-0.036580430172241926,-0.038284703055078376,-0.011415662823829728,-0.08642421525210743,0.0288274174063693,-0.014830352052345723
2024-12-19,0.00699016021949323,0.012482931876037162,0.0005837023106481497,0.011180142571144162,-0.0027163178061358102,-0.0008233836308284056,0.013636951876849745,-0.009038042516689774,-0.02117424630889806,-0.008587696457623131
2024-12-20,0.01864103806497716,0.007273430311082978,0.015266715918086095,0.019721793282254294,-0.017479762715560936,-0.0009841942580657364,0.030298524477747116,-0.0352567708528249,0.02199451199338845,0.0034062420133995357
2024-12-23,0.003060278675538512,0.0006222471909635992,0.01668263026171702,0.0033193904873345293,0.02464049763887804,-0.00309700512925674,0.03623256485075529,0.02240426356053564,0.012340183629875589,0.0040533201433628745
2024-12-24,0.011412667816929753,0.017573311182246015,0.0075753027988196345,0.016309857184777607,0.013083844628601925,0.009330276186860746,0.00393024934496256,0.07099116636191981,-0.000474070954861833,0.0009402508280942822
2024-12-26,0.0031706612920804583,-0.00877006267142877,-0.0026038643680719865,0.003419528177070785,-0.007266005346985198,-0.0027808863856253196,-0.0020704417134015515,-0.017787254049436575,0.00992874762566345,0.0008455008322199811
2024-12-27,-0.013330625341669195,-0.014640913829901727,-0.014625849333852045,-0.00813529410794939,-0.0058846658237318135,-0.0174529974769096,-0.021088474802677098,-0.05074526160258332,-0.002271905200121106,-9.395133721639335e-05
2024-12-30,-0.013352151443498387,-0.011010096307821616,-0.0079165904683032,-0.007700524973821203,-0.01439079910940228,-0.013327845773928896,0.0034973539674237513,-0.03356928885086787,-0.004303556777952549,-0.006784823947290743
2024-12-31,-0.007082938740029979,-0.008668295678212696,-0.010196207478521584,0.0016282742389179628,-0.009738773283609368,-0.007869418457739051,-0.023549501123099725,-0.03305021011916344,-0.003827644488238425,0.016969415071432056
2025-01-02,-0.02658614068077142,0.0037760870596221323,0.0006863454966819859,0.0012090126037921228,0.02317898543334602,-0.006951738894515249,0.029495922684863295,-0.06274403546918701,-0.0026722559886199525,-0.002419896906474554
2025-01-03,-0.0020114991916270852,0.017866865271653997,0.012381503080765431,0.013574162286595887,0.0089544007485339,0.011331256831775017,0.04357431025545706,0.07895504556688626,0.01668819707094155,0.00511225169930673
2025-01-06,0.006716401892926247,0.015139723199454136,0.02614249258474775,-0.004887344240363394,0.04142056692396649,0.010573520659187164,0.03375607640894704,0.0014850709586745647,0.0013050996392912444,-0.001113214313270618
2025-01-07,-0.011453086178668616,-0.02446088330127337,-0.007034232476692093,0.00958641186391783,-0.019726702223524396,-0.012891035246427342,-0.06418613585003041,-0.04145067133894483,0.0011286147569654756,0.009330692416191548
2025-01-08,0.0020209766574193415,9.006065292234922e-05,-0.007908791074272035,-0.0001644037010001722,-0.011671926893515466,0.005171534004724497,-0.0002139904332606638,0.0014697002488738569,0.01977395024817401,-0.01687713899389951
2025-01-10,-0.024399121222781765,-0.01446508722386957,-0.009896840584329663,-0.013499354039018896,0.008380928455790623,-0.013301689088184345,-0.030434866184777847,-0.0005065652243020289,-0.007328622473565514,-0.0036539365441639964
2025-01-13,-0.010397946612852217,-0.002194768679336334,-0.005377885262341827,0.01793151178941169,-0.01230217707121484,-0.00420979407765893,-0.019915995440518534,0.021478195369560783,0.03852310005488463,0.025484416735061525
2025-01-14,-0.004789642431911232,-0.0032094484707197966,-0.007092840255546422,0.013260903521736221,-0.02341738614445888,-0.003650081998642146,-0.011095018619622934,-0.017382638722844804,0.004793105274442579,0.00392672908601288
2025-01-15,0.019484794164243695,0.025346561447878488,0.030583292721101257,0.019527594001166913,0.03776358139747032,0.02527506458520857,0.03343620534110247,0.07731423282838396,-0.0005884945959941995,0.016182665076375054
2025-01-16,-0.041238884514860845,-0.012117003196939351,-0.013592302717948078,0.007579764151031676,-0.009475751317721994,-0.004066353561445211,-0.019792590678684482,-0.03420597069137618,-0.06231564309733301,-0.0017053638646353836
2025-01-17,0.007506965777208011,0.02364641617601076,0.015890773128597366,0.019048826921035416,0.0024017121403536673,0.010426381857784762,0.030524384812857207,0.03018125256143425,-0.0016268847976265736,0.008942977421972639
2025-01-21,-0.032436059351518866,0.02089205157407654,0.010404875433983291,0.014822460118843235,0.006003860361953847,-0.0012358788827378808,0.02240355335829993,-0.005713813715474868,0.029439011512307826,-0.007596475921914563
2025-01-22,0.005330651479204131,0.018466503377704703,0.001614515468841412,-0.0007226669548307716,0.011355274314947114,0.04047634190716078,0.04335523713975783,-0.021355043154943146,-0.01008899235502355,-0.01755693888082831
2025-01-23,-0.0007598724532835441,0.0017431021503980866,-0.001968120836537886,0.011763155228853602,0.02055721788901437,0.0011423517991136424,0.0010193227190501597,-0.006598243859181292,0.01915280649601373,0.005644579590572635
2025-01-24,-0.0039422234965909245,-0.0024241067445138365,0.011200915392915659,-0.0041825797787760815,0.017197414802449393,-0.005949862901983189,-0.03174436062251783,-0.014164587635274254,0.005158876942561639,-0.01361928798580472
2025-01-27,0.03128562722449768,0.002424106744513845,-0.04286158198077791,0.003806438805976305,0.01895464853266129,-0.02162570882098254,-0.1859461230617273,-0.023466650856007368,0.02046470839784534,0.013800702411663932
2025-01-28,0.03589207525000108,0.01152955641148476,0.018031537002098755,0.0048403872609133845,0.021661734659021128,0.02867193012563708,0.08549733053052927,0.0023640734639690623,-0.0019153557014124486,-0.019522904906641377
2025-01-29,0.004606166778231802,-0.004545214548105975,0.0005630072055091159,-0.00209845797592916,0.003198004690057672,-0.010949856213165098,-0.041875660355906764,-0.02284170549807513,-0.008106888544874818,0.005814194761306582
2025-01-30,-0.007422197244272815,-0.01030306500192206,0.02755804991310727,0.006170530233838079,0.015416735105501988,-0.06380169018567562,0.007650608011029501,0.028327903495885404,0.013787045512194934,0.008247786223726662
2025-01-31,-0.006714727429550809,0.012872778270920829,0.015560110749718747,-0.003473219426302489,0.0031681550153027124,0.00016876823159987054,-0.0374349934902931,0.010734640646320742,-0.005661699999241125,-0.025324807009647815
2025-02-03,-0.034442386684775304,-0.0010944834258047257,-0.013769456862157041,-0.0018348244699893936,0.011942604743322848,-0.010024602511034217,-0.02881110936708364,-0.053090087069197885,0.010434009631929303,0.002430756630766529
2025-02-04,0.02079031362987443,0.01935490231141661,0.025270672273446548,0.004226184222934044,0.009603088014692993,0.003522431613140584,0.0169141832155021,0.02198853609615247,-0.00499233119849503,0.0264471219997007
2025-02-05,-0.001418461133105141,-0.024633742288564034,-0.07571955534274984,0.009250331021062918,0.0009652189974449348,0.0022285102464853048,0.050774832670135446,-0.03645352337012321,-0.010394230817756662,-0.0007277558881233613
2025-02-06,0.0032211038585039267,0.011200132499427723,0.0014103023007668335,0.02364303697407347,0.010050409006847089,0.0061028630897244085,0.030375982301118393,-0.01023279935109268,-0.018264567254578826,-0.013283999471984914
2025-02-07,-0.024260788165024832,-0.041375225115693685,-0.033217929859203216,-0.003980297274866709,0.0035471980312344704,-0.014705219297042231,0.008974155860264683,-0.03451714290429038,-0.005694953976922731,0.0042333302306012555
2025-02-10,0.0011866980292349104,0.01726234455405195,0.006078428249628047,-0.017409546675207426,0.0040225066006175664,0.006009912279488696,0.028322656278984486,-0.030577195209388917,0.01195795761108314,0.01892174245893617
2025-02-11,0.021596808476413865,-0.0016312726853763525,-0.006186337907568384,0.01446813386611562,0.0033398864180264375,-0.001893841219296899,-0.005781316393248787,-0.06547989008634725,0.001030395685632818,0.006288143975399987
2025-02-12,0.01810529253078947,-0.016591608211964908,-0.009270147258608525,0.0016714267994803781,0.007722231743995541,-0.005850313903005689,-0.012578885741836522,0.024091057420887543,-0.012286512890504744,-0.030548713382733236
2025-02-13,0.019482234085515703,0.006270442838655877,0.013685169845916475,0.0031534766664822263,0.004374329186974645,0.003660530467589534,0.03115513915178675,0.05613428883532556,0.00714159372348662,0.007239747120276859
2025-02-14,0.012630560995471437,-0.007363076447512864,-0.004900718770000108,0.000976634800581126,0.011070010100640737,-0.005152863013281812,0.025973720604069193,-0.00028100285016493403,-0.014544798441281835,0.0010168550668539311
2025-02-18,-0.0005317093084897469,-0.008916663909923439,-0.007913549820279397,0.012074853906767618,-0.027943291223997534,0.002958122852643581,0.00395330429401733,-0.004873623368530301,-0.04448916796326329,0.01740125253540295
2025-02-19,0.0016349717854646708,-8.819720145894445e-05,0.0081294623240263,-0.0025036369026632367,-0.017745190862037533,0.012445356954042712,-0.001220358379798735,0.018050813649058695,0.020380912389696682,0.0014515957693397492
2025-02-20,0.0039127854671376595,-0.016685221316839496,-0.0038397685134512797,-0.045608024699874974,-0.012769933548480671,0.005276804279594993,0.006300662047512097,-0.01723217010242546,-0.017011463891400284,0.015294957334428668
2025-02-21,-0.0011397161979061871,-0.028673529284667792,-0.0269083034391018,-0.009641578016053068,-0.016381758500114002,-0.01921608815474407,-0.04138433341208046,-0.04797223327197698,-0.07434988099179274,-0.011765386990700741
2025-02-24,0.00629259403956299,-0.018030235415601108,-0.0022847841533447455,-0.011035671453677655,-0.022817091413111324,-0.010366823387280072,-0.03135749080228127,-0.021756545199510743,-0.010561059318180716,0.005226155119685145
2025-02-25,-0.00024290070914513497,0.0004230045694208501,-0.02159835912304889,-0.015190865397341689,-0.01603812688703596,-0.01521419569659107,-0.02841662609846468,-0.08762494178787733,0.019015341830759036,-0.0139367911999982
2025-02-26,-0.027412451412643184,0.00725744971005982,-0.01545340252851586,0.005385748450387219,0.024340231164894404,0.004588705113281663,0.036063077444763704,-0.04043677756749929,-0.014540330726380092,-0.0024637205605380244
2025-02-27,-0.012812556743311923,-0.02652073681079192,-0.024793959651068034,0.001004147784951123,-0.023215296712531724,-0.018176341018283755,-0.08859156426778725,-0.030905910133740465,0.010663744791462655,0.006283940723412423
2025-02-28,0.018951149373284928,0.01681666750153127,0.010508536187429814,0.021386945939900648,0.015018017680473545,0.01129815707578058,0.038932614862053114,0.03837459125197188,0.013566255415385364,0.01065570914195604
2025-03-03,-0.015879649701178115,-0.03479859601476046,-0.019390608915071588,-0.015344704602345249,-0.019875972577524954,-0.021643798341058035,-0.09094893822146147,-0.028844050845269347,-0.016794221283326496,-0.03259216856957456
2025-03-04,-0.008861612406542664,-0.005968420431592876,0.023141961636496625,-0.040602886509631966,-0.023243493585379943,0.00030887748866807263,0.016779329891690866,-0.045311188236941684,0.01605705480332165,-0.0020437435530646563
2025-03-05,-0.0008057314453425663,0.022128220043401252,0.012211535729598101,0.005101714986875729,0.02540877150674176,0.03143506712583036,0.011230799970738373,0.025621016692865903,0.002882506541763638,-0.019720691726691008
2025-03-06,-0.001740620651446337,-0.037456115209580504,-0.003879910271607755,-0.020038029420729665,-0.044448345281386026,-0.010352090647104814,-0.059085912097200814,-0.05770651942025788,0.024365693563634168,0.020464374831116076
2025-03-07,0.015767658286873966,-0.0072509229263983,0.008723180133831455,-0.01743016263048671,-0.0036215471602771493,-0.009061112944979808,0.018991872250484057,-0.0029651004058366417,0.011740801553804397,0.0129248011607235
2025-03-10,-0.049694144985495244,-0.023922554740530594,-0.04589510500682124,-0.042408902465716075,-0.04523308567495795,-0.034005927581197665,-0.051998803883652744,-0.16754574067757613,-0.022973508287946483,0.02518019699993789
2025-03-11,-0.029623876941397637,0.010482560161564325,-0.011094199573687123,-0.013351890483003549,0.012827382404699057,0.0007625085209881626,0.01650172973235338,0.037245079838722016,0.012046688707771362,-0.023896820744238673
2025-03-12,-0.017633238021959693,0.011631581915007516,0.018542175119507762,-0.005426336378271199,0.022608298941315347,0.007384973070053677,0.06229472688076293,0.07319368705023706,-0.010195023062363601,-0.0002748182368683398
2025-03-13,-0.0342226843166088,-0.02546092021137873,-0.0263755992439967,-0.011962395312559966,-0.04780285129164704,-0.011810616318084863,-0.001383380773769971,-0.030323348875332088,0.000851851938791646,-0.004224149485180909
2025-03-14,0.018007525147732135,0.020723473340341268,0.016634218633145657,0.03168763377036986,0.029199148710677247,0.02551855776802216,0.05134949948871785,0.037912677650069934,0.014698573833962954,0.02928995728654516
2025-03-17,0.002385947364125923,-0.011227182074080659,-0.0072776705162890245,0.006389730122946713,-0.004453449557105731,0.00036021667096292645,-0.01774510946872039,-0.04906823105490024,0.020999743786244043,0.016485315835487877
2025-03-18,-0.006140357040281897,-0.015030126840267754,-0.022280620362713006,0.004435885462026931,-0.03797435127788908,-0.01341608494689713,-0.03490307885940361,-0.05483544563443516,0.009533230866489628,-0.0010555158075844593
2025-03-19,0.01191810852687938,0.014007778521538292,0.019842787802233003,0.01746583000389706,0.00291494701167295,0.011149582225986963,0.017944157834813,0.045761190368065426,-0.0011916804004167515,0.015455475993301694
2025-03-20,-0.005310537672554603,-0.0030218279679656837,-0.006672998775797118,-0.00041823939408189314,0.0033159880181667808,-0.002530220231225508,0.00855751684280121,0.0016944590202751025,0.015968870239668646,0.004236712630737533
2025-03-21,0.019289669605934746,0.006442448675219972,0.007282990929712462,0.010902262952238768,0.017340273996336572,0.011361205001833834,-0.007027008950617084,0.0513547158131408,0.01079606878840387,-0.0034571785088444193
2025-03-24,0.011207406057225495,0.03530037223454001,0.022251985388379428,0.026263067569904097,0.03720285462188952,0.004640869479782312,0.031034370874511018,0.11273547481030481,-0.0006772826152441785,0.002594021007362814
2025-03-25,0.01358913473759877,0.011981521917604297,0.017029879817529334,0.01230013698603853,0.011982569094407189,0.005277622649566769,-0.005948071393367644,0.034423463077927825,-0.005961657018163119,0.006798827109842801
2025-03-26,-0.009971439157241172,-0.022515953159889142,-0.032778236785668546,-0.00039840569030687037,-0.024781284109116813,-0.0132209593556371,-0.05913431153300824,-0.05742390273973778,0.00924754340173785,0.014306793338206962
2025-03-27,0.0104182984450265,0.001142864416179142,-0.017232255235602276,-0.011659972492903351,-0.013843743860327605,0.001562956824926183,-0.020694340910927093,0.003925268964187628,-0.004797275472219224,-0.003218191990244887
2025-03-28,-0.026940051042638143,-0.043855989217514546,-0.04998360647107947,-0.021468404886514608,-0.04382871061701787,-0.03062443412386086,-0.015920705784079545,-0.035704833212183235,0.0006202860949889358,-0.001358007641801591
2025-03-31,0.019226651343855584,-0.012846835734262254,0.0020067795809543187,0.010037959689064738,-0.000659207690721855,-0.009042844245645049,-0.011832389458640716,-0.016797411271064034,0.014830250868912983,0.010141094168216324
2025-04-01,0.004760596623475336,0.00998885850959942,0.015591674225267542,-0.0067082376252195096,0.016587248564550978,0.01795238019301857,0.01619951600754467,0.03525624951763979,-0.001203679851757858,0.0009245574408212043
2025-04-02,0.0031313126062391654,0.019785262896236874,-0.00019112728256644214,0.008825797770727933,-0.003538733715283233,-0.00013072124617777577,0.0024481750134289623,0.05189662060946535,0.00015300466815478507,-0.0031130401606042388
2025-04-03,-0.09701320868348914,-0.09194763210362274,-0.04107654596713503,-0.07223214473508661,-0.09385201784681159,-0.023913847555919982,-0.08128107266068037,-0.05630172235818194,0.032419713830380295,-0.05401578933840386
2025-04-04,-0.07568031537135211,-0.04242073641032032,-0.03456071552846041,-0.07778683626711833,-0.051905387045418395,-0.03621370245188931,-0.07642290236060585,-0.11003572551557192,-0.028890059073318968,-0.07467608572015136
2025-04-07,-0.037425891320497666,0.024606997782102066,0.007867434911574399,0.019590014542225812,0.02256754555965027,-0.005517739463097362,0.03469987774169461,-0.02597878190231111,-0.0006667015559218769,-0.013508456093596171
2025-04-08,-0.05110190231284446,-0.026597259717812963,-0.014067961413517942,0.011268128127490751,-0.011298477276387397,-0.009264287875948546,-0.013818718250167273,-0.05023573100190593,0.052675940333995905,-0.021305585574217568
2025-04-09,0.09956336312806878,0.11312358861813517,0.09241589478304323,0.07747491605343163,0.13763451879080207,0.09652473588824625,0.17162059175722214,0.18144500086765858,0.044935985786021794,0.04870992607739045
2025-04-10,-0.04331851964643153,-0.053085113655140896,-0.03781771893942729,-0.03133858945462354,-0.06977719471757177,-0.02368481710884786,-0.060947150984508106,-0.0755220285780395,0.02711376574886047,-0.05708064774107542
2025-04-11,0.039791971388108964,0.019941079422269643,0.027876203364767024,0.039244482875932525,-0.004991505688461799,0.018447084780085735,0.030757569242847685,-0.0003566259450699316,0.008493400196503109,0.031617394486486886
2025-04-14,0.021814362915037664,-0.014987065296594422,0.012207398340621966,-0.006285585244483673,-0.02249291404384318,-0.0016489967502683637,-0.0019852501461364047,0.00015855643290671638,-0.02091880744175092,0.0024209178466083727
2025-04-15,-0.001878087152761405,-0.013989329016472998,-0.01750323683229309,-0.006797020131241732,-0.01891790359709546,-0.005377916521236425,0.013368824159317668,0.006950209565496345,-0.005928258113491306,-0.0028088029633446757
2025-04-16,-0.03971155612436417,-0.029726389380639047,-0.019248722019890595,-0.015214033460643529,-0.03753033704910089,-0.03729275087598153,-0.0711915524992286,-0.050690742903996715,0.002481272597738703,0.010516773036441987
2025-04-17,0.013853268530124401,-0.00991534732389348,-0.014253569843820698,0.010182625996876669,-0.0016535256932732165,-0.010360046045597416,-0.029131264018067992,-0.0007454979855451015,-0.19586220819404926,0.025864699065377753
2025-04-21,-0.01958341048594879,-0.031126527586896723,-0.02335883174275045,-0.012886546045416645,-0.034116298635642445,-0.023828313138229806,-0.046177357275903524,-0.05918076725792799,-0.06547408638120396,-0.014792765133711562
2025-04-22,0.033497836734916936,0.03442328337941731,0.025407450148868187,0.02841470520586451,0.031720399572397286,0.02121475230355915,0.020225274915793876,0.04499438204493094,0.004340081101265242,0.02761706110071877
2025-04-23,0.024040188082643948,0.041953201051518486,0.025293240822401634,0.02220581257186538,0.039179846510455404,0.02042680087112936,0.03790140149073162,0.052271947159751794,0.0018242892553681745,-0.00862439686184984
2025-04-24,0.018258467605509327,0.032360982528496264,0.0249828747743949,0.015488990545492347,0.024455011033542008,0.03390143346912821,0.03557799014447343,0.03437870754426389,-0.008706806178524847,0.011666794310124342
2025-04-25,0.004357709325938793,0.013048475365695443,0.01668575741380897,-0.004465549081174018,0.02613954468688152,0.011679490164433369,0.04213289138188624,0.09351849398026,-0.013311563773182907,-0.0005524684445458264
2025-04-28,0.004100876808827796,-0.0068492053390797475,-0.008370358382157635,-0.0013559202504615023,0.004503103103245317,-0.0017623844529566011,-0.020752513591011844,0.0032583903115033577,0.003243393477912195,0.0005524684445458954
2025-04-29,0.005079008437158219,-0.0016529240033086564,-0.002805857451395931,0.005739558855759839,0.008513183761126857,0.0073357552661183064,0.0026635179755060984,0.021284373105168935,-0.025977292827226574,-0.0024885520638616124
2025-04-30,0.006089044067037222,-0.01597624814818092,-0.008527580905444128,0.0,-0.009860098829186374,0.003091418692731216,-0.000917738065901292,-0.03438223363024816,0.0053858036838729355,-0.02551671011053786
2025-05-01,0.0038515413756803917,0.030860378884021808,0.01562038083555397,0.009236966093881372,0.041407581243909204,0.07348610994288533,0.024397004071248292,-0.005829314402079844,-0.02650009715299359,0.0014191117339576887
2025-05-02,-0.03807762521706469,-0.0011573530932636395,0.01678343134132222,0.022507938643418064,0.042444516535972095,0.022959568343635006,0.025564293794897806,0.02356864125337387,-0.0018985954863399634,0.004056783556441186
2025-05-05,-0.03196389504538142,-0.019292122294797282,0.0010966508134864772,0.0001980552473656769,0.0037614939090131615,0.0020425636110704853,-0.0059566534165361885,-0.024495847170982712,0.012153236642537394,-0.028071441109422852
2025-05-06,-0.001912474608208183,-0.00721681069789819,-0.005985842133008117,-0.013192557911999329,-0.02015931093426928,-0.006578661544345219,-0.002462999004792524,-0.01767474071206643,-0.02577336914786213,0.013847724497245424
2025-05-07,-0.011450125286668035,0.019801632738363693,-0.0753669924180605,0.0005616427627997616,0.016045911664746615,9.23431826733342e-05,0.030531371105075655,0.0031546161942166075,-0.00878342653508713,-0.0009554443189204906
2025-05-08,0.00629852690132164,0.01770048072706834,0.018975799424650927,0.016227506848185736,0.0020087676131829535,0.011061304887676215,0.002644707340356606,0.030659773437438274,-0.014190092391154662,0.013860190498003876
2025-05-09,0.005252289200209628,0.005089047328858073,-0.009966355272181005,-0.001539821643432786,-0.00927349186649857,0.0012771445980955755,-0.006153310851620032,0.046108194570086934,-0.012816788036605978,0.011622514950271725
2025-05-12,0.06123262724825943,0.07760926703827985,0.03669964527985895,0.02716815400965115,0.07624333197157318,0.023717492080232206,0.05300638923640658,0.06528003118679684,-0.004977818532738096,0.01709293289063103
2025-05-13,0.010101134366084815,0.012999853383055317,0.006729638903035673,0.011318187447290755,0.025629371573900956,-0.0002669673066138986,0.05481142777399108,0.04810492051681205,-0.19586220819404926,0.002744401736423013
2025-05-14,-0.002821843356779967,-0.005312830342904736,0.035953285343976425,0.009950084930664928,0.005062884095226558,0.0084249117181081,0.04079418990486797,0.0399319216619113,-0.010881759465486826,-0.008993219226366516
2025-05-15,-0.004153011061869557,-0.024458403999516362,-0.008562671813891922,0.006939963162840747,-0.023757274923611793,0.0022536014494573776,-0.003775373696565737,-0.01407694599861275,-0.11572754451799229,0.0100894582960906
2025-05-16,-0.0008990377898528847,0.002044981599618388,0.013509137527641456,0.0002615648543130111,-0.00551290753138734,0.0025126157651852565,0.004218799058473014,0.020670491941373468,0.06204063983854606,-0.003598341765023999
2025-05-19,-0.01180857059310569,0.0027687076543830617,0.002103714730836836,-0.010066724634739132,0.00014059265189034646,0.010075185926158609,0.001254628101115075,-0.02280219175263177,0.0789486990841991,-0.01602576217364822
2025-05-20,-0.009238763805707761,-0.010189475975831261,-0.015491025760297686,0.0030156946119488603,-0.005213404903445188,-0.0015265788066750898,-0.008816657975933315,0.005044436283555748,0.017852168232391746,-0.014379224596381
2025-05-21,-0.02332908328372771,-0.01456138756787949,0.027547290821258924,-0.017618855894586238,-0.0025146268813833125,-0.012297804062460217,-0.01938581054120817,-0.027122740878422213,-0.05957952484495577,-0.012367698268566383
2025-05-22,-0.0036187788474254367,0.009796778074282274,0.0136113426194941,-0.0014184418327284976,0.0016824514526620525,0.0050471494602969125,0.007784576889031622,0.019004252475032086,-0.021046407833703436,-0.006678629567994217
2025-05-23,-0.030711089617699847,-0.010443315729919826,-0.01414536728028851,0.0001533672117642085,-0.015052250470174071,-0.010342166297137148,-0.011661549337679246,-0.004997253689502847,-0.0037146217570200387,0.000582497580165768
2025-05-27,0.024983623491845797,0.02471808928544102,0.025955715975262635,0.017414986487279023,0.02404438289656365,0.023077953529830095,0.03156274109754283,0.06709725458197968,-0.0019304658913354678,0.0047445589207141935
2025-05-28,0.0010481679797915615,-0.006330074379308311,-0.0031280390440484454,-0.00680841299119474,0.0019598733166956706,-0.007254648687106703,-0.005104911798797819,-0.016644185010272462,0.010487227142464807,-0.013714078327840249
2025-05-29,-0.0023477706838852847,0.004775584008620333,-0.0029051818814435798,0.0033344468727887653,0.0022814528374626815,0.002882014207403682,0.03197345914070925,0.0042777491260106125,0.0002012833792412785,0.00566405009908517
2025-05-30,0.004491048247859938,-0.003360050181079145,-0.0006984477780189762,-0.001400443734363029,0.0037753901522856116,0.0036558999636116295,-0.02960253433377357,-0.03396601533337422,0.012465151270613659,-0.0038049709766392686
2025-06-02,0.004223033647493233,0.007967779780350723,-0.01590570998952732,0.002496603994640047,0.035516903918614194,0.0034912901658194274,0.016513410568659605,-0.010941091649071494,0.009264328452669278,0.0073046845493753435
2025-06-03,0.007753878977123549,-0.00455906882030232,-0.01700453215727985,0.0060649415304561355,-0.00605510218453378,0.0021622196310049436,0.027567914065391247,0.004599945784019605,-0.01155237743511686,0.007251636505867926
2025-06-04,-0.0022163827031003273,0.007361824330479417,0.011190150051861435,-0.007728770309911574,0.03115115265673862,0.0019421811690521888,0.004944799099603154,-0.03614067809813415,-0.002792415998755585,-0.014556321055243234
2025-06-05,-0.010856507745653134,0.003276044436817532,0.0009515004949470851,-0.008628319455652763,-0.004852325850016238,0.008179891724343219,-0.013692385277023834,-0.15384948606327908,-0.015229819114607388,-0.004604860404255177
2025-06-06,0.016265467332191943,0.0268593707089079,0.03200136398227528,0.014327077412956848,0.018939679753145058,0.005756669874745026,0.012282063354547708,0.0360138325066553,0.024639866461069804,0.023678844373615233
2025-06-09,-0.012186674372503878,0.015840481625608374,0.014990563653441981,0.003793611923661334,-0.005245092145701893,0.005025828841265133,0.006400613363963047,0.04453121583281344,-9.875104027789096e-05,0.006690902105329223
2025-06-10,0.006037802354387853,0.0028993089092673027,0.014153521257380043,0.006948978002221465,0.011944442227515078,-0.0038785132754009773,0.009281660150123903,0.05519232015438431,0.0019768284967906845,0.021208200965086504
2025-06-11,-0.01938029136132809,-0.02047379463536856,-0.007023530609616639,-0.0016768816722845506,-0.011829220785737638,0.0036034328269798532,-0.007810930828132086,0.0010421025390305668,0.022040525255068284,0.01930500381356243
2025-06-12,0.002110680520238856,0.00018763973740831241,-0.00934722681261127,0.00033574186766419117,-0.001124329580743354,0.013137392112510145,0.015078712838393354,-0.022679683166052338,0.025245383660168264,0.0038350341872285935
2025-06-13,-0.013901465204757279,-0.005360427367806205,-0.005879531509199888,-0.012340945130940225,-0.015244838971016923,-0.008198522624182261,-0.021118048143766034,0.019242741328905938,-0.015727396713953148,0.02154693371443223
2025-06-16,0.009978132568544603,0.01868340140955021,0.011951151369985714,0.020213181447108236,0.028568889368362597,0.008762270946404221,0.01897777155992557,0.011674257976472,-0.011826058176342559,0.003205695633626398
2025-06-17,-0.014109699416191697,-0.0059407894922023025,-0.004649742420231017,-0.003111979282236053,-0.006989070681661209,-0.0022984205039096755,-0.0039473284583191855,-0.03960360944657592,0.00392512000685219,0.01342296397675985
2025-06-18,0.0047931172833160654,-0.010764380578029788,-0.015060092874817363,0.01633950250314551,-0.0020958708999833965,0.004591506208123693,0.009392343139430813,0.017857560202303197,-0.00542136725966,-0.0071305774853849145
2025-06-20,0.022235522711187918,-0.013405860444963278,-0.03930391040468605,0.0037890470671073113,-0.019476583138841794,-0.0059311875829497086,-0.011267493114682663,0.00034155282181088666,-0.01703882907706806,0.013252080509589446
2025-06-23,0.0024843673288694286,-0.005835109391705959,-0.008739561600231144,0.011820833233310945,0.023435425370180254,0.017853884545115672,0.002222151971713651,0.07910624722725408,-0.004413769184876525,-0.026145272327014094
2025-06-24,-0.005973143691525951,0.02041663831593163,0.009519475232024855,0.010687725883245389,0.01938059316715527,0.008421218057321067,0.02554307727636959,-0.023827555571310416,0.01629603907744097,-0.030900265798717727
2025-06-25,0.006270923416464036,-0.0036726605052767557,0.023174595874122714,0.009905899007634692,-0.004954777045598052,0.004397548963348548,0.04242728931336354,-0.03868634165630777,-0.011849282133838472,0.00027685501076727184
2025-06-26,-0.0027821470538075877,0.023911043937020576,0.016617865013046993,0.01637577130684926,0.024270026710312295,0.010467653690707573,0.004590502545137951,-0.005418374727754274,0.0019846737938532958,0.014838199810542201
2025-06-27,0.00039795647058404746,0.028065998915184062,0.02834845447317697,-0.0056960178961081905,0.010330948663222874,-0.0030400753056102642,0.017457303328528923,-0.006621400161764133,0.021219226482013243,-0.005561428496466334
2025-06-30,0.02013591385671769,-0.017665207343808734,-0.012966740356843642,0.009705257074474232,0.006060829284151427,0.0029596551779331954,0.001520416521852052,-0.01861926308527601,0.009209984199198855,-0.01455038888001703
2025-07-01,0.012833485893462695,0.004865337820140418,-0.0022153857355781507,0.001723193863201527,-0.025898468230663534,-0.010834343110625465,-0.0301350589147976,-0.0548353231730864,0.044419607242827536,0.013269613800238325
2025-07-02,0.0219872740669951,-0.002452467458083949,0.01579800768531356,0.005460254899809535,-0.007886799701714405,-0.0019529041657999444,0.025440117793017306,0.04848766871497916,-0.058656510641601683,0.01643336278674614
2025-07-03,0.005211396822573202,0.015744829251554494,0.004969738186402626,0.01841152077410321,0.007594748167158396,0.015658040916493247,0.013203372804541067,-0.0009508330128998894,0.0032136311701717233,0.01030239549856411
2025-07-07,-0.017001603648317123,0.00026851753624536286,-0.01537966788407246,-0.013708407078125678,-0.0009184684896888756,-0.0022477377081232507,-0.006927392673017302,-0.07030747928005848,-0.01581059666347351,-0.009762340369286197
2025-07-08,0.0002857234776249189,-0.018562963722362966,-0.013840419777438268,-0.03198182356433371,0.00322460430875964,-0.00221258701710277,0.011060929186476937,0.013080017887538436,0.013052106889893588,0.0273430383205679
2025-07-09,0.005366309592885226,0.014392611963869897,0.012878389564887512,0.001343070342703618,0.016664090246060092,0.013778513961089492,0.01783982947642703,-0.006501707849529647,-0.015689632800718112,-0.003421188088637379
2025-07-10,0.005996992444199953,-0.0012589875178302516,0.005645767010177791,0.017607635887539275,-0.007589015948448526,-0.004039912432397527,0.007462421664114295,0.046198855706690405,-0.011287906282174772,0.009880757148773343
2025-07-11,-0.005902303230973185,0.01234146308748988,0.014365540006721935,-0.004625577896334317,-0.013469471654667695,0.0036624276847943213,0.0049845044410813735,0.01167844971117151,0.015208933651145253,0.004341045287932649
2025-07-14,-0.012101667209099788,0.0029730809278073135,0.007574293387560809,0.006393834507365369,0.00474111759793845,-0.0005962704517577826,-0.00516731130250636,0.01075495879659973,-0.011642824954174333,-0.013167855244645
2025-07-15,0.002345927217705193,0.0029201137891530816,0.00242064898683223,-0.00747520356543808,-0.014714032328557001,0.005550986242021432,0.03961448476258968,-0.019500985006087518,-0.029953824763222683,-0.008905416894137623
2025-07-16,0.005008729395726807,-0.014059063272129654,0.005315402724724639,-0.0025506796487999675,-0.010585372814760005,-0.00039538733176829174,0.0039172687431083915,0.03444095462458378,0.0026703161722514265,-0.006040708491251859
2025-07-17,-0.0006663147292471229,0.003086778258328562,0.003328365334265627,0.014173839344656205,-0.0021362315155287527,0.011953097432303257,0.009466601373050897,-0.007050661595447646,-0.015226913615854364,-0.005091775768332925
2025-07-18,0.005508078177055569,0.009999860894734277,0.008029453907209123,0.0047144435840680435,0.0040836266959384,-0.003229878177752028,-0.003416264449188257,0.031555911584314186,-0.018994174760579338,-0.03545924708506878
2025-07-21,0.006137014597578168,0.013921126445029842,0.02687021192882466,-0.0010303974576778157,0.012263085669498781,1.9698023261769972e-05,-0.005991963647810212,-0.003525100711992725,-0.001805849958156516,0.002594784120241493
2025-07-22,0.008995498287768371,-0.008012836242670535,0.006501667221377906,0.001579680555146282,-0.011510942598302404,-0.009435465485853051,-0.025709948857844195,0.010959828902223289,0.010541835485370054,0.004524697445006019
2025-07-23,-0.0011667111931848596,0.003598354221935051,-0.005818049327963058,0.01812397884150176,0.012366347376066221,0.0011867579508374863,0.022202761060778058,0.0013540923687317768,0.02555354791267906,0.01272495489943408
2025-07-24,-0.0018227345160875094,0.01711152033504944,0.010146551570250687,-0.0007080417610537228,0.0017082745874220187,0.009855146094588946,0.017183838228145128,-0.08552542784602518,-0.04879350547321203,0.007792719691882276
2025-07-25,0.0005612559918819282,-0.0034075702705456917,0.005241867165871182,0.006956015300407066,-0.0029704164884095242,0.005524250570916766,-0.0013823150132746868,0.034637201499348805,0.008862714885464532,-0.0035263652851583965
2025-07-28,0.0007944126397324161,0.00581605955069594,-0.0031106214378384157,-0.0011390398401958937,0.00692159452016563,-0.0023583621810782667,0.018558621466971206,0.029706848621967902,0.0037644463570866353,0.009376265339074649
2025-07-29,-0.013072640474934078,-0.007675754918146071,0.016326676645121378,-0.004165867633066212,-0.02487375840382079,0.00013661765729898391,-0.007040471677541705,-0.013574889801361277,-0.07754390388931585,0.012838813294575455
2025-07-30,-0.010563541577591413,-0.0035559103854630675,0.00397676236800554,0.008681612401203439,-0.006866350651119561,0.0013061852043111824,0.021197326464917104,-0.006747506520358081,0.01885822778159503,-0.00871950383665764
2025-07-31,-0.007104769929467977,0.016886027515609428,-0.023840834162530713,-0.011378630816829828,0.106634157566882,0.03871565233988041,-0.007840278431887192,-0.03434052685502853,-0.06394747579625269,-0.002326383520921951
2025-08-01,-0.025321524060456378,-0.08631653211497635,-0.014539630432785661,-0.023463703664061066,-0.030761529017481533,-0.017757617088251527,-0.023608134849632294,-0.018465033347039538,-0.048395524972197464,-0.01807702485545708
2025-08-04,0.004781577447303147,-0.014540622735209995,0.030769906963570053,0.016757676409559837,0.03454259750136355,0.021760659793266857,0.035512108694353756,0.02167142527004271,0.013410087516926522,-0.02092144713170935
2025-08-05,-0.002116899873787892,0.009873169687714855,-0.0018987849060940322,-0.009869837769287964,-0.01676838156852269,-0.014839559166189127,-0.009713805511962402,-0.0017476574412364776,0.04073908298041602,-0.0012115183210514083
2025-08-06,0.04965332522662908,0.03926568541504039,0.0072679373022581685,-6.865802107534926e-05,0.011110853341159025,-0.005338670462105877,0.006486371640222374,0.03560499649944306,-0.021016182878612483,-0.006830419007144032
2025-08-07,0.03129879252301743,0.003681789897764909,0.0021905270433004867,-0.01525222832264777,-0.013248177715913969,-0.007841092563373122,0.007496064961880163,0.007349951735303974,-0.004526401777738147,-0.005271649277816158
2025-08-08,0.041485407092091836,-0.0019739023688590293,0.024628055720819754,0.006322892308238673,0.009757539343250304,0.002301278799270232,0.010619953774990571,0.02264179762598033,0.02510417621329261,0.007990722094595922
2025-08-11,-0.00837241361144146,-0.006261419913672536,-0.0020874338400712245,0.002766676601590111,-0.004468538716789276,-0.0005171726162601074,-0.0035091239590588487,0.028057128395424267,0.005881589385547063,-0.009123921721306575
2025-08-12,0.010813745321400513,0.0007678847964323423,0.011574564456096049,0.011297906968450564,0.031020450308645656,0.014214961551461078,0.006023764152350033,0.005324552775796538,0.03580572496632392,0.002830594933589958
2025-08-13,0.015897358524516476,0.013855775538096454,-0.006809760569369573,-0.007953754910956675,-0.012636499973397374,-0.016498369042637007,-0.008608704977883398,-0.004292710283261014,0.038401443287278104,0.013755927463892684
2025-08-14,-0.002359883992797034,0.028188187008165968,0.004840752837570982,0.012417038479616066,0.0026245609874547657,0.003643143696091012,0.0023652111778220204,-0.011260099884090402,-0.0011780144659902477,-0.0020467564710158195
2025-08-15,-0.005125378841337618,0.00021645874568753922,0.004719211526748932,-0.012554541105078565,0.003955657806194476,-0.004430955643457415,-0.008662940488981972,-0.015072159502432556,0.101826762036843,0.0009395689862864071
2025-08-18,-0.0030271365104300734,0.001989132843084511,-0.001963594686075219,0.0035735481040042065,-0.023007559561554723,-0.005919575800428529,0.00860789548169107,0.013819862125930686,0.014628870876511975,0.0021575392901406463
2025-08-19,-0.001430255550062071,-0.015147236228621111,-0.009529390899403854,-0.0029887010261312073,-0.020924598761892618,-0.014276553756039095,-0.035625095357065144,-0.017608491717904177,-0.013872720902191726,0.006537793010342532
2025-08-20,-0.019931863248420733,-0.018591996826338653,-0.01122505933951712,0.005421142834014138,-0.005015923509237644,-0.007976463922786404,-0.0013674387825949024,-0.01656474162017639,-0.014567847068170848,0.010280175611963338
2025-08-21,-0.004923439602806354,-0.008345349193359648,0.0021549908268041454,-0.00263820973337832,-0.011595371266757144,-0.0012882759357773137,-0.002397504685314723,-0.011770166368817137,0.011638239209756563,0.006429253518176308
2025-08-22,0.012636643084641422,0.03057093586711227,0.031246370860156924,0.016232752847143258,0.02100624418792176,0.00591227850521187,0.017055880276123984,0.06031041669933769,0.01332771546486878,0.018593840032421982
2025-08-25,-0.002637768568326629,-0.003940606259072855,0.011578095346372176,-0.0045335159100261735,-0.0019759108257525115,-0.005872555348152831,0.010173306404529625,0.019196337227210383,-0.008362125615714264,0.004125063680132917
2025-08-26,0.00942012934872984,0.0033724076943096397,-0.006496092885274503,0.012368060393718704,0.001061505235899996,-0.004412251637994562,0.01084147086367144,0.01452187916170169,-0.014637901102863518,-0.0022399105467352572
2025-08-27,0.0051326865405498835,0.0017910076284830656,0.0016400132548801555,0.002375259531700689,-0.008951287759277927,0.00931820522345886,-0.0009356968062116839,-0.005903612812939926,0.011417991642789994,0.011238215990482052
2025-08-28,0.008940828691805212,0.010765909591411497,0.019851797565263483,0.00596320870068962,0.0049783026399857575,0.005706559321022752,-0.007905682883101062,-0.010408659566889222,-0.005245897162383007,0.0053073908309350425
2025-08-29,-0.0018076962667839755,-0.011289768498294606,0.005982776478495517,0.001161881619211828,-0.0166601125072382,-0.005805171590229779,-0.03381166549361459,-0.0356293206445078,0.024765887218447212,0.008258606566329417
2025-09-02,-0.010479367452413759,-0.016111647069703763,-0.0073540252173143125,-0.005722724583234695,-0.004871888097961659,-0.00310341676041644,-0.019712954669543842,-0.01360034804236362,-0.003459010575799809,0.0034938221733922113
2025-09-03,0.03738230436877965,0.00288041832828813,0.08742926162484521,-0.0006340928715100594,0.002635656213112659,0.00045528627976552705,-0.0009373072978595639,0.014259073808795026,-0.002983664565932993,-0.02453779611828879
2025-09-04,0.005478307652190442,0.041984146824532165,0.007084910785400452,0.014287507088320965,0.015615922243152329,0.005171219386451491,0.006076852075942234,0.01320230431684188,0.008087155692005361,0.0043689401774869695
2025-09-05,-0.00037544440725569255,-0.01431613896889294,0.01155577569099163,-0.03156391230321368,0.0050629745216528976,-0.025864642939618643,-0.027402107810099934,0.035717557533237444,0.016012699952350645,-0.028608172786156467
2025-09-08,-0.007580038871342318,0.014994810804568525,-0.0031995545599334788,-0.005006042067916526,-0.0001993979946581735,0.0064437838397515485,0.007693985345149833,-0.0127361095766315,0.015291926813515752,0.00565999673938741
2025-09-09,-0.014950642788352874,0.010124998519937195,0.0236041586549924,0.016724629502304657,0.017655281042943154,0.00042142092085975356,0.0144514175201869,0.0016441653277190816,0.082870724437807,0.007256257332482772
2025-09-10,-0.03279126491668058,-0.033765520828453625,-0.001921447731999917,0.008990755990363435,-0.018080845261102093,0.003924844443797706,0.037753412809662774,0.0023605495234688204,-0.0032821298953255337,0.016581201595407685
2025-09-11,0.014185245616196811,-0.0016511904499798356,0.005004729766769971,0.016565275540871224,-0.0014372403093514965,0.0012782127216051454,-0.0008462944877103751,0.05868272574299215,0.019504046721995325,-0.003205140245794488
2025-09-12,0.01741061192566541,-0.007858600093329492,0.0017873498979316003,0.004408393944449364,0.006226614048855009,0.017588548660781824,0.0036620285984393123,0.07098109112687562,-0.003115549262680847,0.0001783603286558269
2025-09-15,0.01117314865558005,0.014274139722700788,0.04391352498524835,0.0064629918324108394,0.011984591362963792,0.010650982580674729,-0.00039360017811058187,0.034992045964953526,-0.006903536071570781,0.0016925588605165981
2025-09-16,0.006107245516747719,0.011257360441086762,-0.001790040700024174,0.000938470768217708,0.018527393384534442,-0.012339041170159961,-0.016278062480665708,0.027849686096646824,-0.02358809741757951,0.020526585188024568
2025-09-17,0.0035210063016859377,-0.010436704109897131,-0.006511001669414209,0.008245530209812856,-0.004219437496983401,0.0019233065196537409,-0.02659731086904047,0.010006196509857018,0.005371374865007861,0.005305058387096212
2025-09-18,-0.0046553503108424064,-0.001685208986324988,0.009968978372167795,0.00473635505000395,0.005822772953569409,-0.0030830019548800307,0.03434399401666504,-0.021384159862326838,-0.020076577642908364,-0.011866465408973827
2025-09-19,0.031530514606085365,0.001080590559717161,0.010616740883876867,0.004936079422635319,-0.002399551532514435,0.018473117769418495,0.0024367854134275044,0.021877209710827277,0.0055695655518791555,-0.009790596349333143
2025-09-22,0.042192950414886105,-0.016771933038536895,-0.008634876213296727,-0.00746160439502094,-0.016455191502254177,-0.006741605800241393,0.03853037590154244,0.01892459915165681,0.013599096792436143,-0.007116261473879093
2025-09-23,-0.006464121487349387,-0.030871872178262885,-0.0034511184199298886,0.0009597254070337296,-0.012837532268796269,-0.010198580975619846,-0.02861756650352872,-0.019441082441463448,0.018549543992953357,0.017082347219111328
2025-09-24,-0.008367260264016092,-0.002267986025112884,-0.01812397218992655,0.0021722262400541517,0.006939107805065058,0.001804986101779086,-0.008216151813937365,0.03900845039857305,0.01177992717164904,0.00533902241682214
2025-09-25,0.017911612940450423,-0.009398795415484473,-0.005477396129565666,9.553428102372764e-05,-0.0155676457757346,-0.006134635226306278,0.004060220060298423,-0.04480186162620923,-0.017924955932324547,0.008950703981605695
2025-09-26,-0.005504238769601875,0.007444168873481812,0.0030466458703086383,0.008292166197690113,-0.006913806589917425,0.00869916910854242,0.0028099651242860665,0.03938961629749567,-0.004292211231846548,0.01400308428172693
2025-09-29,-0.004040113906832496,0.010815805882780046,-0.010151045563309199,-0.001171298833238788,-0.00047078017610042446,0.006120526873891312,0.020331734751132667,0.006360288086303643,0.0031919308074489046,-0.02592612889965268
2025-09-30,0.0007858245839893682,-0.011771724709007034,-0.0039001965430926116,-0.0008239070994319265,-0.012207562121360045,0.0064888725344704225,0.02567798069726046,0.0034011943142930328,0.00034756867894022124,-0.012953374796902058
2025-10-01,0.0032152003219792155,0.004815990813160187,0.007377031551365079,-0.015076858784325643,-0.02347671629600996,0.0033923074396805235,0.0035310837612973446,0.03260699487618123,0.008650635887507988,-0.006763470985532165
2025-10-02,0.006555021990936095,0.008035429408424817,0.003220605661229424,-0.010222350581475184,0.013445339125112152,-0.007668238421021529,0.008773703669217554,-0.052409624917241146,0.015441452239787745,-0.0062701658790321555
2025-10-03,0.0034552856218699286,-0.01312477732054764,-0.0013847885606581296,0.008031459468014281,-0.02294196055649697,0.0031167488695395987,-0.006746292290918542,-0.014252492909231236,0.018153853899640277,0.017546726446184074
2025-10-06,-0.0051678459096806744,0.006312318256467209,0.02049359722339798,0.0021044743541492653,0.007151809376390101,0.02145569693638517,-0.01114814236526449,0.05305409919515741,-0.003977927831818078,0.008265141948605122
2025-10-07,-0.0008185073964008178,0.003975811225101454,-0.018823975982269158,-0.004830672953498631,-0.003611507567957687,-0.008721864196738252,-0.0026984179718292493,-0.04549829949251959,0.013537805207773332,0.000525269093930094
2025-10-08,0.006141380379745484,0.015391813667974614,-0.004649448646866444,-0.011966637185459867,0.006653070228002623,0.0016591375248455073,0.02175675574321056,0.012847468714676217,0.017067458531407446,-0.002102665001100252
2025-10-09,-0.015700375384075295,0.011126943813862119,-0.012712300015502052,0.004921773289094406,0.02159449824482926,-0.004678902362343509,0.01813090023253279,-0.007206358713169257,-0.00604671293227053,-0.009782830508572387
2025-10-10,-0.03513206563064245,-0.05121476887040818,-0.020749452452854245,-0.01530327152700234,-0.03921788778907302,-0.022142339014739765,-0.05009965214390146,-0.05195335338705128,-0.03653178116893366,-0.019496250370264277
2025-10-13,0.009697219450940967,0.016955828210376053,0.03153855830003441,0.023257660668147703,0.01463779099393366,0.0060291775513221,0.02778259556147968,0.052779538485349636,0.011666579481121566,0.013544695322304326
2025-10-14,0.00044403222541274074,-0.016863378479674927,0.005310419768720471,-0.01931053725096749,-0.009899357462805684,-0.0009341804713479777,-0.045019145355450534,-0.01539666493428667,0.0035346172785234694,0.000445304229581017
2025-10-15,0.006316478919412329,-0.0037966156016826813,0.022479236861081046,0.01187971035617131,0.012480910035464834,-0.00027263377274403596,-0.0011115543019927362,0.013674604901329141,0.003383809205809991,-0.00607412234740583
2025-10-16,-0.007608875076192666,-0.005115842622809568,0.001711514876704199,-0.02366768401613287,-0.00766642786688565,-0.0035510797840451014,0.01095012961341022,-0.014816786729139185,-0.012482392026715524,-0.00872898023652984
2025-10-17,0.01937068861595788,-0.006689964147498498,0.007290538146634231,-0.003287953601378427,0.006787971407209045,0.0038433642842800706,0.007725523170985145,0.024331310172500658,-0.00019625564671333734,0.014357798354354852
2025-10-20,0.03868088051631,0.016018234695332655,0.012749050043094477,0.01600233579962799,0.02104844213411422,0.006230498399063898,-0.0031706955243357227,0.01831477587612344,0.021857005780651795,0.004089923586608985
2025-10-21,0.002018995667876844,0.025314357693141158,-0.02402429182050922,-0.017583208152771097,0.0015012999819224184,0.001682201456659942,-0.00813626108592708,-0.01085364312168525,0.0024388489706896723,8.874101511746629e-05
2025-10-22,-0.016576782761846234,-0.01854683769726401,0.004898932948541158,-0.010081119202207289,0.000190906886789934,0.005548095119554283,-0.0048694342409920915,-0.008235365016010689,-0.010676226238062437,0.017589031508158978
2025-10-23,0.004362504059854729,0.014304177190941961,0.00550748799314467,0.001460865211702764,0.0008042313265752846,3.830198324352716e-05,0.010374290517554051,0.022547291398770954,-0.0028811431384335685,0.011010637781037537
2025-10-24,0.012404614504223446,0.014013300747685163,0.02666833616511965,0.01983324442998614,0.005922419467365926,0.005842164985349168,0.022257926930657205,-0.03457920037137167,0.0056713008685620675,-0.005100114193700451
2025-10-27,0.022535430692392146,0.012234712914707927,0.03534046268204471,0.012272920795852817,0.016734390775779998,0.014993709746280223,0.02769219770734674,0.042211814191010485,0.009554127609445476,0.0047551817037908084
2025-10-28,0.0007065685480034181,0.009995255600938363,-0.0067069089403649805,0.003970400154760704,0.0008254443428316683,0.01965424350172216,0.04861847431893587,0.01781041931942346,0.005069402466271597,-0.00787992222317103
2025-10-29,0.0025988299827084268,0.00456970894129321,0.026198787716326406,0.0004912735897905633,0.00030606632490792757,-0.0009598421375916595,0.029457937391020705,0.002082342411769511,-0.034798083397354046,0.012269109660244996
2025-10-30,0.0062834516395499015,-0.03283904572023767,0.024855097316272685,0.012781511145157111,-0.12030229189651456,-0.029590425354655482,-0.020248098538811023,-0.047501755655160294,-0.030030466848803554,-0.015229219333953024
2025-10-31,-0.003802263162687257,0.09152568904562086,-0.0010309007372847532,0.005414475747381251,-0.027564505464914874,-0.015236470217080909,-0.001973476884335564,0.03671813319553837,-0.009296181553466537,-0.0028814373549387994
2025-11-03,-0.0048943181036962685,0.039264803615285844,0.008957239762631962,-0.005705225883770797,-0.016546902881169855,-0.0015074520028544097,0.021448456851288485,0.025538450543862383,-0.02301134089494829,-0.005260462732865927
2025-11-04,0.00367309589440336,-0.018597025701107325,-0.022022775429305884,-0.0003234231065123963,-0.016426926367434598,-0.005235780401942787,-0.040393094003670325,-0.052848572813666,-0.008907255697597236,0.003334904460210081
2025-11-05,0.00037027639315674913,0.0035233445181079427,0.024100134420470234,0.007827045522269926,0.013663270326199347,-0.014038650653870305,-0.017669825777621904,0.03930641199562339,-0.009384138667166432,-0.004038289064087657
2025-11-06,-0.0013707648047970096,-0.029034574612610754,0.0015464617091185628,0.0055672277321405965,-0.027111732880458365,-0.020035261253487122,-0.03720858619895104,-0.035599264459215095,-0.01903637623449155,0.007187287384801588
2025-11-07,-0.004830497568446612,0.005621146751201347,-0.021009283997574967,0.002517252418876634,0.004465482033359945,-0.0005634152822319578,0.00037206764417267014,-0.03744886561150212,0.008207208661763589,0.023477681432779014
2025-11-10,0.004538310504190589,0.0161931675138767,0.03962336603791018,0.008493370359230512,0.01603587168668165,0.018308791358581506,0.056316605552527044,0.03592274671529928,-0.00814504907802187,0.008494772224685348
2025-11-11,0.02137115241872316,0.0028141212824006312,0.0041623606811072396,-0.004015948191604093,-0.007435557228016853,0.005282490409047665,-0.030037230283047726,-0.01268032095842644,0.018089096692211686,0.013109426040241309
2025-11-12,-0.006487881904019628,-0.01986689759076167,-0.015916866221286678,0.015062481513088718,-0.0292393338467618,0.004824482511980498,0.0033079337019535525,-0.020731107188327342,0.03484160198980579,-0.0139556633576544
2025-11-13,-0.0019031745808056621,-0.027483132611142096,-0.028801699509804768,-0.03470789344419133,0.0014438066099293654,-0.015477060069804573,-0.03646720362082989,-0.06875241071018368,-0.01947694472257958,0.005656189838647601
2025-11-14,-0.0019804913327679673,-0.01223891180071706,-0.0077841818442477145,-0.01914952802622313,-0.0007051628962278328,0.013596993145215244,0.01755876150686446,0.005853666241942873,-0.03258343853861615,0.012908827371873769
2025-11-17,-0.018338229939655892,-0.007785167790615942,0.030674011681760732,-0.010729019404944785,-0.012299245116154578,-0.00528662273383716,-0.018951094547010296,0.011238716089416035,-0.00417196651656793,-0.013588502202634023
2025-11-18,-7.45994399438085e-05,-0.045328527802621185,-0.0025997476165375137,-0.003201086426091435,-0.007201973686528169,-0.027366548242506856,-0.028483294163962187,-0.01893489628165649,-0.02189030318260293,0.011406595377370278
2025-11-19,0.004178935128654975,0.0006288715862684946,0.02956437284236338,0.012809579547262884,-0.012407371971713842,-0.013599890417002587,0.02805442430487753,0.006805426562391663,-0.014421988198847362,-0.014214674833128197
2025-11-20,-0.008638566717187423,-0.025238376767976148,-0.011541270028086924,-0.016255579196848696,-0.0019839968990079133,-0.01613072738493851,-0.032032318225409646,-0.021922199285516537,0.007895411131006102,-0.0028161199866520476
2025-11-21,0.01948945166198309,0.01621670892983362,0.034665878241886966,-0.0012073921814471156,0.008619190929670515,-0.013276746178802904,-0.009790852496415425,-0.010530198558583292,0.026699440432116386,0.0005126905992687743
2025-11-24,0.016185865239936655,0.025014152157624068,0.061224984236911736,-6.700992730573079e-05,0.03114630412310162,0.0039741651411188674,0.020308979012687297,0.0660172720981127,-0.002879346905973049,-0.009525944664021
2025-11-25,0.003798227947915667,0.01487032297548011,0.015140063319143488,0.0166392049779199,0.03709802460104801,0.00628822663843089,-0.026252441290672265,0.003870128654219355,0.022407992650427717,-0.01266940083578829
2025-11-26,0.002091806338180893,-0.0022230225348219158,-0.010848827179382658,0.015197612548520423,-0.004110727013906307,0.01768377883329578,0.013628480879152607,0.016974787220379935,0.010457658593785045,0.0022679347254601985
2025-11-28,0.004672931656329052,0.01756175380535844,0.0007185953849266064,0.01752842126018691,0.02238007040428326,0.01331976131486272,-0.018250544418343267,0.008380619474776033,0.00018195335383809746,0.009970208107961625
2025-12-01,0.015126193488102735,0.002825964858582112,-0.016659860489768346,-0.013376194090230893,-0.010987039074287656,-0.010769023091133393,0.016362597535750173,-6.97394621241348e-05,-0.020093198353014156,0.006106234705255038
2025-12-02,0.01085570557581093,0.0023061862991379644,0.0029171661924340276,-0.0033724711915291863,0.009674189508398198,0.006675339201356945,0.008523001913059377,-0.0020945908399217085,0.004106520944699802,-0.010775575738444655
2025-12-03,-0.007153630197795877,-0.008740386717129234,0.012023400138567158,0.013709721940453397,-0.011657995918026498,-0.02535969242806629,-0.010358818368001206,0.039960567737700375,0.04568346058565701,0.020757358600667155
2025-12-04,-0.01221581470319711,-0.014171743534491207,-0.0063082967529265645,0.012638868674103522,0.03371259199868567,0.006488917167976172,0.020939760053287414,0.017287167308555625,-0.0184793774686987,-0.00561851989302896
2025-12-05,-0.006863458138980372,0.0018314943611840917,0.01142600399986819,-0.003358930028391342,0.017813670413622397,0.0048132550144605,-0.005303642360332483,0.0010335035967348669,-0.007766472801568475,-0.00513519929194216
2025-12-08,-0.0031976592937218978,-0.011568418747626617,-0.023126946502739807,0.0005393401584392385,-0.009879018456624467,0.016136948462396453,0.017067434326148958,-0.03447772390855956,-0.01557548078539299,-0.0048168110931915906
2025-12-09,-0.002558223495884468,0.004529366309921425,0.010653169565247,-0.047757878712356476,-0.014866967175575098,0.0020345419156388564,-0.0031306433872462834,0.012636566806914386,-6.183605877970633e-05,0.019383256933974746
2025-12-10,0.0057558827896064466,0.016793958483706913,0.009822950157703314,0.031445767209103054,-0.010450751318792882,-0.027737785853908292,-0.006454361258725518,0.014008389943790958,0.014632932584449138,0.010849971753841585
2025-12-11,-0.002693997053167742,-0.006492686132941979,-0.02459667572036287,0.02317292591283245,0.003960600413522585,0.010207760011870773,-0.015629211640598707,-0.010152139695978377,0.02514036344944372,0.0
2025-12-12,0.0008989156246798572,-0.017920589673159203,-0.010101021964404856,0.00358531112455841,-0.013077155676074863,-0.010270395957081421,-0.03320991725048937,0.026650529578487583,0.01506144997401617,-0.006041306342162618
2025-12-15,-0.015098577390107174,-0.016268534273204432,-0.0034655653754745784,0.004698301361043477,0.005893592247070139,-0.007783127182109686,0.007230077405311961,0.03500417593015653,-0.0021671747214141506,-0.0089610232946794
2025-12-16,0.0018224768125210816,8.98866451848032e-05,-0.0053676767762039,-0.014066421308047547,0.01477814098512121,0.003301097889072582,0.008079024556869483,0.03019325551468915,-0.02043601265703947,-0.026503045960243252
2025-12-17,-0.010138255944275731,-0.005813022613826454,-0.032657165635099204,-0.0018079216022026943,-0.011709489333347645,-0.0005670144578096566,-0.03889667936019162,-0.04727460429487326,-0.007719721688248578,0.023526540874286198
2025-12-18,0.001286843868596081,0.024508470639878127,0.019160089150211716,-0.0063059872145193405,0.02275680929282456,0.01637373706687674,0.018546901354088846,0.03389652701091261,-0.010579529667409866,-0.007437582871825461
2025-12-19,0.005422649568015015,0.0025985418858299946,0.01541978800396316,0.013360771939292592,-0.008585063186184178,0.004000407218003256,0.03858224448424461,-0.0044993863680713635,-0.0021966391228932375,0.0012862741511656824
2025-12-22,-0.009914950708069128,0.004739078487121393,0.008493536174842739,0.01836699775332415,0.004135387451231974,-0.002060108787790373,0.014807680417455268,0.015527202757109204,-0.006926390024945505,0.012434110573555309
2025-12-23,0.00511662061139001,0.016110849706755952,0.014644644860007694,0.00875164965795797,0.005186805786161318,0.003972103888808281,0.029608104575077624,-0.006507353223946919,-0.0011078781180313673,0.010691701341515824
2025-12-24,0.005309645046856358,0.0010333484556670999,-0.0008275296126257538,0.009891777952167937,0.00391753473186784,0.00240032966424307,-0.00317621518556904,-0.0003295782832779731,0.008522700664427537,-0.001676174171466245
2025-12-26,-0.0014985770016451036,0.0006022774408405259,-0.0018481614441982943,-0.003835105133717776,-0.006402028662540707,-0.0006353561316114961,0.010128242219131516,-0.021258551524587485,0.012890491709637047,-0.0009230653738161743
2025-12-29,0.0013160584043321359,-0.001937179352692427,0.00015945046090823492,-0.012767653042887366,-0.006959205086754815,-0.001251559532433949,-0.012198111723716244,-0.03327112293491262,-0.008747378549412191,0.011851252523767371
2025-12-30,-0.0024871571416660047,0.0019801618568183687,0.0009244090639808304,-0.0010198141753835896,0.01096154056448699,0.0007798646340069418,-0.003619380890948079,-0.01139973602177475,0.009741482764180317,0.0038092522204480725
2025-12-31,-0.004477515493673457,-0.007381025988312501,-0.0027120011943328006,-0.0037171894831680386,-0.008838337717595984,-0.007949846425517245,-0.005560808575172099,-0.0104187006411069,-0.006190938465727267,-0.005386936758645768
2026-01-02,-0.0031314857915479256,-0.01889327280046985,0.0068455819436552085,0.010066457945446623,-0.014773360649588863,-0.022330943107238568,0.012521723506963884,-0.02624643791802105,0.018875024463977864,0.019013772600820752
2026-01-05,-0.013933703661721203,0.028550975746587545,0.00440098774957529,0.0259597372313308,0.012801759063433702,-0.00019028278482039024,-0.0038729439721342566,0.03057312274344065,0.01656830625571789,0.021854788753477423
2026-01-06,-0.018504437116593858,0.033210483799024845,-0.006974544886816506,0.006205405677235649,0.002774179552893855,0.011898852997329333,-0.0046888369802307135,-0.04230652917497186,0.020116718390514064,-0.0349858811847016
2026-01-07,-0.007767612063599227,0.0026114748641676943,0.024014184737623737,-0.02303598857797757,-0.0182238217898139,0.01031224100807262,0.009937541174787495,-0.003586402728205757,-0.021052731813929585,-0.021375149291853298
2026-01-08,-0.00496745258033777,0.01939179681615764,0.010688760732434594,0.008526616646313226,-0.00406263434681186,-0.011148482196542717,-0.021756771696642568,0.010124471981728621,0.014959212464898725,0.03662381802984999
2026-01-09,0.0012731135729041854,0.004415959535942419,0.00957181869694715,-0.0018210619714859367,0.010776676156651328,0.0024441547277171643,-0.0009732409959576952,0.02091338126870214,-0.008308816118931087,0.013736458132306187
2026-01-12,0.0033870275674454044,-0.0036853485099490966,0.009963157478569143,-0.014380463748952767,-0.017127529695822562,-0.004391264357290946,0.000432696062586976,0.00883700211279967,-0.01013906923585258,-0.004665406662950643
2026-01-13,0.0030692245031010584,-0.015826265506308397,0.012308768491510809,-0.04278337827985447,-0.017093072591570224,-0.013736510171920976,0.004693180430063102,-0.003927828743923437,-0.019513178903557794,0.02003506982129124
2026-01-14,-0.0041840502464702,-0.024831791107773515,-0.0003869623328035043,-0.009793668237740366,-0.02498096107880742,-0.024279424457372377,-0.014473790210957928,-0.018051031148363036,0.003079761035616502,0.028513192366868577
2026-01-15,-0.006754644080745645,0.006444429028140061,-0.009153390986452228,0.004504787643304068,0.008541392604887864,-0.005938684662525473,0.02112511088163419,-0.0014354670972459708,0.01187100208412493,-0.008251965285953986
2026-01-16,-0.010433345978110178,0.003938837966679267,-0.008388847970823527,0.010326095041932494,-0.0008862416722026852,0.006982926586931791,-0.004393568744011386,-0.0024427450941923528,-0.023703341619557936,0.005868248111971284
2026-01-20,-0.035166795246858014,-0.03454778703396358,-0.024541103736511385,-0.031634209642613244,-0.026349836865301082,-0.01168017834869697,-0.04480571381960165,-0.042609305094350874,0.022138450212021127,0.0043788015734605185
2026-01-21,0.0038434852977142693,0.0013410811217221105,0.01961993283587871,-0.0023147196084176386,0.014526962005608768,-0.023169678088282557,0.02905663204857351,0.02866105598439217,0.027166574803321245,0.023858433111315268
2026-01-22,0.0028225411486548003,0.013014244969160121,0.006556163278760902,0.005250272676685057,0.05501988864007914,0.015705583248045565,0.00825722938956494,0.040695858938020815,0.019139994649359816,0.000224460551593006
2026-01-23,-0.0012490174035430512,0.020359762712410228,-0.007927562546222634,-0.019656450857450176,0.017039669739317264,0.03230057162614092,0.015194523916385622,-0.0006678119583802994,0.005036950485025599,0.00990294538264698
2026-01-26,0.02928006203750807,-0.0030989827151846525,0.01612285569403006,0.011089643541098832,0.020434608425405492,0.009249931697775502,-0.006414683649914931,-0.03135078007637384,-0.013052869490176327,-0.0009636259661974453
2026-01-27,0.011135324133899676,0.02591738783059459,0.0038633195782322182,-0.0024278203293729276,0.0009066973456223803,0.02166540242193157,0.010933720767139945,-0.009929693133760457,-0.19586220819404926,0.014650290929928285
2026-01-28,-0.007110633005716987,-0.00684863228798761,0.0043546314001811914,0.0015305616315183328,-0.006320290181232291,0.0021825088341821002,0.015788138686642184,0.0012987560805733547,0.03926150716824826,0.005466357919900089
2026-01-29,0.0071494947315545124,-0.005281189009015846,0.0066443625264028545,0.01861104151958926,0.09898344902194488,-0.09964157713418065,0.005155765321978687,-0.0351442835440217,-0.00590137746524705,0.02107307299838929
2026-01-30,0.004635377115508532,-0.010103375476311564,-0.0007393629426767015,-0.0017312776284011482,-0.029985502058200386,-0.007432383670847061,-0.007194232611753838,0.032707748293060876,-0.01850814679948109,0.006313985422968198
2026-02-02,0.03977943491276717,0.015178840703943746,0.01669419889128228,0.00732865141435063,-0.014182521844310004,-0.01621296637265279,-0.02930603050029669,-0.02018328139266714,-0.004680978388738319,-0.02144476977140008
2026-02-03,-0.0019648308518361605,-0.01802454038618342,-0.011647826243258408,0.021542046077025746,-0.021043401374202284,-0.029142400065331416,-0.02880387168697839,0.00035553266889641583,-0.004949472777958375,0.03778856932056549
2026-02-04,0.025680239205221226,-0.02387675021837666,-0.019829689756396197,0.007656803523821816,-0.033383202150616985,0.007220769155881269,-0.034697261729550975,-0.038532688670109685,-0.029496859047386872,0.026501616534164562
2026-02-05,-0.0020997236483534577,-0.04521487700574901,-0.005389332503528559,-0.022664736582451817,0.0018219696206452755,-0.050811774980710295,-0.013350122336728526,-0.02191272731756527,-0.027073851105330247,-0.010283613625937767
2026-02-06,0.007977762270402386,-0.057150465515023806,-0.02565451581054468,0.038704757105781744,-0.013141593309313764,0.018797509358279264,0.07577303128760628,0.03439569638292661,0.02971606620853661,0.020127394627570558
2026-02-09,-0.011728934429607782,-0.007636568568798812,0.004511947086723796,-0.0009309396839603985,0.023546596334636374,0.030588800989342232,0.024664963929933812,0.014992548192064116,-0.0034397308862010676,0.014387688703095862
2026-02-10,-0.003428889326211829,-0.008468076358810299,-0.017857143451186806,-0.011930706642300693,-0.009644371951472192,-0.000798319315509545,-0.007924349995262732,0.018729813289406434,-0.009035973985985943,0.0025099169958224562
2026-02-11,0.006628141591757578,-0.01401348751238724,-0.024209298284154544,-0.02371733140573991,-0.003031176984665263,-0.021770781946382066,0.007977143746426428,0.007170667714086594,0.02061169510206395,0.02585197874187072
2026-02-12,-0.051274126086131494,-0.022196688349696986,-0.006323050735130248,-0.02667012650903791,-0.028640502430557116,-0.006276193782594548,-0.016499554383024317,-0.026499721174377204,0.019387106742327926,-0.03021975503422142
2026-02-13,-0.022995763373036465,-0.004066437083335938,-0.010671590323033176,-0.0002974840211262611,-0.015571277195169958,-0.0012949663279586867,-0.02234036339336612,0.0008867362574486323,0.030544502170628082,-0.009920257407659444
2026-02-17,0.031176814356459727,0.011801910679928636,-0.012176490478434065,0.015024581083753796,-0.0007507305287529001,-0.011175543913618934,0.01174634642935752,-0.016448249621048336,-0.014082689986224538,-0.015341014776549587
2026-02-18,0.001779583167113982,0.017934163011373634,0.004328209029463858,0.0053579555166607075,0.006128647666434716,0.0068804497815916,0.01614177355983183,0.001678940551719039,-0.003083255393570477,0.030251183561317365
2026-02-19,-0.014364265239645745,0.0003417909236829623,-0.0015836779395090254,-0.0023668913882575063,0.0024224176300295165,-0.0005770387632486178,-0.00042561569043617976,0.000947679089765262,0.005984661139258434,0.0019227727303524928
2026-02-20,0.015233805180443597,0.025304384018124338,0.039271496747687415,0.008855323732579457,0.016733171027809392,-0.0030916613453095257,0.010166399603082204,0.0002671812076260135,0.00024148473949907727,-0.024745583848846776
2026-02-23,0.006029062392291268,-0.023304999462925406,-0.011141979410481862,-0.04313183209816742,-0.02848023143743831,-0.032649687026276845,0.00907264849711108,-0.02954695527872473,-0.026768958709584217,0.023353593480955195
2026-02-24,0.022144051735165694,0.015900551376285547,-0.0018957621738290747,-0.0012439976591082267,0.0032116929294360506,0.011713508162752607,0.006763820711725647,0.023604408796446652,-0.030166368743427256,-0.009999407680704344
2026-02-25,0.007650516196371946,0.009923754371216356,0.006412160830110178,0.019980786065140043,0.022259465702711416,0.029384108832231453,0.013954478728536618,0.01940114803767631,0.0367325850943182,-0.0013408341187258915
2026-02-26,-0.0046786174669959345,-0.012997130763748655,-0.017798667757624974,0.00928747805446271,0.005065893736342478,0.0027919027648784594,-0.05610613126070414,-0.021357279325286554,0.008618580226587876,-0.0034946059694097227
2026-02-27,-0.032657888456674666,0.009954149190768667,0.014148775345398684,-0.0192279679406736,-0.013530688082255635,-0.02260751481502054,-0.04253843777848231,-0.014967735162802965,0.022796825773807098,0.02631025707103611
2026-03-02,0.002041836021296492,-0.007696209563361218,-0.016950758727859075,-0.009165974040383959,0.008265945757223425,0.014685093950154667,0.029417882046687684,0.002010344152525457,0.005644429366216438,0.011215591334103603
2026-03-03,-0.003670823904680181,0.0016302091348675868,-0.009637851810737147,0.009032842737816122,0.0023229548422623006,0.013408688431820684,-0.013405929087643301,-0.027372150980348144,-0.019584965832215303,-0.015618661407300725
2026-03-04,-0.004674549655599,0.03802601972435073,-0.0014832120831766921,-0.002901731961181248,0.01912649753766743,0.003139222529416255,0.016470102712185488,0.03384721273919843,0.0094636393070376,-0.01332684454171201
2026-03-05,-0.008530820840249429,0.009730180814114253,-0.007450357626136915,-0.019699087642356568,-0.010780782191723966,0.01343348407741661,0.0016376525913704937,-0.00096123102727329,-0.010986249452911677,0.006254505312713146
2026-03-06,-0.010932115299618045,-0.026520103831069775,-0.007874547284012717,-0.013961781214166573,-0.02406988781364561,-0.004196934850264637,-0.030570620070061377,-0.02198816416611494,-0.007961701703856537,0.0029805405354474024
2026-03-09,0.009355701068531801,0.0013123918981728527,0.026627506681741832,0.0015188888632012103,0.003915743048370537,0.0010997408113609262,0.02679995989579661,0.004903095477786746,0.0031610828529101184,-0.005105259683822157
2026-03-10,0.0036488509698246866,0.003926872997654284,0.0022172874143898697,-0.004113062962267617,0.01026547581272984,-0.008955211916254719,0.011540141164621152,0.0014036436297643494,-0.009973637149693303,-0.015474049128115664
2026-03-11,-7.665866677458683e-05,-0.007869298894721337,0.0053919497321250846,-0.0041997290751267236,0.0012069878846512234,-0.0021711660852259426,0.006850190509578952,0.02126320318819362,0.010254067134065245,0.023023156529676854
2026-03-12,-0.019552653794765996,-0.014780671622370333,-0.01682367679886567,-0.016234025462478312,-0.02580096673144152,-0.007487037965784546,-0.015657054996361226,-0.031914812787204434,-0.029168036744128035,0.012782447732242378
2026-03-13,-0.022298726148557768,-0.008916648837354262,-0.004192621534006157,0.0019422640654251544,-0.03909786821320019,-0.01582652691683554,-0.015906018045724696,-0.009692136394107657,0.018028188816854616,0.016728928258104004
2026-03-16,0.01073703156524414,0.019408860320450153,0.010792430747487834,0.009550607913463134,0.022997279617476492,0.011062393938410492,0.016342753361472204,0.011083506865035645,0.01198077451100454,0.007084790273900513
2026-03-17,0.005561526596100645,0.016208681248397017,0.017389497923292044,0.002547717835626149,-0.007663474637027621,-0.0013510579009210115,-0.007065565279974498,0.00933537602077204,0.007259347197727921,0.009998805906078803
2026-03-18,-0.017018443311607647,-0.02507954596315967,-0.010442910386935345,0.0029583456016405133,-0.011273243615418488,-0.0192625248640422,-0.008445439865892895,-0.016388196671314647,-0.011330845211008127,-0.007711797626195472
2026-03-19,-0.003928594558615539,-0.0053030276815244914,-0.0018216376105065345,0.0007991659151707162,-0.014692896547520594,-0.007095225002012981,-0.01025199391701224,-0.03228927274343446,-0.013775631048964808,0.0036105555945332795
2026-03-20,-0.003903899440107385,-0.016372033885598155,-0.020160848541076363,-0.004908443872505072,-0.021727649024197965,-0.018550554356410006,-0.03336859616024455,-0.032986169449252166,-0.0174455231509311,0.009501924035237965
2026-03-23,0.01401484151217423,0.022960765779813284,0.003515403724678809,0.011622660592532611,0.017366808617418857,0.0029548815107211493,0.01688042250464692,0.03443139945829688,-0.022197542297294787,0.009102396113035673
2026-03-24,0.0005962134063950415,-0.013896403903249794,-0.039228615556825254,0.008552127965480334,-0.018614051548680195,-0.02715396533836252,-0.0025082603923013867,0.005707699063017406,0.010114137166816275,0.02603432213493709
2026-03-25,0.0038868965936841777,0.02133987694053351,0.0016856289858513014,0.010275408847119047,0.003317014856432747,-0.004571189068852106,0.019668304028877433,0.007594547116542637,-0.006374053776651162,-0.012901849457798648
2026-03-26,0.0010682766662048293,-0.019893385566031804,-0.035012616605263266,-0.012809455942133974,-0.08294101043822268,-0.013758575185762116,-0.04253033849182578,-0.036518388902705916,-0.009283362219347509,0.013204065833467744
2026-03-27,-0.016305265287713342,-0.04031216865924322,-0.02370190379915116,-0.030707304878701283,-0.04066674387639529,-0.025459974319792144,-0.02196333888878508,-0.0280150189690427,-0.03426824291173907,0.033057005133307144
2026-03-30,-0.008760136268299015,0.008044214540419325,-0.0030664776519160925,0.003282654816327955,0.02007409956670053,0.006119621046581308,-0.014127557951646623,-0.018268243604687585,0.01063754725022211,0.0028032317807141173
2026-03-31,0.028617923407992185,0.035779229656415903,0.05012988031808037,0.03595979011735399,0.06452335372893657,0.03075142268878768,0.054376197004588275,0.045315377792307994,0.03306197377360089,-0.010611938553918484
2026-04-01,0.00722396712094499,0.0109828388282875,0.0336129391971728,0.004138880438919356,0.012333287451813843,-0.0021635413538151575,0.007711034484215726,0.02525999735964806,0.01245038282068826,-0.053759417260816955
2026-04-02,0.0011337741969299291,-0.0038064614152036554,-0.005462449138483016,-0.0026441385794514186,-0.008268981663268435,0.011012036052553425,0.00928826076522623,-0.05574001402961767,0.011900622771600568,-0.0005599484812871548
2026-04-06,0.011422443192802206,0.01429401955243689,0.014167155399505737,0.007985779733864593,-0.0025097926686591327,-0.0015541916082757374,0.0014082771723968044,-0.021783536042954785,0.01467915028763592,0.01654051878996128
2026-04-07,-0.020923539949167975,0.0045949583469463715,0.01806960622416127,0.006578388868369428,0.003536211417700677,-0.0015835241825861704,0.002586176316994212,-0.017642424845982326,0.0895879086547476,0.003299956795275902
2026-04-08,0.021078124305621625,0.034392593210598475,0.038091989569671574,0.034924363459972366,0.06296135369644458,0.005464483483156573,0.022101008162042288,-0.009856563133277247,-0.005703095422947106,-0.04805224752052528
2026-04-09,0.006122549550145178,0.05453095913592383,0.0036802469018372436,0.007633822263890213,0.02574266585348246,-0.003371606797341689,0.010000408446462517,0.0068808468500743715,0.003034831213040657,-0.007582225304347365
2026-04-10,-3.837862627880075e-05,0.020041816513914186,-0.003932467909447651,-0.0014833738655169765,0.002336559899729636,-0.005914502722368911,0.025340875864889145,0.009588788947183922,-0.008442019378378615,-0.016452906556226138
2026-04-13,-0.00492608008275582,0.006314422859656274,0.012747849058081889,0.012220483262724327,0.0073870769771559874,0.03575407090351821,0.0035983899424540016,0.00989500379675574,0.028090615305180436,0.0008520601967813641
2026-04-14,-0.0014285405616683605,0.03735274928383289,0.03546580500301855,-0.008194735818626675,0.04312084335943217,0.02248380906043869,0.03732743039584176,0.03287951656879651,0.003794689404864784,-0.022526424486621947
2026-04-15,0.02894004962395038,-0.0020903861446825195,0.012566733338831097,-0.01682229578463551,0.013627743585842298,0.045038931660944595,0.011938083175825558,0.07343111096819813,-0.0004457336560626211,-0.001542398953412698
2026-04-16,-0.011437735816536928,0.0048173395273468644,-0.0032683459867329017,0.013054714768854364,0.007846011044191461,0.021745206541177127,-0.002618197740074391,-0.0078120863116936485,0.00745503709348624,0.01973552450748033
2026-04-17,0.02559968620376182,0.0034382179946092772,0.016704026368805667,0.0010963402550057246,0.01710869274660332,0.006002075549152332,0.016649045567807226,0.0296911094422974,0.025678926439573407,-0.03713307436356223
2026-04-20,0.01038135123703852,-0.009141266429826336,-0.01254611469987265,0.02136288049220316,-0.025952897624824386,-0.011226739734212607,0.0018824088642086202,-0.020476797687229584,-0.003548699131403294,0.008431826384636071
2026-04-21,-0.025519586387523795,0.006543731071590066,-0.015320401469717493,-0.012667052316247256,-0.0030900620521360765,0.014461810196849447,-0.010847369949045943,-0.0156116416401595,0.06733029298276866,0.004594162950429336
2026-04-22,0.025959176283094874,0.021573448951202067,0.020935564970531447,6.377937064321186e-05,0.00875284687284244,0.02044227360800401,0.013022643204450814,0.0028167845306925577,0.021472413657538027,0.007654541609753146
2026-04-23,0.0009511674218491973,-0.001097088026179746,-0.0012680634602705817,-0.004257823053070446,-0.02334659983224751,-0.040468853591927485,-0.014224179207966972,-0.03623482292188371,0.0029374524407077356,0.006866042679638412
2026-04-24,-0.008705470074050698,0.034333958023186784,0.016128201872222185,-0.01100068667589525,0.023806004349349517,0.021110529021497536,0.04231958149382599,0.006879807968652782,0.0010149406229172332,-0.010820288977945588
2026-04-27,-0.012809478192957056,-0.01093113357236666,0.017100358084624206,0.010808124364884656,0.005304121572969255,0.0004708877374006461,0.03926320391664804,0.006278483691632188,-0.0006483323772488628,-0.0048469370992542775
2026-04-28,0.011517458457321562,-0.005452887403187945,-0.0015996958167987956,-0.0005777116786143733,-0.010785599866338778,0.010373925111834702,-0.016008553153041564,-0.007022844604162197,0.03349080204714236,0.015866475155330736
2026-04-29,-0.001996724264136533,0.01277897868001351,0.0004572048687986675,-0.0070887961093935425,-0.0033122855942094042,-0.011221711629237963,-0.018560242407810068,-0.008600254179982027,0.01076601193938599,0.02693215314960585
2026-04-30,0.004358182101151443,0.007650061888693173,0.0949619894583252,0.012787708047098273,-0.08937827806119106,-0.04008994344445708,-0.047364678037595136,0.023409515563600516,-0.0007015083883958917,-0.0022005846647172576
2026-05-01,0.03188001650371888,0.012000489635761667,0.002310346977955309,-0.002429287940680889,-0.005177467453735221,0.016200393649030864,-0.005627801388784393,0.02379554904158833,-0.004599179270330791,-0.01029055599908259
2026-05-04,-0.011886113152468937,0.014029132183864345,-0.006346510391666609,-0.015545700531307398,0.0027232052559373813,-0.0019805845311460773,0.00015103714771935503,0.004314924812415465,0.0053276749432194315,0.006134900655087019
2026-05-05,0.026204377379577717,0.0054985478239463976,0.013425459980288311,0.005672120999726642,-0.008968545456936096,-0.005430311591628986,-0.010025881252397003,-0.008032003657369561,-0.018731347479859533,0.0077131650414521006
2026-05-06,0.011649901959169793,0.005250321971042334,0.024439580081050565,0.01762018079803189,0.013006828566828586,0.006251973171359722,0.05605804391454571,0.023754487827164997,0.009327892770876702,-0.040787050112090106
2026-05-07,-0.00024353409135020537,-0.01398871786017844,-0.00012567175774091726,-0.027788152885647264,0.006391899377318472,0.016317058490072932,0.017504588949092632,0.03222900776203085,0.006675474177457461,-0.014292343118138612
2026-05-08,0.020249955441262655,0.005552939638259035,0.0070356703093336255,-0.013708827888531522,-0.011708767212070115,-0.01351873447467722,0.01734281474781367,0.03942710124226755,0.02731873486028601,-0.013807477586949649
2026-05-11,-0.001263410870084823,-0.013624751749596186,-0.030808988852872497,-0.006975703070428979,-0.017824440858085586,-0.005943630903975216,0.019511022435273598,0.03813364950728898,0.011669028561148483,0.03473573108667112
2026-05-12,0.007217267345543894,-0.011854752338375166,-0.003324839172811449,0.016135838443272228,0.006889296687044736,-0.011920735420462784,0.006087886202129122,-0.026297804689101322,0.030610921400947354,0.00632695859590695
2026-05-13,0.013711552929013165,0.01608392713413966,0.038664476971202275,-0.0153027266158334,0.02235205126451716,-0.006297800717341185,0.022615770328045653,0.02690433759547956,0.011961652337019645,0.0062210786977956465
2026-05-14,-0.002210734971933149,-0.010831048951722346,-0.003857177245217112,-0.0011331240058081208,0.0029147750519298026,0.01036043429339151,0.04294702226715254,-0.004434100858338372,-0.005173410549299667,0.007951289090242886
2026-05-15,0.006750980136725528,-0.011592972656152402,-0.010754038324889855,-0.0070267173183420585,-0.006814570818378161,0.030049816053201756,-0.045207902776556966,-0.048672864587404434,-0.01321672308946181,0.03985417713446272
2026-05-18,-0.007992516349121775,0.0027220081197222258,0.0004032122294838275,0.00975719436439478,-0.004928763869323885,0.0038323172587519066,-0.013403785202376584,-0.029441104289050234,-0.006930185046027386,0.016143065186291883
2026-05-19,0.003786811276571553,-0.021061401192618883,-0.023656522949093543,-0.016867391947851182,-0.014170486424491252,-0.014555068536528612,-0.007721418440803279,-0.014445663458309575,-0.0048439490464608085,0.012754048080590084
2026-05-20,0.010911313869409937,0.021627669973466716,0.0032193462264388344,0.021015341277247076,0.004057505976111526,0.008682351066833785,0.012880773701817838,0.03202247022638431,-0.01537805842414452,-0.03933646063186926
2026-05-21,0.009024403912911677,0.012934297256761875,-0.00321934622643882,0.0033719857961415117,0.0038270245040259027,-0.00252610992400636,-0.01787940718646221,0.0014129789484986274,-0.002141635506695474,-0.006354911064928585
2026-05-22,0.012479664098423927,-0.0080032744617438,-0.012171968218410776,0.011093276826013817,0.004730365248371938,-0.0012414559346094188,-0.01922607229301708,0.019340312041325056,0.015539642535444653,-0.002385450405475139
2026-05-26,-0.0015879959853538459,-0.0038750213028487137,0.015314158825226637,0.0011743941251671707,0.003402756230655464,-0.006086815747892765,-0.00218503386614648,0.017636535587117294,-0.03034226454110954,-0.033541085774604566
2026-05-27,0.008139921177528297,0.024426866578213892,-0.000128632124050481,-0.024620898243513538,0.03674651078581286,-0.008109086190994702,-0.010574216746573724,0.015493162254673815,0.01879491251076171,-0.012831408123357495
2026-05-28,0.0053259869555545925,0.007877640344363742,0.0033378162954156806,-0.008556983990817979,4.725466971572005e-05,0.034112273178170754,0.0077311061587658275,0.003943573700417892,-0.0038615833968136054,-0.0063758752941977
2026-05-29,-0.0014410019964428765,-0.012338527790443166,-0.02541448506489544,0.008657139953189646,-0.004385512320830528,0.05302021631711406,-0.014622125972670924,-0.014375619088440037,-0.005820357750398551,-0.01163525964872555
2026-06-01,-0.018597851122449393,-0.035273461160258576,-0.010492823692305853,-0.00916279173107328,-0.05198337638942342,0.022575505279128875,0.060730476039717304,-0.046763726698806594,-0.001183935247080185,0.02796823475583141
2026-06-02,0.028609745520348374,-0.018309525985056377,-0.03934294885093332,0.014660380333748415,-0.0047407650423456245,-0.04260874311471564,-0.006887683586835274,0.018723267699191404,-0.005120224790657749,0.0012041947704920087
2026-06-03,-0.015796757454885936,-0.025665659701418486,-0.007935281616881736,-0.00036551249763443655,0.04154242153291,-0.03216756926061572,-0.03688968245588396,-9.435010681166908e-05,-0.002437352834934702,0.01966367858796983
2026-06-04,0.003121575198772482,0.01496619519549892,0.0361099678606916,0.03282740407902124,0.0073409323557807665,0.0016600214708585974,0.019208270674456164,-0.012468248792164637,0.05035522708984489,-0.003217750358092361
2026-06-05,-0.012577593355441377,-0.03105365219156565,-0.00988233277234109,0.004749183006146937,-0.056660899453585954,-0.02694545757348533,-0.06402035472821264,-0.06784987766553562,0.007538250641157259,-0.014041777793923061
2026-06-08,-0.019051885469787897,-0.0032977029725941285,-0.013668530599882985,-0.004041886940678406,-0.01291604906393772,-0.011902481865196957,0.017112603807336074,0.04488536904530807,0.017617459975540723,0.012132580579535828
2026-06-09,-0.03712710112671881,-0.004209150987076249,0.0026114672542867307,0.0050977189179169475,-0.0013675724265206108,-0.020438625838642196,-0.0021591370494536254,-0.030463037176546175,0.01569151044837573,-0.01889224903657332
2026-06-10,0.003538736828077959,-0.025675947123681687,-0.021870322143806402,-0.011449973518415662,-0.02355655460777631,-0.015110828144280814,-0.038035992401868494,-0.0387831676710731,-0.013504891015065175,0.011417952315082627
2026-06-11,0.013794257734621061,0.014640183686286065,0.0038926366279253954,0.013973200652185375,-0.004476051280587749,-0.017824428828516183,0.02196044988977364,0.044990546617469984,-0.004698628575230519,-0.027052237177705354
2026-06-12,-0.01533867189083751,-0.012331912602696485,0.005324453201705333,0.022801068537853998,-0.002554135659124604,0.001024178192860307,0.001560816085060168,0.018074423616042716,0.007296773612239262,0.002792728673960509
2026-06-15,0.01800742754428881,0.03083390605189011,0.02653003879692126,-0.0041243264828898455,0.0466058285159884,0.022822067271982282,0.034770245936598033,0.011546402155351725,0.011844844830328613,-0.04230820015776346
2026-06-16,0.009468545598219242,-8.131487459148037e-05,0.01050372297504738,0.03609711096630792,0.011276143820153064,-0.01494508985482197,-0.02400913718585415,-0.015910879171028017,-0.008281592876727754,0.006648246619687039
2026-06-17,-0.011055424053765445,-0.035163912457666896,-0.025671644062845143,0.006981566369366352,-0.05589784833476067,-0.038620640437544464,-0.013396368141542946,-0.020673857986175808,-0.020120122706217283,-0.007926428528117107
2026-06-18,0.0069365307945603305,0.028597683957913095,0.011587588868040379,-0.025020942635869247,0.016841638834168136,0.0012923355329048031,0.02908672936471219,0.010315413608767319,0.003572856015721989,-0.02103827873681332
2026-06-22,-0.0033611561756575186,-0.04862857666526806,-0.05114595956462009,0.01906550354470301,-0.023435182867425894,-0.03230316380562538,-0.009729724138660469,0.01132171311591987,0.01416497209013442,0.004777827630473351
2026-06-23,-0.009166281020203648,0.005654362212000333,-0.010204051944260667,0.007992662182900527,-0.0029305697120350586,0.017807471218292778,-0.04214084177739289,-0.059611379843779726,0.006299552270358408,0.009058170658107195
2026-06-24,-0.004154097032731816,0.0006832216006890583,-0.0024297446042317056,-0.002067157535305254,-0.008090269873054341,-0.022938479444906717,-0.005212502071331129,-0.016060748057995154,-0.008465808125153547,-0.0204611817804063
2026-06-25,-0.06312910528852322,-0.03148026940338524,-0.004586437585355832,0.004995682054810862,-0.026897511346503408,-0.03517054764995348,-0.01651753295293209,-0.0010923964729650014,0.023694430552612552,0.004736716663024112
2026-06-26,0.0308828692129702,0.024713060914308634,-0.018558682090145166,-0.01827898227694694,0.013502887808519779,0.05551167715699935,-0.016535307270296173,0.012161819203993191,0.029311350425026323,-0.007369929742229084
2026-06-29,-0.007214617571347412,0.03151497796996931,0.04706815483174713,0.0010328286847979824,0.022196084104301527,-0.011867310540754926,0.01259370647032923,0.08122713454703766,-0.01904007367568559,-0.003521545789472035
2026-06-30,0.026686927946559438,-0.007523873763327147,0.01046396560322637,-0.006273644830888017,0.0012256923369592084,0.01200133424528148,0.025921544114228087,0.02104736226435513,-0.010030630450691238,0.004839019055214073
2026-07-01,0.017199902237751946,0.013999064785619552,0.010687822231110682,0.020381679408174404,0.08442351979156928,0.029739464873233083,-0.012623661489360512,0.011112495777372573,0.02591070555338916,-0.0032234095167794205
2026-07-02,0.04727163430823289,0.0040052130693041185,-0.0036055034296413025,0.001196670479481486,-0.050202348077517445,0.01603083427328197,-0.014016138213330864,-0.07784074755080678,-0.0027703083242291157,0.005925979555195022
2026-07-06,0.01297326356082142,0.006121274942382323,0.018035330775061996,0.01416472349056194,0.029397115290332648,-0.009649719886582553,0.0036887035620646394,0.06475289005284912,-0.01747841907918841,-0.004752648562004934
2026-07-07,-0.006417317752291537,0.00742645135022292,0.0015542336127331434,0.0044317147119998365,0.025152160341125173,0.005415354725410578,0.007032188158412175,-0.041018539011121395,0.024109577938321594,0.03775667396263087
2026-07-08,0.008749398121391793,-0.009640600216052831,-0.014020318562469975,-0.025679197595083546,-0.020448764487568865,-0.014245595270438406,0.03585970861898619,-0.022185201276039682,-0.006067103813884144,-0.003960115620577193
2026-07-09,0.008989700861949937,0.013940625430091662,-0.008407235471836066,0.014562866611904396,0.045950007541939016,0.0026572451051034866,-0.006586402530205283,0.0312037168556396,0.014184622798204321,-0.02634851222071297
2026-07-10,-0.0028501014457968927,-0.0069052509812284075,-0.00477613917541858,0.002976519243584243,0.05803174993106454,0.0019234466759783032,0.03954694687033319,0.0029718973532871238,-0.01648990132711786,0.010277350171071153
2026-07-13,0.006291108635278855,0.007997611876585861,-0.013160843077121025,-0.0057824900560231015,-0.01882502186272947,0.015178953575442218,-0.03585518479736162,-0.03240077993929111,0.01047206743804133,0.039738356846040934
2026-07-14,-0.007751077889289723,0.0007275987930534227,0.019663031165405288,0.024683171705237254,0.006541344717337282,-0.015620487433093869,0.03982909676092798,0.003590624905497913,-0.009130551456986493,0.004005494634132191
2026-07-15,0.039359995560940185,0.029736497094527754,0.031244434858472035,0.011655733535348368,0.030203173428946288,0.027417947067890327,0.003299488571561179,-0.004350915634406925,-0.015811523831131935,-0.004005494634132259
2026-07-16,0.017434906842973087,-0.020085877850740792,-0.045390999952137016,-0.010897794779441985,-0.024922433270471042,0.013731328503507289,-0.02429269139057868,-0.008656724657948154,0.011545524874144777,0.009915419904719627
2026-07-17,0.0014391811187502526,-0.010701758429280527,-0.021933764449114237,-0.005991896081485624,-0.028279984582476127,-0.018316835481835936,-0.022379714518091908,-0.026481664853464253,0.0063804109612864745,0.009614447229698517
2026-07-20,-0.021656657586981348,0.011101878873679078,0.014941023081709581,-0.006559236104493785,-0.00024776416609612186,0.021279310768907687,0.002314797039956324,-0.03003914234140675,-0.010712176890601608,0.006763245022457608
2026-07-21,0.0035150750095092813,-0.009808344900483996,-0.013845781884526084,0.018594405024858554,-0.003163626861580626,-0.011349616213798706,0.01953439349536178,0.02501128466509805,0.03450631784298453,0.022329034578553206
2026-07-22,-0.005660657333930309,-0.010966791059379552,-0.01468314111422393,0.008594805202669968,-0.02618603757992261,-0.018805463167719406,0.022750524392297727,-0.013068910989716388,-0.011617654307894834,0.017899576770836784
2026-07-23,-0.01306479450939142,-0.04677872011408177,-0.0739977409020535,0.00484165220734272,-0.03417268283606626,-0.022697680641045857,-0.015684054141053956,-0.15693077724657808,-0.01813184838009691,0.015674496476981395
2026-07-24,0.03470739356294198,-0.006655683102763052,0.006432077074185914,0.00941541173733285,-0.018164258192068877,0.00031453086371062644,-0.009239684266176492,-0.021052755196125365,-0.006680169727287765,0.0003186713857520521
