Date,AAPL,AMZN,GOOGL,JPM,META,MSFT,NVDA,TSLA,UNH,XOM
2015-01-02,24.171754837036133,15.425999641418457,26.227922439575195,45.83811950683594,77.70575714111328,39.60716247558594,0.48188379406929016,14.620667457580566,82.84259033203125,56.77790069580078
2015-01-05,23.49079132080078,15.10949993133545,25.728178024291992,44.415061950683594,76.45771789550781,39.242950439453125,0.47374457120895386,14.005999565124512,81.47805786132812,55.224342346191406
2015-01-06,23.49301528930664,14.76449966430664,25.09322166442871,43.263427734375,75.42756652832031,38.6669807434082,0.4593815803527832,14.085332870483398,81.31364440917969,54.93076705932617
2015-01-07,23.822433471679688,14.920999526977539,25.019420623779297,43.32944869995117,75.42756652832031,39.15824508666992,0.4581845998764038,14.063332557678223,82.14388275146484,55.48735427856445
2015-01-08,24.737751007080078,15.02299976348877,25.10659408569336,44.297698974609375,77.43831634521484,40.310203552246094,0.47542038559913635,14.041333198547363,86.06488037109375,56.41093063354492
2015-01-09,24.7642765045166,14.846500396728516,24.800010681152344,43.52749252319336,77.00248718261719,39.97140121459961,0.47733545303344727,13.77733325958252,85.25932312011719,56.33140563964844
2015-01-12,24.154069900512695,14.570500373840332,24.61873435974121,43.153404235839844,75.99217987060547,39.471649169921875,0.4713507294654846,13.480667114257812,84.29756164550781,55.24882888793945
2015-01-13,24.368528366088867,14.737000465393066,24.85350227355957,43.16073226928711,75.72471618652344,39.268375396728516,0.4706327021121979,13.616666793823242,84.72502899169922,55.046974182128906
2015-01-14,24.27566909790039,14.66349983215332,25.058053970336914,41.67168045043945,75.55633544921875,38.929542541503906,0.47254762053489685,12.845999717712402,84.93872833251953,54.88794708251953
2015-01-15,23.616825103759766,14.34749984741211,24.962963104248047,40.33663558959961,73.34750366210938,38.52298355102539,0.46919628977775574,12.791333198547363,85.86760711669922,54.4108772277832
2015-01-16,23.433319091796875,14.536999702453613,25.282421112060547,41.02616500854492,74.4667739868164,39.166725158691406,0.477814257144928,12.871333122253418,86.9444351196289,55.732017517089844
2015-01-20,24.036890029907227,14.472000122070312,25.256664276123047,40.86479568481445,75.51671600341797,39.293785095214844,0.47925058007240295,12.795332908630371,86.8211441040039,55.71367263793945
2015-01-21,24.22040557861328,14.862500190734863,25.774240493774414,40.996822357177734,76.0119857788086,38.89567184448242,0.48595327138900757,13.104666709899902,89.86260223388672,56.19074249267578
2015-01-22,24.850507736206055,15.515999794006348,26.61176872253418,42.24383544921875,76.9133529663086,39.92057800292969,0.4943319857120514,13.441332817077637,93.5863037109375,56.802371978759766
2015-01-23,24.978740692138672,15.619500160217285,26.84208106994629,41.57632064819336,77.09164428710938,39.96292495727539,0.4957681894302368,13.419333457946777,92.06558227539062,55.59132766723633
2015-01-26,25.005266189575195,15.482999801635742,26.583045959472656,41.64232635498047,76.7647705078125,39.81894302368164,0.4936135411262512,13.770000457763672,91.7450180053711,56.12346649169922
2015-01-27,24.129745483398438,15.337499618530273,25.813861846923828,41.22420883178711,75.06108093261719,36.13435745239258,0.4699145555496216,13.732000350952148,90.42979431152344,55.628028869628906
2015-01-28,25.493871688842773,15.195500373840332,25.379993438720703,40.16061782836914,75.51671600341797,34.88920593261719,0.4622541069984436,13.291333198547363,89.1556625366211,53.79311752319336
2015-01-29,26.287582397460938,15.58899974822998,25.41961669921875,40.835453033447266,77.26004028320312,35.58377456665039,0.4735053479671478,13.680000305175781,89.92012786865234,53.56684112548828
2015-01-30,25.902891159057617,17.726499557495117,26.62415313720703,39.889198303222656,75.18984985351562,34.220062255859375,0.4596209228038788,13.573332786560059,87.33898162841797,53.46897888183594
2015-02-02,26.22789764404297,18.223499298095703,26.359172821044922,40.68875503540039,74.27857971191406,34.9654541015625,0.46967509388923645,14.062666893005371,88.19390869140625,54.79010009765625
2015-02-03,26.232315063476562,18.177499771118164,26.41365623474121,41.60565948486328,74.68470001220703,35.236507415771484,0.48140501976013184,14.557332992553711,88.6213607788086,56.42316436767578
2015-02-04,26.433502197265625,18.237499237060547,26.057048797607422,41.35624313354492,74.91251373291016,35.43979263305664,0.48260197043418884,14.569999694824219,88.7117691040039,55.939971923828125
2015-02-05,26.622177124023438,18.694499969482422,26.24179458618164,41.64232635498047,74.89270782470703,35.956485748291016,0.49050161242485046,14.732666969299316,89.45158386230469,56.49043655395508
2015-02-06,26.397994995117188,18.714000701904297,26.4423828125,42.46388244628906,73.76351165771484,35.92258834838867,0.4883474111557007,14.490667343139648,88.44873046875,56.38567352294922
2015-02-09,26.57334327697754,18.527999877929688,26.214548110961914,42.41252899169922,73.73380279541016,35.8802375793457,0.48786839842796326,14.498666763305664,87.53629302978516,56.42265701293945
2015-02-10,27.0838565826416,18.649999618530273,26.753421783447266,42.881988525390625,74.4766845703125,36.083526611328125,0.5015134811401367,14.419333457946777,89.57489013671875,56.08372497558594
2015-02-11,27.718673706054688,18.756999969482422,26.646438598632812,42.81596755981445,75.78416442871094,35.89717483520508,0.4981622099876404,14.186667442321777,90.29825592041016,55.83106994628906
2015-02-12,28.069374084472656,18.85849952697754,27.043169021606445,43.69620132446289,75.50682067871094,36.49856948852539,0.5338305234909058,13.525333404541016,90.29003143310547,56.92181396484375
2015-02-13,28.206987380981445,19.09149932861328,27.29823875427246,43.76954650878906,75.0214614868164,37.15926742553711,0.534069836139679,13.584667205810547,89.96123504638672,57.538047790527344
2015-02-17,28.37345314025879,18.771499633789062,26.993637084960938,44.08496856689453,74.88280487060547,37.17632293701172,0.5357456207275391,13.623332977294922,90.22428131103516,57.34084701538086
2015-02-18,28.571002960205078,18.668500900268555,26.876750946044922,43.54949951171875,75.98226928710938,37.133663177490234,0.5295215249061584,13.630666732788086,90.23251342773438,56.08372497558594
2015-02-19,28.51107406616211,18.950000762939453,27.064958572387695,43.44680404663086,78.66655731201172,37.10807418823242,0.5309579372406006,14.11400032043457,90.44620513916016,55.11625289916992
2015-02-20,28.74413299560547,19.183000564575195,26.83464813232422,43.86491775512695,79.14200592041016,37.41516876220703,0.5347880721092224,14.473999977111816,92.57524871826172,55.41202926635742
2015-02-23,29.520994186401367,19.006999969482422,26.497854232788086,43.534828186035156,78.0920639038086,37.66257095336914,0.5304791331291199,13.822667121887207,95.6824951171875,54.851253509521484
2015-02-24,29.33677864074707,18.929500579833984,26.678634643554688,44.61311721801758,77.70575714111328,37.61137771606445,0.5361262559890747,13.607333183288574,94.88510131835938,55.10390090942383
2015-02-25,28.5865421295166,19.26849937438965,27.108545303344727,44.84785461425781,78.80522155761719,37.52606964111328,0.5320412516593933,13.583999633789062,93.750732421875,55.214820861816406
2015-02-26,28.948339462280273,19.239999771118164,27.700904846191406,45.17060470581055,79.64717102050781,37.585777282714844,0.5334829092025757,13.812666893005371,93.43012237548828,54.62941360473633
2015-02-27,28.513294219970703,19.007999420166016,27.866331100463867,44.95053482055664,78.22083282470703,37.40664291381836,0.5301185250282288,13.555999755859375,93.40547943115234,54.56161880493164
2015-03-02,28.653141021728516,19.283000946044922,28.47999382019043,45.30997085571289,78.99342346191406,37.4322395324707,0.5430952906608582,13.155332565307617,94.03841400146484,54.25349044799805
2015-03-03,28.71306037902832,19.230499267578125,28.66671371459961,45.45667266845703,78.8448486328125,36.92039489746094,0.5330023765563965,13.303999900817871,92.77253723144531,53.994686126708984
2015-03-04,28.53105354309082,19.13599967956543,28.643930435180664,45.57403564453125,80.13251495361328,36.732723236083984,0.5390101671218872,13.496000289916992,93.56168365478516,53.723541259765625
2015-03-05,28.058271408081055,19.39150047302246,28.797470092773438,45.478675842285156,80.43956756591797,36.775367736816406,0.5493432879447937,13.375332832336426,94.3590316772461,53.4523811340332
2015-03-06,28.100444793701172,19.004499435424805,28.37499237060547,44.66445541381836,79.2509536743164,36.135589599609375,0.5418938398361206,12.925333023071289,92.78897857666016,52.768375396728516
2015-03-09,28.220308303833008,18.92799949645996,28.43442726135254,45.11190414428711,78.68636322021484,36.5535774230957,0.5433356165885925,12.725333213806152,94.4494400024414,52.47875213623047
2015-03-10,27.636539459228516,18.475500106811523,27.7286434173584,43.98228454589844,76.81429290771484,35.85407638549805,0.5527075529098511,12.687999725341797,92.44371032714844,51.924137115478516
2015-03-11,27.132680892944336,18.318500518798828,27.522600173950195,44.18767547607422,76.83409118652344,35.811424255371094,0.5498239398002625,12.916000366210938,92.96746826171875,51.77622604370117
2015-03-12,27.623226165771484,18.711999893188477,27.794021606445312,45.016563415527344,78.18119049072266,34.99247741699219,0.544777512550354,12.73799991607666,94.74893188476562,51.89947509765625
2015-03-13,27.432336807250977,18.52899932861328,27.38936996459961,44.745140075683594,77.30955505371094,35.299591064453125,0.5454983711242676,12.578666687011719,95.05411529541016,51.683780670166016
2015-03-16,27.734207153320312,18.667499542236328,27.817298889160156,45.3686408996582,77.3293685913086,35.45313262939453,0.5519868731498718,13.046667098999023,97.75108337402344,52.23225021362305
2015-03-17,28.198108673095703,18.59600067138672,27.617700576782227,45.192588806152344,78.60710906982422,35.572574615478516,0.5587152242660522,12.982000350952148,96.99229431152344,51.813209533691406
2015-03-18,28.515514373779297,18.756999969482422,28.041170120239258,45.2952995300293,80.14241790771484,36.2550163269043,0.5495837926864624,13.380666732788086,98.93871307373047,53.03950881958008
2015-03-19,28.300207138061523,18.66200065612793,27.917842864990234,44.891849517822266,81.96495056152344,36.07587432861328,0.557994544506073,13.043333053588867,99.59857177734375,52.01655960083008
2015-03-20,27.945072174072266,18.92449951171875,27.981237411499023,45.2952995300293,83.0050048828125,36.57918167114258,0.564001739025116,13.20533275604248,98.26243591308594,52.0966796875
2015-03-23,28.235837936401367,18.75550079345703,28.002038955688477,44.84785461425781,83.6290283203125,36.562110900878906,0.5457388162612915,13.308667182922363,98.1799545288086,52.645118713378906
2015-03-24,28.12041664123535,18.704500198364258,28.604806900024414,44.34904861450195,84.50067138671875,36.59623718261719,0.5382893085479736,13.447999954223633,97.42117309570312,52.084354400634766
2015-03-25,27.385725021362305,18.54800033569336,28.082773208618164,43.725547790527344,82.13333892822266,35.36783218383789,0.5056074857711792,12.953332901000977,96.1180419921875,52.29384231567383
2015-03-26,27.576614379882812,18.36750030517578,27.91635513305664,43.6741943359375,82.22248840332031,35.154571533203125,0.5039252042770386,12.694000244140625,95.87889099121094,51.961082458496094
2015-03-27,27.356868743896484,18.527999877929688,27.614728927612305,43.6815299987793,82.50975036621094,34.949832916259766,0.5137778520584106,12.333333015441895,97.33045196533203,51.50507354736328
2015-03-30,28.049392700195312,18.72949981689453,27.79253387451172,44.71581268310547,82.41070556640625,34.94130325317383,0.5159403681755066,12.704667091369629,99.79650115966797,52.768375396728516
2015-03-31,27.61878204345703,18.604999542236328,27.47357177734375,44.437076568603516,81.44000244140625,34.685386657714844,0.5029638409614563,12.584667205810547,97.5613784790039,52.38014221191406
2015-04-01,27.578832626342773,18.51300048828125,27.215526580810547,44.26722717285156,80.89520263671875,34.736572265625,0.504886269569397,12.505999565124512,96.86857604980469,52.047367095947266
2015-04-02,27.81633758544922,18.612499237060547,26.810380935668945,44.68811798095703,80.78624725341797,34.369754791259766,0.5060879588127136,12.733332633972168,96.79435729980469,51.94877243041992
2015-04-06,28.266916275024414,18.851999282836914,26.941133499145508,44.65119934082031,81.65791320800781,35.44462203979492,0.5207465887069702,13.539999961853027,97.07476806640625,52.460262298583984
2015-04-07,27.969491958618164,18.720500946044922,26.9862060546875,44.93180465698242,81.53904724121094,35.427555084228516,0.525312602519989,13.550000190734863,96.78610229492188,52.84232711791992
2015-04-08,27.878475189208984,19.059999465942383,27.183332443237305,45.0794677734375,81.49943542480469,35.333709716796875,0.5291575193405151,13.844667434692383,97.4789047241211,51.800865173339844
2015-04-09,28.091569900512695,19.177000045776367,27.142719268798828,45.38960647583008,81.39045715332031,35.384891510009766,0.5414131283760071,14.005999565124512,97.77581024169922,52.164459228515625
2015-04-10,28.21142578125,19.13249969482422,27.168472290039062,45.5594482421875,81.2616958618164,35.58962631225586,0.546940267086029,14.0600004196167,98.14697265625,52.72523498535156
2015-04-13,28.155941009521484,19.118000030517578,27.173423767089844,45.832637786865234,82.22248840332031,35.623748779296875,0.5418938398361206,13.985333442687988,98.4521255493164,52.589656829833984
2015-04-14,28.03386116027832,19.25550079345703,26.734601974487305,46.54890060424805,82.72765350341797,35.52992248535156,0.5373278856277466,13.830666542053223,98.9057388305664,53.384605407714844
2015-04-15,28.140390396118164,19.172500610351562,26.797006607055664,47.41282653808594,81.92533874511719,36.0502815246582,0.5438164472579956,13.85533332824707,96.76136016845703,54.27814865112305
2015-04-16,28.0050048828125,19.302000045776367,26.91983985900879,47.11748123168945,81.52913665771484,35.9649772644043,0.5404520034790039,13.779999732971191,100.2913589477539,54.06245803833008
2015-04-17,27.6898136138916,18.777999877929688,26.38591957092285,46.40122604370117,80.01365661621094,35.50432205200195,0.5334829092025757,13.78600025177002,97.90779113769531,53.5694694519043
2015-04-20,28.32240104675293,19.475500106811523,26.96986198425293,46.696590423583984,82.30172729492188,36.60477066040039,0.5308396816253662,13.684666633605957,97.80059051513672,53.760520935058594
2015-04-21,28.16925811767578,19.55900001525879,26.890121459960938,46.00986862182617,82.82669830322266,36.374446868896484,0.5301185250282288,13.96066665649414,98.37789154052734,53.53866958618164
2015-04-22,28.548810958862305,19.489999771118164,27.200166702270508,46.475067138671875,83.8271255493164,36.673011779785156,0.5361262559890747,14.629332542419434,97.1655044555664,53.89607620239258
2015-04-23,28.78186798095703,19.499500274658203,27.610265731811523,46.371681213378906,81.62818908691406,36.97157669067383,0.5339637398719788,14.573332786560059,97.53665924072266,53.94538116455078
2015-04-24,28.917266845703125,22.2549991607666,28.412633895874023,46.223995208740234,80.75654602050781,40.8359489440918,0.5293976664543152,14.562000274658203,97.89130401611328,53.594139099121094
2015-04-27,29.443309783935547,21.92799949645996,28.039188385009766,46.032012939453125,81.1329574584961,40.97242736816406,0.5334829092025757,15.436667442321777,95.87062072753906,53.6187629699707
2015-04-28,28.979419708251953,21.465499877929688,27.9525146484375,46.34214782714844,79.91459655761719,41.93638610839844,0.5361262559890747,15.36533260345459,96.98406982421875,54.10561752319336
2015-04-29,28.553245544433594,21.4685001373291,27.804916381835938,46.96239471435547,79.70659637451172,41.85109329223633,0.5320412516593933,15.49666690826416,93.70149993896484,54.14874267578125
2015-04-30,27.778596878051758,21.089000701904297,27.17986297607422,46.71133041381836,78.02271270751953,41.4927978515625,0.5334829092025757,15.069999694824219,91.8787612915039,53.84061813354492
2015-05-01,28.622053146362305,21.14349937438965,27.29823875427246,46.96977996826172,78.24063110351562,41.509864807128906,0.5467000603675842,15.0686674118042,93.36331939697266,54.752655029296875
2015-05-04,28.566564559936523,21.152000427246094,27.38144874572754,47.78942108154297,78.06233978271484,41.15157699584961,0.5433356165885925,15.36733341217041,94.48500061035156,54.91287612915039
2015-05-05,27.92287826538086,21.059499740600586,26.896068572998047,47.553131103515625,76.8241958618164,40.605613708496094,0.5293976664543152,15.529999732971191,93.50353240966797,54.60474395751953
2015-05-06,27.747529983520508,20.954999923706055,26.50181770324707,47.19868850708008,77.35907745361328,39.479576110839844,0.5310800671577454,15.362000465393066,93.60249328613281,54.34592819213867
2015-05-07,27.919153213500977,21.3439998626709,26.846534729003906,47.62696838378906,77.68594360351562,39.83786392211914,0.5404520034790039,15.786666870117188,94.64994812011719,53.982364654541016
2015-05-08,28.445171356201172,21.684499740600586,27.188777923583984,48.35799026489258,77.76519012451172,40.733577728271484,0.5005607008934021,15.77400016784668,95.40876007080078,54.83891296386719
2015-05-11,28.155414581298828,21.642499923706055,27.031774520874023,48.32844543457031,77.2699203491211,40.4094123840332,0.4957544803619385,15.965999603271484,94.65819549560547,53.91933822631836
2015-05-12,28.055112838745117,21.551000595092773,26.682600021362305,48.261985778808594,76.72517395019531,40.39236068725586,0.5005607008934021,16.31599998474121,94.55101013183594,54.0684814453125
2015-05-13,28.086322784423828,21.3435001373291,26.720239639282227,48.38011932373047,77.69584655761719,40.63121795654297,0.5034445524215698,16.211999893188477,95.55721282958984,53.782649993896484
2015-05-14,28.741605758666992,21.61400032043457,27.201162338256836,48.77150344848633,80.59806823730469,41.5610466003418,0.5116150379180908,16.273332595825195,97.75932312011719,54.037410736083984
2015-05-15,28.70149803161621,21.299999237060547,27.066938400268555,48.64596176147461,79.65705108642578,41.2027587890625,0.51185542345047,16.589332580566406,98.41912841796875,54.273529052734375
2015-05-18,29.018003463745117,21.261999130249023,27.075855255126953,49.0446891784668,80.1126937866211,40.95538330078125,0.5111343860626221,16.583332061767578,98.80677795410156,53.96284103393555
2015-05-19,28.991254806518555,21.085500717163086,27.205123901367188,49.4803581237793,79.86507415771484,40.852333068847656,0.5079477429389954,16.47599983215332,99.42534637451172,54.04983139038086
2015-05-20,28.989023208618164,21.19300079345703,27.36509895324707,49.08900833129883,79.78583526611328,40.852333068847656,0.5079477429389954,16.290000915527344,99.99443054199219,54.1368293762207
2015-05-21,29.285463333129883,21.581499099731445,27.578075408935547,49.21452713012695,79.71650695800781,40.7149658203125,0.5043262839317322,16.374666213989258,99.35111999511719,54.186519622802734
2015-05-22,29.541780471801758,21.381500244140625,27.464656829833984,49.08162307739258,79.77593994140625,40.268489837646484,0.503602147102356,16.51533317565918,98.63358306884766,53.7578010559082
2015-05-26,28.89095115661621,21.273500442504883,27.101612091064453,48.53519821166992,78.5774154663086,40.002315521240234,0.5004636645317078,16.497333526611328,97.52014923095703,53.03083801269531
2015-05-27,29.430343627929688,21.570999145507812,27.45128059387207,49.08162307739258,79.78583526611328,40.87809753417969,0.5272612571716309,16.495332717895508,98.51809692382812,52.88172912597656
2015-05-28,29.372390747070312,21.328500747680664,27.447813034057617,48.88224411010742,79.38963317871094,40.740726470947266,0.5345038771629333,16.76333236694336,98.65833282470703,52.88172912597656
2015-05-29,29.038053512573242,21.46150016784668,27.008991241455078,48.572113037109375,78.43872833251953,40.23414611816406,0.5342622995376587,16.719999313354492,99.14495849609375,52.937652587890625
2015-06-01,29.095998764038086,21.54599952697754,27.201658248901367,48.793636322021484,79.52831268310547,40.55181121826172,0.5402979254722595,16.6299991607666,98.85625457763672,52.8941650390625
2015-06-02,28.966733932495117,21.54949951171875,27.436424255371094,48.749332427978516,79.6768798828125,40.28565979003906,0.5296753644943237,16.55666732788086,97.11601257324219,52.90036392211914
2015-06-03,29.002384185791016,21.829500198364258,27.50279426574707,49.251441955566406,81.65791320800781,40.22555923461914,0.5238813161849976,16.599332809448242,97.61087036132812,52.78229522705078
2015-06-04,28.832996368408203,21.538999557495117,27.324487686157227,48.97823715209961,81.27161407470703,39.80485916137695,0.5332968235015869,16.39466667175293,96.2087631225586,52.328739166259766
2015-06-05,28.67473793029785,21.34749984741211,27.217506408691406,49.783103942871094,81.36075592041016,39.615962982177734,0.537401020526886,16.609333038330078,96.10980987548828,52.36602020263672
2015-06-08,28.48528480529785,21.174999237060547,26.91785430908203,49.391754150390625,79.90470123291016,39.26393127441406,0.5250884890556335,17.086000442504883,96.42321014404297,52.72016525268555
2015-06-09,28.40059471130371,21.27400016784668,26.852479934692383,49.60591125488281,79.90470123291016,39.195228576660156,0.5277441143989563,17.066667556762695,96.4891586303711,52.55242156982422
2015-06-10,28.72601890563965,21.53849983215332,27.36956024169922,50.40334701538086,81.38056945800781,40.019493103027344,0.5183285474777222,16.713333129882812,97.77581024169922,52.9438591003418
2015-06-11,28.661375045776367,21.648500442504883,27.242765426635742,50.595333099365234,81.0536880493164,39.87352752685547,0.5238813161849976,16.76066780090332,98.8277359008789,52.869300842285156
2015-06-12,28.34486961364746,21.496000289916992,27.115476608276367,50.39597702026367,80.75654602050781,39.46998596191406,0.509637713432312,16.71266746520996,97.44450378417969,52.20446014404297
2015-06-15,28.28914451599121,21.183500289916992,26.894084930419922,50.2039909362793,79.94432067871094,39.049285888671875,0.5086719393730164,16.691999435424805,98.5461196899414,52.0180778503418
2015-06-16,28.440706253051758,21.363000869750977,26.986703872680664,50.48457336425781,80.2909927368164,39.34978485107422,0.5149487853050232,16.874666213989258,100.67473602294922,52.61455154418945
2015-06-17,28.373844146728516,21.390499114990234,27.072385787963867,50.314754486083984,81.01405334472656,39.46998596191406,0.5209842920303345,17.360666275024414,99.1755599975586,52.645599365234375
2015-06-18,28.50312614440918,21.969499588012695,27.546875,50.787322998046875,82.12344360351562,40.11394119262695,0.5296753644943237,17.459333419799805,100.12804412841797,53.11161804199219
2015-06-19,28.21782112121582,21.746000289916992,27.613245010375977,50.270450592041016,81.72723388671875,39.58161926269531,0.5279853343963623,17.500667572021484,99.66426086425781,52.9438591003418
2015-06-22,28.44293975830078,21.81450080871582,27.72022247314453,50.92023468017578,83.93607330322266,39.693214416503906,0.5258126854896545,17.319332122802734,99.59799194335938,52.91899871826172
2015-06-23,28.313669204711914,22.29949951171875,27.903974533081055,51.50359344482422,87.04629516601562,39.41847610473633,0.5122932195663452,17.844667434692383,101.66034698486328,52.85686111450195
2015-06-24,28.55438804626465,22.04199981689453,27.665246963500977,50.96454620361328,88.01699829101562,39.18666076660156,0.50722336769104,17.67799949645996,98.7034912109375,52.61455154418945
2015-06-25,28.41842269897461,22.0049991607666,27.634538650512695,50.69134521484375,87.14533996582031,39.195228576660156,0.511086106300354,17.91933250427246,101.32079315185547,52.14854431152344
2015-06-26,28.251251220703125,21.905000686645508,27.392343521118164,50.91284942626953,87.17507934570312,38.860389709472656,0.5007049441337585,17.805999755859375,102.082763671875,52.10506057739258
2015-06-29,27.756439208984375,21.493000030517578,26.807409286499023,49.62065887451172,84.98603057861328,38.09622573852539,0.48573705554008484,17.468000411987305,100.3765640258789,51.458858489990234
2015-06-30,27.9570369720459,21.704500198364258,26.747478485107422,50.034156799316406,84.95631408691406,37.90733337402344,0.48549556732177734,17.884000778198242,101.04744720458984,51.69496536254883
2015-07-01,28.21782112121582,21.86949920654297,26.908945083618164,50.591583251953125,86.08549499511719,38.1649169921875,0.49249693751335144,17.94333267211914,102.1904525756836,51.17927551269531
2015-07-02,28.182165145874023,21.885499954223633,27.109039306640625,50.18278121948242,86.46189880371094,38.12199020385742,0.49297967553138733,18.667999267578125,100.89009094238281,51.65768051147461
2015-07-06,28.08409309387207,21.802000045776367,27.023847579956055,50.04159927368164,86.71942901611328,38.11338806152344,0.4869441092014313,18.648000717163086,101.17996978759766,51.2786750793457
2015-07-07,28.014991760253906,21.836000442504883,27.242273330688477,49.647682189941406,86.39256286621094,38.036109924316406,0.477770060300827,17.858667373657227,99.97069549560547,51.48994064331055
2015-07-08,27.319570541381836,21.485000610351562,26.829694747924805,48.62946319580078,84.83744812011719,37.9846076965332,0.47439032793045044,16.997333526611328,98.38048553466797,50.93072509765625
2015-07-09,26.762351989746094,21.719499588012695,26.975805282592773,49.13485336303711,85.06526947021484,38.22502899169922,0.4685961604118347,17.19466781616211,98.84425354003906,50.700836181640625
2015-07-10,27.477827072143555,22.175500869750977,27.54340934753418,49.83348846435547,87.11563110351562,38.30229187011719,0.4768044948577881,17.27666664123535,101.17166137695312,51.0860710144043
2015-07-13,28.008304595947266,22.778499603271484,28.317045211791992,50.606441497802734,89.24522399902344,39.100791931152344,0.4799429178237915,17.477333068847656,101.42012786865234,51.21031951904297
2015-07-14,27.997163772583008,23.278499603271484,28.933673858642578,51.31250762939453,88.82923126220703,39.16948318481445,0.4801843464374542,17.709999084472656,103.53221130371094,51.63905715942383
2015-07-15,28.266857147216797,23.059499740600586,28.922780990600586,51.42399597167969,88.90846252441406,39.2896728515625,0.4768044948577881,17.542667388916016,104.2445297241211,51.421600341796875
2015-07-16,28.643539428710938,23.77400016784668,29.805381774902344,51.6989860534668,89.98811340332031,40.06243133544922,0.4874269664287567,17.778667449951172,103.47423553466797,51.514801025390625
2015-07-17,28.89095115661621,24.15049934387207,34.651268005371094,51.43886184692383,94.06903076171875,40.0280876159668,0.48452991247177124,18.310667037963867,102.57971954345703,51.32838439941406
2015-07-20,29.437030792236328,24.405000686645508,34.315460205078125,51.47602844238281,96.98114776611328,40.28565979003906,0.4755972623825073,18.817333221435547,101.58580780029297,50.800270080566406
2015-07-21,29.142818450927734,24.399999618530273,34.439781188964844,51.35709762573242,97.45660400390625,40.59475326538086,0.477770060300827,17.784666061401367,100.10323333740234,50.738128662109375
2015-07-22,27.910240173339844,24.41349983215332,34.427398681640625,52.08548355102539,96.11940002441406,39.100791931152344,0.4685961604118347,17.857999801635742,99.89617919921875,50.81889343261719
2015-07-23,27.896860122680664,24.108999252319336,33.41849899291992,51.758453369140625,94.53458404541016,39.59019470214844,0.47439032793045044,17.81333351135254,98.83599090576172,50.41502380371094
2015-07-24,27.749752044677734,26.47100067138672,32.429908752441406,51.215904235839844,96.0302505493164,39.4442253112793,0.4688376188278198,17.694000244140625,97.68470764160156,49.669429779052734
2015-07-27,27.364158630371094,26.570499420166016,32.6032600402832,50.5469856262207,93.27661895751953,38.937652587890625,0.4661819636821747,16.867332458496094,97.63502502441406,49.246910095214844
2015-07-28,27.5001163482666,26.30150032043457,32.67210006713867,50.576717376708984,94.38600158691406,38.92906951904297,0.47632160782814026,17.654666900634766,100.64984893798828,51.24761199951172
2015-07-29,27.413188934326172,26.450000762939453,32.759761810302734,51.238197326660156,96.06988525390625,39.74474334716797,0.48211559653282166,17.58799934387207,100.64984893798828,51.65768051147461
2015-07-30,27.275005340576172,26.83799934387207,32.914791107177734,51.31250762939453,94.30675506591797,40.251312255859375,0.4833228290081024,17.785999298095703,99.85474395751953,51.57692337036133
2015-07-31,27.0365047454834,26.8075008392334,32.56511688232422,50.93345642089844,93.11814880371094,40.09676742553711,0.4816328287124634,17.74333381652832,100.55049896240234,49.21587371826172
2015-08-03,26.39904022216797,26.75149917602539,32.9227180480957,50.93345642089844,93.24691009521484,40.191219329833984,0.48984119296073914,17.332666397094727,100.12804412841797,48.50132369995117
2015-08-04,25.552061080932617,26.594999313354492,32.752342224121094,50.881431579589844,93.16765594482422,40.8180046081543,0.49177253246307373,17.75200080871582,100.08667755126953,47.948326110839844
2015-08-05,25.721454620361328,26.850500106811523,33.3471794128418,51.082122802734375,95.52509307861328,40.852333068847656,0.4968424141407013,18.0086669921875,102.6377182006836,47.948326110839844
2015-08-06,25.777423858642578,26.472999572753906,33.191654205322266,50.7253532409668,94.21761322021484,40.0280876159668,0.4937039315700531,16.408666610717773,101.08057403564453,48.51995086669922
2015-08-07,25.8647518157959,26.131000518798828,32.9063720703125,50.576717376708984,93.40538787841797,40.1311149597168,0.5547834038734436,16.167333602905273,100.8983383178711,47.737083435058594
2015-08-10,26.805133819580078,26.200000762939453,32.84446334838867,51.201019287109375,93.25682830810547,40.637691497802734,0.5740969181060791,16.076000213623047,101.44501495361328,48.93002700805664
2015-08-11,25.410236358642578,26.37299919128418,34.189666748046875,50.71049880981445,92.73184204101562,39.84777069091797,0.5711998343467712,15.824666976928711,101.26278686523438,48.59764862060547
2015-08-12,25.802064895629883,26.295499801635742,34.24761199951172,49.974700927734375,93.29644012451172,40.1311149597168,0.5726479887962341,15.878000259399414,100.38483428955078,49.412940979003906
2015-08-13,25.781909942626953,26.482999801635742,34.00194549560547,50.205116271972656,92.54365539550781,40.12253189086914,0.5678198337554932,16.167333602905273,99.82160186767578,49.32513427734375
2015-08-14,25.963266372680664,26.576000213623047,34.14360046386719,50.45779800415039,93.52425384521484,40.35435104370117,0.5683026909828186,16.209999084472656,100.2357406616211,49.14326477050781
2015-08-17,26.23194694519043,26.76099967956543,34.378360748291016,50.591583251953125,93.03889465332031,40.629112243652344,0.5646812319755554,16.999332427978516,102.55487060546875,49.4004020690918
2015-08-18,26.084169387817383,26.750999450683594,34.11189651489258,50.695621490478516,94.26713562011719,40.85382080078125,0.5595415234565735,17.381332397460938,103.94635009765625,48.85477066040039
2015-08-19,25.750560760498047,26.645999908447266,34.374900817871094,50.24226760864258,94.40581512451172,40.28339385986328,0.5573597550392151,17.016666412353516,102.05791473388672,47.80744934082031
2015-08-20,25.2221622467041,25.788999557495117,33.65375900268555,49.00849914550781,89.70087432861328,39.462337493896484,0.5372376441955566,16.14533233642578,99.21701049804688,46.76637649536133
2015-08-21,23.67950439453125,24.723499298095703,31.897972106933594,47.269344329833984,85.24356079101562,37.22389221191406,0.5205094814300537,15.38466739654541,96.30980682373047,45.23613357543945
2015-08-24,23.088411331176758,23.168500900268555,30.61418914794922,44.7795295715332,81.31121826171875,36.02257537841797,0.5020842552185059,14.591333389282227,91.4645004272461,43.09757614135742
2015-08-25,23.22722816467285,23.318500518798828,30.334842681884766,44.526824951171875,82.21258544921875,34.976802825927734,0.49165984988212585,14.66866683959961,91.0917739868164,43.0912971496582
2015-08-26,24.559425354003906,25.03849983215332,32.67606735229492,46.75651931762695,86.36285400390625,36.91273880004883,0.528752326965332,14.989333152770996,93.97412872314453,45.46818161010742
2015-08-27,25.282621383666992,25.918500900268555,33.083187103271484,47.92339324951172,88.87873840332031,37.94123840332031,0.5486322045326233,16.19933319091797,97.54388427734375,46.94197463989258
2015-08-28,25.365455627441406,25.90049934387207,32.67359161376953,47.66325759887695,90.1466064453125,37.9671630859375,0.5510563850402832,16.565332412719727,97.13805389404297,47.0799446105957
2015-08-31,25.246789932250977,25.644500732421875,32.0856819152832,47.640953063964844,88.58158874511719,37.61282730102539,0.5449957251548767,16.604000091552734,95.82942962646484,47.186561584472656
2015-09-01,24.118343353271484,24.82699966430664,31.18128776550293,45.67140197753906,86.4024658203125,36.14356994628906,0.522691547870636,15.908666610717773,93.28663635253906,45.204776763916016
2015-09-02,25.152755737304688,25.52750015258789,31.941551208496094,46.50381851196289,89.0372314453125,37.47453689575195,0.538449764251709,16.512666702270508,94.61186981201172,45.925994873046875
2015-09-03,24.711673736572266,25.236000061035156,31.55225944519043,46.585575103759766,87.31373596191406,37.59553527832031,0.5399044752120972,16.3713321685791,94.41310119628906,46.2772216796875
2015-09-04,24.465389251708984,24.950000762939453,31.15157127380371,45.70856857299805,87.4227066040039,36.82633590698242,0.5272977948188782,16.1286678314209,93.06304168701172,45.44308853149414
2015-09-08,25.14604377746582,25.87700080871582,31.89053726196289,46.94232177734375,88.68063354492188,37.93258285522461,0.5498440861701965,16.544666290283203,96.15243530273438,46.09532928466797
2015-09-09,24.662418365478516,25.844499588012695,31.867259979248047,46.213966369628906,89.5820083618164,37.22389221191406,0.5389347672462463,16.5939998626709,95.72821807861328,45.154598236083984
2015-09-10,25.204256057739258,26.11199951171875,32.24714279174805,46.57071304321289,91.10740661621094,37.414039611816406,0.5474196672439575,16.565332412719727,97.1340103149414,45.480716705322266
2015-09-11,25.571443557739258,26.472000122070312,32.456153869628906,46.49639129638672,91.1767349243164,37.57825469970703,0.5491172671318054,16.682666778564453,98.73945617675781,45.58732986450195
2015-09-14,25.817733764648438,26.069000244140625,32.31599426269531,46.36260223388672,91.43425750732422,37.197967529296875,0.5500866770744324,16.87933349609375,97.99081420898438,45.461917877197266
2015-09-15,26.034915924072266,26.118499755859375,32.94005584716797,47.25448226928711,92.01868438720703,38.010372161865234,0.556147575378418,16.904666900634766,99.8458023071289,45.6939582824707
2015-09-16,26.064027786254883,26.36949920654297,32.96234130859375,47.670677185058594,92.5634536743164,38.28693771362305,0.5600267648696899,17.483333587646484,100.7774658203125,46.5970344543457
2015-09-17,25.50651741027832,26.943500518798828,33.26694107055664,46.56328582763672,93.44500732421875,38.243736267089844,0.5651178359985352,17.471332550048828,102.53266906738281,46.697383880615234
2015-09-18,25.401281356811523,27.01300048828125,32.7345085144043,45.29236602783203,93.50444030761719,37.57825469970703,0.5646327137947083,17.374666213989258,101.87549591064453,45.58106994628906
2015-09-21,25.795347213745117,27.41950035095215,33.03464889526367,45.67140197753906,94.6435317993164,38.122745513916016,0.5704512596130371,17.613332748413086,103.09832763671875,46.026344299316406
2015-09-22,25.39008903503418,26.920000076293945,32.35214614868164,45.270057678222656,92.0781021118164,37.94123840332031,0.5549355745315552,17.395999908447266,102.2581558227539,45.61869430541992
2015-09-23,25.596078872680664,26.803499221801758,32.356605529785156,45.069393157958984,93.07852172851562,37.915313720703125,0.5576022267341614,17.40399932861328,102.54930877685547,45.34274673461914
2015-09-24,25.74833106994629,26.6875,32.43683624267578,44.757232666015625,93.51435089111328,37.94987869262695,0.5682694315910339,17.541332244873047,100.7275619506836,45.6124267578125
2015-09-25,25.683391571044922,26.212499618530273,31.70579719543457,45.686275482177734,91.889892578125,37.975807189941406,0.5723907351493835,17.12733268737793,96.80126190185547,45.925994873046875
2015-09-28,25.175146102905273,25.202999114990234,30.918289184570312,44.578861236572266,88.36367797851562,37.414039611816406,0.5648751258850098,16.562000274658203,93.74839782714844,45.530887603759766
2015-09-29,24.418371200561523,24.803499221801758,30.837064743041992,44.47480392456055,85.84777069091797,37.543670654296875,0.5748152732849121,16.44333267211914,95.01280975341797,45.76293182373047
2015-09-30,24.696008682250977,25.594499588012695,31.617637634277344,45.31464385986328,89.047119140625,38.252376556396484,0.5976041555404663,16.559999465942383,96.50181579589844,46.628395080566406
2015-10-01,24.534793853759766,26.035999298095703,31.79742431640625,45.64910888671875,90.08717346191406,38.554866790771484,0.5859673023223877,15.991999626159668,97.00091552734375,46.44652557373047
2015-10-02,24.713909149169922,26.62700080871582,32.539859771728516,45.52184295654297,91.1965560913086,39.384559631347656,0.6012406945228577,16.504667282104492,98.84761047363281,47.58794403076172
2015-10-05,24.803476333618164,27.18400001525879,33.26743698120117,46.42764663696289,93.11814880371094,40.3006706237793,0.6162716746330261,16.40999984741211,99.52972412109375,48.17118453979492
2015-10-06,24.92214012145996,26.874000549316406,33.26545715332031,46.45011520385742,91.91962432861328,40.40440368652344,0.6242721676826477,16.097333908081055,96.53508758544922,48.8484992980957
2015-10-07,24.803476333618164,27.097000122070312,33.184226989746094,46.5099983215332,91.52342224121094,40.44760513305664,0.6308178305625916,15.46399974822998,96.8511962890625,49.670066833496094
2015-10-08,24.51688575744629,26.658000946044922,33.03563690185547,46.5099983215332,91.59272766113281,41.00938415527344,0.6344543099403381,15.114666938781738,96.56004333496094,50.19061279296875
2015-10-09,25.103498458862305,26.989999771118164,33.245643615722656,46.36027526855469,92.35545349121094,40.715518951416016,0.6320299506187439,14.712667465209961,99.21360778808594,49.70771408081055
2015-10-12,24.987070083618164,27.50950050354004,33.5026969909668,46.203060150146484,93.36576843261719,40.62045669555664,0.6388183236122131,14.371999740600586,101.90877532958984,49.7327995300293
2015-10-13,25.02960968017578,27.44499969482422,33.83652114868164,46.0758171081543,93.22710418701172,40.52538299560547,0.6400303244590759,14.616666793823242,103.13990783691406,49.64499282836914
2015-10-14,24.675851821899414,27.241500854492188,33.699825286865234,44.90798568725586,93.17757415771484,40.343894958496094,0.6633041501045227,14.458666801452637,101.54280090332031,50.272132873535156
2015-10-15,25.045284271240234,28.121999740600586,34.324378967285156,46.33032989501953,95.04963684082031,40.62910461425781,0.665001392364502,14.753999710083008,99.96228790283203,51.09998321533203
2015-10-16,24.86168670654297,28.538000106811523,34.438297271728516,46.734561920166016,96.6146469116211,41.06123733520508,0.6754260063171387,15.133999824523926,99.80420684814453,51.72711944580078
2015-10-19,25.016178131103516,28.657499313354492,34.66761779785156,46.577354431152344,97.53584289550781,41.15629959106445,0.6742138862609863,15.206666946411133,100.4281234741211,50.792659759521484
2015-10-20,25.472936630249023,28.04400062561035,33.67950439453125,46.80193328857422,96.07978057861328,41.28594207763672,0.6732441782951355,14.20199966430664,100.17021179199219,50.69232177734375
2015-10-21,25.470685958862305,27.78849983215332,33.273380279541016,46.457584381103516,96.188720703125,40.79331588745117,0.6645163893699646,14.005999565124512,98.24867248535156,50.30349349975586
2015-10-22,25.860275268554688,28.195499420166016,33.73597717285156,47.303504943847656,98.72444152832031,41.51064682006836,0.6885174512863159,14.114666938781738,94.67176055908203,51.98423767089844
2015-10-23,26.661832809448242,29.951499938964844,35.62748718261719,47.81254196166992,101.22054290771484,45.69369888305664,0.6931236386299133,13.939332962036133,96.42694854736328,52.04069137573242
2015-10-26,25.811017990112305,30.430500030517578,36.21142578125,47.834991455078125,102.78553771972656,46.886390686035156,0.6899719834327698,14.350666999816895,96.93436431884766,50.93693161010742
2015-10-27,25.6475772857666,30.550500869750977,36.295616149902344,47.64036178588867,102.71621704101562,46.40239334106445,0.6894873976707458,14.023332595825195,99.29680633544922,50.85538864135742
2015-10-28,26.70437240600586,30.854999542236328,36.498687744140625,49.032737731933594,103.21146392822266,46.65302658081055,0.6950633525848389,14.197333335876465,99.63785552978516,51.601680755615234
2015-10-29,26.98649024963379,31.327499389648438,36.89145278930664,48.81565856933594,103.8850326538086,46.117183685302734,0.6710622310638428,14.108667373657227,99.57962036132812,51.5703239440918
2015-10-30,26.75586700439453,31.295000076293945,36.52196502685547,48.097007751464844,101.00262451171875,45.49492263793945,0.6877901554107666,13.795332908630371,97.97415924072266,51.890174865722656
2015-11-02,27.13201904296875,31.417499542236328,37.03459167480469,49.062686920166016,102.32991790771484,46.01348114013672,0.6957906484603882,14.252667427062988,98.73114776611328,53.48313522338867
2015-11-03,27.443227767944336,31.265499114990234,37.08808517456055,49.242347717285156,101.6068344116211,46.799957275390625,0.6909418702125549,13.890000343322754,97.87433624267578,54.467750549316406
2015-11-04,27.315616607666016,32.04750061035156,37.409515380859375,49.29475021362305,102.95393371582031,47.01601028442383,0.6795474290847778,15.442000389099121,95.36221313476562,53.922115325927734
2015-11-05,27.189695358276367,32.782501220703125,37.67499542236328,49.736412048339844,107.72821807861328,46.998741149902344,0.6717894673347473,15.451333045959473,96.68484497070312,53.18836212158203
2015-11-06,27.221174240112305,32.96849822998047,37.72106170654297,51.24856185913086,106.08395385742188,47.4654426574707,0.7648847699165344,15.490667343139648,95.50358581542969,52.975135803222656
2015-11-09,27.110994338989258,32.77450180053711,37.38277816772461,50.44758224487305,105.479736328125,46.80859375,0.7614906430244446,15.022000312805176,95.04608917236328,51.84275436401367
2015-11-10,26.25653648376465,32.98400115966797,37.555633544921875,50.66465759277344,106.88626098632812,46.246829986572266,0.7469446063041687,14.433333396911621,96.40199279785156,52.09580612182617
2015-11-11,26.108142852783203,33.662498474121094,37.90184020996094,50.417640686035156,107.97583770751953,46.36782455444336,0.7396715879440308,14.60533332824707,95.27901458740234,51.634002685546875
2015-11-12,26.02044105529785,33.279998779296875,37.469947814941406,49.40703201293945,106.99523162841797,46.082611083984375,0.7370046377182007,14.196000099182129,93.8482666015625,50.235923767089844
2015-11-13,25.260421752929688,32.11750030517578,36.65471267700195,49.077659606933594,102.9638442993164,45.66777038574219,0.72245854139328,13.812666893005371,92.67534637451172,49.407188415527344
2015-11-16,25.67416000366211,32.390499114990234,37.16732406616211,49.788822174072266,103.052978515625,46.471534729003906,0.7370046377182007,14.287332534790039,94.68008422851562,51.17850112915039
2015-11-17,25.56397819519043,32.165000915527344,36.947418212890625,49.504337310791016,104.13265991210938,46.08869171142578,0.7370046377182007,14.266667366027832,95.15422058105469,50.5838508605957
2015-11-18,26.37346839904785,33.176998138427734,37.642303466796875,50.492488861083984,106.74761199951172,46.8543815612793,0.7551348805427551,14.73799991607666,97.53328704833984,51.07729721069336
2015-11-19,26.70850372314453,33.063499450683594,37.638832092285156,50.64970016479492,105.25192260742188,46.93268585205078,0.7573251128196716,14.786666870117188,92.02651977539062,50.79896545410156
2015-11-20,26.82543182373047,33.42250061035156,38.483795166015625,50.55989074707031,106.30186462402344,47.15019989013672,0.7638954520225525,14.667332649230957,93.97303009033203,50.476318359375
2015-11-23,26.476896286010742,33.949501037597656,38.46894454956055,50.0657844543457,105.93537902832031,47.15019989013672,0.7524577379226685,14.516667366027832,93.29922485351562,50.78628921508789
2015-11-24,26.73098373413086,33.557498931884766,38.118778228759766,49.99095916748047,104.73685455322266,47.20242691040039,0.7585417628288269,14.550000190734863,94.15602111816406,51.7984733581543
2015-11-25,26.539857864379883,33.766998291015625,38.100440979003906,50.05082321166992,104.40998840332031,46.71516036987305,0.7575681209564209,15.309332847595215,95.17088317871094,51.399940490722656
2015-11-27,26.49039077758789,33.66299819946289,38.23466873168945,50.282875061035156,104.44960021972656,46.92399978637695,0.7638954520225525,15.440667152404785,95.11263275146484,51.38727569580078
2015-11-30,26.60057258605957,33.2400016784668,37.7829704284668,49.91608428955078,103.2510986328125,47.2894287109375,0.7719261646270752,15.350666999816895,93.75672149658203,51.65930938720703
2015-12-01,26.384714126586914,33.952999114990234,38.82009506225586,50.61227035522461,106.10377502441406,48.04640197753906,0.7969920039176941,15.812666893005371,96.70978546142578,51.8047981262207
2015-12-02,26.1463565826416,33.800498962402344,38.525901794433594,49.90108871459961,105.06373596191406,48.037689208984375,0.7909082174301147,15.465999603271484,98.2803726196289,50.32448959350586
2015-12-03,25.90350914001465,33.3125,38.047943115234375,49.257320404052734,103.38976287841797,47.15892028808594,0.7892045378684998,15.513999938964844,96.07483673095703,49.603302001953125
2015-12-04,26.764711380004883,33.63199996948242,38.593257904052734,50.82187271118164,105.17269134521484,48.64675521850586,0.8213274478912354,15.358667373657227,98.36392974853516,49.88798904418945
2015-12-07,26.5960750579834,33.49150085449219,38.285186767578125,50.155635833740234,104.60809326171875,48.559749603271484,0.8057528734207153,15.408666610717773,96.83509063720703,48.58479690551758
2015-12-08,26.58483123779297,33.86650085449219,38.39167404174805,49.37708282470703,105.479736328125,48.54234313964844,0.8167039155960083,15.114666938781738,96.81002044677734,47.212013244628906
2015-12-09,25.99795913696289,33.239498138427734,37.76810836791992,49.00279998779297,103.60768127441406,47.83757781982422,0.796018660068512,14.968000411987305,96.11660766601562,47.84463119506836
2015-12-10,26.121627807617188,33.11600112915039,37.643795013427734,49.115089416503906,104.41988372802734,48.089900970458984,0.8025891780853271,15.137999534606934,97.0857162475586,47.88258361816406
2015-12-11,25.449291229248047,32.00749969482422,37.16732406616211,47.96225357055664,101.15121459960938,47.037086486816406,0.7906647324562073,14.468000411987305,96.89360046386719,47.0285530090332
2015-12-14,25.291902542114258,32.89550018310547,37.767616271972656,48.111968994140625,103.66709899902344,47.97679138183594,0.7926114797592163,14.571999549865723,96.78496551513672,48.09768295288086
2015-12-15,24.844432830810547,32.93199920654297,37.64627456665039,49.48189163208008,103.55815887451172,48.02899932861328,0.802345871925354,14.739333152770996,98.25532531738281,50.24858093261719
2015-12-16,25.03556251525879,33.78850173950195,38.4634895324707,50.55238342285156,105.77690887451172,48.838199615478516,0.8072130084037781,15.633999824523926,99.27456665039062,50.07144546508789
2015-12-17,24.50490379333496,33.532501220703125,38.12868118286133,49.61663818359375,105.2123031616211,48.46405029296875,0.7950451374053955,15.559332847595215,99.60037994384766,49.318634033203125
2015-12-18,23.841577529907227,33.207000732421875,37.48579406738281,48.20929718017578,103.052978515625,47.097999572753906,0.7821474075317383,15.36400032043457,96.7599105834961,48.88846969604492
2015-12-21,24.133893966674805,33.22549819946289,37.68143081665039,49.062686920166016,103.77606201171875,47.707061767578125,0.8006423711776733,15.503999710083008,98.08822631835938,48.87580490112305
2015-12-22,24.111408233642578,33.157501220703125,37.99494552612305,49.16748046875,104.50904083251953,48.159507751464844,0.8013723492622375,15.329999923706055,98.1133041381836,49.122528076171875
2015-12-23,24.421710968017578,33.185001373291016,38.063297271728516,49.95351028442383,103.63739776611328,48.56845474243164,0.8045360445976257,15.313332557678223,99.15760040283203,50.729373931884766
2015-12-24,24.291290283203125,33.13949966430664,37.93105697631836,49.85618591308594,104.02368927001953,48.437923431396484,0.8072130084037781,15.371333122253418,98.86519622802734,50.185306549072266
2015-12-28,24.019214630126953,33.7599983215332,38.74333190917969,49.69148254394531,104.92505645751953,48.681575775146484,0.80648273229599,15.263333320617676,98.85682678222656,49.81206512451172
2015-12-29,24.4509334564209,34.69850158691406,39.32381057739258,50.208030700683594,106.24244689941406,49.20361328125,0.819624125957489,15.812666893005371,100.10161590576172,50.07777404785156
2015-12-30,24.131643295288086,34.45349884033203,39.14252853393555,49.84870147705078,105.2123031616211,48.99480438232422,0.8125666975975037,15.87266731262207,99.34976196289062,49.41350173950195
2015-12-31,23.66843605041504,33.794498443603516,38.53382873535156,49.42949295043945,103.66709899902344,48.27262878417969,0.8021024465560913,16.000667572021484,98.2803726196289,49.31229019165039
2016-01-04,23.688676834106445,31.84950065612793,37.614078521728516,47.94487380981445,101.25025939941406,47.68096923828125,0.7877447009086609,14.894000053405762,97.29457092285156,49.0023193359375
2016-01-05,23.095054626464844,31.68950080871582,37.71759033203125,48.02777099609375,101.75542449951172,47.89848709106445,0.8003990054130554,14.895333290100098,97.47835540771484,49.41984176635742
2016-01-06,22.64308738708496,31.63249969482422,37.60862731933594,47.3344612121582,101.9931411743164,47.02840042114258,0.7673025131225586,14.602666854858398,96.48419189453125,49.00864028930664
2016-01-07,21.687442779541016,30.39699935913086,36.70077896118164,45.4202766418457,96.99105834960938,45.39263153076172,0.7368830442428589,14.376667022705078,93.64375305175781,48.224212646484375
2016-01-08,21.802127838134766,30.352500915527344,36.201026916503906,44.402896881103516,96.40665435791016,45.531829833984375,0.7210648059844971,14.066666603088379,92.03136444091797,47.2499885559082
2016-01-11,22.1551456451416,30.886999130249023,36.30799865722656,44.335060119628906,96.5849380493164,45.505733489990234,0.7222816944122314,13.856666564941406,91.54678344726562,46.61735153198242
2016-01-12,22.4766902923584,30.894500732421875,36.91572570800781,44.43303680419922,98.42729949951172,45.923377990722656,0.7344497442245483,13.998000144958496,93.78575134277344,47.57261276245117
2016-01-13,21.8988094329834,29.090499877929688,35.63936996459961,43.21219253540039,94.53458404541016,44.93147659301758,0.7120606899261475,13.354000091552734,91.25440979003906,47.8572883605957
2016-01-14,22.37775421142578,29.649999618530273,36.224796295166016,43.86028289794922,97.4367904663086,46.210506439208984,0.6977026462554932,13.745332717895508,92.5325927734375,50.05245590209961
2016-01-15,21.840347290039062,28.509000778198242,35.18964767456055,42.9860954284668,94.06903076171875,44.36592483520508,0.6597390174865723,13.666000366210938,91.28783416748047,49.07823944091797
2016-01-19,21.734670639038086,28.724000930786133,35.61509323120117,42.9635009765625,94.3563003540039,43.991783142089844,0.6650928854942322,13.64799976348877,94.05310821533203,48.331748962402344
2016-01-20,21.763893127441406,28.588499069213867,35.5893440246582,41.83306884765625,93.45491027832031,44.1919059753418,0.6687431931495667,13.24666690826416,95.8994369506836,46.294734954833984
2016-01-21,21.653722763061523,28.750999450683594,35.99101638793945,41.63712692260742,93.26670837402344,43.92216491699219,0.6765303611755371,13.33133316040039,94.82170104980469,46.876731872558594
2016-01-22,22.80498504638672,29.819000244140625,36.921669006347656,42.918270111083984,97.01085662841797,45.497039794921875,0.6923488974571228,13.50333309173584,95.51508331298828,48.439300537109375
2016-01-25,22.359773635864258,29.826499938964844,36.33525085449219,41.94612121582031,96.0896987915039,45.0620002746582,0.6916185617446899,13.092000007629395,94.721435546875,46.800811767578125
2016-01-26,22.483440399169922,30.0625,36.343658447265625,43.01624298095703,96.41654205322266,45.39263153076172,0.6984326839447021,12.904000282287598,95.20597076416016,48.52152633666992
2016-01-27,21.006132125854492,29.167499542236328,35.54080581665039,42.9860954284668,93.55396270751953,44.5660400390625,0.6901586055755615,12.538000106811523,93.84423065185547,47.629547119140625
2016-01-28,21.156784057617188,31.767499923706055,37.06232833862305,43.166961669921875,108.07489013671875,45.296913146972656,0.6826145648956299,12.646666526794434,93.05058288574219,48.70499038696289
2016-01-29,21.8875675201416,29.350000381469727,37.708675384521484,44.83998489379883,111.14547729492188,47.933292388916016,0.7127905488014221,12.74666690826416,96.20852661132812,49.24903106689453
2016-02-01,21.682952880859375,28.74049949645996,38.17523956298828,44.357666015625,113.9981460571289,47.6026496887207,0.7130340337753296,13.129332542419434,96.8183822631836,48.26215744018555
2016-02-02,21.24448013305664,27.604999542236328,38.67745590209961,42.97856903076172,113.52272033691406,46.11479568481445,0.6828578114509583,12.185333251953125,95.1391830444336,47.186710357666016
2016-02-03,21.664958953857422,26.553499221801758,37.11581802368164,43.264923095703125,111.62092590332031,45.383934020996094,0.6862648725509644,11.565333366394043,94.19512939453125,49.647586822509766
2016-02-04,21.839040756225586,26.812999725341797,36.15743637084961,44.01101303100586,109.4417953491211,45.24471664428711,0.6865081191062927,11.688667297363281,95.40650939941406,50.501625061035156
2016-02-05,21.255765914916992,25.10650062561035,34.856327056884766,43.52116775512695,103.08271026611328,43.64373779296875,0.6431906819343567,10.84000015258789,93.3346176147461,50.659786224365234
2016-02-08,21.479578018188477,24.405000686645508,34.876129150390625,42.60930633544922,98.80369567871094,42.99116897583008,0.6137446165084839,9.866000175476074,91.91436767578125,51.342994689941406
2016-02-09,21.47505760192871,24.103500366210938,34.72061538696289,42.35307312011719,98.5956802368164,42.8780632019043,0.6203153133392334,9.883333206176758,92.8667984008789,51.119571685791016
2016-02-10,21.312278747558594,24.52400016784668,35.009361267089844,41.840606689453125,100.04183197021484,43.252201080322266,0.6188551783561707,9.57800006866455,94.186767578125,50.65359115600586
2016-02-11,21.18341827392578,25.19099998474121,34.9850959777832,39.99424743652344,100.94320678710938,43.23480224609375,0.6156916618347168,10.031332969665527,92.41566467285156,50.813148498535156
2016-02-12,21.248977661132812,25.354000091552734,35.01133728027344,43.32522964477539,101.04224395751953,43.939571380615234,0.62615567445755,10.06933307647705,93.41817474365234,51.72599792480469
2016-02-16,21.848081588745117,26.05500030517578,35.54378128051758,43.97333526611328,100.64603424072266,44.7720947265625,0.656818687915802,10.344667434692383,96.2001724243164,51.847293853759766
2016-02-17,22.182676315307617,26.704999923706055,36.2535285949707,44.28984832763672,104.20198822021484,45.93761444091797,0.6731235980987549,11.245332717895508,98.83177947998047,52.34522247314453
2016-02-18,21.762176513671875,26.25,35.53733825683594,43.5663948059082,102.48839569091797,45.736053466796875,0.7310425639152527,11.118000030517578,98.12164306640625,52.63246536254883
2016-02-19,21.712430953979492,26.7450008392334,35.765167236328125,43.57392501831055,103.57795715332031,45.41181564331055,0.7407765984535217,11.10533332824707,98.31381225585938,52.66436767578125
2016-02-22,21.90234375,27.975000381469727,36.1088981628418,44.139122009277344,106.14339447021484,46.13916778564453,0.7670592665672302,11.849332809448242,101.31301879882812,52.59416961669922
2016-02-23,21.4072322845459,27.64699935913086,35.52643966674805,42.29277420043945,104.45951843261719,44.8509635925293,0.7690060138702393,11.814000129699707,101.2127685546875,51.85368347167969
2016-02-24,21.726001739501953,27.70199966430664,35.70523452758789,42.30784225463867,105.86604309082031,45.008697509765625,0.7743598222732544,11.933333396911621,100.41909790039062,52.03878402709961
2016-02-25,21.875213623046875,27.75749969482422,36.112361907958984,42.9635009765625,107.04475402832031,45.65719985961914,0.7760631442070007,12.495332717895508,101.25453186035156,52.351593017578125
2016-02-26,21.909122467041016,27.761499404907227,35.901363372802734,43.3629150390625,106.89617156982422,44.95613479614258,0.7709527611732483,12.689332962036133,101.3631362915039,52.18564224243164
2016-02-29,21.85938262939453,27.625999450683594,35.52297592163086,42.42842483520508,105.90567779541016,44.58806610107422,0.7659459710121155,12.795332908630371,99.5001220703125,51.16426467895508
2016-03-01,22.727519989013672,28.95199966430664,36.75872039794922,44.61390686035156,108.77816009521484,46.07782745361328,0.7998957633972168,12.423333168029785,101.6471939086914,51.88560104370117
2016-03-02,22.777259826660156,29.010499954223633,36.6254768371582,45.035926818847656,108.90692138671875,46.40208053588867,0.8045362234115601,12.555999755859375,101.31301879882812,52.792057037353516
2016-03-03,22.946815490722656,28.874500274658203,36.23469924926758,45.1866569519043,108.54043579101562,45.87626647949219,0.7974531650543213,13.049332618713379,101.77249908447266,52.60055160522461
2016-03-04,23.288204193115234,28.756999969482422,36.16685104370117,45.25446701049805,107.36172485351562,45.59584045410156,0.7950108647346497,13.402667045593262,101.75579071044922,52.53034973144531
2016-03-07,23.03046417236328,28.139999389648438,35.30405044555664,45.17156982421875,104.72695922851562,44.71950912475586,0.7898818850517273,13.685999870300293,101.72237396240234,53.91557312011719
2016-03-08,22.84055519104004,28.01300048828125,35.34021759033203,44.297386169433594,104.92505645751953,45.262847900390625,0.7754711508750916,13.506667137145996,101.63885498046875,52.74737548828125
2016-03-09,22.860902786254883,27.973499298095703,35.92861557006836,44.55360794067383,106.49007415771484,46.30567932128906,0.7749829292297363,13.914667129516602,101.58849334716797,52.60055160522461
2016-03-10,22.87221336364746,27.946500778198242,36.263427734375,44.16926574707031,106.30186462402344,45.613372802734375,0.773761510848999,13.678667068481445,102.41897583007812,52.460113525390625
2016-03-11,23.11863136291504,28.480499267578125,36.8924446105957,44.71940231323242,108.37203979492188,46.50722885131836,0.7869507074356079,13.833333015441895,104.94403076171875,52.46649932861328
2016-03-14,23.177413940429688,28.668500900268555,37.158416748046875,44.55360794067383,108.84748840332031,46.59486770629883,0.7889047861099243,14.34333324432373,105.04469299316406,52.606937408447266
2016-03-15,23.643138885498047,28.85099983215332,37.17475509643555,44.61390686035156,109.62008666992188,46.962928771972656,0.7849968671798706,14.555999755859375,104.73429107666016,52.86867141723633
2016-03-16,23.95738410949707,28.713499069213867,37.51105880737305,44.402896881103516,111.11576843261719,47.62894821166992,0.8084441423416138,14.795332908630371,104.7762451171875,52.90058135986328
2016-03-17,23.9189510345459,27.972000122070312,37.566524505615234,44.274784088134766,109.96676635742188,47.90061950683594,0.8016054034233093,15.092000007629395,104.46585845947266,53.685768127441406
2016-03-18,23.946077346801758,27.604000091552734,37.41447830200195,45.57854080200195,110.3927001953125,46.87531280517578,0.8257856369018555,15.515999794006348,106.30298614501953,53.74958801269531
2016-03-21,23.94382095336914,27.698999404907227,37.74879837036133,45.56345748901367,110.78889465332031,47.19955825805664,0.8282276391983032,15.887999534606934,106.31979370117188,53.379364013671875
2016-03-22,24.126941680908203,28.02400016784668,37.644290924072266,45.39766311645508,111.18509674072266,47.38357162475586,0.8267621397972107,15.616000175476074,107.3935775756836,53.69852828979492
2016-03-23,23.993553161621094,28.48150062561035,37.520957946777344,45.17156982421875,111.47235870361328,47.29595184326172,0.8409284949302673,14.838666915893555,108.87837982177734,53.462345123291016
2016-03-24,23.889558792114258,29.147499084472656,37.3862419128418,44.824913024902344,111.97750854492188,47.506263732910156,0.8421500325202942,15.183333396911621,107.87168884277344,53.60914993286133
2016-03-28,23.781036376953125,28.993499755859375,37.3089714050293,44.764617919921875,112.61143493652344,46.91912078857422,0.8506981134414673,15.350666999816895,108.1485595703125,53.762359619140625
2016-03-29,24.34398078918457,29.69300079345703,37.933528900146484,44.48578643798828,115.0382080078125,47.944435119628906,0.8643757700920105,15.342000007629395,108.91191864013672,53.96025848388672
2016-03-30,24.76900291442871,29.934499740600586,38.05488204956055,44.99824905395508,113.61186981201172,48.24238586425781,0.8734127283096313,15.12600040435791,108.7861099243164,53.95387268066406
2016-03-31,24.64012908935547,29.68199920654297,37.78544998168945,44.62897491455078,113.0175552368164,48.40013885498047,0.8702374696731567,15.317999839782715,108.13174438476562,53.36019515991211
2016-04-01,24.866209030151367,29.924999237060547,38.120758056640625,45.11882019042969,114.9589614868164,48.698081970214844,0.8829381465911865,15.839332580566406,108.98743438720703,52.95802688598633
2016-04-04,25.121671676635742,29.659500122070312,37.89540100097656,44.94420623779297,111.48226165771484,48.575401306152344,0.8743897080421448,16.465999603271484,108.62673950195312,53.08571243286133
2016-04-05,24.82551383972168,29.30699920654297,37.57099151611328,44.306480407714844,111.15538787841797,47.81298828125,0.8731686472892761,17.031333923339844,106.5714340209961,52.479278564453125
2016-04-06,25.085512161254883,30.104000091552734,38.041507720947266,44.648128509521484,112.63124084472656,48.30373764038086,0.8743897080421448,17.69466781616211,107.40192413330078,53.18144607543945
2016-04-07,24.538402557373047,29.571500778198242,37.64775466918945,43.51693344116211,112.56190490722656,47.72534942626953,0.8653528690338135,17.14666748046875,106.4288558959961,52.58140563964844
2016-04-08,24.565528869628906,29.729999542236328,37.61555480957031,43.835792541503906,109.5804672241211,47.690303802490234,0.8709703087806702,16.67133331298828,105.43058013916016,53.11762237548828
2016-04-11,24.64691734313965,29.796499252319336,37.51996612548828,44.18501281738281,107.95602416992188,47.59390640258789,0.8763437271118164,16.661333084106445,105.975830078125,53.18784713745117
2016-04-12,24.96795082092285,30.15850067138672,37.855777740478516,45.00493621826172,109.5606460571289,47.89186096191406,0.875366747379303,16.521333694458008,106.37013244628906,53.845340728759766
2016-04-13,25.329668045043945,30.740999221801758,38.2317008972168,46.9105110168457,109.46160888671875,48.50530242919922,0.8973485231399536,16.968666076660156,107.17543029785156,54.15176773071289
2016-04-14,25.34323501586914,31.037500381469727,38.40406036376953,47.517879486083984,109.78849029541016,48.51405334472656,0.8997910618782043,16.790666580200195,107.35999298095703,54.53477478027344
2016-04-15,24.834558486938477,31.29450035095215,38.632389068603516,46.971248626708984,108.59986877441406,48.7681884765625,0.9068741798400879,16.96733283996582,106.81473541259766,54.24112319946289
2016-04-18,24.29875946044922,31.767499923706055,39.01276397705078,47.27492904663086,109.40217590332031,49.478023529052734,0.9029662013053894,16.92533302307129,107.2173843383789,54.758201599121094
2016-04-19,24.169897079467773,31.395000457763672,38.4466552734375,48.072086334228516,111.2247314453125,49.41667556762695,0.8868460655212402,16.4913330078125,109.47398376464844,55.03270721435547
2016-04-20,24.219629287719727,31.649499893188477,38.380775451660156,48.77054214477539,111.3534927368164,48.715614318847656,0.8902653455734253,16.6646671295166,112.35136413574219,55.4093132019043
2016-04-21,23.95738410949707,31.549999237060547,38.632389068603516,48.28466033935547,112.36382293701172,48.882110595703125,0.889288604259491,16.55266761779785,111.53764343261719,55.40292739868164
2016-04-22,23.89182472229004,31.024999618530273,36.54078674316406,48.56556701660156,109.51113891601562,45.37676239013672,0.8858693838119507,16.916667938232422,112.51910400390625,55.87532424926758
2016-04-25,23.75617790222168,31.309999465942383,36.76069641113281,48.28466033935547,109.05551147460938,45.66594314575195,0.8902653455734253,16.788000106811523,112.22555541992188,55.74763488769531
2016-04-26,23.591142654418945,30.8439998626709,35.926631927490234,48.535186767578125,107.72821807861328,45.07880783081055,0.890998363494873,16.916000366210938,112.61141204833984,55.939170837402344
2016-04-27,22.114852905273438,30.328500747680664,35.73297882080078,48.671852111816406,107.85697174072266,44.64064407348633,0.9112703800201416,16.764667510986328,111.40340423583984,56.468990325927734
2016-04-28,21.438879013061523,30.100000381469727,34.92070770263672,48.28466033935547,115.62259674072266,43.729248046875,0.8841593861579895,16.513999938964844,110.79100036621094,56.194496154785156
2016-04-29,21.19245719909668,32.97949981689453,35.06038284301758,47.98098373413086,116.46453857421875,43.70296859741211,0.8677950501441956,16.05066680908203,110.46382904052734,56.430686950683594
2016-05-02,21.16985321044922,34.192501068115234,35.383792877197266,48.428897857666016,117.44514465332031,44.3514518737793,0.8792747259140015,16.1200008392334,110.81623077392578,56.896697998046875
2016-05-03,21.51801109313965,33.566001892089844,35.088111877441406,47.49510955810547,116.31596374511719,43.62409591674805,0.8687721490859985,15.48799991607666,111.11821746826172,56.245567321777344
2016-05-04,21.2941951751709,33.54499816894531,35.233238220214844,46.74349594116211,116.93997192382812,43.70296859741211,0.8489885926246643,14.837332725524902,110.75746154785156,56.137062072753906
2016-05-05,21.207763671875,32.954498291015625,35.39866256713867,46.49297332763672,116.69235229492188,43.76430892944336,0.8541175723075867,14.10200023651123,110.99234771728516,56.200897216796875
2016-05-06,21.08949089050293,33.6974983215332,35.91722106933594,46.76626968383789,118.3564224243164,44.15864944458008,0.8629102110862732,14.328666687011719,110.7658462524414,56.50091552734375
2016-05-09,21.105411529541016,33.98749923706055,36.112857818603516,46.47018051147461,118.1087875366211,43.87822723388672,0.8616891503334045,13.928000450134277,111.29436492919922,56.539215087890625
2016-05-10,21.248699188232422,35.153499603271484,36.62053298950195,47.10031509399414,119.35682678222656,44.71075439453125,0.8782976269721985,13.912667274475098,112.04936218261719,57.44568634033203
2016-05-11,21.041719436645508,35.6614990234375,36.18319320678711,46.92570877075195,118.38612365722656,44.73704147338867,0.8807400465011597,13.93066692352295,109.63335418701172,57.168888092041016
2016-05-12,20.54814338684082,35.89649963378906,36.060359954833984,46.89533615112305,119.138916015625,45.14015579223633,0.8687721490859985,13.8186674118042,108.83641815185547,57.72248077392578
2016-05-13,20.589086532592773,35.49599838256836,35.89989471435547,46.46259689331055,118.67337799072266,44.76333236694336,1.0009074211120605,13.840666770935059,108.21566009521484,57.07232666015625
2016-05-16,21.35333251953125,35.53300094604492,36.170814514160156,46.81181716918945,117.54419708251953,45.42058181762695,1.0304609537124634,13.88599967956543,109.59142303466797,57.65810775756836
2016-05-17,21.26462745666504,34.76350021362305,35.67007827758789,46.81181716918945,116.23672485351562,44.57342529296875,1.0326591730117798,13.644000053405762,108.68541717529297,57.63235855102539
2016-05-18,21.507997512817383,34.872501373291016,35.74882507324219,48.61869430541992,116.53388977050781,44.838165283203125,1.0590375661849976,14.07800006866455,109.48236846923828,57.51649475097656
2016-05-19,21.426116943359375,34.92599868774414,35.42837905883789,48.12523651123047,115.70183563232422,44.4057502746582,1.0636779069900513,14.347332954406738,109.0545425415039,58.005714416503906
2016-05-20,21.65812110900879,35.13999938964844,35.74535369873047,48.21632385253906,116.23672485351562,44.67049026489258,1.0827292203903198,14.685333251953125,109.8431167602539,57.76753234863281
2016-05-23,21.9333438873291,34.837501525878906,35.52445602416992,48.178375244140625,114.86981964111328,44.149837493896484,1.0844385623931885,14.414667129516602,109.4068603515625,57.67741775512695
2016-05-24,22.267696380615234,35.209999084472656,36.306034088134766,48.9983024597168,116.58340454101562,45.5264778137207,1.1107627153396606,14.52733325958252,111.2272720336914,57.72248077392578
2016-05-25,22.658912658691406,35.41749954223633,36.55712890625,49.74230194091797,116.7716064453125,45.99419403076172,1.1061103343963623,14.638667106628418,111.92351531982422,58.102291107177734
2016-05-26,22.838607788085938,35.74549865722656,36.499183654785156,49.37031555175781,118.33660888671875,45.79121017456055,1.1178640127182007,15.008000373840332,111.55440521240234,57.806156158447266
2016-05-27,22.824954986572266,35.61199951171875,37.02766036987305,49.67398452758789,118.2474594116211,46.17068862915039,1.1239864826202393,14.869333267211914,112.41004180908203,57.94135284423828
2016-05-31,22.7135066986084,36.13949966430664,37.089569091796875,49.55249786376953,117.68286895751953,46.77075958251953,1.1440662145614624,14.881999969482422,112.1332015991211,57.3040771484375
2016-06-01,22.395065307617188,35.97200012207031,37.07025146484375,49.87137222290039,117.65315246582031,46.638397216796875,1.1462706327438354,14.637332916259766,112.85466766357422,57.44567108154297
2016-06-02,22.22675323486328,36.4119987487793,36.86272430419922,49.96245574951172,117.80171966552734,46.31186294555664,1.1543511152267456,14.597332954406738,114.12138366699219,56.9886360168457
2016-06-03,22.272245407104492,36.277000427246094,36.446189880371094,49.0742301940918,117.34609985351562,45.70296859741211,1.1381887197494507,14.599332809448242,114.79248046875,56.885643005371094
2016-06-06,22.43373680114746,36.33649826049805,36.15892028808594,49.56010818481445,117.6630630493164,46.00301742553711,1.132312297821045,14.711999893188477,115.89141082763672,57.510040283203125
2016-06-07,22.524715423583984,36.1870002746582,36.20993423461914,49.3930778503418,116.64283752441406,45.97653579711914,1.1345158815383911,15.489333152770996,114.87639617919922,58.39194107055664
2016-06-08,22.50424575805664,36.332000732421875,36.796356201171875,49.53731918334961,117.266845703125,45.9235954284668,1.130843162536621,15.701333045959473,117.7789077758789,58.44346618652344
2016-06-09,22.66574478149414,36.38249969482422,36.77605438232422,49.15773010253906,117.43522644042969,45.552947998046875,1.16022789478302,15.290666580200195,118.01380157470703,58.36620330810547
2016-06-10,22.479225158691406,35.89550018310547,36.313941955566406,48.46685791015625,115.5136489868164,45.42941665649414,1.131332516670227,14.586000442504883,116.80582427978516,57.92202377319336
2016-06-13,22.14031982421875,35.762001037597656,36.24906539916992,48.03413391113281,112.86896514892578,44.24689865112305,1.145780324935913,14.524666786193848,115.841064453125,58.3147087097168
2016-06-14,22.167617797851562,35.96500015258789,36.316917419433594,47.13068771362305,113.8495864868164,43.97334289550781,1.1479843854904175,14.330666542053223,115.65655517578125,58.211727142333984
2016-06-15,22.094837188720703,35.7130012512207,36.26441955566406,47.047176361083984,113.51280975341797,43.849796295166016,1.1597381830215454,14.513333320617676,115.66917419433594,58.03788757324219
2016-06-16,22.188087463378906,35.8754997253418,35.871158599853516,47.23696517944336,113.30480194091797,44.46751403808594,1.164391040802002,14.528667449951172,116.84896850585938,58.72026443481445
2016-06-17,21.683141708374023,35.31949996948242,34.88058853149414,47.28252029418945,111.94780731201172,44.23807907104492,1.1440662145614624,14.364666938781738,116.03150939941406,58.39839553833008
2016-06-20,21.630823135375977,35.70050048828125,34.97370147705078,47.35085678100586,112.29447937011719,44.18512725830078,1.1646358966827393,14.646666526794434,116.7309799194336,58.655879974365234
2016-06-21,21.815065383911133,35.79100036621094,35.10990905761719,47.79118728637695,113.29488372802734,45.17349624633789,1.1575349569320679,14.640666961669922,116.452880859375,58.9197998046875
2016-06-22,21.73317527770996,35.529998779296875,35.188655853271484,47.60897445678711,112.82936096191406,44.997005462646484,1.1565552949905396,13.11066722869873,116.20852661132812,58.68806076049805
2016-06-23,21.85828399658203,36.104000091552734,35.40658187866211,48.62630081176758,113.98825073242188,45.808868408203125,1.1874094009399414,13.09333324432373,117.29560089111328,59.09361267089844
2016-06-24,21.244155883789062,34.948001861572266,33.93706130981445,45.24788284301758,111.01670837402344,43.97334289550781,1.119823694229126,12.876667022705078,115.6944808959961,57.542240142822266
2016-06-27,20.9348201751709,34.56800079345703,33.73597717285156,43.737091064453125,107.93621063232422,42.73788070678711,1.1078243255615234,13.236666679382324,115.54276275634766,57.20106887817383
2016-06-28,21.28737449645996,35.397499084472656,34.23720932006836,45.187156677246094,111.6308364868164,43.62917709350586,1.1239864826202393,13.452667236328125,116.8910903930664,58.520694732666016
2016-06-29,21.471607208251953,35.779998779296875,34.43185806274414,46.46259689331055,113.07698059082031,44.59988784790039,1.1423522233963013,14.012666702270508,118.41638946533203,59.51844787597656
2016-06-30,21.74455451965332,35.78099822998047,34.844932556152344,47.176246643066406,113.19584655761719,45.155845642089844,1.151167631149292,14.152000427246094,118.98944091796875,60.342430114746094
2016-07-01,21.81051254272461,36.284000396728516,35.17775344848633,46.870201110839844,113.10669708251953,45.14701461791992,1.1425973176956177,14.433333396911621,118.7029037475586,60.40678405761719
2016-07-05,21.605804443359375,36.404998779296875,34.91228485107422,45.56187438964844,113.11659240722656,45.155845642089844,1.1594935655593872,14.26533317565918,119.292724609375,59.87895202636719
2016-07-06,21.7286319732666,36.88050079345703,35.1143684387207,46.05154037475586,115.59286499023438,45.341156005859375,1.166839838027954,14.295999526977539,119.9837875366211,60.567718505859375
2016-07-07,21.821882247924805,36.82849884033203,35.029666900634766,46.34992218017578,114.7509536743164,45.341156005859375,1.1972044706344604,14.395999908447266,118.65234375,59.8403205871582
2016-07-08,21.99020004272461,37.29050064086914,35.55071258544922,47.30632019042969,116.12774658203125,46.15303421020508,1.245200514793396,14.45199966430664,119.04841613769531,60.213687896728516
2016-07-11,22.058441162109375,37.68899917602539,36.017269134521484,47.64295196533203,116.75178527832031,46.40894317626953,1.2738511562347412,14.985333442687988,118.24785614013672,60.43898010253906
2016-07-12,22.15852165222168,37.410499572753906,36.280269622802734,48.354496002197266,116.81121826171875,46.95606994628906,1.2929515838623047,14.976667404174805,117.8602066040039,61.12132263183594
2016-07-13,22.033424377441406,37.131500244140625,36.130191802978516,48.32389450073242,115.67212677001953,47.220821380615234,1.29246187210083,14.835332870483398,119.22537994384766,61.076255798339844
2016-07-14,22.47012710571289,37.060001373291016,36.44321060180664,49.058387756347656,116.17729187011719,47.423770904541016,1.30568528175354,14.768667221069336,118.6860122680664,61.12132263183594
2016-07-15,22.467851638793945,36.77199935913086,36.43479919433594,49.10429000854492,115.75137329101562,47.388492584228516,1.2905025482177734,14.69333267211914,119.09896850585938,61.23076629638672
2016-07-18,22.706680297851562,36.80350112915039,37.30501937866211,48.93597412109375,118.23755645751953,47.61792755126953,1.2971144914627075,15.083333015441895,118.61022186279297,61.03762435913086
2016-07-19,22.715782165527344,36.997501373291016,37.3154182434082,48.859466552734375,119.4657974243164,46.850181579589844,1.3105828762054443,15.017333030700684,120.1607666015625,60.812320709228516
2016-07-20,22.736251831054688,37.2859992980957,37.49718475341797,48.913021087646484,120.76336669921875,49.3387336730957,1.3277242183685303,15.223999977111816,120.5230941772461,60.46473693847656
2016-07-21,22.61569595336914,37.221500396728516,37.36494445800781,48.729400634765625,119.4657974243164,49.241661071777344,1.3032362461090088,14.699999809265137,120.39674377441406,60.413246154785156
2016-07-22,22.44055938720703,37.24300003051758,37.60615158081055,48.99717330932617,119.85210418701172,49.921165466308594,1.338743805885315,14.817999839782715,121.08773040771484,60.516231536865234
2016-07-25,22.14031982421875,36.980499267578125,37.518985748291016,48.867122650146484,120.47610473632812,50.0623664855957,1.363476276397705,15.333999633789062,119.43602752685547,59.35109329223633
2016-07-26,21.98792266845703,36.77949905395508,37.525421142578125,49.066036224365234,120.07000732421875,50.088829040527344,1.3867396116256714,15.300666809082031,119.41078186035156,58.9197998046875
2016-07-27,23.41633415222168,36.833499908447266,37.739383697509766,49.219058990478516,122.16989135742188,49.585819244384766,1.37278151512146,15.232666969299316,119.3939208984375,58.520694732666016
2016-07-28,23.732492446899414,37.63050079345703,37.93105697631836,49.0430908203125,123.81414031982422,49.60348129272461,1.3757200241088867,15.37399959564209,120.30404663085938,58.06365203857422
2016-07-29,23.702924728393555,37.94049835205078,39.19404220581055,48.943626403808594,122.76420593261719,50.01823806762695,1.3982486724853516,15.652667045593262,120.6748046875,57.25901794433594
2016-08-01,24.121440887451172,38.387001037597656,39.669517517089844,48.81355285644531,123.13067626953125,49.929988861083984,1.3891887664794922,15.333999633789062,120.93607330322266,55.26990509033203
2016-08-02,23.764339447021484,38.02899932861328,39.628910064697266,48.69878005981445,121.92224884033203,49.929988861083984,1.3722916841506958,15.146666526794434,120.6495361328125,56.02950668334961
2016-08-03,24.06230926513672,37.731998443603516,39.5694694519043,49.47154998779297,121.3477554321289,50.2741584777832,1.375964879989624,15.052666664123535,120.40516662597656,56.31916046142578
2016-08-04,24.210952758789062,38.03850173950195,39.48675537109375,49.39503860473633,123.18021392822266,50.64479446411133,1.4014322757720947,15.37399959564209,120.26192474365234,56.312740325927734
2016-08-05,24.57912826538086,38.29899978637695,39.96619415283203,50.726314544677734,123.96273803710938,51.147804260253906,1.4251848459243774,15.335332870483398,120.49784088134766,56.364227294921875
2016-08-08,24.782657623291016,38.327999114990234,39.881996154785156,50.57328414916992,124.07167053222656,51.236045837402344,1.4384089708328247,15.077333450317383,119.77314758300781,57.027252197265625
2016-08-09,24.88327980041504,38.41550064086914,39.99343490600586,50.39731979370117,123.87358093261719,51.359588623046875,1.4420816898345947,15.272000312805176,119.51192474365234,57.09804916381836
2016-08-10,24.698049545288086,38.428001403808594,40.043453216552734,49.94590759277344,123.69527435302734,51.20073699951172,1.4327763319015503,15.043333053588867,119.82369232177734,56.0982780456543
2016-08-11,24.682037353515625,38.5620002746582,40.02909851074219,50.08362579345703,123.71510314941406,51.44784164428711,1.4619168043136597,14.994000434875488,120.19447326660156,56.299530029296875
2016-08-12,24.739215850830078,38.62799835205078,39.972137451171875,49.976497650146484,123.69527435302734,51.13014221191406,1.5437060594558716,15.040666580200195,120.40516662597656,57.03315734863281
2016-08-15,25.0365047454834,38.42449951171875,39.91815185546875,50.282554626464844,122.7245864868164,51.28899002075195,1.5422368049621582,15.03933334350586,119.3433609008789,57.007171630859375
2016-08-16,25.013629913330078,38.20199966430664,39.68190002441406,50.274898529052734,122.1302719116211,51.004844665527344,1.5329313278198242,14.907333374023438,118.88827514648438,57.0786018371582
2016-08-17,24.977039337158203,38.23149871826172,39.89140701293945,50.41261672973633,123.19012451171875,51.111392974853516,1.497423768043518,14.88266658782959,119.419189453125,57.20195007324219
2016-08-18,24.94502830505371,38.222999572753906,39.75916290283203,50.45852279663086,122.73448944091797,51.14691162109375,1.520687460899353,14.900667190551758,119.80683135986328,57.721309661865234
2016-08-19,25.009061813354492,37.865501403808594,39.605628967285156,50.38966369628906,122.38780212402344,51.16468048095703,1.524605393409729,15.0,119.69727325439453,57.00068283081055
2016-08-22,24.814682006835938,37.9739990234375,39.471893310546875,50.3437614440918,122.97221374511719,51.20906448364258,1.5309722423553467,14.862000465393066,119.73943328857422,57.12403869628906
2016-08-23,24.89243507385254,38.122501373291016,39.454063415527344,50.3208122253418,123.19012451171875,51.40442657470703,1.5433613061904907,14.989333152770996,119.6719970703125,56.948734283447266
2016-08-24,24.704912185668945,37.86249923706055,39.30597686767578,50.45852279663086,122.30857849121094,51.45771026611328,1.519564151763916,14.841333389282227,117.86864471435547,57.14351272583008
2016-08-25,24.59971809387207,37.96099853515625,39.19205856323242,50.550331115722656,122.71467590332031,51.6530647277832,1.5095058679580688,14.730667114257812,115.70289611816406,56.77995300292969
2016-08-26,24.455642700195312,38.45000076293945,39.28716278076172,50.665103912353516,123.77452850341797,51.52873992919922,1.5217722654342651,14.666000366210938,115.12981414794922,56.65660858154297
2016-08-29,24.428197860717773,38.56449890136719,39.41592788696289,51.22362518310547,125.33953094482422,51.59089660644531,1.5207908153533936,14.346667289733887,115.67760467529297,57.026634216308594
2016-08-30,24.240680694580078,38.37900161743164,39.22277069091797,51.644432067871094,124.64617919921875,51.40442657470703,1.511959195137024,14.089332580566406,115.34049987792969,56.81890869140625
2016-08-31,24.263551712036133,38.45800018310547,39.120243072509766,51.644432067871094,124.92351531982422,51.022586822509766,1.5048445463180542,14.133999824523926,114.64949798583984,56.57219696044922
2016-09-01,24.407617568969727,38.53099822998047,39.1970100402832,51.42255401611328,124.9730453491211,51.138038635253906,1.549249291419983,13.38466739654541,114.38824462890625,56.37744903564453
2016-09-02,24.636306762695312,38.62200164794922,39.46792984008789,51.63677978515625,125.30982208251953,51.20906448364258,1.5340389013290405,13.185333251953125,115.12142181396484,56.75398635864258
2016-09-06,24.629438400268555,39.44350051879883,40.020179748535156,51.59853744506836,128.49928283691406,51.155792236328125,1.5485131740570068,13.522000312805176,114.58211517333984,57.50058364868164
2016-09-07,24.78037452697754,39.2239990234375,40.018699645996094,51.384307861328125,129.80674743652344,51.2001953125,1.5256975889205933,13.447333335876465,114.28157043457031,57.286354064941406
2016-09-08,24.130908966064453,39.202999114990234,39.76362228393555,51.45315933227539,129.0341796875,50.9959716796875,1.5367375612258911,13.157333374023438,114.66248321533203,57.812191009521484
2016-09-09,23.584348678588867,38.00699996948242,39.05238723754883,50.99409103393555,125.89421844482422,49.912628173828125,1.4601949453353882,12.964667320251465,113.12169647216797,56.37744903564453
2016-09-12,24.112613677978516,38.574501037597656,39.564517974853516,51.307796478271484,127.4691390991211,50.658531188964844,1.4903703927993774,13.220000267028809,114.73871612548828,56.66960144042969
2016-09-13,24.686616897583008,38.050498962402344,39.06428146362305,50.902286529541016,126.00318145751953,50.19679260253906,1.4687813520431519,13.069999694824219,113.40107727050781,55.319244384765625
2016-09-14,25.56019401550293,38.054500579833984,39.150455474853516,50.80282211303711,126.55787658691406,49.95703887939453,1.4817838668823242,13.093999862670898,113.18097686767578,54.9232063293457
2016-09-15,26.42919921875,38.484500885009766,39.683876037597656,50.9864387512207,127.13236999511719,50.782859802246094,1.5379642248153687,13.361332893371582,114.80641174316406,55.23481750488281
2016-09-16,26.280555725097656,38.92599868774414,39.52241897583008,50.359066009521484,127.8455581665039,50.83612823486328,1.5416438579559326,13.69333267211914,117.22767639160156,54.55314636230469
2016-09-19,25.9741153717041,38.755001068115234,39.39463424682617,50.64215087890625,127.42951965332031,50.551979064941406,1.5620064735412598,13.755999565124512,116.55888366699219,54.4233283996582
2016-09-20,25.971830368041992,39.01100158691406,39.61206817626953,50.848724365234375,127.41963195800781,50.445430755615234,1.5477771759033203,13.642666816711426,116.38107299804688,53.58583068847656
2016-09-21,25.96725082397461,39.48699951171875,39.87209701538086,51.139461517333984,128.70729064941406,51.28899002075195,1.5912002325057983,13.6813325881958,118.44679260253906,54.079246520996094
2016-09-22,26.211950302124023,40.23500061035156,40.41294860839844,51.560272216796875,128.84596252441406,51.34226608276367,1.5951255559921265,13.76200008392334,119.4034194946289,54.23506164550781
2016-09-23,25.775156021118164,40.287498474121094,40.36391067504883,51.45315933227539,126.74607849121094,50.9959716796875,1.5934077501296997,13.829999923706055,118.95474243164062,54.176612854003906
2016-09-26,25.81403350830078,39.95800018310547,39.75421142578125,50.32847213745117,126.10222625732422,50.52533721923828,1.5784432888031006,13.932666778564453,118.28593444824219,53.923423767089844
2016-09-27,25.862056732177734,40.80550003051758,40.15439987182617,50.772220611572266,127.4691390991211,51.45771026611328,1.632415533065796,13.720666885375977,119.1917724609375,54.040279388427734
2016-09-28,26.058731079101562,41.43600082397461,40.121219635009766,51.04001235961914,128.00399780273438,51.52873992919922,1.6383033990859985,13.751333236694336,118.87004852294922,56.41639709472656
2016-09-29,25.653955459594727,41.45249938964844,39.75371551513672,50.229000091552734,126.87483978271484,50.96932601928711,1.6535136699676514,13.380000114440918,117.10072326660156,56.1307487487793
2016-09-30,25.852914810180664,41.865501403808594,39.82404327392578,50.948184967041016,127.05313110351562,51.14691162109375,1.6809903383255005,13.60200023651123,118.52299499511719,56.66310501098633
2016-10-03,25.731706619262695,41.83700180053711,39.641788482666016,50.88698196411133,127.54839324951172,50.98707580566406,1.679273009300232,14.24666690826416,117.24462127685547,56.513790130615234
2016-10-04,25.841476440429688,41.701499938964844,39.76114273071289,51.32625961303711,126.97388458251953,50.82725524902344,1.6755934953689575,14.093999862670898,116.96526336669922,55.99443054199219
2016-10-05,25.852914810180664,42.21799850463867,39.683876037597656,52.166290283203125,127.2512435913086,51.182437896728516,1.6738758087158203,13.897333145141602,116.49115753173828,56.48134231567383
2016-10-06,26.045011520385742,42.08300018310547,39.775508880615234,52.30501937866211,127.51869201660156,51.2712287902832,1.6520419120788574,13.399999618530273,115.53446960449219,56.50728225708008
2016-10-07,26.083881378173828,41.971500396728516,39.65812683105469,52.48997497558594,127.76630401611328,51.32449722290039,1.6400208473205566,13.107333183288574,115.69536590576172,56.312538146972656
2016-10-10,26.538970947265625,42.08549880981445,40.32478332519531,52.89841079711914,129.00445556640625,51.53762435913086,1.6461536884307861,13.396666526794434,116.89751434326172,57.41618347167969
2016-10-11,26.59613800048828,41.54999923706055,40.096946716308594,52.64408874511719,127.65735626220703,50.782859802246094,1.6223571300506592,13.34000015258789,114.07838439941406,56.96175003051758
2016-10-12,26.833969116210938,41.704498291015625,40.20591354370117,52.505374908447266,127.82573699951172,50.71181869506836,1.6297167539596558,13.434000015258789,114.37467956542969,56.56572341918945
2016-10-13,26.75164031982422,41.4640007019043,39.82503890991211,52.204811096191406,126.60740661621094,50.543094635009766,1.6032214164733887,13.349332809448242,113.60430145263672,56.195648193359375
2016-10-14,26.90029525756836,41.14799880981445,39.85079574584961,52.035255432128906,126.66681671142578,50.98707580566406,1.618922233581543,13.100666999816895,113.37571716308594,56.18268966674805
2016-10-17,26.881996154785156,40.647499084472656,39.96173095703125,51.765533447265625,126.33003997802734,50.80949020385742,1.6095998287200928,12.93066692352295,113.553466796875,56.18268966674805
2016-10-18,26.86370849609375,40.88249969482422,40.68732452392578,52.173980712890625,127.35028076171875,51.2001953125,1.6341331005096436,13.273332595825195,121.39293670654297,56.331993103027344
2016-10-19,26.783658981323242,40.884498596191406,40.95231246948242,52.674903869628906,128.8756866455078,51.084754943847656,1.6306980848312378,13.570667266845703,122.2225341796875,56.591678619384766
2016-10-20,26.769939422607422,40.51599884033203,40.69426727294922,52.60556411743164,128.7667236328125,50.83612823486328,1.6616095304489136,13.273332595825195,122.815185546875,56.61764907836914
2016-10-21,26.664749145507812,40.949501037597656,40.81462097167969,52.78282165527344,130.8170928955078,52.97612380981445,1.656948447227478,13.339332580566406,123.0691909790039,56.2346076965332
2016-10-24,26.904865264892578,41.90449905395508,41.39311599731445,53.07566833496094,132.0155792236328,54.1660041809082,1.7347174882888794,13.517333030700684,122.49347686767578,56.422889709472656
2016-10-25,27.04207420349121,41.75899887084961,41.03700637817383,53.021724700927734,131.03500366210938,54.1571159362793,1.7631760835647583,13.489333152770996,121.72309875488281,56.299530029296875
2016-10-26,26.43377113342285,41.12950134277344,40.71754455566406,53.276023864746094,129.79684448242188,53.837467193603516,1.7702901363372803,13.482666969299316,120.41089630126953,56.53975296020508
2016-10-27,26.179931640625,40.917999267578125,40.4822883605957,53.35310363769531,128.45965576171875,53.36682891845703,1.7339818477630615,13.600666999816895,120.16537475585938,56.429378509521484
2016-10-28,26.006134033203125,38.816001892089844,40.591739654541016,53.26063919067383,130.04446411132812,53.16259002685547,1.7310373783111572,13.33133316040039,118.81929779052734,55.04007339477539
2016-10-31,25.964963912963867,39.49100112915039,40.11329650878906,53.376243591308594,129.74732971191406,53.207000732421875,1.7457575798034668,13.182000160217285,119.6489486694336,54.09222412109375
2016-11-01,25.49616050720215,39.27050018310547,39.89437484741211,53.15274429321289,128.27145385742188,53.10044860839844,1.6939929723739624,12.719332695007324,118.04039764404297,54.30645751953125
2016-11-02,25.51902961730957,38.27799987792969,39.04941940307617,52.92923355102539,125.96354675292969,52.77189636230469,1.6868780851364136,12.534667015075684,117.659423828125,54.176612854003906
2016-11-03,25.24550437927246,38.35150146484375,38.7408561706543,52.69804000854492,118.86157989501953,52.576534271240234,1.6672520637512207,12.494667053222656,116.68588256835938,54.312957763671875
2016-11-04,25.017932891845703,37.752498626708984,38.68686294555664,52.220237731933594,119.6044692993164,52.13256072998047,1.6576839685440063,12.704000473022461,116.58427429199219,54.25453186035156
2016-11-07,25.378822326660156,39.246498107910156,39.723506927490234,53.85404968261719,120.99119567871094,53.650978088378906,1.7484562397003174,12.880666732788086,120.15690612792969,55.47505569458008
2016-11-08,25.52822494506836,39.38750076293945,40.21631622314453,53.96965026855469,123.04156494140625,53.69539260864258,1.7457575798034668,12.996000289916992,120.97810363769531,55.87458419799805
2016-11-09,25.486854553222656,38.59400177001953,39.89982223510742,56.451171875,122.01139831542969,53.428977966308594,1.7163174152374268,12.670666694641113,120.13150787353516,56.4902458190918
2016-11-10,24.77658462524414,37.11899948120117,38.64674758911133,59.07143783569336,119.65399932861328,52.123680114746094,1.6625910997390747,12.356666564941406,123.71256256103516,57.01420974731445
2016-11-11,24.923694610595703,36.95050048828125,38.22377395629883,59.10226821899414,117.89087677001953,52.4078254699707,2.1581544876098633,12.570667266845703,123.95809936523438,56.11034393310547
2016-11-14,24.298479080200195,35.95349884033203,37.305999755859375,61.27554702758789,113.98825073242188,51.608673095703125,2.051927328109741,12.096667289733887,128.9191436767578,55.854923248291016
2016-11-15,24.62027931213379,37.1619987487793,38.392669677734375,61.15996170043945,116.088134765625,52.62778091430664,2.114485740661621,12.251333236694336,128.87681579589844,56.863563537597656
2016-11-16,25.28227424621582,37.324501037597656,38.63139724731445,59.649444580078125,115.23629760742188,53.3250732421875,2.2479450702667236,12.26200008392334,128.25881958007812,56.16275405883789
2016-11-17,25.273082733154297,37.81999969482422,38.93748092651367,60.12724685668945,116.67253875732422,54.210105895996094,2.266589403152466,12.577333450317383,127.64078521728516,55.822166442871094
2016-11-18,25.298364639282227,38.007999420166016,38.43278503417969,59.888336181640625,115.90985870361328,53.95085144042969,2.2903859615325928,12.334667205810547,126.5233154296875,55.854923248291016
2016-11-21,25.682233810424805,39.0,38.87012481689453,60.1503791809082,120.61477661132812,54.406768798828125,2.28106427192688,12.3013334274292,127.33601379394531,56.64741134643555
2016-11-22,25.69832420349121,39.26649856567383,38.88003158569336,60.52029037475586,120.3176498413086,54.63920593261719,2.2975008487701416,12.744667053222656,128.90216064453125,56.7718620300293
2016-11-23,25.567302703857422,39.00600051879883,38.582862854003906,60.77459716796875,119.69361114501953,53.99554443359375,2.308802843093872,12.87600040435791,129.98582458496094,56.929046630859375
2016-11-25,25.696016311645508,39.01850128173828,38.643775939941406,60.751468658447266,119.23796844482422,54.111759185791016,2.313471555709839,13.109999656677246,129.36781311035156,57.06003189086914
2016-11-28,25.64545249938965,38.3385009765625,38.919158935546875,60.35845184326172,119.26769256591797,54.18328094482422,2.3122425079345703,13.074666976928711,128.775146484375,56.63432693481445
2016-11-29,25.62017059326172,38.125999450683594,39.09993362426758,60.82085418701172,119.72332000732422,54.61239242553711,2.2911128997802734,12.637999534606934,133.41455078125,56.26100540161133
2016-11-30,25.404102325439453,37.528499603271484,38.42832946777344,61.7841796875,117.29656982421875,53.870391845703125,2.265315055847168,12.626667022705078,134.5662841796875,57.17793273925781
2016-12-01,25.167343139648438,37.182498931884766,37.85626983642578,63.03266906738281,114.00806427001953,52.92279815673828,2.1532771587371826,12.125332832336426,136.79310607910156,57.138641357421875
2016-12-02,25.26158905029297,37.016998291015625,37.86271286010742,62.88621139526367,114.30522155761719,52.967491149902344,2.173178195953369,12.097999572753906,136.6146697998047,57.00764465332031
2016-12-05,25.079999923706055,37.96799850463867,38.544227600097656,64.1655502319336,116.31596374511719,53.83462905883789,2.2574527263641357,12.453332901000977,133.97975158691406,57.29585647583008
2016-12-06,25.273082733154297,38.236000061035156,38.44318771362305,64.49691009521484,116.19709014892578,53.59325408935547,2.29455304145813,12.390000343322754,133.71629333496094,57.34822463989258
2016-12-07,25.521329879760742,38.520999908447266,39.20048522949219,64.7897720336914,116.83102416992188,54.8626823425293,2.335829734802246,12.876667022705078,135.4842071533203,57.682254791259766
2016-12-08,25.77187728881836,38.36650085449219,39.38373947143555,65.59898376464844,117.78192901611328,54.54085922241211,2.2967636585235596,12.81933307647705,135.41622924804688,57.84599685668945
2016-12-09,26.192520141601562,38.43299865722656,40.090999603271484,65.88412475585938,118.54462432861328,55.399078369140625,2.2559781074523926,12.812000274658203,136.09620666503906,58.29136657714844
2016-12-12,26.04311180114746,38.00600051879883,40.01423263549805,65.29840850830078,116.6527328491211,55.577850341796875,2.201188325881958,12.828666687011719,135.56072998046875,59.588172912597656
2016-12-13,26.477540969848633,38.71699905395508,40.382728576660156,65.32151794433594,119.16863250732422,56.301979064941406,2.24000883102417,13.210000038146973,136.45318603515625,60.63611602783203
2016-12-14,26.477540969848633,38.441001892089844,40.50902557373047,65.29840850830078,119.069580078125,56.033790588378906,2.3697361946105957,13.246000289916992,135.8751678466797,59.326210021972656
2016-12-15,26.622358322143555,38.04999923706055,40.39807891845703,66.27715301513672,119.4261703491211,55.94437789916992,2.4252631664276123,13.17199993133545,136.52114868164062,59.52925491333008
2016-12-16,26.65683937072754,37.88850021362305,40.11032485961914,65.46025085449219,118.73281860351562,55.6940803527832,2.467031240463257,13.499333381652832,139.34300231933594,59.71918487548828
2016-12-19,26.81084442138672,38.29999923706055,40.242069244384766,65.83788299560547,118.1087875366211,56.87411880493164,2.4970054626464844,13.51533317565918,137.30311584472656,59.221405029296875
2016-12-20,26.882102966308594,38.56100082397461,40.37579345703125,66.68559265136719,117.96021270751953,56.80260467529297,2.583981990814209,13.919333457946777,137.3455810546875,59.22795867919922
2016-12-21,26.907379150390625,38.529998779296875,40.22721481323242,66.85515594482422,117.91068267822266,56.80260467529297,2.6001977920532227,13.846667289733887,137.1246795654297,59.12971878051758
2016-12-22,26.730388641357422,38.31700134277344,40.102394104003906,66.96304321289062,116.28626251220703,56.811546325683594,2.6316475868225098,13.896666526794434,137.33717346191406,59.51613998413086
2016-12-23,26.783260345458984,38.02949905395508,40.00927734375,67.08636474609375,116.15747833251953,56.534420013427734,2.6972477436065674,14.22266674041748,138.569580078125,59.411338806152344
2016-12-27,26.95336151123047,38.56999969482422,40.114776611328125,67.14800262451172,116.89046478271484,56.570167541503906,2.882502794265747,14.635333061218262,138.2380828857422,59.43755340576172
2016-12-28,26.83842658996582,38.60649871826172,39.84930419921875,66.66248321533203,115.81079864501953,56.3109245300293,2.6842267513275146,14.649333000183105,137.21804809570312,59.14280700683594
2016-12-29,26.831527709960938,38.25749969482422,39.76560592651367,66.1923828125,115.2462158203125,56.230464935302734,2.7377877235412598,14.312000274658203,136.8781280517578,59.1755485534668
2016-12-30,26.622358322143555,37.493499755859375,39.249019622802734,66.50064086914062,113.95854949951172,55.55104446411133,2.622556447982788,14.246000289916992,136.02816772460938,59.11661148071289
2017-01-03,26.698211669921875,37.68349838256836,40.019683837890625,67.22509765625,115.75137329101562,55.94437789916992,2.506342887878418,14.465999603271484,137.2266082763672,59.52925491333008
2017-01-04,26.668331146240234,37.85900115966797,40.0078010559082,67.34904479980469,117.5639877319336,55.6940803527832,2.5648179054260254,15.13266658782959,137.61761474609375,58.87428283691406
2017-01-05,26.803945541381836,39.022499084472656,40.267822265625,66.72911071777344,119.52523040771484,55.6940803527832,2.499708414077759,15.116666793823242,137.84710693359375,57.996620178222656
2017-01-06,27.102760314941406,39.79949951171875,40.87158203125,66.7368392944336,122.2392349243164,56.17682647705078,2.5331227779388428,15.267333030700684,138.04257202148438,57.963897705078125
2017-01-09,27.35101318359375,39.84600067138672,40.96915054321289,66.78336334228516,123.71510314941406,55.99802780151367,2.6358237266540527,15.41866683959961,137.65158081054688,57.00764465332031
2017-01-10,27.37859344482422,39.79499816894531,40.91120529174805,66.97709655761719,123.1703109741211,55.980133056640625,2.6159236431121826,15.324666976928711,137.33717346191406,56.2806396484375
2017-01-11,27.52570343017578,39.95100021362305,41.10188293457031,67.4808120727539,124.89379119873047,56.48970413208008,2.5837366580963135,15.315333366394043,137.6006317138672,56.85700607299805
2017-01-12,27.410776138305664,40.68199920654297,41.08554458618164,66.8298568725586,125.41876983642578,55.9712028503418,2.5414772033691406,15.305999755859375,138.0000762939453,56.54917907714844
2017-01-13,27.362503051757812,40.856998443603516,41.15538024902344,67.18633270263672,127.12245178222656,56.05167007446289,2.541231632232666,15.850000381469727,137.52413940429688,56.555721282958984
2017-01-17,27.58317756652832,40.486000061035156,40.9830207824707,64.74530792236328,126.65692138671875,55.89970016479492,2.4842302799224854,15.70533275604248,136.55514526367188,57.217227935791016
2017-01-18,27.58087730407715,40.374000549316406,41.060279846191406,65.04753112792969,126.7064437866211,55.87287521362305,2.529438018798828,15.890666961669922,134.07330322265625,56.509883880615234
2017-01-19,27.532604217529297,40.45199966430664,40.82997512817383,64.55158996582031,126.33995819091797,55.6940803527832,2.5837366580963135,16.250667572021484,134.88919067382812,55.494693756103516
2017-01-20,27.58317756652832,40.416500091552734,41.01818084716797,64.83829498291016,125.83479309082031,56.08741760253906,2.555481433868408,16.315332412719727,134.85525512695312,56.254451751708984
2017-01-23,27.60155487060547,40.89400100708008,41.82352066040039,64.86927795410156,127.70687866210938,56.284095764160156,2.582016706466675,16.594667434692383,135.20370483398438,55.65188217163086
2017-01-24,27.576278686523438,41.12200164794922,42.07612228393555,65.6519775390625,128.14266967773438,56.78471755981445,2.6370532512664795,16.974000930786133,136.3596649169922,55.73048400878906
2017-01-25,28.01530647277832,41.82600021362305,42.51791000366211,66.66712951660156,130.23268127441406,56.92774200439453,2.6483542919158936,16.96466636657715,137.04815673828125,55.89421463012695
2017-01-26,28.029096603393555,41.95750045776367,42.44510269165039,67.22508239746094,131.52032470703125,57.455196380615234,2.6940536499023438,16.833999633789062,138.33154296875,56.06451416015625
2017-01-27,28.031400680541992,41.78850173950195,41.85322952270508,67.36456298828125,130.926025390625,58.80507278442383,2.7461416721343994,16.863332748413086,138.53555297851562,56.005550384521484
2017-01-30,27.957839965820312,41.51900100708008,40.80323028564453,66.66712951660156,129.7374267578125,58.22401428222656,2.7031447887420654,16.708667755126953,137.7705841064453,55.579837799072266
2017-01-31,27.893484115600586,41.17399978637695,40.62294006347656,65.58223724365234,129.0836944580078,57.79490280151367,2.6825060844421387,16.795333862304688,137.77908325195312,54.94452667236328
2017-02-01,29.59443473815918,41.61750030517578,40.377777099609375,65.8302001953125,131.966064453125,56.83835220336914,2.7997026443481445,16.615999221801758,138.29766845703125,54.32232666015625
2017-02-02,29.543872833251953,41.997501373291016,40.52735137939453,65.55123138427734,129.59873962402344,56.471839904785156,2.835082769393921,16.770000457763672,136.64016723632812,54.656333923339844
2017-02-03,29.670297622680664,40.5099983215332,40.619972229003906,67.55829620361328,129.7374267578125,56.92774200439453,2.810267925262451,16.755332946777344,137.58360290527344,54.71530532836914
2017-02-06,29.948434829711914,40.38199996948242,40.69377136230469,67.2405776977539,130.8071746826172,56.891990661621094,2.8822574615478516,17.184667587280273,136.42767333984375,54.564632415771484
2017-02-07,30.23345375061035,40.625,41.0706787109375,67.20181274414062,130.58929443359375,56.70426559448242,2.9269728660583496,17.165332794189453,136.44464111328125,54.21097946166992
2017-02-08,30.350692749023438,40.98550033569336,41.10287857055664,66.61287689208984,132.92686462402344,56.623802185058594,2.914198160171509,17.472000122070312,136.2576446533203,53.854061126708984
2017-02-09,30.569997787475586,41.06800079345703,41.11178970336914,67.57376861572266,132.867431640625,57.267459869384766,2.859407424926758,17.946666717529297,136.3681640625,54.092018127441406
2017-02-10,30.5007381439209,41.37300109863281,41.34903335571289,67.41876983642578,132.9169464111328,57.213829040527344,2.791595697402954,17.948667526245117,136.6316680908203,54.541439056396484
2017-02-13,30.770837783813477,41.826499938964844,41.55259704589844,68.3099594116211,132.77828979492188,57.857479095458984,2.662851333618164,18.706666946411133,137.68560791015625,54.85870361328125
2017-02-14,31.17021942138672,41.81949996948242,41.60559844970703,69.40262603759766,132.58018493652344,58.073326110839844,2.6726787090301514,18.73200035095215,138.654541015625,54.739723205566406
2017-02-15,31.28334617614746,42.1349983215332,41.47136688232422,70.20079040527344,132.174072265625,58.03736114501953,2.678083896636963,18.650667190551758,139.64051818847656,54.964454650878906
2017-02-16,31.24640464782715,42.207000732421875,41.71158981323242,70.15430450439453,132.57029724121094,58.028358459472656,2.63508677482605,17.93000030517578,139.09652709960938,54.39604949951172
2017-02-17,31.331823348999023,42.253501892089844,41.92851638793945,69.92184448242188,132.2632293701172,58.11830139160156,2.634596109390259,18.148666381835938,133.97129821777344,54.03912353515625
2017-02-21,31.558067321777344,42.821998596191406,42.0632438659668,70.52626037597656,132.45140075683594,58.00136947631836,2.72894287109375,18.492666244506836,136.47865295410156,54.12504959106445
2017-02-22,31.652708053588867,42.78049850463867,42.16675567626953,70.56501007080078,134.82864379882812,57.884464263916016,2.7247612476348877,18.233999252319336,136.47865295410156,53.490543365478516
2017-02-23,31.51881217956543,42.609500885009766,42.148921966552734,70.61927032470703,134.0758819580078,58.11830139160156,2.4721126556396484,17.06599998474121,138.2041015625,54.052337646484375
2017-02-24,31.548831939697266,42.262001037597656,41.99093246459961,69.99929809570312,134.15512084960938,58.11830139160156,2.4959750175476074,17.133333206176758,138.5950469970703,53.589683532714844
2017-02-27,31.611160278320312,42.43199920654297,42.08305358886719,70.0768051147461,135.11590576171875,57.767539978027344,2.568547010421753,16.415332794189453,140.56695556640625,53.893714904785156
2017-02-28,31.625015258789062,42.25199890136719,41.8482780456543,70.22405242919922,134.25411987304688,57.542686462402344,2.496467113494873,16.666000366210938,140.56695556640625,53.74831771850586
2017-03-01,32.27141571044922,42.65399932861328,42.433719635009766,72.5333251953125,136.11631774902344,58.406097412109375,2.5286941528320312,16.667999267578125,142.74285888671875,54.871917724609375
2017-03-02,32.079803466796875,42.445499420166016,42.09196472167969,71.40193176269531,135.46255493164062,57.569679260253906,2.435457229614258,16.698667526245117,142.20738220214844,55.0569953918457
2017-03-03,32.26909255981445,42.49399948120117,42.053829193115234,71.91338348388672,135.86868286132812,57.7855224609375,2.421435594558716,16.771333694458008,142.9639129638672,54.501792907714844
2017-03-06,32.16752624511719,42.330501556396484,41.96418380737305,71.23143768310547,136.11631774902344,57.80352020263672,2.4027392864227295,16.747333526611328,143.38880920410156,54.746341705322266
2017-03-07,32.20907974243164,42.30099868774414,42.15635299682617,70.83624267578125,135.99745178222656,57.92044448852539,2.4290614128112793,16.57266616821289,143.04888916015625,54.541439056396484
2017-03-08,32.08902359008789,42.525001525878906,42.27967834472656,70.68124389648438,136.41348266601562,58.45105743408203,2.424633026123047,16.45800018310547,143.2493896484375,53.55662536621094
2017-03-09,32.015159606933594,42.650001525878906,42.48770523071289,70.960205078125,136.92857360839844,58.21723937988281,2.4241416454315186,16.32666778564453,143.33470153808594,53.979652404785156
2017-03-10,32.121360778808594,42.62300109863281,42.664520263671875,70.73551177978516,137.47332763671875,58.39710235595703,2.4384098052978516,16.246000289916992,145.01536560058594,53.939998626708984
2017-03-13,32.13519287109375,42.72949981689453,42.8215217590332,70.79750061035156,138.275634765625,58.199249267578125,2.5055689811706543,16.411333084106445,145.21156311035156,53.81440353393555
2017-03-14,32.08672332763672,42.62649917602539,42.88739776611328,70.91372680664062,137.99830627441406,57.9294319152832,2.503848075866699,17.200000762939453,144.23045349121094,53.53019714355469
2017-03-15,32.42606735229492,42.64849853515625,43.01022720336914,71.0842056274414,138.39450073242188,58.2352180480957,2.52278995513916,17.048667907714844,146.55101013183594,54.19776153564453
2017-03-16,32.47917175292969,42.67100143432617,43.08997344970703,71.01448059082031,138.66192626953125,58.13628387451172,2.553785800933838,17.469999313354492,146.1414794921875,54.2440185546875
2017-03-17,32.31758499145508,42.615501403808594,43.20735168457031,70.27055358886719,138.51336669921875,58.3431510925293,2.6093833446502686,17.433332443237305,144.77645874023438,54.19776153564453
2017-03-20,32.65694808959961,42.8484992980957,42.98645782470703,69.76683044433594,138.61241149902344,58.39710235595703,2.6925337314605713,17.461332321166992,143.32618713378906,54.19776153564453
2017-03-21,32.28295135498047,42.15999984741211,42.10633087158203,67.72101593017578,137.19598388671875,57.74955749511719,2.60544753074646,16.711999893188477,143.0701904296875,54.085391998291016
2017-03-22,32.647708892822266,42.40299987792969,42.08949661254883,67.82951354980469,138.26576232910156,58.48704528808594,2.6585843563079834,17.000667572021484,142.4985809326172,54.03912353515625
2017-03-23,32.53227996826172,42.36899948120117,41.58677291870117,67.72101593017578,138.20631408691406,58.3431510925293,2.63447642326355,16.985332489013672,141.01412963867188,54.105228424072266
2017-03-24,32.46763229370117,42.28049850463867,41.3634033203125,67.6435317993164,139.00860595703125,58.442073822021484,2.643824338912964,17.54400062561035,140.7667236328125,53.688819885253906
2017-03-27,32.523033142089844,42.340999603271484,41.530311584472656,67.60480499267578,138.98883056640625,58.550010681152344,2.663013219833374,18.014667510986328,140.4254608154297,53.70206069946289
2017-03-28,33.197147369384766,42.79999923706055,41.63531494140625,68.65869140625,140.41513061523438,58.72089767456055,2.6492369174957275,18.496667861938477,141.06533813476562,54.092018127441406
2017-03-29,33.27101516723633,43.715999603271484,42.09295654296875,68.40296936035156,141.2967071533203,58.88279724121094,2.6406266689300537,18.492000579833984,139.435791015625,54.21099853515625
2017-03-30,33.227149963378906,43.81700134277344,42.073638916015625,68.99190521240234,141.05899047851562,59.0986328125,2.691303253173828,18.527999877929688,140.7582550048828,55.32137680053711
2017-03-31,33.164817810058594,44.32699966430664,41.99043273925781,68.06973266601562,140.70240783691406,59.2335319519043,2.679741382598877,18.553333282470703,139.922119140625,54.20436477661133
2017-04-03,33.1740608215332,44.57550048828125,42.433719635009766,67.82174682617188,140.93020629882812,58.95473861694336,2.6662113666534424,19.90133285522461,141.27005004882812,54.2440185546875
2017-04-04,33.42107391357422,45.34149932861328,42.2266845703125,68.04777526855469,140.38543701171875,59.116607666015625,2.4792466163635254,20.246667861938477,140.74114990234375,54.44230651855469
2017-04-05,33.247928619384766,45.4640007019043,42.045406341552734,67.17488861083984,140.5042724609375,58.96371841430664,2.460796356201172,19.666667938232422,141.08236694335938,54.548065185546875
2017-04-06,33.164817810058594,44.91400146484375,41.85670471191406,67.40089416503906,139.8307342529297,59.116607666015625,2.478754758834839,19.913333892822266,141.0568084716797,54.86532211303711
2017-04-07,33.090946197509766,44.74399948120117,41.7081184387207,67.1670913696289,139.44444274902344,59.0716667175293,2.4681763648986816,20.16933250427246,141.63690185546875,54.700077056884766
2017-04-10,33.051700592041016,45.35200119018555,41.68830871582031,66.93328094482422,139.70196533203125,58.936737060546875,2.405198812484741,20.826000213623047,141.17625427246094,54.94461441040039
2017-04-11,32.69618606567383,45.11800003051758,41.59816360473633,66.81635284423828,138.59259033203125,58.89176559448242,2.413809299468994,20.58066749572754,141.474853515625,54.752960205078125
2017-04-12,32.735443115234375,44.811500549316406,41.67641830444336,66.55916595458984,138.25582885742188,58.66693115234375,2.3938825130462646,19.78933334350586,141.24447631835938,54.838871002197266
2017-04-13,32.562286376953125,44.23350143432617,41.6130256652832,65.77979278564453,138.06764221191406,58.415103912353516,2.349109649658203,20.266666412353516,140.7326202392578,53.992855072021484
2017-04-17,32.74234390258789,45.0994987487793,42.353477478027344,66.91766357421875,140.07835388183594,58.89176559448242,2.4411158561706543,20.09600067138672,142.62657165527344,53.92015075683594
2017-04-18,32.5969123840332,45.18899917602539,42.29701232910156,66.37212371826172,139.62274169921875,58.810829162597656,2.4425923824310303,20.016666412353516,143.82952880859375,53.56986999511719
2017-04-19,32.47686767578125,44.959999084472656,42.42182922363281,65.82653045654297,140.9203338623047,58.49603271484375,2.4521865844726562,20.368000030517578,144.39254760742188,53.1997184753418
2017-04-20,32.88317108154297,45.10300064086914,42.59865188598633,66.67607116699219,142.435791015625,58.909759521484375,2.491055488586426,20.167333602905273,146.3462371826172,53.543434143066406
2017-04-21,32.84393310546875,44.92649841308594,42.542667388916016,65.8733139038086,142.3169403076172,59.719207763671875,2.5013883113861084,20.373332977294922,146.02207946777344,53.3319091796875
2017-04-24,33.16019821166992,45.37049865722656,43.532257080078125,68.19587707519531,144.08993530273438,60.73551559448242,2.532630205154419,20.53533363342285,147.02020263671875,53.60952377319336
2017-04-25,33.36568069458008,45.38100051879883,44.02309036254883,68.7882080078125,145.10028076171875,61.08625793457031,2.576664686203003,20.91933250427246,148.4790802001953,54.01931381225586
2017-04-26,33.16944122314453,45.464500427246094,44.0379524230957,68.92070007324219,145.16961669921875,61.00532913208008,2.558953285217285,20.67799949645996,148.76910400390625,53.80118942260742
2017-04-27,33.19482421875,45.91899871826172,44.151859283447266,68.28160858154297,146.29879760742188,61.40106964111328,2.598806142807007,20.575332641601562,148.98245239257812,53.70866012573242
2017-04-28,33.162513732910156,46.2495002746582,45.79027557373047,67.8061752319336,148.82461547851562,61.57195281982422,2.56584095954895,20.937999725341797,149.19570922851562,53.96641159057617
2017-05-01,33.83891677856445,47.4114990234375,46.20136642456055,67.85295867919922,151.01364135742188,62.42635726928711,2.623406171798706,21.52199935913086,148.94830322265625,54.23740005493164
2017-05-02,34.053619384765625,47.34700012207031,46.41285705566406,67.41651153564453,151.33059692382812,62.32743835449219,2.545668363571167,21.25933265686035,148.56439208984375,54.230804443359375
2017-05-03,33.949729919433594,47.05149841308594,46.975494384765625,67.8061752319336,150.35989379882812,62.129573822021484,2.564610481262207,20.73466682434082,147.1994171142578,54.660423278808594
2017-05-04,33.82737350463867,46.87649917602539,47.28604507446289,67.88410949707031,149.4188995361328,61.886722564697266,2.5547711849212646,19.69733238220215,148.46202087402344,53.95981979370117
2017-05-05,34.388370513916016,46.70750045776367,47.066131591796875,67.8061752319336,148.814697265625,62.0576171875,2.55501651763916,20.55666732788086,148.5473175048828,54.21099853515625
2017-05-08,35.32332992553711,47.45199966430664,47.48267364501953,67.88410949707031,149.62692260742188,62.00365447998047,2.5282022953033447,20.479333877563477,148.82032775878906,54.785987854003906
2017-05-09,35.549564361572266,47.64099884033203,47.38460159301758,67.61133575439453,149.0524139404297,62.093597412109375,2.5323843955993652,21.417333602905273,147.79653930664062,54.40266036987305
2017-05-10,35.38102722167969,47.4474983215332,47.29198455810547,68.14132690429688,148.8642120361328,62.336429595947266,2.9838051795959473,21.681333541870117,147.92453002929688,54.64952087402344
2017-05-11,35.68704605102539,47.38100051879883,47.3439826965332,67.93086242675781,148.61659240722656,61.57195281982422,3.111973524093628,21.540000915527344,147.86477661132812,55.116539001464844
2017-05-12,36.18543243408203,48.067501068115234,47.30684280395508,67.74385070800781,148.90383911132812,61.5,3.1461691856384277,21.65399932861328,146.57655334472656,55.07651138305664
2017-05-15,36.09269714355469,47.89849853515625,47.5089225769043,68.0711898803711,148.76516723632812,61.54496765136719,3.3041043281555176,21.058666229248047,146.33767700195312,55.243316650390625
2017-05-16,36.03937530517578,48.30350112915039,47.775875091552734,68.28160858154297,148.3590850830078,62.784175872802734,3.3656058311462402,21.134000778198242,143.4285125732422,55.07651138305664
2017-05-17,34.8293342590332,47.237998962402344,46.664459228515625,65.6784439086914,143.475830078125,61.03842544555664,3.1419870853424072,20.407333374023438,144.059814453125,54.70289993286133
2017-05-18,35.360172271728516,47.92449951171875,47.07703399658203,65.43685913085938,146.2592010498047,61.246463775634766,3.27359938621521,20.87066650390625,146.26943969726562,54.542755126953125
2017-05-19,35.480709075927734,47.992000579833984,47.28257369995117,66.0759506225586,146.65536499023438,61.22838592529297,3.349203109741211,20.722000122070312,147.24203491210938,54.66286849975586
2017-05-22,35.69630432128906,48.53350067138672,47.74912643432617,66.01359558105469,146.8336639404297,61.91581344604492,3.4206199645996094,20.690000534057617,149.04208374023438,54.903045654296875
2017-05-23,35.65227127075195,48.57699966430664,48.0700798034668,66.83975219726562,146.66529846191406,62.123844146728516,3.3745689392089844,20.257333755493164,149.4857177734375,55.096519470214844
2017-05-24,35.54563522338867,49.01750183105469,48.41975021362305,66.80077362060547,148.61659240722656,62.205265045166016,3.4124929904937744,20.681333541870117,149.8013916015625,54.903045654296875
2017-05-25,35.668479919433594,49.66899871826172,49.12554168701172,66.52019500732422,150.5183868408203,62.9741325378418,3.4048593044281006,21.121999740600586,151.90013122558594,54.542755126953125
2017-05-26,35.60821533203125,49.78900146484375,49.195369720458984,66.5279769897461,150.686767578125,63.281673431396484,3.4930214881896973,21.676000595092773,151.430908203125,54.409324645996094
2017-05-30,35.622127532958984,49.834999084472656,49.33900451660156,65.39009857177734,150.93438720703125,63.68872833251953,3.5676395893096924,22.34000015258789,150.65455627441406,54.10908508300781
2017-05-31,35.41118240356445,49.73099899291992,48.8892822265625,64.02617645263672,150.02313232421875,63.17314147949219,3.5548346042633057,22.733999252319336,149.45159912109375,53.70878219604492
2017-06-01,35.5085334777832,49.79750061035156,48.94871520996094,64.73543548583984,150.09243774414062,63.4083137512207,3.5550801753997803,22.691333770751953,153.2053985595703,53.84221649169922
2017-06-02,36.03473663330078,50.33649826049805,49.33653259277344,64.4080581665039,152.15272521972656,64.90987396240234,3.537349224090576,22.656667709350586,153.04330444335938,53.04158020019531
2017-06-05,35.682395935058594,50.56700134277344,49.72087478637695,64.52498626708984,152.17254638671875,65.38021087646484,3.6449666023254395,23.154666900634766,153.02621459960938,53.45523452758789
2017-06-06,35.80294418334961,50.150001525878906,49.3642578125,64.65748596191406,151.3603057861328,65.59729766845703,3.628467082977295,23.523332595825195,154.26327514648438,54.1824836730957
2017-06-07,36.01619338989258,50.503501892089844,49.602989196777344,65.39788818359375,151.66737365722656,65.47972106933594,3.672302007675171,23.976667404174805,156.3022918701172,53.982322692871094
2017-06-08,35.92810821533203,50.51350021362305,49.740684509277344,66.20843505859375,153.24229431152344,65.08173370361328,3.938760757446289,24.666667938232422,155.0054931640625,53.78883361816406
2017-06-09,34.53494644165039,48.91550064086914,48.04877853393555,67.7750015258789,148.18077087402344,63.60734176635742,3.6841228008270264,23.821332931518555,154.80929565429688,54.79628372192383
2017-06-12,33.70969772338867,48.24549865722656,47.63719940185547,67.79058074951172,147.03179931640625,63.11886978149414,3.6932358741760254,23.93400001525879,152.92388916015625,55.33003616333008
2017-06-13,33.98091506958008,49.03950119018555,48.067604064941406,68.01661682128906,149.25051879882812,63.90580368041992,3.7284505367279053,25.06333351135254,154.45950317382812,55.35004806518555
2017-06-14,33.64942169189453,48.82350158691406,47.94031524658203,67.8763198852539,148.82461547851562,63.56209182739258,3.73633074760437,25.37733268737793,155.5771026611328,54.756263732910156
2017-06-15,33.447750091552734,48.208499908447266,47.55646514892578,67.47105407714844,148.37889099121094,63.2274169921875,3.752338409423828,25.022666931152344,154.52345275878906,54.883026123046875
2017-06-16,32.979496002197266,49.385501861572266,47.47920227050781,67.1670913696289,149.21090698242188,63.3178596496582,3.73386812210083,24.760000228881836,155.59423828125,55.703670501708984
2017-06-19,33.92295837402344,49.75849914550781,48.30137634277344,68.64010620117188,151.4197540283203,64.10482788085938,3.874239683151245,24.65333366394043,156.78500366210938,55.21662521362305
2017-06-20,33.61464309692383,49.62950134277344,47.99281692504883,68.21146392822266,150.80563354492188,63.23645782470703,3.8685758113861084,24.81599998474121,156.99916076660156,54.9163932800293
2017-06-21,33.81401062011719,50.11149978637695,48.468292236328125,67.89970397949219,152.4498748779297,63.56209182739258,3.9271862506866455,25.093332290649414,158.4126739501953,54.335933685302734
2017-06-22,33.75838088989258,50.064998626708984,48.3707275390625,67.8217544555664,151.9447021484375,63.553035736083984,3.900097370147705,25.507333755493164,159.76612854003906,54.09575271606445
2017-06-23,33.909053802490234,50.1870002746582,48.83975601196289,67.69707489013672,153.59889221191406,64.41236877441406,3.7882931232452393,25.56333351135254,158.69537353515625,54.449363708496094
2017-06-26,33.80241012573242,49.69900131225586,48.14635467529297,67.99322509765625,152.13291931152344,63.79724884033203,3.746920347213745,25.166000366210938,158.58396911621094,54.202510833740234
2017-06-27,33.31793975830078,48.8390007019043,46.95766067504883,68.62452697753906,149.1514892578125,62.60326385498047,3.6097519397735596,24.158000946044922,158.1384735107422,54.115779876708984
2017-06-28,33.80473709106445,49.51649856567383,47.597572326660156,70.0040283203125,151.78623962402344,63.136959075927734,3.7370705604553223,24.749332427978516,159.08084106445312,54.395965576171875
2017-06-29,33.30634689331055,48.79650115966797,46.44900894165039,71.04061889648438,149.60711669921875,61.95201110839844,3.6122143268585205,24.049999237060547,158.71250915527344,53.84221649169922
2017-06-30,33.38516616821289,48.400001525878906,46.04583740234375,71.23546600341797,149.5476531982422,62.35000991821289,3.5600056648254395,24.107332229614258,158.84095764160156,53.862220764160156
2017-07-03,33.26462173461914,47.68299865722656,45.53965759277344,72.68524169921875,147.0218505859375,61.662567138671875,3.4312098026275635,23.507999420166016,159.89463806152344,54.77627182006836
2017-07-05,33.40138244628906,48.56999969482422,46.173622131347656,73.41407012939453,148.9137420654297,62.48569107055664,3.5228192806243896,21.805999755859375,161.26528930664062,53.942291259765625
2017-07-06,33.08612823486328,48.25699996948242,45.9472770690918,73.17893981933594,147.40817260742188,62.02437210083008,3.533409357070923,20.588666915893555,160.14308166503906,53.45523452758789
2017-07-07,33.42225646972656,48.9379997253418,46.59709167480469,73.54728698730469,150.0033416748047,62.82942581176758,3.6141836643218994,20.881332397460938,161.0168914794922,53.52195358276367
2017-07-10,33.62624740600586,49.82350158691406,47.10179138183594,73.03005981445312,152.0437774658203,63.29977035522461,3.78509259223938,21.06999969482422,160.15164184570312,53.48193359375
2017-07-11,33.73519515991211,49.70650100708008,47.22710037231445,72.7479476928711,153.7969970703125,63.30883026123047,3.838777780532837,21.814666748046875,159.2949981689453,53.77547836303711
2017-07-12,33.78387451171875,50.32550048828125,47.92694091796875,72.49716186523438,157.39254760742188,64.35810089111328,4.0020527839660645,21.968000411987305,159.92893981933594,54.015682220458984
2017-07-13,34.25444793701172,50.03150177001953,47.98588180541992,72.95954132080078,157.74911499023438,64.91891479492188,3.95575213432312,21.560667037963867,158.892333984375,54.02235412597656
2017-07-14,34.548831939697266,50.09049987792969,48.38507843017578,72.29341888427734,158.452392578125,65.83247375488281,4.062139511108398,21.851999282836914,160.1088104248047,54.22917556762695
2017-07-17,34.66939163208008,50.50199890136719,48.33802795410156,71.61945343017578,158.2146759033203,66.34806823730469,4.044902801513672,21.30466651916504,159.63766479492188,53.948951721191406
2017-07-18,34.78992462158203,51.22249984741211,48.88234329223633,71.36869049072266,161.31495666503906,66.30284881591797,4.087013244628906,21.882667541503906,160.06597900390625,53.77547836303711
2017-07-19,35.0078239440918,51.34349822998047,49.17061233520508,71.47055053710938,162.5828399658203,66.80940246582031,4.0658345222473145,21.68400001525879,162.07054138183594,53.942291259765625
2017-07-20,34.85019302368164,51.435001373291016,49.14188766479492,71.47055053710938,162.96913146972656,67.13504028320312,4.12493896484375,21.994667053222656,164.0494842529297,53.948951721191406
2017-07-21,34.83396911621094,51.28350067138672,49.22360610961914,71.2276382446289,162.8700714111328,66.7460708618164,4.139713287353516,21.893333435058594,164.2892608642578,53.45523452758789
2017-07-24,35.25587463378906,51.9474983215332,49.44499588012695,71.53325653076172,164.4251708984375,66.57418823242188,4.091691493988037,22.834667205810547,163.52688598632812,53.2884521484375
2017-07-25,35.40654373168945,51.993499755859375,47.994789123535156,72.72444915771484,163.71200561523438,67.10789489746094,4.071990966796875,22.639999389648438,163.1071014404297,53.5553092956543
2017-07-26,35.573429107666016,52.63999938964844,47.81055450439453,72.04264831542969,164.0388946533203,66.98124694824219,4.119027614593506,22.92333221435547,163.4069366455078,53.62204360961914
2017-07-27,34.90119934082031,52.29999923706055,47.17658615112305,71.74485778808594,168.8230743408203,66.17620849609375,3.9830894470214844,22.297332763671875,161.84779357910156,53.928951263427734
2017-07-28,34.655479431152344,51.00199890136719,47.464839935302734,71.53325653076172,170.8140106201172,66.06767272949219,4.048348426818848,22.33799934387207,163.7495880126953,53.10830307006836
2017-07-31,34.476985931396484,49.388999938964844,46.82938003540039,71.94075775146484,167.64434814453125,65.76013946533203,4.0020527839660645,21.564666748046875,164.31500244140625,53.40185546875
2017-08-01,34.7829704284668,49.80950164794922,46.88188552856445,72.9046859741211,168.24856567382812,65.65160369873047,4.050811290740967,21.30466651916504,164.67474365234375,53.48857116699219
2017-08-02,36.42649841308594,49.794498443603516,46.93537521362305,72.96735382080078,167.69390869140625,65.36213684082031,4.048348426818848,21.72599983215332,165.33436584472656,53.77547836303711
2017-08-03,36.06257629394531,49.34600067138672,46.57183837890625,72.48934173583984,166.99061584472656,65.26263427734375,4.099817752838135,23.139333724975586,166.8506622314453,53.702091217041016
2017-08-04,36.25263977050781,49.37900161743164,46.843753814697266,73.39840698242188,168.01084899902344,65.74203491210938,4.117795944213867,23.79400062561035,166.9449005126953,53.515289306640625
2017-08-07,36.813621520996094,49.61349868774414,46.841766357421875,73.68050384521484,170.3484344482422,65.48875427246094,4.244375228881836,23.67799949645996,166.85928344726562,53.48193359375
2017-08-08,37.1080207824707,49.492000579833984,46.764503479003906,73.41407012939453,169.6055908203125,65.84153747558594,4.1938934326171875,24.347999572753906,166.9620819091797,53.3484992980957
2017-08-09,37.3351936340332,49.10049819946289,46.56094741821289,73.29652404785156,169.55606079101562,65.55207061767578,4.238465785980225,24.235332489013672,166.902099609375,53.515289306640625
2017-08-10,36.14600372314453,47.84600067138672,45.744205474853516,72.24641418457031,165.81190490722656,64.59326934814453,4.056968688964844,23.69333267211914,164.96603393554688,53.198665618896484
2017-08-11,36.64867401123047,48.39950180053711,46.0661506652832,71.64295959472656,166.48545837402344,65.57920837402344,3.840747117996216,23.857999801635742,165.35154724121094,52.68670654296875
2017-08-14,37.20022201538086,49.165000915527344,46.50397872924805,72.48148345947266,169.13014221191406,66.56519317626953,4.147100448608398,24.253332138061523,165.94261169433594,52.70016860961914
2017-08-15,37.60747146606445,49.137001037597656,46.461883544921875,72.6695785522461,169.37774658203125,66.5833740234375,4.1121320724487305,24.155332565307617,166.61940002441406,52.57217788696289
2017-08-16,37.45621109008789,48.909000396728516,46.768470764160156,72.16801452636719,168.38722229003906,66.97435760498047,4.067065238952637,24.194000244140625,165.99403381347656,52.18817901611328
2017-08-17,36.73711013793945,48.028499603271484,45.945796966552734,71.03953552246094,165.32655334472656,65.83769226074219,3.976438522338867,23.461332321166992,165.0774383544922,51.37306594848633
2017-08-18,36.65332794189453,47.923500061035156,45.87248611450195,71.1100845336914,165.82179260253906,65.91952514648438,3.977179527282715,23.163999557495117,163.46694946289062,51.62904739379883
2017-08-21,36.58584213256836,47.66450119018555,45.609493255615234,71.02384948730469,166.1883087158203,65.61034393310547,3.9193060398101807,22.52400016784668,164.5034637451172,51.45389175415039
2017-08-22,37.18392562866211,48.345001220703125,46.5767936706543,71.75267791748047,168.03067016601562,66.52879333496094,4.0065598487854,22.75666618347168,166.8677978515625,51.69641876220703
2017-08-23,37.23046875,47.900001525878906,46.68476486206055,71.8388671875,167.10948181152344,66.128662109375,4.086666584014893,23.51799964904785,166.39669799804688,51.60883712768555
2017-08-24,37.06523895263672,47.622501373291016,46.40293884277344,71.7213134765625,166.148681640625,66.10137176513672,4.0716328620910645,23.528667449951172,166.83352661132812,51.42020797729492
2017-08-25,37.202552795410156,47.26300048828125,46.086456298828125,72.01127624511719,164.74215698242188,66.2196044921875,4.037618160247803,23.203332901000977,166.4994659423828,51.68293380737305
2017-08-28,37.57720947265625,47.30099868774414,45.96907043457031,71.78402709960938,165.6533966064453,66.22870635986328,4.0662102699279785,23.04400062561035,167.12481689453125,51.514522552490234
2017-08-29,37.9123420715332,47.702999114990234,46.34648513793945,71.39219665527344,166.4557342529297,66.42875671386719,4.0595550537109375,23.157333374023438,168.5297088623047,51.50105285644531
2017-08-30,38.01473617553711,48.37950134277344,46.73676300048828,71.55674743652344,168.3080291748047,67.30175018310547,4.083709716796875,23.545333862304688,167.80157470703125,51.26527786254883
2017-08-31,38.16600799560547,49.029998779296875,47.31179428100586,71.2276382446289,170.3385772705078,67.99285888671875,4.176387310028076,23.726667404174805,170.38865661621094,51.42020797729492
2017-09-01,38.17763137817383,48.912498474121094,47.15082931518555,71.86237335205078,170.38809204101562,67.23808288574219,4.201527118682861,23.69333267211914,171.1168212890625,51.58189010620117
2017-09-05,37.71918869018555,48.26350021362305,46.63028335571289,70.14616394042969,169.1004180908203,66.93799591064453,4.089376449584961,23.305999755859375,170.73989868164062,51.992828369140625
2017-09-06,37.67961502075195,48.38999938964844,46.657020568847656,70.61636352539062,170.45738220214844,66.7470474243164,4.0869140625,22.968666076660156,169.9432373046875,53.07066345214844
2017-09-07,37.52834701538086,48.9734992980957,47.04681396484375,69.37818908691406,171.5667724609375,67.60182189941406,4.105894088745117,23.374000549316406,170.4075164794922,53.239078521728516
2017-09-08,36.91630172729492,48.29499816894531,46.62681198120117,69.29196166992188,169.32821655273438,67.27445983886719,4.034658908843994,22.893333435058594,170.04641723632812,53.09762191772461
2017-09-11,37.58421325683594,48.89799880981445,46.71992492675781,70.36558532714844,171.86390686035156,67.9837646484375,4.1655402183532715,24.246000289916992,171.62001037597656,53.387298583984375
2017-09-12,37.435264587402344,49.12900161743164,46.88634490966797,71.2276382446289,171.3191375732422,67.9110107421875,4.180576324462891,24.183332443237305,169.8056182861328,53.55570602416992
2017-09-13,37.153656005859375,49.97999954223633,47.074066162109375,71.4313735961914,171.40830993652344,68.3929672241211,4.199310302734375,24.415332794189453,170.545166015625,53.73758316040039
2017-09-14,36.83485794067383,49.61050033569336,46.563419342041016,71.29031372070312,169.338134765625,67.99285888671875,4.1754021644592285,25.176000595092773,170.02919006347656,53.953155517578125
2017-09-15,37.20719528198242,49.339500427246094,46.32370376586914,71.79969787597656,170.01165771484375,68.4839096069336,4.439383029937744,25.320667266845703,170.41612243652344,53.939697265625
2017-09-18,36.925601959228516,48.70949935913086,46.04930114746094,72.81845092773438,168.3971405029297,68.34751892089844,4.622763633728027,25.666667938232422,170.42477416992188,53.953155517578125
2017-09-19,36.939571380615234,48.49300003051758,46.401451110839844,73.61781311035156,170.8833465576172,68.60213470458984,4.617835998535156,25.00666618347168,167.38067626953125,54.040740966796875
2017-09-20,36.3205451965332,48.660499572753906,46.930419921875,74.13504028320312,170.5366668701172,68.1474609375,4.580615520477295,24.92733383178711,168.32662963867188,54.26304244995117
2017-09-21,35.69683837890625,48.23249816894531,46.93091583251953,74.47199249267578,169.48670959472656,67.4836196899414,4.455404281616211,24.43199920654297,167.8622283935547,53.81843566894531
2017-09-22,35.3477668762207,47.755001068115234,46.71844482421875,74.31526184082031,168.92213439941406,67.66549682617188,4.412022590637207,23.4060001373291,165.98765563964844,53.83863830566406
2017-09-25,35.03592300415039,46.989498138427734,46.27367401123047,73.75887298583984,161.3248748779297,66.61972045898438,4.214838027954102,22.999332427978516,164.88694763183594,54.55272674560547
2017-09-26,35.63866424560547,46.93000030517578,46.4296875,73.42972564697266,162.6521759033203,66.61972045898438,4.238500118255615,23.016666412353516,165.70387268066406,54.49208450317383
2017-09-27,35.892337799072266,47.54349899291992,47.542598724365234,74.58956146240234,166.08924865722656,67.15626525878906,4.331424236297607,22.731332778930664,167.24310302734375,54.85586929321289
2017-09-28,35.6712532043457,47.81999969482422,47.78578567504883,74.74628448486328,167.12928771972656,67.1744155883789,4.330191135406494,22.639999389648438,168.62754821777344,55.36784744262695
2017-09-29,35.86674118041992,48.067501068115234,48.22708511352539,74.84818267822266,169.24896240234375,67.73824310302734,4.406353950500488,22.739999771118164,168.41261291503906,55.22637939453125
2017-10-02,35.794593811035156,47.95949935913086,47.91753387451172,75.89045715332031,167.8623046875,67.84736633300781,4.412022590637207,22.768667221069336,169.77984619140625,54.9906005859375
2017-10-03,35.95050811767578,47.85499954223633,48.14585876464844,76.29010772705078,168.34764099121094,67.52908325195312,4.421142578125,23.209333419799805,170.80311584472656,55.07817459106445
2017-10-04,35.717796325683594,48.272499084472656,47.883358001708984,75.51429748535156,166.82223510742188,67.92010498046875,4.458115577697754,23.667333602905273,172.39390563964844,55.09838104248047
2017-10-05,36.162288665771484,49.04249954223633,48.7951774597168,76.53111267089844,169.615478515625,69.08407592773438,4.455649375915527,23.68866729736328,170.1753692626953,55.253326416015625
2017-10-06,36.14133834838867,49.479000091552734,49.21369552612305,76.39710998535156,170.59609985351562,69.11134338378906,4.468713760375977,23.79199981689453,170.3129425048828,55.04448318481445
2017-10-09,36.26700973510742,49.54949951171875,49.147830963134766,75.99510955810547,170.86351013183594,69.37506866455078,4.569525241851807,22.862667083740234,168.799560546875,55.26004409790039
2017-10-10,36.28099060058594,49.36000061035156,48.92445373535156,76.56266021728516,169.96214294433594,69.37506866455078,4.656778812408447,23.70599937438965,167.40652465820312,55.415000915527344
2017-10-11,36.43224334716797,49.75,49.808536529541016,76.33406066894531,171.1012420654297,69.49331665039062,4.706320285797119,23.639999389648438,167.90524291992188,55.64403533935547
2017-10-12,36.30424880981445,50.04650115966797,49.808536529541016,75.66403198242188,170.91307067871094,70.12984466552734,4.7085418701171875,23.711999893188477,165.89303588867188,55.52952575683594
2017-10-13,36.534629821777344,50.14699935913086,49.918495178222656,75.56159210205078,172.09176635742188,70.46633911132812,4.7962870597839355,23.704666137695312,165.5491485595703,55.51604080200195
2017-10-16,37.20719528198242,50.31700134277344,49.99178695678711,77.12232208251953,172.86439514160156,70.61180877685547,4.878612518310547,23.373332977294922,166.13381958007812,55.7855110168457
2017-10-17,37.34450149536133,50.45650100708008,50.073516845703125,76.94889068603516,174.43930053710938,70.5572509765625,4.874175548553467,23.71666717529297,175.32620239257812,55.88654327392578
2017-10-18,37.17927932739258,49.849998474121094,50.159698486328125,77.24055480957031,174.3600311279297,70.5754623413086,4.869987964630127,23.976667404174805,176.478515625,55.7518196105957
2017-10-19,36.299583435058594,49.330501556396484,49.61983108520508,77.33512115478516,172.90399169921875,70.84825134277344,4.87540864944458,23.45400047302246,174.77589416503906,55.73835372924805
2017-10-20,36.36241912841797,49.14550018310547,49.77981185913086,78.43869018554688,173.31997680664062,71.66665649414062,4.853225231170654,23.00666618347168,178.4218292236328,55.987606048583984
2017-10-23,36.34379577636719,48.314998626708984,48.8125114440918,78.3046875,169.64520263671875,71.68485260009766,4.846324443817139,22.468000411987305,178.0091552734375,56.075191497802734
2017-10-24,36.560245513916016,48.79499816894531,48.958621978759766,79.55011749267578,170.17015075683594,71.71214294433594,4.897099018096924,22.48933219909668,178.98939514160156,56.230125427246094
2017-10-25,36.399658203125,48.64550018310547,49.1057243347168,79.62892150878906,168.98155212402344,71.50296783447266,4.7733659744262695,21.722667694091797,178.48208618164062,56.02801513671875
2017-10-26,36.63237762451172,48.621498107910156,49.10374069213867,80.19647979736328,169.01129150390625,71.6212158203125,4.823401927947998,21.744667053222656,179.84934997558594,56.230125427246094
2017-10-27,37.944923400878906,55.04750061035156,51.19632339477539,80.22013092041016,176.19248962402344,76.21343994140625,4.975481033325195,21.391332626342773,182.8160400390625,56.39181137084961
2017-10-30,38.79899215698242,55.54249954223633,51.169586181640625,79.93636322021484,178.16358947753906,76.28621673583984,5.0242838859558105,21.338666915893555,180.0556640625,56.277278900146484
2017-10-31,39.33890914916992,55.263999938964844,51.16513442993164,79.30577087402344,178.351806640625,75.64057922363281,5.097487926483154,22.101999282836914,180.76943969726562,56.14927291870117
2017-11-01,38.83855438232422,55.183998107910156,51.63861846923828,79.55011749267578,180.92713928222656,75.64057922363281,5.107100963592529,21.405332565307617,180.17613220214844,56.49958038330078
2017-11-02,39.12248611450195,54.71099853515625,51.656951904296875,80.07826232910156,177.2226104736328,76.43174743652344,5.076045513153076,19.950666427612305,181.5261688232422,56.270545959472656
2017-11-03,40.14411544799805,55.58000183105469,52.004642486572266,79.93636322021484,177.2226104736328,76.5135498046875,5.143826484680176,20.4060001373291,183.0481719970703,56.034759521484375
2017-11-06,40.55137634277344,56.03300094604492,51.64258575439453,79.43976593017578,178.46075439453125,76.81365966796875,5.166996002197266,20.185333251953125,182.4032440185547,56.41875076293945
2017-11-07,40.68170166015625,56.15850067138672,52.12350845336914,77.83963775634766,178.53997802734375,76.63177490234375,5.226152420043945,20.40333366394043,182.9020233154297,56.304222106933594
2017-11-08,41.01449203491211,56.64400100708008,52.41572570800781,76.96466827392578,177.85653686523438,76.8954849243164,5.155412197113037,20.292667388916016,181.24237060546875,56.230125427246094
2017-11-09,40.93071365356445,56.45650100708008,51.8922119140625,76.95680236816406,177.59902954101562,76.46810150146484,5.060763359069824,20.19933319091797,181.9217071533203,56.56694030761719
2017-11-10,40.79523468017578,56.26750183105469,51.715396881103516,76.86217498779297,176.7669677734375,76.2680435180664,5.327456951141357,20.19933319091797,181.50038146972656,56.390193939208984
2017-11-13,40.631771087646484,56.458499908447266,51.56928634643555,77.1380844116211,177.0740509033203,76.32258605957031,5.240941524505615,21.02666664123535,182.8675994873047,56.35619354248047
2017-11-14,40.017513275146484,56.84199905395508,51.5910758972168,76.6729965209961,176.38067626953125,76.43174743652344,5.279146671295166,20.579999923706055,182.0506591796875,55.91423797607422
2017-11-15,39.48966979980469,56.33449935913086,51.332035064697266,77.39820861816406,176.26182556152344,75.83768463134766,5.175623893737793,20.753332138061523,180.45986938476562,55.213985443115234
2017-11-16,39.96145248413086,56.864498138427734,51.929359436035156,77.61892700195312,177.88624572753906,76.03873443603516,5.215801239013672,20.833332061767578,181.55194091796875,54.772029876708984
2017-11-17,39.73957443237305,56.49399948120117,51.30628204345703,77.35877990722656,177.30186462402344,75.30760955810547,5.209639549255371,21.003332138061523,180.49424743652344,54.554473876953125
2017-11-20,39.69987869262695,56.31549835205078,51.24536895751953,78.04456329345703,177.0443115234375,75.42640686035156,5.276681423187256,20.582666397094727,180.79519653320312,54.765235900878906
2017-11-21,40.43790054321289,56.9744987487793,52.01998519897461,77.98152160644531,180.1347198486328,76.51396942138672,5.325236797332764,21.187332153320312,182.8160400390625,54.98283004760742
2017-11-22,40.862979888916016,57.80799865722656,52.1002311706543,77.7529067993164,179.15411376953125,75.95648193359375,5.301312446594238,20.84000015258789,181.62936401367188,55.139163970947266
2017-11-24,40.86532211303711,59.29999923706055,52.32806396484375,77.50067901611328,181.04598999023438,76.09359741210938,5.351382732391357,21.036666870117188,182.7386474609375,55.35674285888672
2017-11-27,40.65977096557617,59.791500091552734,53.09525680541992,77.1932601928711,181.2936248779297,76.65106964111328,5.281826019287109,21.12066650390625,182.6439971923828,55.14600372314453
2017-11-28,40.42156219482422,59.68000030517578,52.66337203979492,79.89696502685547,180.68943786621094,77.57411193847656,5.1972246170043945,21.170000076293945,185.86007690429688,55.5267219543457
2017-11-29,39.58308792114258,58.063499450683594,51.380088806152344,81.76509857177734,173.46856689453125,76.16667938232422,4.844758987426758,20.502666473388672,191.65585327148438,55.93463897705078
2017-11-30,40.13662338256836,58.837501525878906,51.320152282714844,82.38780975341797,175.4991455078125,76.92523956298828,4.950571537017822,20.59000015258789,196.86721801757812,56.62815856933594
2017-12-01,39.94978332519531,58.11750030517578,50.7703857421875,82.60064697265625,173.43885803222656,77.00749969482422,4.875834941864014,20.435333251953125,195.6679229736328,56.74374008178711
2017-12-04,39.6578369140625,56.6974983215332,50.11660385131836,84.30326843261719,169.84329223632812,74.10118865966797,4.604024887084961,20.34666633605957,191.04324340820312,56.81851577758789
2017-12-05,39.620460510253906,57.07849884033203,50.49946594238281,83.33373260498047,171.19039916992188,74.56731414794922,4.63066291809082,20.246667861938477,189.895751953125,56.35619354248047
2017-12-06,39.47331237792969,57.61750030517578,51.14928436279297,82.71101379394531,174.3897705078125,75.65489196777344,4.668155193328857,20.884000778198242,189.76634216308594,55.94145202636719
2017-12-07,39.54572677612305,57.989498138427734,51.73619079589844,82.46663665771484,178.4310302734375,75.38983917236328,4.735490322113037,20.749332427978516,189.947509765625,56.12501907348633
2017-12-08,39.55739974975586,58.099998474121094,51.97442626953125,83.49922943115234,177.30186462402344,76.91609954833984,4.723158359527588,21.0086669921875,193.19163513183594,56.1998176574707
2017-12-11,40.32813262939453,58.44599914550781,52.102699279785156,83.2548828125,177.34149169921875,77.8940200805664,4.801346302032471,21.92733383178711,192.2080535888672,56.45137023925781
2017-12-12,40.101585388183594,58.25400161743164,51.9442138671875,84.22443389892578,175.2812042236328,78.2138671875,4.707124710083008,22.735332489013672,191.96646118164062,56.267791748046875
2017-12-13,40.23471450805664,58.20650100708008,52.073974609375,83.16818237304688,176.6085205078125,78.003662109375,4.592186450958252,22.601999282836914,193.57127380371094,56.512569427490234
2017-12-14,40.22303771972656,58.7130012512207,52.37510681152344,82.49817657470703,176.69764709472656,77.4004898071289,4.599338531494141,22.525999069213867,190.89659118652344,56.36298370361328
2017-12-15,40.631771087646484,58.957000732421875,53.09476089477539,83.6647720336914,178.47067260742188,79.37456512451172,4.724884986877441,22.89666748046875,191.3883514404297,56.45137023925781
2017-12-18,41.20396041870117,59.52899932861328,53.743099212646484,84.31114959716797,179.1046142578125,78.94502258300781,4.881263256072998,22.591333389282227,192.12176513671875,56.390193939208984
2017-12-19,40.76488494873047,59.36899948120117,53.480106353759766,83.95643615722656,177.8070068359375,78.4423599243164,4.837111473083496,22.073333740234375,191.5781707763672,56.05024719238281
2017-12-20,40.720516204833984,58.88100051879883,53.17203140258789,83.6647720336914,176.202392578125,78.15904235839844,4.854131698608398,21.93199920654297,191.87152099609375,56.34259796142578
2017-12-21,40.87464904785156,58.737998962402344,53.037811279296875,84.99695587158203,175.76654052734375,78.14077758789062,4.8316850662231445,22.110666275024414,191.27613830566406,57.00888442993164
2017-12-22,40.87464904785156,58.417999267578125,52.93924331665039,84.69740295410156,175.5189208984375,78.14990997314453,4.816392421722412,21.68000030517578,189.8180389404297,57.0904541015625
2017-12-26,39.83767318725586,58.8380012512207,52.790164947509766,84.35843658447266,174.32040405273438,78.04935455322266,4.8699164390563965,21.152666091918945,189.4729461669922,57.09727096557617
2017-12-27,39.84468078613281,59.112998962402344,52.51033020019531,84.51609802246094,175.9349365234375,78.33268737792969,4.863256454467773,20.775999069213867,190.18043518066406,57.042884826660156
2017-12-28,39.956783294677734,59.30500030517578,52.29983139038086,84.96540832519531,176.2321014404297,78.3418197631836,4.868929386138916,21.02400016784668,192.2080535888672,57.12446594238281
2017-12-29,39.52470397949219,58.4734992980957,52.17353057861328,84.2953872680664,174.78594970703125,78.1773452758789,4.772735595703125,20.75666618347168,190.2149658203125,56.86610794067383
2018-01-02,40.232357025146484,59.45050048828125,53.15469741821289,85.09149169921875,179.6988983154297,78.5520248413086,4.917026519775391,21.368667602539062,190.8188934326172,57.8111572265625
2018-01-03,40.22536849975586,60.209999084472656,54.06156539916992,85.17821502685547,182.91806030273438,78.91761779785156,5.240635395050049,21.149999618530273,192.82061767578125,58.946556091308594
2018-01-04,40.41221618652344,60.47949981689453,54.27156066894531,86.39845275878906,182.58128356933594,79.61219024658203,5.268259525299072,20.974666595458984,193.65757751464844,59.02815246582031
2018-01-05,40.872318267822266,61.457000732421875,54.9912223815918,85.84381103515625,185.07740783691406,80.59921264648438,5.312906265258789,21.10533332824707,197.35035705566406,58.980567932128906
2018-01-08,40.720516204833984,62.34349822998047,55.185367584228516,85.97057342529297,186.4938201904297,80.68148803710938,5.475696086883545,22.42733383178711,193.92503356933594,59.245731353759766
2018-01-09,40.71583938598633,62.6349983215332,55.11503601074219,86.4063720703125,186.08766174316406,80.62665557861328,5.474216461181641,22.246000289916992,194.89137268066406,58.99415588378906
2018-01-10,40.70649719238281,62.71649932861328,54.983795166015625,87.3572006225586,186.05796813964844,80.26107025146484,5.517134666442871,22.31999969482422,193.4418182373047,58.5250358581543
2018-01-11,40.937721252441406,63.83399963378906,55.078392028808594,87.82469177246094,185.98867797851562,80.49868774414062,5.526999473571777,22.530000686645508,194.46861267089844,59.10293960571289
2018-01-12,41.36045837402344,65.26000213623047,55.9996223449707,89.27470397949219,177.66831970214844,81.88784790039062,5.499868869781494,22.4146671295166,197.27268981933594,59.50407028198242
2018-01-16,41.150264739990234,65.24299621582031,56.00210189819336,88.9577407836914,176.69764709472656,80.74544525146484,5.429078578948975,22.67066764831543,200.9482879638672,59.1301383972168
2018-01-17,41.82990264892578,64.75,56.41814422607422,89.52825164794922,175.9151611328125,82.38136291503906,5.542784690856934,23.143999099731445,205.7196044921875,59.8304443359375
2018-01-18,41.867271423339844,64.66600036621094,56.26311492919922,89.7421875,178.09423828125,82.34483337402344,5.5358805656433105,22.971332550048828,209.80067443847656,59.442901611328125
2018-01-19,41.6804313659668,64.72899627685547,56.636070251464844,89.54410552978516,179.57015991210938,82.2534408569336,5.675732135772705,23.334667205810547,209.9646453857422,59.25251770019531
2018-01-22,41.33942413330078,66.3655014038086,57.659332275390625,90.59001159667969,183.6114044189453,83.724853515625,5.764034748077393,23.437332153320312,210.14584350585938,60.00041580200195
2018-01-23,41.348777770996094,68.12699890136719,58.254173278808594,90.49494934082031,187.5536651611328,83.98990631103516,5.89278507232666,23.519332885742188,211.5695037841797,60.034385681152344
2018-01-24,40.690155029296875,67.87550354003906,58.01246643066406,91.65177154541016,184.7802276611328,83.91679382324219,5.816077709197998,23.05933380126953,211.2589111328125,60.19076919555664
2018-01-25,39.96379089355469,68.89749908447266,58.54985809326172,91.675537109375,185.701416015625,84.38287353515625,5.829643726348877,22.50933265686035,211.5435791015625,60.081993103027344
2018-01-26,40.05720520019531,70.10250091552734,58.81829833984375,92.16680908203125,188.197509765625,85.96398162841797,6.001806259155273,22.856666564941406,214.38223266601562,60.51033401489258
2018-01-29,39.228084564208984,70.88400268554688,58.76481246948242,92.07170867919922,184.21566772460938,85.83600616455078,6.08862829208374,23.302000045776367,213.46766662597656,59.83723449707031
2018-01-30,38.99686050415039,71.89099884033203,58.313602447509766,91.20805358886719,185.34481811523438,84.7575912475586,5.986761569976807,23.05466651916504,204.18382263183594,59.00095748901367
2018-01-31,39.10429763793945,72.54450225830078,58.55381774902344,91.65177154541016,185.11700439453125,86.83221435546875,6.06273078918457,23.62066650390625,204.29598999023438,59.35451126098633
2018-02-01,39.18605041503906,69.5,58.52260971069336,92.60259246826172,191.25819396972656,86.14677429199219,5.932002067565918,23.28333282470703,202.9500274658203,60.55791473388672
2018-02-02,37.48577117919922,71.49749755859375,55.43251419067383,90.5503921508789,188.47482299804688,83.88021850585938,5.759840965270996,22.916667938232422,200.0682373046875,57.47121047973633
2018-02-05,36.549198150634766,69.5,52.618797302246094,86.20828247070312,179.5404052734375,80.42557525634766,5.270974159240723,22.208667755126953,189.83535766601562,54.2009391784668
2018-02-06,38.076663970947266,72.14199829101562,53.71040344238281,88.83097839355469,183.552001953125,83.46894073486328,5.563998699188232,22.264667510986328,194.28741455078125,53.26948928833008
2018-02-07,37.26154708862305,70.83899688720703,52.27308654785156,89.43318939208984,178.47067260742188,81.89701080322266,5.64341926574707,23.0,194.839599609375,52.310829162597656
2018-02-08,36.236228942871094,67.5250015258789,49.91057205200195,85.47932434082031,169.9522247314453,77.69293975830078,5.365194797515869,21.01533317565918,186.7637481689453,51.71933364868164
2018-02-09,36.67945098876953,66.9800033569336,51.82039260864258,87.19081115722656,174.43930053710938,80.59008026123047,5.724322319030762,20.69466781616211,190.64634704589844,52.04901885986328
2018-02-12,38.15686798095703,69.3115005493164,52.230987548828125,88.53782653808594,174.7364044189453,81.45829772949219,5.624427795410156,21.048667907714844,194.72740173339844,52.488590240478516
2018-02-13,38.539100646972656,70.72550201416016,52.21018600463867,89.08454132080078,171.50733947753906,82.09805297851562,5.737888336181641,21.577333450317383,195.54708862304688,52.406166076660156
2018-02-14,39.24966812133789,72.55249786376953,53.12943649291992,91.14463806152344,177.81692504882812,83.38358306884766,5.954697608947754,21.487333297729492,197.39352416992188,52.516056060791016
2018-02-15,40.567604064941406,73.08799743652344,54.05363845825195,91.52500915527344,178.2527618408203,85.08226013183594,6.079996109008789,22.271333694458008,195.01219177246094,52.34435272216797
2018-02-16,40.436279296875,72.43450164794922,54.25869369506836,90.86731719970703,175.6774139404297,84.47624969482422,6.014387130737305,22.365999221801758,197.90257263183594,52.57101821899414
2018-02-20,40.30026626586914,73.4175033569336,54.65937423706055,90.89112854003906,174.34019470214844,85.13738250732422,6.143632888793945,22.31800079345703,195.56436157226562,52.02841567993164
2018-02-21,40.11735153198242,74.14600372314453,55.162593841552734,91.27145385742188,176.2222137451172,84.0079574584961,5.956916332244873,22.219999313354492,194.2442626953125,51.43771743774414
2018-02-22,40.45269012451172,74.26699829101562,54.971900939941406,91.10507202148438,177.29196166992188,84.2283706665039,5.976414203643799,23.077999114990234,195.93536376953125,52.103965759277344
2018-02-23,41.156219482421875,75.0,55.87282943725586,92.95122528076172,181.5511474609375,86.36781311035156,6.069705009460449,23.469999313354492,198.58419799804688,53.25099563598633
2018-02-26,41.96995544433594,76.09750366210938,56.64597702026367,94.10807037353516,183.1756134033203,87.61656951904297,6.085748195648193,23.827999114990234,201.9491424560547,54.150753021240234
2018-02-27,41.833946228027344,75.5989990234375,55.34882354736328,92.99083709716797,179.73851013183594,86.49632263183594,6.072915077209473,23.39933204650879,200.62049865722656,53.230377197265625
2018-02-28,41.77062225341797,75.62249755859375,54.67573165893555,91.5170669555664,176.6282958984375,86.10151672363281,5.972712993621826,22.87066650390625,195.1329803466797,52.02153778076172
2018-03-01,41.03895950317383,74.67250061035156,53.0655403137207,89.87689971923828,174.2708740234375,85.25675201416016,5.731088638305664,22.062000274658203,193.65757751464844,51.650638580322266
2018-03-02,41.322715759277344,75.01249694824219,53.69605255126953,89.78974914550781,174.94439697265625,85.44038391113281,5.837955951690674,22.341333389282227,194.2960205078125,51.891048431396484
2018-03-05,41.46577453613281,76.18049621582031,54.2220458984375,91.16841888427734,178.68858337402344,85.98213958740234,5.815989971160889,22.22333335876465,197.04843139648438,52.38557052612305
2018-03-06,41.430599212646484,76.88200378417969,54.52614212036133,91.24766540527344,178.074462890625,85.68830871582031,5.976659297943115,21.8799991607666,195.15020751953125,52.32374954223633
2018-03-07,41.04600524902344,77.25,55.22649002075195,90.9069595336914,181.96717834472656,86.18413543701172,5.96876335144043,22.15333366394043,196.09066772460938,51.0050163269043
2018-03-08,41.49391174316406,77.59300231933594,55.93672561645508,90.91486358642578,180.6101531982422,86.7075424194336,5.952474117279053,21.940000534057617,194.5411376953125,50.90885925292969
2018-03-09,42.20681381225586,78.94450378417969,57.49489974975586,93.52965545654297,183.47276306152344,88.64498138427734,6.054898262023926,21.81133270263672,195.14710998535156,51.211055755615234
2018-03-12,42.6148681640625,79.91950225830078,57.74700164794922,93.22855377197266,183.0072021484375,88.85614013671875,6.164233684539795,23.034000396728516,192.84442138671875,51.678104400634766
2018-03-13,42.204463958740234,79.40899658203125,56.45825958251953,92.1113510131836,180.154541015625,86.68917846679688,6.113638401031494,22.78933334350586,196.45425415039062,51.190460205078125
2018-03-14,41.84567642211914,79.55000305175781,56.90303039550781,91.08126831054688,182.442626953125,86.17496490478516,6.1390581130981445,21.775333404541016,195.1038360595703,50.551692962646484
2018-03-15,41.89492416381836,79.11599731445312,56.988216400146484,91.31103515625,182.1157684326172,86.47798156738281,6.153867244720459,21.706666946411133,198.65306091308594,51.11490249633789
2018-03-16,41.747188568115234,78.58399963378906,56.18634796142578,91.46953582763672,183.33409118652344,86.86360168457031,6.182003021240234,21.42333221435547,197.2506866455078,51.5956916809082
2018-03-19,41.109310150146484,77.24649810791016,54.48504638671875,90.74848937988281,170.92295837402344,85.2934799194336,5.948031425476074,20.90399932861328,194.81814575195312,50.92945861816406
2018-03-20,41.09524917602539,79.32550048828125,54.27355194091797,90.83565521240234,166.55477905273438,85.51383972167969,6.159790515899658,20.703332901000977,196.31578063964844,50.81956481933594
2018-03-21,40.16424560546875,79.09300231933594,54.18439865112305,90.91486358642578,167.7830352783203,84.91699981689453,6.134616374969482,21.101999282836914,192.88771057128906,51.54075241088867
2018-03-22,39.596744537353516,77.24600219726562,52.16115188598633,87.1194839477539,163.3257293701172,82.44696807861328,5.9690093994140625,20.606666564941406,186.2999725341797,50.4830207824707
2018-03-23,38.67980194091797,74.77799987792969,50.843685150146484,84.78995513916016,157.87791442871094,80.0504379272461,5.7498459815979,20.1026668548584,183.9972686767578,50.06404113769531
2018-03-26,40.51600646972656,77.79299926757812,52.207706451416016,87.40474700927734,158.54156494140625,86.11067962646484,6.033920764923096,20.278667449951172,189.64141845703125,50.82643508911133
2018-03-27,39.477142333984375,74.85250091552734,49.872432708740234,85.70909881591797,150.7759246826172,82.15316009521484,5.565975189208984,18.61199951171875,188.68060302734375,50.6203727722168
2018-03-28,39.04095458984375,71.57099914550781,49.785255432128906,85.57439422607422,151.5782470703125,82.0797348022461,5.4630560874938965,17.185333251953125,189.14805603027344,50.009090423583984
2018-03-29,39.34581756591797,72.36699676513672,51.368194580078125,87.13534545898438,158.27407836914062,83.80596160888672,5.715787410736084,17.742000579833984,185.25253295898438,51.24541091918945
2018-04-02,39.08784484863281,68.59950256347656,50.15424346923828,85.45555114746094,153.91586303710938,81.28083038330078,5.45565128326416,16.832000732421875,188.0226593017578,50.29067611694336
2018-04-03,39.48885726928711,69.60250091552734,50.45389175415039,86.62824249267578,154.62899780273438,82.37353515625,5.561779022216797,17.8353328704834,194.41123962402344,51.52701187133789
2018-04-04,40.243988037109375,70.52850341796875,51.00019836425781,87.94355010986328,153.6285858154297,84.77928161621094,5.583744525909424,19.12933349609375,198.0557403564453,51.42399215698242
2018-04-05,40.523040771484375,72.5875015258789,51.145320892333984,89.0982894897461,157.82833862304688,84.82518005371094,5.463797569274902,20.381332397460938,198.29812622070312,52.21384811401367
2018-04-06,39.48652267456055,70.2614974975586,50.02151107788086,86.87638092041016,155.7086639404297,82.85101318359375,5.2878241539001465,19.953332901000977,193.87457275390625,51.42399215698242
2018-04-09,39.878143310546875,70.30400085449219,50.52373123168945,87.919677734375,156.43173217773438,83.34683227539062,5.316453456878662,19.310667037963867,192.80982971191406,51.42399215698242
2018-04-10,40.62858200073242,71.81099700927734,51.33649444580078,89.60002136230469,163.47430419921875,85.2842788696289,5.6249613761901855,20.31333351135254,196.3244171142578,52.93502426147461
2018-04-11,40.438621520996094,71.35250091552734,50.7698860168457,88.09486389160156,164.74215698242188,84.34771728515625,5.583744525909424,20.062000274658203,192.09127807617188,53.18230056762695
2018-04-12,40.837276458740234,72.42500305175781,51.37562561035156,90.2848892211914,162.3153839111328,85.92704010009766,5.790074825286865,19.60533332824707,194.1169891357422,53.03807830810547
2018-04-13,40.97564697265625,71.53949737548828,51.31371307373047,87.84000396728516,162.95924377441406,85.46794128417969,5.713565349578857,20.022666931152344,194.1515655517578,53.463905334472656
2018-04-16,41.23126983642578,72.07499694824219,51.811973571777344,87.76834869384766,163.2662811279297,86.46879577636719,5.713316440582275,19.413999557495117,199.38018798828125,53.9446907043457
2018-04-17,41.79876708984375,75.19149780273438,53.459293365478516,87.76834869384766,167.05995178222656,88.2134017944336,5.862636089324951,19.179332733154297,206.50457763671875,53.80046463012695
2018-04-18,41.7049560546875,76.39199829101562,53.26266098022461,87.0595703125,164.78175354003906,88.55316925048828,5.833759784698486,19.55666732788086,204.6434326171875,54.41176223754883
2018-04-19,40.523040771484375,77.84549713134766,53.95903396606445,88.97086334228516,166.50526428222656,88.2501449584961,5.6528496742248535,20.005332946777344,204.0894317626953,54.549102783203125
2018-04-20,38.862728118896484,76.37449645996094,53.35825729370117,88.77178192138672,164.70252990722656,87.2309341430664,5.6447062492370605,19.349332809448242,203.48345947265625,54.26064682006836
2018-04-23,38.750160217285156,75.89299774169922,53.184410095214844,88.34171295166016,164.2666778564453,87.55229187011719,5.525497913360596,18.891332626342773,202.8601837158203,54.65216064453125
2018-04-24,38.21079635620117,73.00450134277344,50.65003204345703,87.9276351928711,158.175048828125,85.50467681884766,5.459354877471924,18.8973331451416,202.75631713867188,53.814212799072266
2018-04-25,38.37730026245117,73.00849914550781,50.6673698425293,87.59315490722656,158.175048828125,84.7608871459961,5.347303867340088,18.71266746520996,203.344970703125,54.60406494140625
2018-04-26,38.510963439941406,75.89800262451172,51.67378616333008,87.68073272705078,172.50778198242188,86.55143737792969,5.558570861816406,19.031999588012695,205.18885803222656,55.53818130493164
2018-04-27,38.06539535522461,78.63099670410156,51.08637619018555,87.12328338623047,171.94317626953125,87.98385620117188,5.585965633392334,19.60533332824707,207.91566467285156,53.42957305908203
2018-04-30,38.75485610961914,78.30650329589844,50.448944091796875,86.62954711914062,170.36825561523438,85.87194061279297,5.55067253112793,19.593332290649414,204.6434326171875,53.40208053588867
2018-05-01,39.655372619628906,79.11299896240234,51.5469970703125,86.62954711914062,172.21063232421875,87.2309341430664,5.605957508087158,19.994667053222656,205.03305053710938,52.85260772705078
2018-05-02,41.40713882446289,78.48400115966797,50.81892013549805,85.94463348388672,174.39967346191406,85.86278533935547,5.58547306060791,20.07666778564453,202.09841918945312,52.74959182739258
2018-05-03,41.48218536376953,78.60399627685547,50.831298828125,85.4030990600586,172.36911010742188,86.37696075439453,5.750340461730957,18.963333129882812,202.69566345214844,52.57101821899414
2018-05-04,43.109676361083984,79.04750061035156,52.054664611816406,86.35079193115234,174.93453979492188,87.37783813476562,5.900150775909424,19.606000900268555,204.2105712890625,52.818294525146484
2018-05-07,43.42156982421875,80.00700378417969,52.47367858886719,87.09939575195312,176.28164672851562,88.35113525390625,6.137578964233398,20.184667587280273,202.37535095214844,53.39521789550781
2018-05-08,43.63027572631836,79.61949920654297,52.43059539794922,88.38951110839844,177.2226104736328,87.97466278076172,6.18002986907959,20.131332397460938,200.86050415039062,53.63559341430664
2018-05-09,43.937496185302734,80.4000015258789,53.93427658081055,90.3167724609375,180.92713928222656,89.01226043701172,6.312812805175781,20.456666946411133,198.41934204101562,54.8994140625
2018-05-10,44.56596755981445,80.4540023803711,54.75248336791992,91.01753997802734,183.76992797851562,89.90293884277344,6.420172214508057,20.334667205810547,202.31483459472656,56.128868103027344
2018-05-11,44.39646911621094,80.14550018310547,54.64897537231445,90.67512512207031,185.21604919433594,89.71012115478516,6.281959533691406,20.070667266845703,206.2709197998047,56.39250564575195
2018-05-14,44.29289245605469,80.0770034790039,54.8084602355957,90.70696258544922,184.86940002441406,90.01311492919922,6.302444934844971,19.46466636657715,210.27029418945312,56.774105072021484
2018-05-15,43.89033889770508,78.80599975585938,53.73220443725586,90.01412963867188,182.5714111328125,89.36117553710938,6.060575008392334,18.94533348083496,207.32704162597656,56.74635314941406
2018-05-16,44.299949645996094,79.36399841308594,53.693565368652344,90.26099395751953,181.4619903564453,89.59174346923828,6.071681022644043,19.09866714477539,209.24880981445312,56.905914306640625
2018-05-17,44.01980972290039,79.08799743652344,53.553401947021484,89.9583740234375,182.01669311523438,88.69720458984375,6.113638401031494,18.96933364868164,210.32220458984375,56.80879211425781
2018-05-18,43.8597297668457,78.71849822998047,52.97787857055664,88.50100708007812,180.94692993164062,88.86319732666016,6.069952964782715,18.454666137695312,211.77658081054688,56.40638732910156
2018-05-21,44.170475006103516,79.27300262451172,53.68960952758789,89.31331634521484,182.73977661132812,90.00672149658203,6.027994155883789,18.965999603271484,214.59866333007812,57.08631896972656
2018-05-22,44.05984115600586,79.06999969482422,53.25870895385742,89.9981918334961,182.0563201904297,89.91448974609375,5.989988803863525,18.333999633789062,212.2440185546875,56.642295837402344
2018-05-23,44.34232711791992,80.09300231933594,53.78618621826172,89.58406829833984,185.1269073486328,90.98426055908203,6.113220691680908,18.60466766357422,211.44757080078125,56.99613952636719
2018-05-24,44.29289245605469,80.15350341796875,53.76091766357422,88.58064270019531,184.16612243652344,90.6614990234375,6.116924285888672,18.523332595825195,210.12310791015625,55.69175338745117
2018-05-25,44.39411163330078,80.50749969482422,53.69306945800781,88.1266860961914,183.1656951904297,90.70759582519531,6.156191349029541,18.59000015258789,212.044921875,54.609432220458984
2018-05-29,44.234031677246094,80.64350128173828,52.900115966796875,84.35986328125,183.97793579101562,90.38482666015625,6.139151573181152,18.917333602905273,209.63832092285156,54.408233642578125
2018-05-30,44.139869689941406,81.24449920654297,53.36568832397461,86.28707885742188,185.8896026611328,91.25167083740234,6.2478132247924805,19.447999954223633,212.0362091064453,56.54513168334961
2018-05-31,43.99156188964844,81.48100280761719,54.4815673828125,85.21993255615234,189.96063232421875,91.1502685546875,6.228056907653809,18.98200035095215,209.06698608398438,56.3647575378418
2018-06-01,44.78490447998047,82.0770034790039,56.21507263183594,86.32688903808594,192.14964294433594,92.94857025146484,6.362154483795166,19.454666137695312,210.65982055664062,56.774105072021484
2018-06-04,45.159210205078125,83.26349639892578,57.108577728271484,86.36671447753906,191.44639587402344,93.76007843017578,6.540707111358643,19.78266716003418,211.76792907714844,56.17742919921875
2018-06-05,45.507625579833984,84.81749725341797,57.00851821899414,85.88092041015625,191.109619140625,94.23963165283203,6.546139240264893,19.408666610717773,211.59474182128906,55.976219177246094
2018-06-06,45.66535186767578,84.7874984741211,56.80693817138672,87.8877944946289,189.52476501464844,94.51629638671875,6.5481157302856445,21.299999237060547,215.2478485107422,56.933677673339844
2018-06-07,45.54292297363281,84.46499633789062,56.18634796142578,88.23821258544922,186.39474487304688,93.03153228759766,6.49254846572876,21.07266616821289,215.53355407714844,57.50260925292969
2018-06-08,45.128604888916016,84.19950103759766,56.10165023803711,88.48509216308594,187.30604553222656,93.72319030761719,6.477236747741699,21.17733383178711,217.00515747070312,58.00213623046875
2018-06-11,45.01795959472656,84.45600128173828,56.507293701171875,88.26209259033203,189.722900390625,93.1883316040039,6.436242580413818,22.139999389648438,219.6886749267578,57.65523147583008
2018-06-12,45.26515197753906,84.9375,56.86836242675781,87.7524185180664,190.57470703125,93.42809295654297,6.484647274017334,22.851333618164062,219.51564025878906,57.183448791503906
2018-06-13,44.8931884765625,85.24299621582031,56.672218322753906,87.57722473144531,190.58465576171875,93.00389862060547,6.480202674865723,22.985332489013672,218.90101623535156,56.552085876464844
2018-06-14,44.9167366027832,86.19300079345703,57.458740234375,86.0322494506836,194.94290161132812,93.52953338623047,6.591579437255859,23.847999572753906,221.03054809570312,56.81572723388672
2018-06-15,44.455326080322266,85.79850006103516,57.417137145996094,85.9287109375,193.9919891357422,92.33992004394531,6.550831317901611,23.878000259399414,222.37704467773438,55.962345123291016
2018-06-18,44.4317741394043,86.18949890136719,58.62118148803711,86.15170288085938,196.4286651611328,93.01309967041016,6.546634197235107,24.722000122070312,221.41275024414062,56.07337188720703
2018-06-19,43.713768005371094,86.73899841308594,58.37898254394531,85.64998626708984,195.61643981933594,93.01309967041016,6.4251298904418945,23.503332138061523,219.8055877685547,55.9901008605957
2018-06-20,43.90446472167969,87.50399780273438,58.64543914794922,85.64202880859375,200.0836639404297,93.94451141357422,6.4779791831970215,24.148000717163086,219.62318420410156,55.8166618347168
2018-06-21,43.65963363647461,86.51100158691406,57.920841217041016,85.61812591552734,199.58840942382812,93.27132415771484,6.349560737609863,23.167333602905273,218.82395935058594,55.289363861083984
2018-06-22,43.532508850097656,85.78350067138672,57.913414001464844,84.21650695800781,199.8261260986328,92.59810638427734,6.1974334716796875,22.242000579833984,220.97837829589844,56.46188735961914
2018-06-25,42.8851203918457,83.15750122070312,56.427059173583984,83.45198059082031,194.4872589111328,90.73528289794922,5.905282020568848,22.200666427612305,217.79885864257812,55.32404327392578
2018-06-26,43.41714859008789,84.55449676513672,56.097198486328125,83.50774383544922,197.11212158203125,91.37158966064453,5.976159572601318,22.799999237060547,216.9822540283203,55.94847106933594
2018-06-27,43.35358810424805,83.02549743652344,55.320579528808594,82.2176284790039,193.98211669921875,89.95140075683594,5.821315765380859,22.96666717529297,215.5922393798828,56.69083786010742
2018-06-28,43.66905212402344,85.07250213623047,55.80794906616211,83.56350708007812,194.36839294433594,90.95658874511719,5.9482526779174805,23.32866668701172,212.75148010253906,56.87125015258789
2018-06-29,43.577239990234375,84.98999786376953,55.927310943603516,82.98210906982422,192.47653198242188,90.93817138671875,5.850456714630127,22.863332748413086,213.13377380371094,57.398521423339844
2018-07-02,44.06453323364258,85.68900299072266,56.56722640991211,83.68293762207031,195.48770141601562,92.22923278808594,5.982333183288574,22.33799934387207,214.99282836914062,56.72553634643555
2018-07-03,43.29710388183594,84.697998046875,55.28789138793945,82.51227569580078,190.90159606933594,91.34391784667969,5.848974227905273,20.724000930786133,214.5584716796875,57.05854797363281
2018-07-05,43.645503997802734,84.98650360107422,56.526607513427734,83.04875183105469,196.56735229492188,91.99867248535156,5.994434356689453,20.610666275024414,217.6164093017578,57.10713195800781
2018-07-06,44.250518798828125,85.53150177001953,57.20961380004883,83.32099914550781,201.30198669433594,93.28975677490234,6.108034133911133,20.593332290649414,217.84225463867188,57.12100601196289
2018-07-09,44.86494064331055,86.95099639892578,57.81385803222656,85.89923858642578,202.7976837158203,93.92608642578125,6.15545129776001,21.233999252319336,220.3702392578125,57.516483306884766
2018-07-10,44.810794830322266,87.15350341796875,57.80693054199219,85.37079620361328,201.60902404785156,94.17507934570312,6.25423526763916,21.49799919128418,221.9947967529297,58.04376983642578
2018-07-11,44.229331970214844,87.75,58.02088928222656,85.1866226196289,200.61851501464844,94.04595947265625,6.112973690032959,21.263999938964844,221.16957092285156,57.30138397216797
2018-07-12,44.97086715698242,89.83100128173828,59.49684524536133,85.5549545288086,204.95697021484375,96.08404541015625,6.204346656799316,21.11400032043457,222.4377899169922,57.370784759521484
2018-07-13,45.041500091552734,90.65149688720703,59.653358459472656,85.16259765625,205.3531951904297,97.2275619506836,6.1571784019470215,21.257999420166016,224.73995971679688,57.80093002319336
2018-07-16,44.94263458251953,91.12449645996094,59.26158905029297,88.54156494140625,205.26402282714844,96.74801635742188,6.129518508911133,20.67333221435547,223.24578857421875,57.232017517089844
2018-07-17,45.06974792480469,92.19650268554688,60.082279205322266,88.47750091552734,207.9978790283203,97.70711517333984,6.265100002288818,21.512666702270508,217.43397521972656,57.10713195800781
2018-07-18,44.822574615478516,92.14600372314453,60.0738525390625,89.30220794677734,207.3738250732422,96.94168090820312,6.21595573425293,21.59000015258789,221.8905792236328,57.04468536376953
2018-07-19,45.17098617553711,90.64849853515625,59.38987731933594,87.98906707763672,206.11587524414062,96.2777099609375,6.224104404449463,21.34866714477539,219.72740173339844,56.898990631103516
2018-07-20,45.06739807128906,90.68499755859375,59.32944107055664,89.10206604003906,207.94833374023438,98.00220489501953,6.195952415466309,20.905332565307617,219.52757263183594,56.47576904296875
2018-07-23,45.10741424560547,90.0999984741211,59.97925567626953,90.75949096679688,208.90914916992188,99.56993865966797,6.159401893615723,20.213333129882812,219.56239318847656,56.47576904296875
2018-07-24,45.43464279174805,91.46199798583984,62.314544677734375,91.40005493164062,212.63348388671875,99.2840805053711,6.142115592956543,19.82866668701172,220.44845581054688,57.59278869628906
2018-07-25,45.86309814453125,93.18049621582031,63.195655822753906,92.22477722167969,215.4366455078125,102.20745849609375,6.220154762268066,20.582666397094727,221.40406799316406,57.99519729614258
2018-07-26,45.71949768066406,90.4000015258789,63.66914749145508,91.96055603027344,174.5878448486328,101.09158325195312,6.2935004234313965,20.44333267211914,223.26316833496094,58.4461669921875
2018-07-27,44.959102630615234,90.8635025024414,62.05401611328125,92.9053726196289,173.23086547851562,99.30252075195312,6.223856449127197,19.812000274658203,222.3510284423828,56.8365592956543
2018-07-30,44.70722198486328,88.96099853515625,60.92228698730469,93.46585845947266,169.4372100830078,97.1722412109375,6.029007911682129,19.344667434692383,220.51797485351562,56.71164321899414
2018-07-31,44.796669006347656,88.87200164794922,60.78260803222656,92.0406265258789,170.9427490234375,97.8270034790039,6.047035217285156,19.875999450683594,219.97935485839844,56.552085876464844
2018-08-01,47.435638427734375,89.8584976196289,61.06839370727539,92.6091079711914,170.02159118652344,98.01143646240234,6.086796283721924,20.055999755859375,220.1096649169922,55.7750358581543
2018-08-02,48.82222366333008,91.71649932861328,61.471553802490234,93.00147247314453,174.69679260253906,99.2010726928711,6.189284801483154,23.30266761779785,222.46389770507812,55.44199752807617
2018-08-03,48.96347427368164,91.16449737548828,61.32445526123047,93.75411224365234,176.09341430664062,99.634521484375,6.225833892822266,23.211332321166992,223.45428466796875,55.64320373535156
2018-08-06,49.21773147583008,92.38749694824219,61.30018997192383,93.77814483642578,183.9284210205078,99.71751403808594,6.273496150970459,22.799333572387695,223.05465698242188,55.62932205200195
2018-08-07,48.75630569458008,93.1240005493164,62.20012664794922,94.12244415283203,182.0662384033203,100.40914154052734,6.345608711242676,25.30466651916504,223.82781982421875,56.38557815551758
2018-08-08,48.789276123046875,94.32599639892578,62.472042083740234,94.3145980834961,183.4232177734375,100.9717025756836,6.381911754608154,24.689332962036133,224.83555603027344,56.01089859008789
2018-08-09,49.173004150390625,94.9260025024414,62.6270637512207,93.58599853515625,181.35305786132812,101.1376953125,6.333507537841797,23.496667861938477,227.2506103515625,55.7264518737793
2018-08-10,49.02653121948242,94.31500244140625,62.035194396972656,92.6651611328125,178.5499267578125,100.51985168457031,6.292264938354492,23.69933319091797,226.1820526123047,55.67036056518555
2018-08-13,49.343082427978516,94.80999755859375,61.84351348876953,91.19187927246094,178.34188842773438,99.79127502441406,6.3251118659973145,23.76066780090332,226.659912109375,55.06755828857422
2018-08-14,49.55097961425781,95.98249816894531,62.31404495239258,91.80043029785156,179.391845703125,101.0362319946289,6.456245422363281,23.176000595092773,228.89248657226562,54.892311096191406
2018-08-15,49.66673278808594,94.13099670410156,61.03025817871094,91.03973388671875,177.8268280029297,99.6661376953125,6.39821195602417,22.57933235168457,226.3992462158203,53.9319953918457
2018-08-16,50.39435577392578,94.32599639892578,60.626102447509766,91.89649200439453,173.04266357421875,99.64762878417969,6.357709884643555,22.363332748413086,228.56240844726562,54.675010681152344
2018-08-17,51.400718688964844,94.11100006103516,60.21946716308594,91.89649200439453,172.1511993408203,99.59208679199219,6.046048164367676,20.366666793823242,227.89344787597656,54.85725402832031
2018-08-20,50.899906158447266,93.83550262451172,60.52159881591797,91.77639770507812,170.86351013183594,98.93482208251953,6.120628833770752,20.562667846679688,227.95423889160156,55.2427864074707
2018-08-21,50.80066680908203,94.1709976196289,60.29673767089844,92.33688354492188,170.98239135742188,98.11089324951172,6.255964279174805,21.459999084472656,227.3375244140625,55.2568244934082
2018-08-22,50.80303192138672,95.24500274658203,60.51168441772461,92.056640625,171.99270629882812,99.11070251464844,6.490572929382324,21.44266700744629,226.51219177246094,56.04890441894531
2018-08-23,50.90699005126953,95.1449966430664,60.48246765136719,91.86446380615234,171.25975036621094,99.57357788085938,6.589851379394531,21.34000015258789,227.10293579101562,55.43206787109375
2018-08-24,51.06526565551758,95.26950073242188,61.25461959838867,91.82443237304688,172.9931182861328,100.3511962890625,6.722716331481934,21.521333694458008,229.58746337890625,55.81058120727539
2018-08-27,51.48576736450195,96.38400268554688,62.22142028808594,93.4498519897461,175.77647399902344,101.46210479736328,6.813596248626709,21.284666061401367,232.01995849609375,56.35733413696289
2018-08-28,51.90155792236328,96.64099884033203,61.7058219909668,92.99347686767578,174.5878448486328,102.07308959960938,6.77605676651001,20.790666580200195,233.2621612548828,56.273216247558594
2018-08-29,52.676414489746094,99.90499877929688,62.63646697998047,92.68919372558594,174.23126220703125,103.7024154663086,6.881319046020508,20.333999633789062,233.68792724609375,56.67975997924805
2018-08-30,53.160701751708984,100.11900329589844,62.13078308105469,92.2327880859375,175.9547576904297,103.63758087158203,6.8645172119140625,20.209999084472656,233.15802001953125,56.434417724609375
2018-08-31,53.77492141723633,100.635498046875,61.00944900512695,91.74435424804688,174.06288146972656,103.98938751220703,6.935434341430664,20.110666275024414,233.21868896484375,56.196083068847656
2018-09-04,53.94737243652344,101.97550201416016,59.99460983276367,92.20076751708984,169.53623962402344,103.41542053222656,7.010056018829346,19.26333236694336,233.2621612548828,56.280208587646484
2018-09-05,53.595367431640625,99.74099731445312,59.38987731933594,91.75237274169922,165.59397888183594,100.43451690673828,6.879589557647705,18.715999603271484,232.50643920898438,57.030250549316406
2018-09-06,52.704769134521484,97.91549682617188,58.64149475097656,91.36002349853516,160.9881134033203,100.66594696044922,6.738746643066406,18.729999542236328,235.04293823242188,56.39937973022461
2018-09-07,52.2795295715332,97.60350036621094,58.32450485229492,91.53619384765625,161.49327087402344,100.1753158569336,6.717495918273926,17.549333572387695,233.8487548828125,57.359703063964844
2018-09-10,51.5778923034668,96.95050048828125,58.199188232421875,91.04774475097656,162.6224365234375,101.25843048095703,6.7884135246276855,19.03333282470703,226.39610290527344,57.27558135986328
2018-09-11,52.88193130493164,99.35749816894531,58.938655853271484,91.62427520751953,164.3657684326172,102.98030090332031,6.740723609924316,18.62933349609375,227.53794860839844,58.081687927246094
2018-09-12,52.22518539428711,99.5,58.02783203125,90.54331970214844,160.463134765625,103.41542053222656,6.627061367034912,19.369333267211914,228.958740234375,58.27094268798828
2018-09-13,53.4867057800293,99.49349975585938,58.54985809326172,90.8956069946289,159.82919311523438,104.52632141113281,6.704649448394775,19.297332763671875,231.41676330566406,57.70317077636719
2018-09-14,52.879581451416016,98.5094985961914,58.34381103515625,90.87959289550781,160.7801055908203,104.95216369628906,6.830417633056641,19.68000030517578,231.25994873046875,58.12376022338867
2018-09-17,51.471595764160156,95.40149688720703,57.44487762451172,91.15184020996094,159.05662536621094,103.81349182128906,6.768643856048584,19.6560001373291,230.00474548339844,58.46721649169922
2018-09-18,51.55664825439453,97.05249786376953,57.80543899536133,91.52017211914062,158.77926635742188,104.80404663085938,6.696741580963135,18.997333526611328,229.49913024902344,58.621429443359375
2018-09-19,51.58734893798828,96.32099914550781,58.16006851196289,94.17850494384766,161.51309204101562,103.40613555908203,6.720462322235107,19.934667587280273,231.27735900878906,59.322391510009766
2018-09-20,51.9795036315918,97.21499633789062,59.01690673828125,94.98719024658203,164.44497680664062,105.13732147216797,6.579619407653809,19.8886661529541,232.2012939453125,59.45557403564453
2018-09-21,51.419620513916016,95.75050354003906,58.0535774230957,94.36265563964844,161.38430786132812,105.77606964111328,6.5096917152404785,19.940000534057617,232.44540405273438,59.70089340209961
2018-09-24,52.159053802490234,96.71800231933594,58.42207336425781,93.4578628540039,163.84078979492188,106.1556396484375,6.565288066864014,19.978666305541992,233.04684448242188,60.703277587890625
2018-09-25,52.48978042602539,98.72750091552734,59.1318244934082,93.19361877441406,163.3455352783203,105.95197296142578,6.632249355316162,20.06599998474121,229.69097900390625,60.63319396972656
2018-09-26,52.07164001464844,98.74250030517578,59.140235900878906,92.09666442871094,165.3661651611328,105.5168685913086,6.595432281494141,20.6386661529541,229.1679229736328,60.12850570678711
2018-09-27,53.14179611206055,100.64900207519531,59.79896926879883,91.69633483886719,167.23822021484375,105.9149398803711,6.607292652130127,20.501333236694336,230.68460083007812,60.1214714050293
2018-09-28,53.328426361083984,100.1500015258789,59.78510665893555,90.35112762451172,162.89981079101562,105.87792205810547,6.94383430480957,17.65133285522461,231.89620971679688,59.59574890136719
2018-10-01,53.68751525878906,100.21800231933594,59.85691833496094,90.87959289550781,160.89895629882812,107.02583312988281,7.149911403656006,20.713333129882812,234.56353759765625,60.14952087402344
2018-10-02,54.16470718383789,98.56549835205078,59.812835693359375,91.25592041015625,157.8184814453125,106.59998321533203,7.078749656677246,20.06800079345703,235.89720153808594,60.605159759521484
2018-10-03,54.823814392089844,97.63800048828125,60.0055046081543,92.1126937866211,160.88906860351562,106.61852264404297,7.084925651550293,19.65333366394043,236.13247680664062,60.38786697387695
2018-10-04,53.859954833984375,95.47100067138672,58.29874038696289,92.94317626953125,157.34303283691406,104.41524505615234,6.901087760925293,18.788667678833008,233.88372802734375,59.98828887939453
2018-10-05,52.985870361328125,94.48249816894531,57.84109878540039,92.4190902709961,155.83741760253906,103.80426025390625,6.6680779457092285,17.463333129882812,234.6506805419922,59.82008361816406
2018-10-08,52.863037109375,93.22100067138672,57.25121307373047,92.9834976196289,155.75819396972656,102.61927032470703,6.567015171051025,16.70400047302246,234.48509216308594,60.373836517333984
2018-10-09,53.595367431640625,93.51599884033203,56.71877670288086,92.33846282958984,156.40203857421875,103.92459106445312,6.561333656311035,17.520000457763672,235.4438934326172,60.64018630981445
2018-10-10,51.112518310546875,87.76249694824219,54.093265533447266,89.87923431396484,149.94387817382812,98.27754211425781,6.070852756500244,17.125333786010742,229.31613159179688,59.24526596069336
2018-10-11,50.66130447387695,85.96800231933594,54.02293395996094,87.18614196777344,151.8951873779297,98.04607391357422,5.8099212646484375,16.815332412719727,224.1210174560547,57.1984748840332
2018-10-12,52.470882415771484,89.43049621582031,55.4988899230957,86.23469543457031,152.28150939941406,101.4343490600586,6.091856956481934,17.25200080871582,226.2914581298828,57.04425811767578
2018-10-15,51.34874725341797,88.04750061035156,54.60242462158203,85.74284362792969,152.06356811523438,99.610595703125,5.816098690032959,17.305999755859375,226.84930419921875,56.65174102783203
2018-10-16,52.4803352355957,90.99800109863281,56.11998748779297,87.58122253417969,157.27366638183594,102.7581558227539,6.074311256408691,18.439332962036133,237.58815002441406,56.9180908203125
2018-10-17,52.25354766845703,91.58650207519531,55.84806823730469,88.5568618774414,157.90760803222656,102.48967742919922,6.005866527557373,18.118667602539062,232.99453735351562,57.12836456298828
2018-10-18,51.032188415527344,88.53600311279297,54.378055572509766,87.15387725830078,153.45034790039062,100.44375610351562,5.918640613555908,17.5939998626709,232.56736755371094,57.373722076416016
2018-10-19,51.809425354003906,88.20149993896484,54.73813247680664,87.00875854492188,152.5885467529297,100.59188842773438,5.66265344619751,17.333332061767578,231.251220703125,57.45784378051758
2018-10-22,52.125972747802734,89.46499633789062,55.04470443725586,85.75897216796875,153.31163024902344,101.4898910522461,5.713306427001953,17.39666748046875,228.54037475585938,56.88302993774414
2018-10-23,52.617340087890625,88.43499755859375,55.22004699707031,84.86397552490234,152.9253387451172,100.07347106933594,5.4622602462768555,19.609333038330078,230.86769104003906,55.96479034423828
2018-10-24,50.81248092651367,83.20999908447266,52.3577766418457,83.28361511230469,144.65452575683594,94.72264862060547,4.927299976348877,19.233333587646484,223.42373657226562,54.40866470336914
2018-10-25,51.925174713134766,89.1084976196289,54.65937423706055,84.54951477050781,149.5179443359375,100.25862121582031,5.1356000900268555,20.99066734313965,230.32725524902344,54.892311096191406
2018-10-26,51.09834289550781,82.1405029296875,53.676727294921875,83.38842010498047,143.99090576171875,99.01811981201172,4.899627685546875,22.059999465942383,225.04501342773438,54.3455696105957
2018-10-29,50.13920974731445,76.94400024414062,51.24882507324219,84.54143524169922,140.74203491210938,96.13904571533203,4.5865583419799805,22.323333740234375,223.5980224609375,54.00908660888672
2018-10-30,50.38962173461914,76.52100372314453,51.98086166381836,86.03311157226562,144.8328399658203,96.02796173095703,5.016006946563721,21.99333381652832,225.1321563720703,55.22175216674805
2018-10-31,51.703121185302734,79.90049743652344,54.0150032043457,87.90377044677734,150.34999084472656,98.87926483154297,5.209482192993164,22.488000869750977,227.80816650390625,55.85262680053711
2018-11-01,52.49687576293945,83.27649688720703,53.78717041015625,87.87151336669922,150.3103790283203,98.05535125732422,5.38936710357666,22.95199966430664,227.4420928955078,56.54658126831055
2018-11-02,49.01472091674805,83.27649688720703,53.06950759887695,87.38771057128906,148.9236602783203,98.27754211425781,5.310544490814209,23.0939998626709,227.5118408203125,57.443809509277344
2018-11-05,47.62327194213867,81.38999938964844,52.28893280029297,87.9601821899414,147.2694854736328,99.52727508544922,5.232711315155029,22.760000228881836,227.5118408203125,57.22652053833008
2018-11-06,48.13826370239258,82.1405029296875,52.97441482543945,88.37140655517578,148.51754760742188,99.72166442871094,5.215166091918945,22.737333297729492,229.7170867919922,57.47184753417969
2018-11-07,49.59823226928711,87.77449798583984,54.88968276977539,89.88729095458984,150.09243774414062,103.64685821533203,5.282623291015625,23.21066665649414,239.3837890625,58.20084762573242
2018-11-08,49.425174713134766,87.74549865722656,54.21560287475586,90.61292266845703,146.4671630859375,103.45244598388672,5.089889049530029,23.426666259765625,241.14456176757812,57.27558135986328
2018-11-09,48.4721794128418,85.62149810791016,53.34340286254883,89.73408508300781,143.5848388671875,101.4343490600586,5.081982135772705,23.367332458496094,241.0574188232422,57.261436462402344
2018-11-12,46.030433654785156,81.84249877929688,51.97343826293945,87.84729766845703,140.20713806152344,98.93482208251953,4.6834187507629395,22.0853328704834,237.42259216308594,56.5250358581543
2018-11-13,45.57053756713867,81.55850219726562,51.90458297729492,88.36334228515625,140.81137084960938,98.9996109008789,4.924829483032227,22.582000732421875,234.66812133789062,55.22926330566406
2018-11-14,44.28329086303711,79.95050048828125,52.23197555541992,86.54107666015625,142.85182189941406,97.59569549560547,4.872446060180664,22.933332443237305,230.9548797607422,54.79734420776367
2018-11-15,45.37614822387695,80.97200012207031,53.0477180480957,88.75037384033203,142.48533630371094,99.74339294433594,5.0009355545043945,23.229333877563477,230.93739318847656,55.36379623413086
2018-11-16,45.87871170043945,79.67050170898438,52.91002655029297,88.68586730957031,138.20631408691406,100.68244934082031,4.062966346740723,23.62066650390625,236.31552124023438,55.909019470214844
2018-11-19,44.060447692871094,75.614501953125,50.88677978515625,89.36317443847656,130.30201721191406,97.2702865600586,3.5754504203796387,23.564666748046875,231.90501403808594,56.09312438964844
2018-11-20,41.955326080322266,74.77300262451172,51.03684616088867,87.44416809082031,131.17367553710938,94.56470489501953,3.6836771965026855,23.166000366210938,227.93893432617188,54.49995040893555
2018-11-21,41.90792465209961,75.83650207519531,51.67972946166992,86.79105377197266,133.54100036621094,95.86634063720703,3.5756962299346924,22.54599952697754,227.11082458496094,54.9177131652832
2018-11-23,40.84351348876953,75.10299682617188,51.01951599121094,85.9927978515625,130.48028564453125,95.82918548583984,3.58286190032959,21.722000122070312,228.0435028076172,53.45201873779297
2018-11-26,41.39585876464844,79.06649780273438,52.29933547973633,88.09724426269531,135.086181640625,98.99031829833984,3.781773328781128,23.066667556762695,232.00083923339844,54.507041931152344
2018-11-27,41.305789947509766,79.07099914550781,52.118064880371094,88.46817016601562,133.7192840576172,99.61323547363281,3.798576593399048,22.92799949645996,236.35040283203125,54.55659103393555
2018-11-28,42.89408874511719,83.88749694824219,54.07493591308594,89.45185089111328,135.46255493164062,103.31365966796875,3.955233335494995,23.191333770751953,244.8927459716797,55.547889709472656
2018-11-29,42.56458282470703,83.67849731445312,54.21312713623047,88.74231719970703,137.36436462402344,102.4489517211914,3.8921608924865723,22.744667053222656,246.28733825683594,55.97980499267578
2018-11-30,42.33463668823242,84.50849914550781,54.95952224731445,89.6534423828125,139.2760467529297,103.09978485107422,4.042298793792725,23.365333557128906,246.03367614746094,56.29136276245117
2018-12-03,43.813907623291016,88.61799621582031,55.29186248779297,90.50006866455078,139.75149536132812,104.2154769897461,4.205789566040039,23.89933204650879,250.3797149658203,57.50926208496094
2018-12-04,41.88657760620117,83.41999816894531,52.62276840209961,86.46044921875,136.6214599609375,100.89630889892578,3.8859784603118896,23.979999542236328,243.5764923095703,56.24181365966797
2018-12-06,41.4195671081543,84.95950317382812,53.395896911621094,84.81559753417969,138.3053436279297,101.51924896240234,3.91516375541687,24.20400047302246,242.08998107910156,55.50541687011719
2018-12-07,39.94267272949219,81.45649719238281,51.83574295043945,83.28361511230469,136.11631774902344,97.45621490478516,3.65100359916687,23.864667892456055,235.38304138183594,54.97435760498047
2018-12-10,40.205806732177734,82.05149841308594,52.16263198852539,81.72744750976562,140.5042724609375,100.0316162109375,3.7561240196228027,24.343332290649414,233.06570434570312,54.195491790771484
2018-12-11,39.97584915161133,82.16200256347656,52.58214569091797,80.92919921875,140.73208618164062,100.96137237548828,3.6653499603271484,24.450666427612305,233.66909790039062,54.29462432861328
2018-12-12,40.0872802734375,83.177001953125,53.18044662475586,81.4532699584961,143.12913513183594,101.4169692993164,3.682910680770874,24.440000534057617,236.65972900390625,53.82728576660156
2018-12-13,40.52584457397461,82.91899871826172,53.17103576660156,81.53390502929688,143.6343231201172,101.7609634399414,3.6826634407043457,25.119333267211914,237.9801483154297,54.507041931152344
2018-12-14,39.229103088378906,79.59549713134766,52.08982467651367,80.86467742919922,142.69332885742188,98.58120727539062,3.622312307357788,24.380666732788086,231.74533081054688,53.51572799682617
2018-12-17,38.864036560058594,76.04550170898438,50.79910659790039,79.83260345458984,138.8600311279297,95.66181182861328,3.551325798034668,23.22800064086914,225.6679229736328,52.425323486328125
2018-12-18,39.36897659301758,77.5739974975586,51.67873764038086,79.4536361694336,142.297119140625,96.66592407226562,3.634431838989258,22.468666076660156,221.20826721191406,50.98086166381836
2018-12-19,38.140995025634766,74.75399780273438,51.28498840332031,78.44578552246094,131.97598266601562,96.40562438964844,3.4259226322174072,22.197999954223633,218.8822784423828,50.11701202392578
2018-12-20,37.178524017333984,73.04149627685547,50.696590423583984,77.7684555053711,132.13442993164062,94.37874603271484,3.3415796756744385,21.025333404541016,212.0004119873047,48.59467315673828
2018-12-21,35.73243713378906,68.87249755859375,49.095333099365234,75.93006896972656,123.76461029052734,91.32919311523438,3.204800605773926,21.31800079345703,208.4151153564453,48.233558654785156
2018-12-24,34.80789566040039,67.197998046875,48.76942825317383,74.29325103759766,122.883056640625,87.51720428466797,3.143211841583252,19.69266700744629,203.693115234375,46.385501861572266
2018-12-26,37.25912094116211,73.54499816894531,51.898651123046875,77.37335968017578,132.9070587158203,93.49549865722656,3.292111873626709,21.73933219909668,212.79608154296875,48.60175704956055
2018-12-27,37.0173225402832,73.08200073242188,52.148765563964844,78.24417877197266,133.2438507080078,94.07194519042969,3.2443747520446777,21.075332641601562,215.08712768554688,48.814170837402344
2018-12-28,37.03627395629883,73.9010009765625,51.8406982421875,78.07484436035156,131.93634033203125,93.33745574951172,3.305715560913086,22.257999420166016,215.32327270507812,48.26895523071289
2018-12-31,37.39425277709961,75.09850311279297,51.75551223754883,78.71183013916016,129.8463592529297,94.43453979492188,3.302004814147949,22.18666648864746,217.84165954589844,48.28313064575195
2019-01-02,37.43691635131836,76.95649719238281,52.23693084716797,80.07450103759766,134.392822265625,94.01614379882812,3.369281768798828,20.674667358398438,212.9185028076172,49.345237731933594
2019-01-03,33.707923889160156,75.01399993896484,50.790199279785156,78.93648529052734,130.49021911621094,90.5574722290039,3.165720224380493,20.02400016784668,207.11221313476562,48.58759689331055
2019-01-04,35.14689636230469,78.76950073242188,53.39540100097656,81.84651184082031,136.64129638671875,94.7692642211914,3.368540048599243,21.179332733154297,209.53445434570312,50.37900924682617
2019-01-07,35.06867599487305,81.47550201416016,53.28892135620117,81.90341186523438,136.74038696289062,94.89013671875,3.546873092651367,22.33066749572754,209.93666076660156,50.6409797668457
2019-01-08,35.73716735839844,82.8290023803711,53.756961822509766,81.74898529052734,141.17784118652344,95.578125,3.4585721492767334,22.356666564941406,212.74363708496094,51.009178161621094
2019-01-09,36.34405517578125,82.97100067138672,53.57271957397461,81.61078643798828,142.8616943359375,96.94483947753906,3.5265910625457764,22.568666458129883,213.04971313476562,51.27824020385742
2019-01-10,36.46021270751953,82.81099700927734,53.43305206298828,81.60266876220703,142.8319854736328,96.3219223022461,3.5921363830566406,22.99799919128418,214.12525939941406,51.016258239746094
2019-01-11,36.10225296020508,82.02799987792969,52.7218132019043,81.21249389648438,142.435791015625,95.578125,3.6811797618865967,23.150667190551758,216.57371520996094,50.7826042175293
2019-01-14,35.55937957763672,80.8604965209961,52.07992172241211,82.04972076416016,144.01072692871094,94.88082122802734,3.7210006713867188,22.293333053588867,216.9147491455078,50.71886444091797
2019-01-15,36.287166595458984,83.72799682617188,53.81342697143555,82.6512451171875,147.53692626953125,97.63286590576172,3.7069027423858643,22.961999893188477,224.6185760498047,50.747188568115234
2019-01-16,36.73047637939453,84.18900299072266,53.96200942993164,83.31777954101562,146.1403045654297,97.97686767578125,3.681426525115967,23.06999969482422,228.6322784423828,50.725955963134766
2019-01-17,36.948570251464844,84.66100311279297,54.43798828125,83.65919494628906,146.8931427001953,98.66490173339844,3.7526605129241943,23.15399932861328,227.15444946289062,51.072906494140625
2019-01-18,37.1761589050293,84.80999755859375,54.8431282043457,85.01663970947266,148.61659240722656,100.14318084716797,3.8815252780914307,20.150667190551758,232.1649932861328,51.681854248046875
2019-01-22,36.34168243408203,81.6084976196289,53.42314529418945,83.67544555664062,146.17002868652344,98.25580596923828,3.6796953678131104,19.92799949645996,232.3312225341797,50.90296173095703
2019-01-23,36.48866271972656,82.0009994506836,53.70942306518555,83.46410369873047,142.9310760498047,99.21343994140625,3.6925580501556396,19.172666549682617,233.4941864013672,50.4852180480957
2019-01-24,36.19945526123047,82.74649810791016,53.689117431640625,83.51287841796875,144.446533203125,98.73927307128906,3.904033899307251,19.43400001525879,232.7159881591797,50.5560188293457
2019-01-25,37.398990631103516,83.52850341796875,54.55635452270508,84.04124450683594,147.59637451171875,99.64114379882812,3.9611692428588867,19.80266761779785,234.39488220214844,50.7826042175293
2019-01-28,37.05287170410156,81.89450073242188,53.48406219482422,84.43952941894531,146.0709686279297,97.69792938232422,3.413555860519409,19.7586669921875,233.2755584716797,50.44273376464844
2019-01-29,36.668827056884766,79.69400024414062,52.998680114746094,84.6752700805664,142.82211303710938,95.70830535888672,3.2550103664398193,19.83066749572754,233.7740478515625,50.633914947509766
2019-01-30,39.17457962036133,83.52149963378906,54.38202667236328,84.87035369873047,148.9929962158203,98.9066162109375,3.398221492767334,20.584667205810547,236.42356872558594,51.186195373535156
2019-01-31,39.45669174194336,85.9365005493164,55.76386642456055,84.13066101074219,165.10865783691406,97.0936279296875,3.5555293560028076,20.468000411987305,236.27499389648438,51.887184143066406
2019-02-01,39.47566223144531,81.3115005493164,55.40379333496094,84.43952941894531,164.137939453125,95.55951690673828,3.5797696113586426,20.81399917602539,234.9807891845703,53.756500244140625
2019-02-04,40.596961975097656,81.66549682617188,56.533042907714844,84.74028015136719,167.64434814453125,98.31158447265625,3.689836025238037,20.859333038330078,234.53480529785156,52.977603912353516
2019-02-05,41.291542053222656,82.94049835205078,57.050621032714844,84.36637115478516,169.53623962402344,99.68761444091797,3.708881378173828,21.42333221435547,232.8733367919922,53.5228157043457
2019-02-06,41.305789947509766,82.01300048828125,55.61528396606445,84.32573699951172,168.8726043701172,98.58120727539062,3.784320116043091,21.148000717163086,235.6628875732422,53.28915786743164
2019-02-07,40.52347183227539,80.71849822998047,54.774288177490234,83.2202377319336,164.80160522460938,97.87460327148438,3.6463043689727783,20.500667572021484,235.2256622314453,52.878482818603516
2019-02-08,40.57108688354492,79.41100311279297,54.59945297241211,82.39112854003906,165.74256896972656,98.24651336669922,3.6648542881011963,20.386667251586914,229.0170440673828,52.96438217163086
2019-02-11,40.3377685546875,79.55000305175781,54.58657455444336,82.00094604492188,164.21717834472656,97.85601806640625,3.622312307357788,20.856000900268555,224.85470581054688,53.050296783447266
2019-02-12,40.685359954833984,81.90049743652344,55.847572326660156,83.39905548095703,163.47430419921875,99.38079071044922,3.7390570640563965,20.78733253479004,230.41616821289062,53.98102569580078
2019-02-13,40.516334533691406,82.0,55.89957809448242,83.79737091064453,162.51351928710938,99.30642700195312,3.7813527584075928,20.544666290283203,230.67848205566406,54.58955764770508
2019-02-14,40.663936614990234,81.13249969482422,55.92780685424805,83.25273895263672,162.39462280273438,99.39010620117188,3.8221638202667236,20.251333236694336,232.01641845703125,54.603878021240234
2019-02-15,40.573463439941406,80.39749908447266,55.45381546020508,85.79700469970703,160.95835876464844,100.61735534667969,3.8916666507720947,20.525333404541016,237.08822631835938,55.63481140136719
2019-02-19,40.69489288330078,81.37899780273438,55.794578552246094,85.49626159667969,160.75038146972656,100.57086181640625,3.87435245513916,20.375999450683594,236.45852661132812,56.00708770751953
2019-02-20,40.9567756652832,81.1050033569336,55.50136947631836,85.91079711914062,161.01785278320312,100.0479965209961,3.9215948581695557,20.17066764831543,235.671630859375,56.22187042236328
2019-02-21,40.72584533691406,80.97200012207031,54.69008255004883,85.73197937011719,158.52171325683594,102.15821075439453,3.8528339862823486,19.415332794189453,232.95201110839844,55.71355056762695
2019-02-22,41.18057632446289,81.5780029296875,55.3017692565918,85.34992218017578,160.35418701171875,103.61479187011719,3.937424421310425,19.6473331451416,233.57284545898438,56.143131256103516
2019-02-25,41.48054885864258,81.6500015258789,55.33990478515625,86.24406433105469,163.0582733154297,104.19371032714844,3.9250576496124268,19.917999267578125,231.37803649902344,56.20038604736328
2019-02-26,41.50436782836914,81.81999969482422,55.57169723510742,85.58566284179688,162.57293701171875,104.91266632080078,3.885730743408203,19.857332229614258,229.96142578125,56.31494140625
2019-02-27,41.63291931152344,82.05449676513672,55.61528396606445,85.47999572753906,161.26544189453125,104.73526763916016,3.8439297676086426,20.982667922973633,218.68113708496094,56.894859313964844
2019-02-28,41.223419189453125,81.99150085449219,55.79655456542969,84.82969665527344,159.9183349609375,104.60452270507812,3.819418430328369,21.325332641601562,211.80799865722656,56.5798225402832
2019-03-01,41.65672302246094,83.58650207519531,56.884700775146484,84.88663482666016,160.740478515625,105.07141876220703,3.8736417293548584,19.652666091918945,215.2445526123047,57.2742805480957
2019-03-04,41.86623764038086,84.80850219726562,57.12739562988281,84.69149780273438,165.78216552734375,104.81929779052734,3.881812810897827,19.02400016784668,206.38641357421875,57.49622344970703
2019-03-05,41.79005813598633,84.62149810791016,57.9084587097168,84.62650299072266,169.63528442382812,104.29639434814453,3.8753745555877686,18.43600082397461,211.11715698242188,57.41030502319336
2019-03-06,41.549591064453125,83.44750213623047,57.69796371459961,84.30949401855469,170.8734130859375,104.34310150146484,3.7646987438201904,18.416000366210938,209.0535125732422,56.75880813598633
2019-03-07,41.06867218017578,81.29750061035156,57.00010681152344,83.69984436035156,167.5255126953125,103.0732421875,3.695619583129883,18.439332962036133,206.98104858398438,57.38883590698242
2019-03-08,41.166282653808594,81.04000091552734,56.95652389526367,83.73236083984375,167.9910430908203,103.18529510498047,3.729788303375244,18.94266700744629,208.28892517089844,56.56551742553711
2019-03-11,42.59238815307617,83.53099822998047,58.4072151184082,84.82157897949219,170.43760681152344,105.35151672363281,3.9897639751434326,19.39466667175293,213.4327850341797,57.11677932739258
2019-03-12,43.070919036865234,83.65499877929688,59.29823303222656,84.56959533691406,170.2890167236328,106.08916473388672,4.023933410644531,18.890666961669922,215.82911682128906,57.2742805480957
2019-03-13,43.26138687133789,84.54049682617188,59.387874603271484,84.85406494140625,171.72525024414062,106.91083526611328,4.174965858459473,19.263999938964844,221.42054748535156,57.78260040283203
2019-03-14,43.74230194091797,84.31099700927734,59.064456939697266,85.62630462646484,168.55563354492188,106.99485778808594,4.099201679229736,19.33066749572754,222.31590270996094,57.58929443359375
2019-03-15,44.311317443847656,85.61799621582031,58.954010009765625,86.60986328125,164.40536499023438,108.22736358642578,4.204429626464844,18.36199951171875,220.67449951171875,57.38167953491211
2019-03-18,44.76366424560547,87.10749816894531,58.86733627319336,87.13008880615234,158.94766235351562,109.77734375,4.183136940002441,17.965999603271484,223.83448791503906,58.0474967956543
2019-03-19,44.40892791748047,88.09249877929688,59.55628204345703,86.81307983398438,160.0372314453125,109.8520278930664,4.3505120277404785,17.83133316040039,225.70413208007812,57.897159576416016
2019-03-20,44.7969970703125,89.8635025024414,60.74348449707031,84.95974731445312,163.8704833984375,109.73064422607422,4.318075180053711,18.239999771118164,219.88442993164062,58.21931076049805
2019-03-21,46.4468879699707,90.96299743652344,61.223915100097656,83.6185531616211,164.50440979003906,112.251708984375,4.5542826652526855,18.26799964904785,221.21864318847656,58.55580139160156
2019-03-22,45.48503875732422,88.2385025024414,59.81333541870117,81.090576171875,162.78091430664062,109.29180145263672,4.394832134246826,17.635332107543945,216.89122009277344,57.61793518066406
2019-03-25,44.93507385253906,88.71299743652344,59.30467224121094,80.41590118408203,164.71243286132812,109.86138916015625,4.302725315093994,17.3613338470459,216.68930053710938,57.217002868652344
2019-03-26,44.470829010009766,89.18800354003906,58.93123245239258,81.22062683105469,166.08924865722656,110.09480285644531,4.379232406616211,17.851333618164062,213.64344787597656,57.961578369140625
2019-03-27,44.87080001831055,88.28500366210938,58.34530258178711,80.94425201416016,164.29641723632812,109.03035736083984,4.370070457458496,18.32200050354004,212.16873168945312,57.517696380615234
2019-03-28,44.93032455444336,88.6709976196289,58.06100845336914,81.8627700805664,163.97943115234375,109.17975616455078,4.388641834259033,18.57466697692871,212.6251983642578,57.80406188964844
2019-03-29,45.22315216064453,89.0374984741211,58.289833068847656,82.28546142578125,165.10865783691406,110.122802734375,4.445836067199707,18.657333374023438,217.04042053222656,57.8470344543457
2019-04-01,45.530269622802734,90.70950317382812,59.38392639160156,85.05732727050781,167.09957885742188,111.1312255859375,4.513181686401367,19.278667449951172,215.53062438964844,58.512847900390625
2019-04-02,46.19213104248047,90.6989974975586,59.70882797241211,85.4637451171875,172.54739379882812,111.28995513916016,4.531008720397949,19.058666229248047,214.5387725830078,58.262264251708984
2019-04-03,46.508785247802734,91.03500366210938,59.969852447509766,85.63442993164062,171.8936767578125,112.01827239990234,4.670157432556152,19.45400047302246,215.7940216064453,57.91862869262695
2019-04-04,46.58973693847656,90.94300079345703,60.39777374267578,86.46170043945312,174.35015869140625,111.44866943359375,4.661243438720703,17.851999282836914,217.15455627441406,58.7419319152832
2019-04-05,46.901611328125,91.86399841308594,60.00154113769531,86.2569351196289,174.052978515625,111.94357299804688,4.727848529815674,18.33066749572754,218.37461853027344,59.056941986083984
2019-04-08,47.63966751098633,92.49299621582031,59.844539642333984,86.53541564941406,173.2704620361328,111.9809341430664,4.748647212982178,18.213333129882812,218.348388671875,59.42205810546875
2019-04-09,47.4968147277832,91.79199981689453,59.56767654418945,85.89653778076172,175.8953399658203,111.37400817871094,4.686004638671875,18.15399932861328,218.3834686279297,58.65603256225586
2019-04-10,47.763458251953125,92.36650085449219,59.753902435302734,86.28150177001953,176.13307189941406,112.22370147705078,4.756319999694824,18.40399932861328,215.9607391357422,58.39113235473633
2019-04-11,47.365875244140625,92.20349884033203,59.909420013427734,87.01048278808594,175.8259735107422,112.35438537597656,4.742455005645752,17.89466667175293,206.64747619628906,58.67034149169922
2019-04-12,47.346824645996094,92.15299987792969,60.56022644042969,91.08949279785156,177.40090942382812,112.93331146240234,4.704573154449463,17.84666633605957,195.9385528564453,57.932952880859375
2019-04-15,47.43252944946289,92.24349975585938,60.74843215942383,90.04926300048828,177.9456787109375,113.02667999267578,4.5731000900268555,17.7586669921875,202.06546020507812,57.7396354675293
2019-04-16,47.43729019165039,93.1520004272461,61.014896392822266,90.99938201904297,177.173095703125,112.76522827148438,4.660006999969482,18.224000930786133,193.9547576904297,58.133399963378906
2019-04-17,48.36102294921875,93.24099731445312,61.422523498535156,93.62042999267578,177.0839385986328,113.69898223876953,4.637228965759277,18.082000732421875,190.3383026123047,58.29807662963867
2019-04-18,48.53483581542969,93.08450317382812,61.48839569091797,92.93238067626953,176.58868408203125,115.19290161132812,4.612715721130371,18.21733283996582,194.64820861816406,58.08328628540039
2019-04-22,48.69435119628906,94.3655014038086,62.097103118896484,93.04705810546875,179.71868896484375,115.55708312988281,4.666444778442383,17.516666412353516,199.35311889648438,59.3504753112793
2019-04-23,49.396690368652344,96.1884994506836,62.93067169189453,93.16172790527344,182.0364990234375,117.1257095336914,4.720915794372559,17.593332290649414,202.3990020751953,59.694122314453125
2019-04-24,49.320499420166016,95.0875015258789,62.40863800048828,93.00611114501953,180.847900390625,116.72420501708984,4.733295440673828,17.243999481201172,202.1971435546875,58.53431701660156
2019-04-25,48.87291717529297,95.11250305175781,62.76969909667969,93.0552749633789,191.4265594482422,120.58979797363281,4.627820014953613,16.5086669921875,202.58334350585938,58.86363983154297
2019-04-26,48.639591217041016,97.53150177001953,63.268943786621094,93.75965881347656,189.67335510253906,121.28072357177734,4.4094390869140625,15.675999641418457,208.03439331054688,57.62507629394531
2019-04-29,48.71339416503906,96.92150115966797,64.1990966796875,95.11113739013672,192.93218994140625,121.16874694824219,4.440141201019287,16.097999572753906,208.4293975830078,57.25282669067383
2019-04-30,47.77535629272461,96.32599639892578,59.3829345703125,95.0538330078125,191.5652618408203,121.9437026977539,4.4814910888671875,15.912667274475098,204.58468627929688,57.474754333496094
2019-05-01,50.12043762207031,95.57599639892578,58.11301040649414,94.3248291015625,191.19873046875,119.40399169921875,4.468366622924805,15.600666999816895,203.6016082763672,56.32210159301758
2019-05-02,49.79427719116211,95.04100036621094,57.775726318359375,94.52959442138672,190.70352172851562,117.84467315673828,4.5357136726379395,16.273332595825195,204.0404815673828,55.334110260009766
2019-05-03,50.41328811645508,98.12300109863281,58.91686248779297,95.11113739013672,193.61561584472656,120.35636901855469,4.531255722045898,17.00200080871582,203.6016082763672,55.46297836303711
2019-05-06,49.63475799560547,97.52749633789062,59.11052322387695,94.26750946044922,192.0406951904297,119.65608978271484,4.453017711639404,17.022666931152344,211.10665893554688,55.21957015991211
2019-05-07,48.2967529296875,96.05000305175781,58.38740921020508,92.72763061523438,187.9696807861328,117.20040893554688,4.286138534545898,16.470666885375977,208.95606994628906,54.92604064941406
2019-05-08,48.306278228759766,95.88849639892578,57.98720932006836,92.23619079589844,187.7418670654297,117.1910629272461,4.306192874908447,16.32266616821289,209.92160034179688,55.0119514465332
2019-05-09,47.78728103637695,94.99349975585938,57.84803009033203,92.1624755859375,186.86032104492188,117.18174743652344,4.213838577270508,16.131999969482422,208.88580322265625,54.96183776855469
2019-05-10,47.12525177001953,94.4990005493164,57.831687927246094,92.15426635742188,186.55323791503906,118.70370483398438,4.17991828918457,15.968000411987305,211.1856231689453,55.439754486083984
2019-05-13,44.3863639831543,91.13400268554688,56.293819427490234,89.64790344238281,179.81777954101562,115.17423248291016,3.9231607913970947,15.133999824523926,210.27272033691406,54.82424545288086
2019-05-14,45.089012145996094,92.00599670410156,55.712852478027344,90.36050415039062,179.01544189453125,116.46276092529297,4.01204776763916,15.487333297729492,207.5340576171875,54.89665985107422
2019-05-15,45.6291389465332,93.55750274658203,57.98820495605469,90.0164794921875,184.50289916992188,118.10284423828125,3.9511396884918213,15.463333129882812,207.22682189941406,55.302181243896484
2019-05-16,45.428382873535156,95.37850189208984,58.666751861572266,91.17138671875,185.21604919433594,120.82999420166016,3.966243028640747,15.222000122070312,207.85000610351562,55.2949333190918
2019-05-17,45.170265197753906,93.44999694824219,57.88815689086914,90.72908782958984,183.54208374023438,120.02404022216797,3.8756229877471924,14.0686674118042,211.87911987304688,54.969085693359375
2019-05-20,43.75779724121094,92.94850158691406,56.69352722167969,91.20413208007812,180.98655700683594,118.29025268554688,3.7572712898254395,13.690667152404785,215.9256591796875,54.961830139160156
2019-05-21,44.596675872802734,92.8759994506836,57.177913665771484,91.5154037475586,183.06666564941406,118.92752838134766,3.8392255306243896,13.67199993133545,219.39291381835938,55.215293884277344
2019-05-22,43.68370056152344,92.98400115966797,57.24774169921875,90.77006530761719,183.56190490722656,119.6491928100586,3.768413543701172,12.84866714477539,218.8662109375,54.715641021728516
2019-05-23,42.93803405761719,90.77400207519531,56.72720718383789,88.98444366455078,179.15411376953125,118.2528076171875,3.6475863456726074,13.03266716003418,216.37335205078125,53.43391036987305
2019-05-24,42.77314376831055,91.16400146484375,56.39386749267578,89.86087799072266,179.34230041503906,118.30899047851562,3.5938587188720703,12.708666801452637,217.365234375,53.65837860107422
2019-05-28,42.59626770019531,91.82150268554688,56.44092559814453,88.88617706298828,182.5614776611328,118.23404693603516,3.548795700073242,12.579999923706055,212.4759979248047,52.57943344116211
2019-05-29,42.39311981201172,90.95950317382812,55.469173431396484,88.64044952392578,180.4615936279297,117.0906753540039,3.474764347076416,12.657333374023438,212.77442932128906,52.25357437133789
2019-05-30,42.61300277709961,90.81600189208984,55.54197692871094,87.6903076171875,181.27378845214844,117.83106231689453,3.4482421875,12.54800033569336,213.73995971679688,52.11598205566406
2019-05-31,41.84104919433594,88.75350189208984,54.803504943847656,86.7893295288086,175.78636169433594,115.90982818603516,3.3577659130096436,12.343999862670898,212.2477569580078,51.24701690673828
2019-06-03,41.418025970458984,84.6344985961914,51.44743728637695,87.19886779785156,162.59271240234375,112.31106567382812,3.316121816635132,11.9313325881958,207.64817810058594,52.05080795288086
2019-06-04,42.93325424194336,86.47799682617188,52.227516174316406,89.88544464111328,165.9109649658203,115.4225082397461,3.5446665287017822,12.90666675567627,211.33485412597656,53.28908157348633
2019-06-05,43.62635803222656,86.92500305175781,51.739654541015625,90.20490264892578,166.5745849609375,117.9247817993164,3.5020315647125244,13.105999946594238,213.0991973876953,52.84736251831055
2019-06-06,44.26686477661133,87.71800231933594,51.89419174194336,90.40145874023438,166.7331085205078,119.78974914550781,3.5640008449554443,13.729999542236328,212.26528930664062,53.81045913696289
2019-06-07,45.44510269165039,90.20149993896484,52.91497802734375,89.41039276123047,171.70545959472656,123.14482879638672,3.606635808944702,13.633333206176758,216.61032104492188,54.00597381591797
2019-06-10,46.0258674621582,93.03150177001953,53.6276969909668,90.37686920166016,173.1614990234375,124.26945495605469,3.6792640686035156,14.192000389099121,217.8129119873047,54.24494934082031
2019-06-11,46.55883026123047,93.18499755859375,53.542510986328125,90.65536499023438,176.410400390625,123.80087280273438,3.736772060394287,14.473333358764648,215.82034301757812,54.194252014160156
2019-06-12,46.4106559753418,92.76599884033203,53.44642639160156,89.50047302246094,173.37942504882812,123.22917175292969,3.6239869594573975,13.950667381286621,214.6177215576172,53.60770797729492
2019-06-13,46.401084899902344,93.51499938964844,54.03630447387695,89.72161865234375,175.78636169433594,124.00701141357422,3.6750502586364746,14.260666847229004,215.02157592773438,54.07838821411133
2019-06-14,46.064109802246094,93.4834976196289,53.80302047729492,89.95096588134766,179.60975646972656,124.12883758544922,3.5853183269500732,14.32800006866455,216.3352508544922,53.83941650390625
2019-06-17,46.338951110839844,94.30149841308594,54.178951263427734,89.45951843261719,187.21690368652344,124.50373077392578,3.594985246658325,15.001999855041504,216.8642120361328,54.37528610229492
2019-06-18,47.428775787353516,95.06849670410156,54.7411003112793,90.67992401123047,186.68202209472656,126.66862487792969,3.7895708084106445,14.982666969299316,216.62619018554688,54.84598159790039
2019-06-19,47.29014587402344,95.43949890136719,54.70494842529297,90.02468872070312,185.701416015625,127.16532897949219,3.7955195903778076,15.095333099365234,220.58485412597656,54.541847229003906
2019-06-20,47.670166015625,95.90950012207031,55.13534927368164,90.25404357910156,187.73193359375,128.34613037109375,3.8198113441467285,14.641332626342773,218.44244384765625,55.47596740722656
2019-06-21,47.50764465332031,95.56500244140625,55.73810958862305,89.63973236083984,189.32669067382812,128.36492919921875,3.761807680130005,14.790666580200195,222.4275665283203,56.258052825927734
2019-06-24,47.45985794067383,95.69499969482422,55.30869674682617,89.0008316040039,190.7728271484375,129.12403869628906,3.784115791320801,14.909333229064941,220.09994506835938,55.722164154052734
2019-06-25,46.74046325683594,93.91349792480469,53.866424560546875,88.26366424560547,187.0485076904297,125.04728698730469,3.7548673152923584,14.650667190551758,218.35423278808594,55.229774475097656
2019-06-26,47.75141906738281,94.8915023803711,53.50684356689453,88.85340118408203,185.87969970703125,125.515869140625,3.9477171897888184,14.618000030517578,214.6600799560547,55.4687385559082
2019-06-27,47.73707962036133,95.21399688720703,53.32408905029297,89.14826965332031,187.70223999023438,125.72205352783203,4.046125888824463,14.855999946594238,217.19046020507812,54.903900146484375
2019-06-28,47.30210876464844,94.68150329589844,53.629676818847656,91.57273864746094,191.16905212402344,125.54400634765625,4.070912837982178,14.897333145141602,215.1361541748047,55.49045944213867
2019-07-01,48.16966247558594,96.1094970703125,54.4815673828125,93.11260223388672,191.16905212402344,127.15591430664062,4.1190009117126465,15.14466667175293,213.92823791503906,55.439754486083984
2019-07-02,48.45167541503906,96.71549987792969,55.10563278198242,93.21089935302734,193.15003967285156,127.9993896484375,4.021336555480957,14.970000267028809,215.1009063720703,54.83149337768555
2019-07-03,48.85320281982422,96.94999694824219,55.620235443115234,93.06242370605469,195.32919311523438,128.82411193847656,4.03422737121582,15.65999984741211,216.19419860839844,55.35288619995117
2019-07-05,48.810176849365234,97.14550018310547,56.09967041015625,93.61509704589844,194.5367889404297,128.44921875,3.9717624187469482,15.539999961853027,217.76356506347656,55.12838363647461
2019-07-08,47.80400085449219,97.61599731445312,55.31315994262695,93.10366821289062,193.90284729003906,128.3555145263672,3.896901845932007,15.355999946594238,218.51296997070312,55.381839752197266
2019-07-09,48.09557342529297,99.41500091552734,55.68463134765625,93.49959564208984,197.3201446533203,127.88694763183594,3.899380683898926,15.337332725524902,216.89073181152344,55.34561538696289
2019-07-10,48.57118225097656,100.87049865722656,56.50779342651367,93.2273941040039,200.80673217773438,129.18963623046875,3.9675469398498535,15.928000450134277,218.195556640625,56.127689361572266
2019-07-11,48.21746826171875,100.05349731445312,56.664794921875,94.1182632446289,199.3209228515625,129.70504760742188,4.121729373931885,15.90666675567627,230.25677490234375,56.171142578125
2019-07-12,48.58790969848633,100.55000305175781,56.72720718383789,95.10810852050781,202.92645263671875,130.1736297607422,4.154695987701416,16.338666915893555,234.43588256835938,56.21458053588867
2019-07-15,49.044395446777344,101.04949951171875,56.9832649230957,93.95326232910156,201.97555541992188,130.1736297607422,4.14626932144165,16.899999618530273,234.48878479003906,55.816322326660156
2019-07-16,48.87470626831055,100.49500274658203,57.12937545776367,94.95964050292969,201.90623474121094,128.46798706054688,4.141557693481445,16.825332641601562,233.34262084960938,54.983551025390625
2019-07-17,48.599857330322266,99.60150146484375,56.796546936035156,94.02751922607422,199.8855438232422,127.70890045166016,4.206751823425293,16.99066734313965,235.09715270996094,54.65769577026367
2019-07-18,49.15192794799805,98.8949966430664,56.82130432128906,94.58843994140625,198.87521362304688,127.84944915771484,4.2183990478515625,16.902666091918945,229.76309204101562,54.194252014160156
2019-07-19,48.4182243347168,98.22599792480469,56.0442008972168,93.65631866455078,196.47821044921875,128.036865234375,4.175270080566406,17.211999893188477,226.28048706054688,54.30287551879883
2019-07-22,49.5247802734375,99.28150177001953,56.423583984375,94.25846862792969,200.40061950683594,129.73312377929688,4.2466583251953125,17.045333862304688,225.10784912109375,54.36079025268555
2019-07-23,49.911949157714844,99.72450256347656,56.861427307128906,95.98245239257812,200.4402313232422,130.5391387939453,4.3542375564575195,17.344667434692383,224.83453369140625,54.57804489135742
2019-07-24,49.87131881713867,100.04049682617188,56.4493408203125,96.37017059326172,202.7184295654297,131.87933349609375,4.42860221862793,17.658666610717773,221.41368103027344,54.5708122253418
2019-07-25,49.47697067260742,98.69100189208984,56.261634826660156,95.44630432128906,198.805908203125,131.38259887695312,4.297720909118652,15.254667282104492,219.2711639404297,54.25942611694336
2019-07-26,49.649051666259766,97.15249633789062,61.674129486083984,95.86699676513672,197.85498046875,132.46035766601562,4.339613437652588,15.202667236328125,223.0094757080078,54.17253112792969
2019-07-29,50.11271286010742,95.62249755859375,61.50672149658203,95.5617904663086,194.0811767578125,132.16981506347656,4.3334150314331055,15.718000411987305,223.78533935546875,54.55631637573242
2019-07-30,49.89760208129883,94.92649841308594,60.82124328613281,95.34732055664062,195.17068481445312,131.53256225585938,4.349033355712891,16.150667190551758,224.76397705078125,54.56355667114258
2019-07-31,50.91572570800781,93.33899688720703,60.33586120605469,95.68551635742188,192.38735961914062,127.70890045166016,4.1822099685668945,16.107332229614258,219.54449462890625,53.84666442871094
2019-08-01,49.8139533996582,92.76599884033203,60.017887115478516,93.16141510009766,190.90159606933594,129.38641357421875,4.088016033172607,15.59000015258789,219.75611877441406,52.47080993652344
2019-08-02,48.759986877441406,91.16200256347656,59.252174377441406,93.15316009521484,187.226806640625,128.29933166503906,3.9955575466156006,15.62266731262207,220.46144104003906,51.95668411254883
2019-08-05,46.20750427246094,88.25650024414062,57.193267822265625,90.38158416748047,180.00595092773438,123.90394592285156,3.7377636432647705,15.221332550048828,216.0618896484375,50.892189025878906
2019-08-06,47.08222961425781,89.3915023803711,58.0020751953125,91.09095001220703,182.7595672607422,126.22814178466797,3.776432752609253,15.383333206176758,218.90090942382812,51.384605407714844
2019-08-07,47.56978225708008,89.66999816894531,58.24129867553711,89.11125183105469,183.39352416992188,126.78109741210938,3.814605712890625,15.561332702636719,217.28741455078125,51.051513671875
2019-08-08,48.618980407714844,91.64450073242188,59.741024017333984,90.62078094482422,188.3560028076172,130.1642608642578,3.922928810119629,15.886667251586914,218.31900024414062,52.412872314453125
2019-08-09,48.218326568603516,90.37899780273438,58.884674072265625,90.52179718017578,186.06793212890625,129.05841064453125,3.821794033050537,15.667332649230957,219.20944213867188,51.2977180480957
2019-08-12,48.09599304199219,89.24600219726562,58.17145919799805,88.8225326538086,183.6114044189453,127.2590560913086,3.7541239261627197,15.267333030700684,214.42201232910156,51.04844665527344
2019-08-13,50.13277053833008,91.21700286865234,59.27247619628906,90.19185638427734,186.66221618652344,129.89254760742188,3.8681480884552,15.666666984558105,219.72970581054688,51.67894744873047
2019-08-14,48.640567779541016,88.14800262451172,57.66379165649414,86.4468994140625,178.00511169433594,125.98088073730469,3.719916582107544,14.641332626342773,214.42201232910156,49.59682846069336
2019-08-15,48.39826583862305,88.80599975585938,57.914894104003906,86.77687072753906,180.85781860351562,125.69874572753906,3.687692165374756,14.37600040435791,215.34779357910156,49.30358123779297
2019-08-16,49.540218353271484,89.62850189208984,58.40473937988281,88.85554504394531,181.95726013183594,128.0025177001953,3.955153465270996,14.662667274475098,216.6173858642578,50.07337188720703
2019-08-19,50.463844299316406,90.80599975585938,59.45623016357422,89.65568542480469,184.40383911132812,130.1464080810547,4.233272552490234,15.121999740600586,215.7533416748047,50.91647720336914
2019-08-20,50.46623611450195,90.06900024414062,58.61870193481445,88.51734924316406,182.0662384033203,129.0650634765625,4.161140441894531,15.057332992553711,211.74172973632812,50.60856628417969
2019-08-21,51.013221740722656,91.177001953125,59.01740646362305,88.76481628417969,181.80865478515625,130.50367736816406,4.24442720413208,14.722000122070312,211.9092559814453,51.11442947387695
2019-08-22,50.97004318237305,90.23300170898438,59.01443862915039,89.68042755126953,180.31300354003906,129.5540008544922,4.2506256103515625,14.8100004196167,205.3760528564453,51.00444793701172
2019-08-23,48.61418151855469,87.48100280761719,57.13532257080078,87.45325469970703,176.06369018554688,125.42610931396484,4.026541709899902,14.09333324432373,203.36587524414062,49.47953414916992
2019-08-26,49.537811279296875,88.44349670410156,58.007015228271484,88.15440368652344,178.64895629882812,127.36309051513672,4.1011552810668945,14.333333015441895,203.73617553710938,49.74345397949219
2019-08-27,48.97883605957031,88.09149932861328,57.989192962646484,87.22230529785156,179.58001708984375,127.63578796386719,4.010678291320801,14.272000312805176,196.55055236816406,49.25957489013672
2019-08-28,49.307491302490234,88.2125015258789,58.13431167602539,88.09668731689453,180.03564453125,127.46650695800781,4.00025749206543,14.37266731262207,200.44754028320312,49.61882781982422
2019-08-29,50.142364501953125,89.31999969482422,59.14915466308594,90.09284973144531,183.80955505371094,129.8736572265625,4.14367151260376,14.780667304992676,203.33056640625,50.168678283691406
2019-08-30,50.07759475708008,88.81449890136719,58.96541213989258,90.62078094482422,183.90858459472656,129.6291961669922,4.156326770782471,15.040666580200195,206.3106689453125,50.2053337097168
2019-09-03,49.34828567504883,89.49199676513672,57.926292419433594,89.54845428466797,180.65968322753906,127.91790771484375,4.073452949523926,15.000666618347168,203.33056640625,50.26399230957031
2019-09-04,50.18555450439453,90.03099822998047,58.556297302246094,90.62902069091797,185.3646697998047,129.4129638671875,4.187342643737793,14.711999893188477,199.90090942382812,50.7991828918457
2019-09-05,51.1667594909668,92.03600311279297,60.03820037841797,92.69123840332031,189.08897399902344,131.6884765625,4.459784507751465,15.305333137512207,202.42251586914062,51.517662048339844
2019-09-06,51.161964416503906,91.67549896240234,59.74746322631836,92.88920593261719,185.7113494873047,130.795166015625,4.432738304138184,15.16333293914795,201.90232849121094,52.00153350830078
2019-09-09,51.38026809692383,91.56749725341797,59.695457458496094,95.19058990478516,186.96926879882812,129.3094940185547,4.478640556335449,15.452667236328125,203.3834991455078,52.412071228027344
2019-09-10,51.98722457885742,91.02749633789062,59.71674728393555,96.40316009521484,184.40383911132812,127.95551300048828,4.545137882232666,15.702667236328125,204.95285034179688,52.83729934692383
2019-09-11,53.64017105102539,91.14949798583984,60.425010681152344,96.66712951660156,186.7018280029297,127.99308776855469,4.573671817779541,16.47333335876465,206.49578857421875,52.734657287597656
2019-09-12,53.52021408081055,92.17749786376953,61.16645431518555,97.26103210449219,185.6915283203125,129.3094940185547,4.572182655334473,16.391332626342773,202.8721466064453,52.77132034301758
2019-09-13,52.47903060913086,91.96700286865234,61.417076110839844,99.17474365234375,185.41415405273438,129.12149047851562,4.514369487762451,16.34666633605957,206.93807983398438,53.25519561767578
2019-09-16,52.754920959472656,90.39199829101562,61.00102996826172,98.29212951660156,184.45335388183594,128.19052124023438,4.4714436531066895,16.187332153320312,207.66444396972656,54.0543098449707
2019-09-17,52.94685363769531,91.12750244140625,60.91435241699219,97.80546569824219,186.2957000732422,129.187255859375,4.4927825927734375,16.319332122802734,205.97256469726562,53.64374542236328
2019-09-18,53.44345474243164,90.87300109863281,61.051551818847656,98.78704833984375,186.3551483154297,130.24981689453125,4.465736389160156,16.232667922973633,204.28060913085938,53.38716506958008
2019-09-19,53.00921630859375,91.07499694824219,61.353675842285156,98.47360229492188,188.33619689941406,132.64756774902344,4.390307903289795,16.440000534057617,206.2648162841797,53.027923583984375
2019-09-20,52.23432922363281,89.70800018310547,60.91236877441406,98.07763671875,188.128173828125,131.1148681640625,4.284855365753174,16.041332244873047,206.30030822753906,52.844635009765625
2019-09-23,52.471832275390625,89.26499938964844,61.152591705322266,98.06116485595703,185.04769897460938,130.83277893066406,4.338201522827148,16.082000732421875,202.65069580078125,52.88129425048828
2019-09-24,52.22233581542969,87.08049774169922,60.34230041503906,96.78260803222656,179.56021118164062,129.1779022216797,4.280886173248291,14.880666732788086,199.3111572265625,52.15548324584961
2019-09-25,53.02602005004883,88.41649627685547,61.70978927612305,97.33527374267578,181.06581115722656,131.03965759277344,4.42231559753418,15.24666690826416,196.8042449951172,52.309452056884766
2019-09-26,52.752540588378906,86.99199676513672,61.52901077270508,96.53512573242188,178.40133666992188,131.20889282226562,4.400233268737793,16.17066764831543,190.87802124023438,52.03084945678711
2019-09-27,52.49582290649414,86.27249908447266,60.71970748901367,97.10430908203125,175.41989135742188,129.50697326660156,4.26177978515625,16.142000198364258,190.68319702148438,52.40475845336914
2019-09-30,53.73133850097656,86.79550170898438,60.48147964477539,97.07954406738281,176.3905792236328,130.7293701171875,4.319096565246582,16.058000564575195,192.5079803466797,51.76692581176758
2019-10-01,53.88008117675781,86.78250122070312,59.73160934448242,95.3143310546875,174.14212036132812,128.88641357421875,4.317359447479248,16.312667846679688,192.4105224609375,50.5499153137207
2019-10-02,52.529422760009766,85.6614990234375,58.340850830078125,93.41710662841797,172.943603515625,126.61085510253906,4.293539047241211,16.208667755126953,192.00303649902344,49.23025894165039
2019-10-03,52.97563171386719,86.22100067138672,58.910919189453125,93.28408813476562,177.67828369140625,128.14353942871094,4.498737812042236,15.535332679748535,190.771728515625,49.838768005371094
2019-10-04,54.46064376831055,86.98249816894531,59.977272033691406,95.3045883178711,178.73809814453125,129.8736572265625,4.515115261077881,15.428667068481445,194.7047882080078,50.5645751953125
2019-10-07,54.4726448059082,86.63300323486328,59.84305191040039,95.0967025756836,177.97543334960938,128.9333953857422,4.573671817779541,15.847999572753906,195.98043823242188,49.86809158325195
2019-10-08,53.834495544433594,85.27549743652344,58.94559097290039,92.9764175415039,176.06369018554688,127.56995391845703,4.39750337600708,16.003332138061523,194.9794158935547,48.90034484863281
2019-10-09,54.4654426574707,86.09950256347656,59.55331039428711,93.64993286132812,178.143798828125,129.98651123046875,4.483850955963135,16.302000045776367,196.72450256347656,49.442867279052734
2019-10-10,55.199546813964844,86.01300048828125,59.90347671508789,94.96366882324219,178.3220672607422,130.795166015625,4.541414260864258,16.31599998474121,198.18614196777344,50.03671646118164
2019-10-11,56.66777038574219,86.59600067138672,60.212528228759766,96.56842803955078,182.442626953125,131.3405303955078,4.614861488342285,16.525999069213867,196.71563720703125,50.571922302246094
2019-10-14,56.586185455322266,86.82150268554688,60.31455993652344,96.82618713378906,181.54127502441406,131.21832275390625,4.62825870513916,17.130666732788086,195.40460205078125,50.718528747558594
2019-10-15,56.454246520996094,88.36900329589844,61.52653121948242,99.74469757080078,187.09803771972656,133.1177215576172,4.8724141120910645,17.19266700744629,211.34951782226562,50.89448547363281
2019-10-16,56.22633743286133,88.87149810791016,61.564178466796875,99.51189422607422,187.7517852783203,132.0269775390625,4.818817138671875,17.316667556762695,209.93222045898438,50.02204895019531
2019-10-17,56.44466018676758,89.3740005493164,62.049556732177734,100.06897735595703,188.58380126953125,131.34999084472656,4.820804595947266,17.46466636657715,215.84951782226562,49.95606994628906
2019-10-18,56.71574401855469,87.87550354003906,61.634010314941406,100.24356842041016,184.08688354492188,129.20606994628906,4.726516246795654,17.1299991607666,217.32882690429688,49.56751251220703
2019-10-21,57.69933319091797,89.28299713134766,61.6275749206543,102.72972106933594,187.95977783203125,130.1651611328125,4.863481044769287,16.899999618530273,216.07095336914062,50.39596176147461
2019-10-22,57.56739807128906,88.2864990234375,61.47502517700195,103.76075744628906,180.6101531982422,128.22817993164062,4.8535542488098145,17.038667678833008,220.99620056152344,50.65255355834961
2019-10-23,58.33988952636719,88.1084976196289,62.28878402709961,104.03514862060547,184.38400268554688,129.04623413085938,4.8406548500061035,16.978666305541992,219.5079803466797,51.13642120361328
2019-10-24,58.43586349487305,89.03900146484375,62.36207580566406,103.96031951904297,184.61184692382812,131.58502197265625,4.884571075439453,19.978666305541992,216.5935821533203,50.65255355834961
2019-10-25,59.15557098388672,88.06649780273438,62.619136810302734,104.79182434082031,186.1074981689453,132.32785034179688,5.075130462646484,21.875333786010742,216.9479522705078,50.76985168457031
2019-10-28,59.74814224243164,88.85399627685547,63.84149932861328,105.1909408569336,187.60317993164062,135.58128356933594,5.130959510803223,21.847333908081055,218.84361267089844,50.3226318359375
2019-10-29,58.36627197265625,88.135498046875,62.43885040283203,105.1243896484375,187.5140380859375,134.302490234375,5.0349345207214355,21.08133316040039,223.48532104492188,50.17601013183594
2019-10-30,58.35908508300781,88.99949645996094,62.440834045410156,104.5423583984375,186.46409606933594,135.97621154785156,5.036920070648193,21.000667572021484,225.70877075195312,49.64814376831055
2019-10-31,59.67855453491211,88.83300018310547,62.34672546386719,103.86883544921875,189.8318634033203,134.81027221679688,4.987790584564209,20.994667053222656,223.8485107421875,49.53817367553711
2019-11-01,61.372276306152344,89.5719985961914,63.01288986206055,106.26350402832031,191.78318786621094,135.1393585205078,5.02674674987793,20.887332916259766,223.41445922851562,51.026451110839844
2019-11-04,61.77531814575195,90.23300170898438,63.872703552246094,107.11165618896484,192.87271118164062,135.9197998046875,5.223012924194336,21.1646671295166,222.56410217285156,52.5440559387207
2019-11-05,61.68655776977539,90.08550262451172,63.96334457397461,107.34445190429688,192.47653198242188,135.83518981933594,5.200929641723633,21.148000717163086,221.72259521484375,53.58512496948242
2019-11-06,61.71295166015625,89.78849792480469,63.94204330444336,107.5107650756836,189.73281860351562,135.45901489257812,5.151801586151123,21.77199935913086,221.91741943359375,52.412071228027344
2019-11-07,62.425174713134766,89.41000366210938,64.73104095458984,108.09278106689453,188.61351013183594,135.64707946777344,5.1694183349609375,22.369333267211914,227.17921447753906,53.52646255493164
2019-11-08,62.5960578918457,89.29399871826172,64.83306884765625,108.40875244140625,189.02952575683594,137.2456512451172,5.155523300170898,22.47599983215332,227.63099670410156,52.50994110107422
2019-11-11,63.09172439575195,88.5824966430664,64.3021240234375,108.0262680053711,187.81121826171875,137.38662719726562,5.1654486656188965,23.006000518798828,225.079833984375,52.19088363647461
2019-11-12,63.033958435058594,88.9000015258789,64.2491226196289,107.39434051513672,192.62510681152344,138.28933715820312,5.200929641723633,23.32866668701172,226.10739135742188,51.47117233276367
2019-11-13,63.637935638427734,87.65550231933594,64.19810485839844,106.82893371582031,191.3572540283203,138.5150146484375,5.175125598907471,23.073999404907227,224.61923217773438,51.04823684692383
2019-11-14,63.197593688964844,87.7300033569336,64.84049987792969,106.92870330810547,191.31761169433594,139.22024536132812,5.205395698547363,23.290000915527344,226.62118530273438,50.82564926147461
2019-11-15,63.948360443115234,86.97450256347656,66.04850006103516,107.70199584960938,193.24911499023438,141.01620483398438,5.066446781158447,23.47800064086914,238.64187622070312,51.337615966796875
2019-11-18,64.27079010009766,87.62650299072266,65.36994934082031,108.60830688476562,195.5272979736328,141.36412048339844,5.2671799659729,23.332666397094727,241.7688446044922,50.84048080444336
2019-11-19,64.07588195800781,87.6395034790039,65.01087951660156,108.57503509521484,197.42909240722656,141.4110870361328,5.160733699798584,23.968000411987305,242.92039489746094,50.321109771728516
2019-11-20,63.329925537109375,87.27649688720703,64.47944641113281,107.78514099121094,195.6362762451172,141.1658172607422,5.239884376525879,23.481332778930664,244.09854125976562,50.4769172668457
2019-11-21,63.04601287841797,86.7354965209961,64.39424133300781,108.0345687866211,196.0522918701172,141.03372192382812,5.215073585510254,23.655332565307617,244.97549438476562,51.693763732910156
2019-11-22,62.99065399169922,87.28600311279297,64.07379913330078,108.74964141845703,196.933837890625,141.13748168945312,5.232691287994385,22.202667236328125,245.23243713378906,51.47117233276367
2019-11-25,64.09513854980469,88.69200134277344,64.66665649414062,109.33169555664062,197.89459228515625,142.6848602294922,5.488753318786621,22.422666549682617,250.3968048095703,51.129859924316406
2019-11-26,63.59462356567383,89.84700012207031,65.03118896484375,109.48136901855469,197.08241271972656,143.43963623046875,5.384294033050537,21.92799949645996,249.2716827392578,51.003719329833984
2019-11-27,64.44884490966797,90.92549896240234,64.98809051513672,109.80564880371094,200.0836639404297,143.71327209472656,5.419055938720703,22.086000442504883,248.6251983642578,50.97403335571289
2019-11-29,64.30686950683594,90.04000091552734,64.58988189697266,109.5561752319336,199.72708129882812,142.82638549804688,5.381810188293457,21.996000289916992,247.91650390625,50.55111312866211
2019-12-02,63.5633430480957,89.08000183105469,63.83555221557617,109.31505584716797,197.80548095703125,141.0997772216797,5.195827960968018,22.32466697692871,247.73046875,50.766273498535156
2019-12-03,62.430015563964844,88.49800109863281,64.12680053710938,107.90985107421875,196.933837890625,140.87330627441406,5.156347751617432,22.413333892822266,245.2855224609375,50.36561965942383
2019-12-04,62.98101043701172,88.03450012207031,65.32537841796875,110.03845977783203,196.8249053955078,141.38279724121094,5.200048446655273,22.20199966430664,247.42929077148438,50.936946868896484
2019-12-05,63.90503692626953,87.02400207519531,65.72261047363281,110.63713073730469,197.46868896484375,141.45828247070312,5.183164596557617,22.024667739868164,249.8031768798828,50.75886535644531
2019-12-06,65.13944244384766,87.58000183105469,66.33824157714844,112.28345489501953,199.14268493652344,143.17544555664062,5.268333435058594,22.392667770385742,249.15415954589844,51.57504653930664
2019-12-09,64.22746276855469,87.47550201416016,66.51654052734375,111.75962829589844,199.42994689941406,142.80751037597656,5.268333435058594,22.635332107543945,246.7976837158203,51.68634033203125
2019-12-10,64.60286712646484,86.96050262451172,66.5115966796875,111.83448028564453,198.96437072753906,142.5904998779297,5.313277244567871,23.256000518798828,248.55833435058594,51.24114990234375
2019-12-11,65.15388488769531,87.43599700927734,66.5789566040039,111.56836700439453,200.34120178222656,143.12831115722656,5.396708011627197,23.51333236694336,249.4297332763672,51.16696548461914
2019-12-12,65.31990051269531,88.0165023803711,66.7889633178711,114.76127624511719,194.88345336914062,144.58123779296875,5.56381893157959,23.978666305541992,252.1953125,52.19088363647461
2019-12-13,66.20780944824219,88.0469970703125,66.7087173461914,113.75516510009766,192.26849365234375,145.79840087890625,5.56183385848999,23.892667770385742,253.8582305908203,51.36729431152344
2019-12-16,67.34115600585938,88.46050262451172,67.39369201660156,114.19586944580078,196.04234313964844,146.7418670654297,5.590635299682617,25.433332443237305,259.6825866699219,51.93861389160156
2019-12-17,67.47348022460938,89.53299713134766,67.10594940185547,114.894287109375,196.50791931152344,145.9493408203125,5.668604373931885,25.266000747680664,258.29541015625,51.701175689697266
2019-12-18,67.31226348876953,89.20149993896484,66.95834350585938,114.77787780761719,200.57891845703125,145.64743041992188,5.698897838592529,26.209999084472656,260.4562683105469,51.84214782714844
2019-12-19,67.37963104248047,89.61399841308594,67.18270111083984,114.20418548583984,204.10513305664062,146.9117431640625,5.846642017364502,26.93600082397461,261.9857177734375,51.486000061035156
2019-12-20,67.24009704589844,89.32499694824219,66.92415618896484,114.11270904541016,204.34286499023438,148.5157012939453,5.943729400634766,27.03933334350586,260.18060302734375,51.894107818603516
2019-12-23,68.33733367919922,89.6500015258789,66.89494323730469,114.07946014404297,204.2239990234375,148.5157012939453,5.930072784423828,27.947999954223633,262.4036560058594,52.15379333496094
2019-12-24,68.40229034423828,89.46050262451172,66.5878677368164,114.39546203613281,203.17405700683594,148.4873504638672,5.925105571746826,28.350000381469727,261.91455078125,51.953460693359375
2019-12-26,69.75942993164062,93.4384994506836,67.48136138916016,115.60938262939453,205.81871032714844,149.70443725585938,5.939261436462402,28.729333877563477,262.9016418457031,52.035064697265625
2019-12-27,69.73296356201172,93.48999786376953,67.09356689453125,115.69253540039062,206.12579345703125,149.97804260253906,5.881651401519775,28.691999435424805,263.1862487792969,51.85698699951172
2019-12-30,70.14682006835938,92.34449768066406,66.3541030883789,115.26847839355469,202.47080993652344,148.68548583984375,5.768672943115234,27.64666748046875,261.30108642578125,51.55279541015625
2019-12-31,70.65935516357422,92.39199829101562,66.33824157714844,115.90875244140625,203.3028106689453,148.7892608642578,5.842667579650879,27.8886661529541,261.4166564941406,51.77537536621094
2020-01-02,72.27154541015625,94.90049743652344,67.78893280029297,117.31391906738281,207.78985595703125,151.54428100585938,5.957138538360596,28.68400001525879,260.1005859375,52.60639572143555
2020-01-03,71.56892395019531,93.74849700927734,67.43429565429688,115.76580047607422,206.69041442871094,149.65725708007812,5.86178731918335,29.534000396728516,257.468505859375,52.18346405029297
2020-01-06,72.13919067382812,95.14399719238281,69.2317123413086,115.67375183105469,210.58311462402344,150.0441131591797,5.8863701820373535,30.1026668548584,259.25579833984375,52.584144592285156
2020-01-07,71.79994201660156,95.34300231933594,69.09799194335938,113.70723724365234,211.03872680664062,148.67605590820312,5.957634925842285,31.270666122436523,257.6907653808594,52.15379333496094
2020-01-08,72.95492553710938,94.59850311279297,69.58979797363281,114.59425354003906,213.17823791503906,151.04421997070312,5.968808650970459,32.80933380126953,263.1240539550781,51.36729431152344
2020-01-09,74.50452423095703,95.05249786376953,70.32035827636719,115.01265716552734,216.22901916503906,152.9311981201172,6.034361362457275,32.089332580566406,261.630126953125,51.76054000854492
2020-01-10,74.6729736328125,94.15799713134766,70.77452087402344,113.8662338256836,215.99130249023438,152.2235565185547,6.066641807556152,31.876667022705078,262.4393005371094,51.300514221191406
2020-01-13,76.268310546875,94.56500244140625,71.32282257080078,114.81182098388672,219.8048095703125,154.053955078125,6.256845951080322,34.990665435791016,254.18719482421875,51.790218353271484
2020-01-14,75.23844909667969,93.47200012207031,70.85526275634766,116.15079498291016,216.98179626464844,152.9689178466797,6.140140533447266,35.861331939697266,256.3124084472656,51.34502029418945
2020-01-15,74.9160385131836,93.10099792480469,71.28170776367188,114.41015625,219.05198669433594,153.95965576171875,6.097679615020752,34.56666564941406,263.5775146484375,51.26340866088867
2020-01-16,75.85442352294922,93.89700317382812,71.82454681396484,114.85366821289062,219.66612243652344,156.7806854248047,6.181111812591553,34.232666015625,267.4278259277344,51.06308364868164
2020-01-17,76.69422912597656,93.23600006103516,73.27869415283203,115.64864349365234,220.0325927734375,157.6581268310547,6.189803123474121,34.03333282470703,265.4093322753906,50.87016677856445
2020-01-21,76.1744613647461,94.5999984741211,73.41393280029297,114.5105972290039,219.3392333984375,157.09201049804688,6.156528949737549,36.47999954223633,267.24114990234375,50.14302444458008
2020-01-22,76.44638061523438,94.37300109863281,73.4941635131836,114.37667846679688,219.22036743164062,156.33721923828125,6.210411071777344,37.97066879272461,267.2944641113281,49.85364532470703
2020-01-23,76.81454467773438,94.22899627685547,73.53475952148438,114.25950622558594,217.67515563964844,157.29962158203125,6.278695583343506,38.14666748046875,266.2896423339844,49.54201889038086
2020-01-24,76.5931625366211,93.08200073242188,72.61749267578125,111.4227066040039,215.87242126464844,155.7145233154297,6.219598293304443,37.654666900634766,260.37628173828125,49.208133697509766
2020-01-27,74.34090423583984,91.41699981689453,70.91173553466797,110.48548126220703,212.83155822753906,153.1104736328125,5.964338779449463,37.201332092285156,252.62213134765625,48.03579330444336
2020-01-28,76.44395446777344,92.6624984741211,71.84138488769531,112.49380493164062,215.723876953125,156.11080932617188,6.1572723388671875,37.793331146240234,254.2050018310547,47.969017028808594
2020-01-29,78.04411315917969,92.9000015258789,72.14845275878906,112.32647705078125,221.1122283935547,158.5449676513672,6.096934795379639,38.732666015625,251.56398010253906,47.56834411621094
2020-01-30,77.93102264404297,93.53399658203125,72.02711486816406,113.71560668945312,207.54222106933594,163.0171661376953,6.103638648986816,42.72066879272461,249.85665893554688,48.072898864746094
2020-01-31,74.47566223144531,100.43599700927734,70.96372985839844,110.76162719726562,199.99449157714844,160.61123657226562,5.870727062225342,43.371334075927734,242.27149963378906,46.091819763183594
2020-02-03,74.2711181640625,100.20999908447266,73.43124389648438,111.60681915283203,202.25289916992188,164.5268096923828,5.967566967010498,52.0,243.6675567626953,45.06045150756836
2020-02-04,76.72308349609375,102.4834976196289,71.58927154541016,113.21353149414062,207.83938598632812,169.94241333007812,6.136415481567383,59.137332916259766,249.7320556640625,44.49655532836914
2020-02-05,77.3487319946289,101.99349975585938,71.62097930908203,115.13819122314453,208.11671447753906,169.73487854003906,6.226550579071045,48.97999954223633,262.9728088378906,46.544410705566406
2020-02-06,78.25345611572266,102.5114974975586,73.10287475585938,115.15491485595703,208.84971618652344,173.25408935546875,6.313209056854248,49.930667877197266,260.0649719238281,45.913726806640625
2020-02-07,77.18977355957031,103.96399688720703,73.2583999633789,114.7867202758789,210.31568908691406,173.49940490722656,6.2471604347229,49.871334075927734,257.1838073730469,45.60953903198242
2020-02-10,77.55641174316406,106.69550323486328,74.72197723388672,115.26371002197266,211.03872680664062,178.03762817382812,6.529734134674072,51.41866683959961,255.23651123046875,45.12784957885742
2020-02-11,77.08848571777344,107.54000091552734,74.79130554199219,115.48129272460938,205.22445678710938,174.01832580566406,6.6519012451171875,51.62533187866211,258.58001708984375,45.55684280395508
2020-02-12,78.91917419433594,108.0,75.21577453613281,115.48129272460938,208.7605438232422,174.27310180664062,6.767364501953125,51.15266799926758,269.8643493652344,46.113792419433594
2020-02-13,78.357177734375,107.49349975585938,74.95624542236328,115.38088989257812,211.1179656982422,173.32958984375,6.723661422729492,53.599998474121094,268.7261962890625,45.85789108276367
2020-02-14,78.37648010253906,106.74349975585938,75.2207260131836,115.0294189453125,212.14808654785156,174.8768768310547,7.195695400238037,53.33533477783203,265.6849060058594,45.647151947021484
2020-02-18,76.94134521484375,107.78350067138672,75.25588989257812,113.50640869140625,215.7337646484375,176.65069580078125,7.364046096801758,57.22666549682617,268.6728515625,45.06761932373047
2020-02-19,78.0556869506836,108.51100158691406,75.52483367919922,115.05455017089844,215.42669677734375,177.1804656982422,7.8142266273498535,61.16133117675781,271.49163818359375,45.41383361816406
2020-02-20,77.25491333007812,107.65499877929688,75.13453674316406,115.05455017089844,212.54432678222656,174.47470092773438,7.665242671966553,59.96066665649414,268.6639404296875,45.052574157714844
2020-02-21,75.5062484741211,104.79850006103516,73.47384643554688,113.64865112304688,208.18605041503906,168.95913696289062,7.301969051361084,60.06666564941406,268.04144287109375,44.50314712524414
2020-02-24,71.919677734375,100.4645004272461,70.32382202148438,110.5942611694336,198.8157958984375,161.6743621826172,6.785737991333008,55.58599853515625,247.0200653076172,42.418357849121094
2020-02-25,69.48358917236328,98.63700103759766,68.66262817382812,105.65702056884766,194.9032745361328,159.00648498535156,6.506889343261719,53.32733154296875,234.2150421142578,40.79267501831055
2020-02-26,70.58586883544922,98.97949981689453,68.8681640625,105.97501373291016,195.32919311523438,160.99314880371094,6.645941257476807,51.91999816894531,233.86819458007812,39.89704132080078
2020-02-27,65.97180938720703,94.21499633789062,65.12776947021484,101.56495666503906,187.9498748779297,149.64974975585938,6.275992393493652,45.266666412353516,225.79396057128906,37.496150970458984
2020-02-28,65.93319702148438,94.1875,66.33131408691406,97.16327667236328,190.6440887451172,153.27322387695312,6.710043907165527,44.53266525268555,226.71876525878906,38.71541976928711
2020-03-02,72.0716323852539,97.69750213623047,68.66262817382812,101.69050598144531,194.576416015625,163.47190856933594,6.868061065673828,49.574668884277344,242.8582763671875,40.55183410644531
2020-03-03,69.78266906738281,95.44950103759766,66.25553894042969,97.87457275390625,184.1265106201172,155.63845825195312,6.606189727783203,49.70066833496094,232.4454803466797,38.610042572021484
2020-03-04,73.01952362060547,98.79149627685547,68.42884826660156,100.29300689697266,189.9407958984375,161.35269165039062,7.068812847137451,49.96666717529297,257.3616943359375,39.45298385620117
2020-03-05,70.65099334716797,96.20149993896484,65.11834716796875,95.37248992919922,183.41329956054688,157.30349731445312,6.790045738220215,48.30266571044922,251.61727905273438,37.71440505981445
2020-03-06,69.71271514892578,95.05449676513672,64.17631530761719,90.44361114501953,179.37203979492188,152.85696411132812,6.609915256500244,46.89866638183594,252.42645263671875,35.89303970336914
2020-03-09,64.1989974975586,90.03050231933594,60.21650314331055,78.19253540039062,167.89198303222656,142.49749755859375,6.098097801208496,40.53333282470703,243.1518096923828,31.50519561767578
2020-03-10,68.82269287109375,94.59100341796875,63.15751266479492,84.26786041259766,176.49954223632812,152.2419891357422,6.486682891845703,43.02199935913086,248.98512268066406,32.67177200317383
2020-03-11,66.43246459960938,91.04299926757812,59.97430419921875,80.30133819580078,168.62496948242188,145.34512329101562,6.123688697814941,42.28200149536133,247.0110626220703,31.595502853393555
2020-03-12,59.87195587158203,83.83049774169922,55.05362319946289,73.68207550048828,153.00457763671875,131.56085205078125,5.374345302581787,37.369998931884766,222.67274475097656,27.98287010192871
2020-03-13,67.04512023925781,89.25,60.14121627807617,86.95406341552734,168.66458129882812,150.2646942138672,5.983806610107422,36.44133377075195,242.9547576904297,28.69034194946289
2020-03-16,58.419960021972656,84.4574966430664,53.1442985534668,73.94149017333984,144.6248321533203,128.11715698242188,4.8796706199646,29.67133331298828,200.97976684570312,25.958295822143555
2020-03-17,60.98868942260742,90.39199829101562,55.37605667114258,78.4603271484375,148.00250244140625,138.66587829589844,5.398197174072266,28.68000030517578,218.10906982421875,27.70439910888672
2020-03-18,59.49569320678711,91.5,54.04521942138672,70.20089721679688,145.5658416748047,132.82858276367188,5.03917932510376,24.08133316040039,193.85293579101562,24.92718505859375
2020-03-19,59.039833068847656,94.04650115966797,55.0595703125,71.38082885742188,151.6772918701172,135.01405334472656,5.291362285614014,28.50933265686035,196.29994201660156,25.913137435913086
2020-03-20,55.29165267944336,92.30449676513672,52.90705490112305,69.87454223632812,148.3095245361328,129.94305419921875,5.111976623535156,28.50200080871582,184.50234985351562,24.64118766784668
2020-03-23,54.11703109741211,95.1415023803711,52.20969009399414,66.13394927978516,146.69500732421875,128.64695739746094,5.284405708312988,28.952667236328125,174.02645874023438,23.67029571533203
2020-03-24,59.54633712768555,97.00499725341797,55.967926025390625,74.00005340576172,159.4528350830078,140.34042358398438,6.191019535064697,33.66666793823242,196.29994201660156,26.673295974731445
2020-03-25,59.21831130981445,94.29199981689453,54.56180191040039,76.76158905029297,154.7280731201172,138.99703979492188,6.102569580078125,35.95000076293945,209.41943359375,28.065670013427734
2020-03-26,62.33456802368164,97.77449798583984,57.59791946411133,82.10889434814453,161.7904052734375,147.69139099121094,6.391274929046631,35.21066665649414,228.0848388671875,29.217193603515625
2020-03-27,59.75376892089844,95.00499725341797,54.98973083496094,76.25949096679688,155.3025360107422,141.6270751953125,6.2792205810546875,34.29066848754883,216.52835083007812,27.809768676757812
2020-03-30,61.45902633666992,98.19750213623047,56.775238037109375,78.24275970458984,164.3756561279297,151.58924865722656,6.598736763000488,33.47533416748047,224.41427612304688,28.223718643188477
2020-03-31,61.33360290527344,97.48600006103516,57.54987335205078,75.33899688720703,165.21763610839844,149.20509338378906,6.549291610717773,34.93333435058594,222.71742248535156,28.57745933532715
2020-04-01,58.10639953613281,95.38500213623047,54.5855827331543,70.59422302246094,158.0858917236328,143.90713500976562,6.039213180541992,32.104000091552734,211.9468231201172,28.24629020690918
2020-04-02,59.07600402832031,95.94149780273438,55.325042724609375,73.2302017211914,156.68930053710938,146.8872528076172,6.3472981452941895,30.29800033569336,214.73326110839844,30.406354904174805
2020-04-03,58.22700500488281,95.32949829101562,54.12001037597656,71.06568145751953,152.7173309326172,145.5343475341797,6.060083389282227,32.000667572021484,204.95394897460938,29.51072120666504
2020-04-06,63.30658721923828,99.87950134277344,58.60186767578125,75.6399154663086,163.97943115234375,156.35745239257812,6.668551445007324,34.41600036621094,221.78860473632812,30.459033966064453
2020-04-07,62.57332992553711,100.58000183105469,58.57066345214844,76.63762664794922,167.2283477783203,154.67343139648438,6.435749053955078,36.36333465576172,221.52072143554688,31.038557052612305
2020-04-08,64.17487335205078,102.1500015258789,59.781131744384766,79.73223114013672,172.62664794921875,156.22496032714844,6.6325249671936035,36.589332580566406,239.19483947753906,33.002925872802734
2020-04-09,64.63796997070312,102.13800048828125,59.75983810424805,86.88530731201172,173.52801513671875,156.2344512939453,6.53314208984375,38.20000076293945,235.89041137695312,32.46104049682617
2020-04-13,65.90668487548828,108.44349670410156,59.95003128051758,83.02127838134766,173.1317901611328,156.58447265625,6.704577445983887,43.39666748046875,235.33673095703125,32.182559967041016
2020-04-14,69.23515319824219,114.16600036621094,62.665199279785156,80.7468490600586,176.47972106933594,164.3328094482422,7.054899215698242,47.32600021362305,241.57936096191406,31.934207916259766
2020-04-15,68.60323333740234,115.38400268554688,62.272438049316406,76.76446533203125,175.29112243652344,162.61097717285156,6.977630615234375,48.65533447265625,251.5640106201172,30.46656036376953
2020-04-16,69.1483383178711,120.40950012207031,62.27886962890625,73.83897399902344,174.5779266357422,167.49269104003906,7.321989059448242,49.680667877197266,266.523193359375,29.465560913085938
2020-04-17,68.21009063720703,118.75,63.347206115722656,80.47628784179688,177.5395965576172,168.96856689453125,7.262857437133789,50.259334564208984,259.4947814941406,32.528770446777344
2020-04-20,66.79425811767578,119.68049621582031,62.46311569213867,77.5423583984375,176.549072265625,165.61944580078125,7.131921768188477,49.75733184814453,251.97486877441406,30.99340057373047
2020-04-21,64.72962951660156,116.40599822998047,60.036705017089844,75.29325866699219,169.17967224121094,158.76988220214844,6.696130752563477,45.781333923339844,244.8748016357422,30.82781982421875
2020-04-22,66.59407043457031,118.17449951171875,62.32740783691406,75.5384750366211,180.5507354736328,164.1625213623047,7.109560966491699,48.807334899902344,247.40225219726562,31.708404541015625
2020-04-23,66.33599090576172,119.97250366210938,62.95939636230469,75.58075714111328,183.3737030029297,162.17576599121094,7.056390285491943,47.04199981689453,254.8238983154297,32.701881408691406
2020-04-24,68.25109100341797,120.51100158691406,63.22834396362305,76.69680786132812,188.266845703125,165.1370391845703,7.195028305053711,48.34333419799805,260.1465759277344,32.912620544433594
2020-04-27,68.29933166503906,118.80000305175781,62.94404983520508,80.0027847290039,185.72122192382812,164.6639404296875,7.38112211227417,53.25,262.5490417480469,33.070674896240234
2020-04-28,67.19224548339844,115.7040023803711,61.048580169677734,80.56928253173828,181.1747589111328,160.65260314941406,7.2390055656433105,51.27466583251953,257.5298156738281,33.84587860107422
2020-04-29,69.399169921875,118.635498046875,66.4764175415039,82.74226379394531,192.34776306152344,167.8616485595703,7.415408611297607,53.367332458496094,256.8957214355469,35.719932556152344
2020-04-30,70.86322784423828,123.69999694824219,66.7002944946289,80.96666717529297,202.7679901123047,169.54571533203125,7.261863708496094,52.12533187866211,261.2004699707031,34.974830627441406
2020-05-01,69.72238159179688,114.302001953125,65.24514770507812,78.84442901611328,200.35110473632812,165.1558837890625,7.02583122253418,46.75466537475586,254.09152221679688,32.468563079833984
2020-05-04,70.70885467529297,115.79949951171875,65.5215072631836,77.90591430664062,203.312744140625,169.19566345214844,7.237266540527344,50.74599838256836,256.79754638671875,33.77814865112305
2020-05-05,71.77012634277344,115.88999938964844,66.81519317626953,77.78754425048828,205.10556030273438,171.0120849609375,7.298138618469238,51.2140007019043,261.70941162109375,33.74051284790039
2020-05-06,72.51060485839844,117.56300354003906,66.63739776611328,76.32478332519531,206.49227905273438,172.6960906982422,7.398763179779053,52.172000885009766,257.8960266113281,33.108299255371094
2020-05-07,73.26070404052734,118.38050079345703,67.81864929199219,77.11956024169922,209.25579833984375,173.69894409179688,7.574669361114502,52.00266647338867,254.52914428710938,33.29645538330078
2020-05-08,75.00444030761719,118.98049926757812,68.56456756591797,78.37940216064453,210.33544921875,174.720703125,7.764241695404053,54.62799835205078,256.3153076171875,34.75655746459961
2020-05-11,76.18467712402344,120.44999694824219,69.51798248291016,76.0711441040039,211.15757751464844,176.66964721679688,8.015677452087402,54.08599853515625,257.8245849609375,34.425418853759766
2020-05-12,75.31401062011719,117.84750366210938,68.11087799072266,73.58531188964844,208.10682678222656,172.66773986816406,7.754302501678467,53.96066665649414,256.9404296875,33.8499870300293
2020-05-13,74.40465545654297,118.39600372314453,66.78102111816406,71.04878234863281,203.1542510986328,170.05654907226562,7.731942653656006,52.73066711425781,248.27752685546875,32.169769287109375
2020-05-14,74.86175537109375,119.44249725341797,67.2035140991211,73.99961853027344,204.84803771972656,170.79449462890625,7.980895042419434,53.55533218383789,259.539306640625,32.45362854003906
2020-05-15,74.4191665649414,120.48899841308594,68.00586700439453,72.62987518310547,208.87942504882812,173.28269958496094,8.438300132751465,53.27799987792969,259.85186767578125,32.22346496582031
2020-05-18,76.1725845336914,121.31300354003906,68.60616302490234,76.47698211669922,211.16751098632812,174.9383087158203,8.696198463439941,54.242000579833984,261.9952392578125,34.7859992980957
2020-05-19,75.73240661621094,122.46649932861328,68.0722427368164,74.97198486328125,214.82249450683594,173.72732543945312,8.75110912322998,53.867332458496094,258.1460876464844,33.71188735961914
2020-05-20,77.20528411865234,124.89700317382812,69.79386138916016,77.2210464477539,227.78829956054688,176.1370391845703,8.914589881896973,54.37066650390625,257.1994323730469,34.80902099609375
2020-05-21,76.62966918945312,122.33699798583984,69.67449951171875,76.24021911621094,229.19485473632812,174.02142333984375,8.721044540405273,55.17333221435547,256.2348327636719,34.18756103515625
2020-05-22,77.1230239868164,121.84400177001953,69.99594116210938,75.64836883544922,232.6814727783203,174.0973358154297,8.970495223999023,54.45866775512695,258.94091796875,34.21826171875
2020-05-26,76.60064697265625,121.09300231933594,70.39860534667969,81.01740264892578,229.99716186523438,172.25685119628906,8.663898468017578,54.591331481933594,263.3617248535156,35.22331619262695
2020-05-27,76.93441009521484,120.51950073242188,70.34461975097656,85.71002960205078,226.96615600585938,172.4845428466797,8.472586631774902,54.68199920654297,271.292236328125,35.47651290893555
2020-05-28,76.96826934814453,120.05500030517578,70.24358367919922,84.43330383300781,223.32110595703125,172.09556579589844,8.434572219848633,53.72066879272461,271.470947265625,34.55583190917969
2020-05-29,76.8932876586914,122.11849975585938,71.0003890991211,82.2772445678711,222.95462036132812,173.85069274902344,8.820677757263184,55.66666793823242,272.25677490234375,34.885746002197266
2020-06-01,77.83890533447266,123.552001953125,71.06724548339844,83.36796569824219,229.7099151611328,173.4521942138672,8.751852035522461,59.87333297729492,273.22137451171875,35.50718307495117
2020-06-02,78.19927215576172,123.62049865722656,71.43573760986328,83.64698028564453,230.51222229003906,175.42555236816406,8.770734786987305,58.770668029785156,273.56072998046875,36.29743194580078
2020-06-03,78.6297607421875,123.91999816894531,71.28416442871094,88.16201782226562,227.97650146484375,175.85243225097656,8.71532917022705,58.86399841308594,272.7033996582031,37.7781867980957
2020-06-04,77.95257568359375,123.02999877929688,70.0484390258789,89.99679565429688,224.14321899414062,173.53758239746094,8.716322898864746,57.62533187866211,266.2106018066406,37.67076873779297
2020-06-05,80.17274475097656,124.1500015258789,71.32232666015625,94.04682159423828,228.5807647705078,177.59803771972656,8.86894702911377,59.04399871826172,278.5084228515625,40.72431564331055
2020-06-08,80.64674377441406,126.2030029296875,71.71954345703125,95.92386627197266,229.20474243164062,178.6985626220703,8.754607200622559,63.327999114990234,276.39178466796875,41.997928619384766
2020-06-09,83.19342803955078,130.04299926757812,71.91961669921875,93.46342468261719,236.40576171875,180.06475830078125,8.994222640991211,62.711334228515625,276.1506652832031,41.061912536621094
2020-06-10,85.33377838134766,132.37249755859375,72.54468536376953,89.67549896240234,234.48419189453125,186.74356079101562,9.313138008117676,68.336669921875,273.06048583984375,38.85997772216797
2020-06-11,81.23688507080078,127.89800262451172,69.43429565429688,82.19267272949219,222.30087280273438,176.7157745361328,8.745902061462402,64.85600280761719,253.39486694335938,35.43047332763672
2020-06-12,81.93824768066406,127.2509994506836,69.9801025390625,84.44175720214844,226.4114990234375,178.11036682128906,8.881373405456543,62.35200119018555,254.66302490234375,36.190025329589844
2020-06-15,82.95157623291016,128.63400268554688,70.36741638183594,85.60856628417969,230.2943115234375,179.24880981445312,9.12124252319336,66.05999755859375,255.6721954345703,36.167015075683594
2020-06-16,85.14997863769531,130.7635040283203,71.64177703857422,86.2934341430664,233.41444396972656,183.64134216308594,9.016594886779785,65.47533416748047,261.67376708984375,36.98027420043945
2020-06-17,85.03147888183594,132.0489959716797,71.94239807128906,84.11201477050781,233.29556274414062,184.2769317626953,9.183136940002441,66.11933135986328,261.31658935546875,35.775726318359375
2020-06-18,85.06534576416016,132.69900512695312,71.03010559082031,83.65542602539062,233.70169067382812,186.2502899169922,9.165239334106445,66.9306640625,260.3163146972656,35.99822235107422
2020-06-19,84.57923126220703,133.75050354003906,70.56058502197266,82.69999694824219,236.52459716796875,185.1403045654297,9.208244323730469,66.72666931152344,261.2221984863281,35.27702331542969
2020-06-22,86.79212951660156,135.6909942626953,71.84929656982422,81.80374908447266,236.95054626464844,190.2822723388672,9.472222328186035,66.28800201416016,262.5047302246094,35.61460494995117
2020-06-23,88.64469146728516,138.2205047607422,72.50902557373047,82.80143737792969,239.94189453125,191.55352783203125,9.395912170410156,66.78533172607422,266.92669677734375,35.82943344116211
2020-06-24,87.07994079589844,136.72000122070312,70.95977020263672,80.03661346435547,231.79989624023438,187.69232177734375,9.18264102935791,64.0566635131836,259.37445068359375,34.141544342041016
2020-06-25,88.2359619140625,137.72900390625,71.37580871582031,82.82682037353516,233.44415283203125,190.0640869140625,9.435683250427246,65.73200225830078,265.68896484375,34.65557098388672
2020-06-26,85.52484893798828,134.64349365234375,67.48483276367188,78.286376953125,214.03009033203125,186.25973510742188,9.102598190307617,63.982666015625,257.3115234375,33.46636962890625
2020-06-29,87.49590301513672,134.0189971923828,69.20000457763672,78.63306427001953,218.54678344726562,188.26153564453125,9.147340774536133,67.29000091552734,259.8948059082031,34.00342559814453
2020-06-30,88.22628021240234,137.9409942626953,70.23417663574219,79.529296875,224.9158172607422,193.0714874267578,9.443387985229492,71.98733520507812,264.5497741699219,34.31032943725586
2020-07-01,88.05941009521484,143.93499755859375,71.42037963867188,78.8529052734375,235.29638671875,194.200439453125,9.475454330444336,74.64199829101562,267.0433044433594,33.53542709350586
2020-07-02,88.05941009521484,144.51499938964844,72.80371856689453,79.10901641845703,231.20555114746094,195.680419921875,9.557233810424805,80.57733154296875,267.51861572265625,33.819297790527344
2020-07-06,90.41502380371094,152.8520050048828,74.27571105957031,81.10681915283203,238.00048828125,199.8927001953125,9.78293514251709,91.43866729736328,271.59967041015625,34.0571403503418
2020-07-07,90.13446807861328,150.00599670410156,73.79379272460938,78.81875610351562,238.5749969482422,197.56832885742188,9.815250396728516,92.65733337402344,266.0746154785156,33.174827575683594
2020-07-08,92.23371887207031,154.0554962158203,74.47135162353516,79.65541076660156,241.26919555664062,201.91346740722656,10.157526016235352,91.05867004394531,267.60833740234375,33.09811019897461
2020-07-09,92.6303482055664,159.13150024414062,75.21725463867188,77.93084716796875,242.18048095703125,203.32701110839844,10.448851585388184,92.9520034790039,261.150390625,31.73243522644043
2020-07-10,92.79239654541016,160.0,76.22516632080078,82.19107818603516,242.7450714111328,202.71034240722656,10.419272422790527,102.97666931152344,261.2132263183594,32.72217559814453
2020-07-13,92.36432647705078,155.1999969482422,74.89879608154297,83.36927032470703,236.732666015625,196.4488983154297,9.994714736938477,99.80400085449219,268.8191833496094,32.729835510253906
2020-07-14,93.89280700683594,154.1999969482422,75.32622528076172,83.84734344482422,237.4557342529297,197.66326904296875,10.317604064941406,101.12000274658203,276.72113037109375,33.8116340637207
2020-07-15,94.53851318359375,150.44349670410156,75.12910461425781,85.14508056640625,238.00048828125,197.36912536621094,10.168712615966797,103.06732940673828,272.7298583984375,34.24127960205078
2020-07-16,93.37523651123047,149.9949951171875,75.03201293945312,85.38411712646484,238.64431762695312,193.46046447753906,10.076743125915527,100.04266357421875,275.4924011230469,33.97274398803711
2020-07-17,93.18660736083984,148.09849548339844,75.12760162353516,83.80469512939453,239.73391723632812,192.4738006591797,10.143110275268555,100.05599975585938,274.93621826171875,33.3896598815918
2020-07-20,95.15040588378906,159.8419952392578,77.45497131347656,83.0704345703125,243.0917510986328,200.74652099609375,10.450592994689941,109.53333282470703,272.1826171875,32.607086181640625
2020-07-21,93.83718872070312,156.9145050048828,77.06269836425781,84.87187957763672,239.45655822753906,198.04270935058594,10.269384384155273,104.55733489990234,273.6626281738281,34.25661849975586
2020-07-22,94.1008071899414,154.99549865722656,77.50499725341797,84.2571792602539,237.5944061279297,200.8888397216797,10.379002571105957,106.15533447265625,275.09771728515625,33.45869445800781
2020-07-23,89.8176498413086,149.32749938964844,75.1226577758789,84.50476837158203,230.3933868408203,192.15121459960938,10.071771621704102,100.87133026123047,271.7431945800781,33.52775955200195
2020-07-24,89.59514617919922,150.44549560546875,74.69969177246094,83.9071273803711,228.52130126953125,190.97482299804688,10.136150360107422,94.46666717529297,269.78790283203125,33.32060623168945
2020-07-27,91.71858978271484,152.760498046875,75.75067901611328,82.72894287109375,231.28482055664062,193.39401245117188,10.36185359954834,102.63999938964844,267.82366943359375,33.8116340637207
2020-07-28,90.21186828613281,150.01649475097656,74.47383117675781,83.08751678466797,227.93685913085938,191.6578826904297,10.157031059265137,98.43267059326172,269.0165100097656,33.41267013549805
2020-07-29,91.94108581542969,151.67649841308594,75.45745849609375,85.10236358642578,231.07679748535156,193.59326171875,10.405599594116211,99.94066619873047,275.0707702636719,33.78092956542969
2020-07-30,93.05359649658203,152.593994140625,76.1934585571289,82.83139038085938,232.27532958984375,193.4414520263672,10.553252220153809,99.16600036621094,273.7702331542969,32.12373352050781
2020-07-31,102.79523468017578,158.23399353027344,73.69622039794922,82.50697326660156,251.2634735107422,194.49453735351562,10.553996086120605,95.38400268554688,271.57275390625,32.28485107421875
2020-08-03,105.38543701171875,155.59449768066406,73.43917083740234,82.04594421386719,249.56973266601562,205.43310546875,10.94723129272461,99.0,272.3172607421875,32.41527557373047
2020-08-04,106.08921813964844,156.94149780273438,72.97064208984375,81.57637786865234,247.45989990234375,202.34979248046875,11.163484573364258,99.13333129882812,273.1155090332031,33.35129165649414
2020-08-05,106.47376251220703,160.25149536132812,73.25740051269531,82.99360656738281,246.7566680908203,202.01780700683594,11.222152709960938,99.00133514404297,280.2640075683594,33.64284133911133
2020-08-06,110.18854522705078,161.25,74.5382080078125,83.01921844482422,262.76324462890625,205.2528533935547,11.27061939239502,99.30533599853516,281.6901550292969,33.48171615600586
2020-08-07,107.6833267211914,158.3730010986328,74.21232604980469,84.84626770019531,265.8934020996094,201.5813751220703,11.135398864746094,96.84733581542969,284.35406494140625,33.32827377319336
2020-08-10,109.24848175048828,157.4080047607422,74.13555145263672,85.92198944091797,260.5050354003906,197.56832885742188,11.101096153259277,94.57133483886719,286.210693359375,34.149208068847656
2020-08-11,105.99944305419922,154.0334930419922,73.3292236328125,88.6369400024414,253.70013427734375,192.9481658935547,10.7878999710083,91.6259994506836,283.0265197753906,34.502132415771484
2020-08-12,109.52224731445312,158.11199951171875,74.6516342163086,87.88563537597656,257.42449951171875,198.4601287841797,11.37476921081543,103.65066528320312,289.05389404296875,34.49430465698242
2020-08-13,111.46054077148438,158.05099487304688,75.11770629882812,87.39897918701172,258.821044921875,197.99522399902344,11.377504348754883,108.06666564941406,288.3811950683594,33.64936447143555
2020-08-14,111.3612060546875,157.4010009765625,74.52235412597656,87.43313598632812,258.76171875,198.18499755859375,11.497814178466797,110.04733276367188,290.3365173339844,33.79800033569336
2020-08-17,111.07047271728516,159.12049865722656,75.09739685058594,85.12799835205078,258.68243408203125,199.49423217773438,12.266387939453125,122.3759994506836,287.4754638671875,33.35988235473633
2020-08-18,111.99598693847656,165.62449645996094,77.05577087402344,83.94129943847656,259.8512268066406,200.64215087890625,12.190572738647461,125.80599975585938,284.15673828125,33.19559097290039
2020-08-19,112.13651275634766,163.0240020751953,76.5025405883789,84.13766479492188,260.0988464355469,199.42486572265625,12.069022178649902,125.23533630371094,282.8920593261719,32.827884674072266
2020-08-20,114.6247787475586,164.86849975585938,78.06961822509766,83.13021850585938,266.45794677734375,204.0657501220703,12.07150936126709,133.45533752441406,281.0354309082031,32.32716369628906
2020-08-21,120.53167724609375,164.23599243164062,78.03593444824219,83.08751678466797,264.4769592285156,202.58221435546875,12.6109037399292,136.6653289794922,281.7618713378906,32.08462905883789
2020-08-24,121.97327423095703,165.3730010986328,78.51041412353516,85.42681121826172,268.81536865234375,203.2193603515625,12.647441864013672,134.27999877929688,277.0081787109375,33.03129196166992
2020-08-25,120.97262573242188,167.32449340820312,79.53565979003906,85.80244445800781,278.1559143066406,205.86318969726562,12.67702579498291,134.8893280029297,280.039794921875,31.982927322387695
2020-08-26,122.61772918701172,172.09249877929688,81.4316177368164,84.59864807128906,301.02691650390625,210.31385803222656,12.6998929977417,143.54466247558594,276.990234375,31.302270889282227
2020-08-27,121.15191650390625,170.0,80.65848541259766,87.38190460205078,290.4382629394531,215.47775268554688,12.5559720993042,149.25,279.54656982421875,31.09103775024414
2020-08-28,120.95568084716797,170.08999633789062,81.19883728027344,87.7405014038086,290.8741455078125,217.693603515625,13.07249641418457,147.55999755859375,281.96820068359375,31.83427619934082
2020-08-31,125.0575180053711,172.54800415039062,80.70851135253906,85.53781127929688,290.4185485839844,214.47923278808594,13.29794979095459,166.10667419433594,280.3357238769531,31.247509002685547
2020-09-01,130.03892517089844,174.95599365234375,81.9739761352539,85.49510955810547,292.6372375488281,216.1339874267578,13.746005058288574,158.35000610351562,280.5869140625,30.848493576049805
2020-09-02,127.34468078613281,176.57249450683594,85.06009674072266,86.78429412841797,299.6302185058594,220.29937744140625,14.268653869628906,149.1233367919922,287.233154296875,30.660734176635742
2020-09-03,117.14936065673828,168.39999389648438,80.70752716064453,86.5110855102539,288.35821533203125,206.65248107910156,12.944876670837402,135.6666717529297,283.6364440917969,30.59814453125
2020-09-04,117.22689819335938,164.7310028076172,78.3152847290039,88.38078308105469,280.04779052734375,203.751953125,12.554008483886719,139.44000244140625,279.8424072265625,30.574674606323242
2020-09-08,109.338134765625,157.49200439453125,75.46192932128906,85.30728149414062,268.5875549316406,192.72984313964844,11.848359107971191,110.06999969482422,275.58197021484375,29.870540618896484
2020-09-09,113.6992416381836,163.4304962158203,76.63229370117188,86.11836242675781,271.1232604980469,200.93695068359375,12.646008491516113,122.09333038330078,279.8603820800781,29.690614700317383
2020-09-10,109.98743438720703,158.7554931640625,75.5832748413086,85.23043823242188,265.54669189453125,195.3070526123047,12.24494457244873,123.77999877929688,273.2052307128906,28.947364807128906
2020-09-11,108.54342651367188,155.81100463867188,75.07361602783203,86.28910827636719,264.0806884765625,194.03271484375,12.098494529724121,124.23999786376953,271.52093505859375,28.869125366210938
2020-09-14,111.79972839355469,155.14849853515625,74.73038482666016,87.484375,263.6250305175781,195.34507751464844,12.802403450012207,139.8733367919922,277.9063720703125,28.681360244750977
2020-09-15,111.97416687011719,157.80650329589844,76.03250122070312,84.7608871459961,269.8356628417969,198.54994201660156,12.920510292053223,149.9199981689453,276.6996765136719,28.37624168395996
2020-09-16,108.6694107055664,153.90499877929688,74.89185333251953,85.11945343017578,261.02001953125,195.0027313232422,12.44659423828125,147.25332641601562,276.0601501464844,29.581077575683594
2020-09-17,106.93466186523438,150.43649291992188,73.6511459350586,84.14617919921875,252.40257263183594,192.9675750732422,12.3958740234375,141.14332580566406,274.6732177734375,29.57325553894043
2020-09-18,103.5427017211914,147.74549865722656,71.87060546875,83.96688842773438,250.13427734375,190.5710906982422,12.123108863830566,147.38333129882812,277.4111328125,29.096012115478516
2020-09-21,106.68270111083984,148.02349853515625,70.8329849243164,81.37146759033203,245.7958221435547,192.61570739746094,12.44933032989502,149.79666137695312,269.4586486816406,28.501428604125977
2020-09-22,108.35928344726562,156.44949340820312,72.30298614501953,80.48356628417969,252.33323669433594,197.25665283203125,12.56917667388916,141.41000366210938,265.0184326171875,27.797290802001953
2020-09-23,103.81401824951172,149.9929962158203,69.80525970458984,79.17732238769531,246.6575927734375,190.7612762451172,12.057962417602539,126.78666687011719,263.1091613769531,26.905405044555664
2020-09-24,104.8801040649414,150.989501953125,70.47240447998047,79.10901641845703,247.16275024414062,193.23390197753906,12.280996322631836,129.26333618164062,263.5775451660156,26.850635528564453
2020-09-25,108.81478881835938,154.75650024414062,71.27476501464844,79.8005599975586,252.40257263183594,197.63697814941406,12.8038969039917,135.77999877929688,272.4396057128906,27.100996017456055
2020-09-28,111.41209411621094,158.70249938964844,72.24553680419922,82.09716796875,254.38360595703125,199.17762756347656,12.964269638061523,140.39999389648438,273.0971374511719,27.625173568725586
2020-09-29,110.56893920898438,157.24400329589844,72.61006927490234,81.40560913085938,259.3064270019531,197.1044464111328,13.153985977172852,139.69000244140625,273.9256286621094,26.8193359375
2020-09-30,112.23584747314453,157.43649291992188,72.58927154541016,82.19107818603516,259.4154052734375,200.02403259277344,13.457080841064453,143.00332641601562,280.7884826660156,26.858457565307617
2020-10-01,113.18560791015625,161.06300354003906,73.69375610351562,82.78868865966797,264.10052490234375,202.04962158203125,13.54062557220459,149.3866729736328,281.9592590332031,25.91962432861328
2020-10-02,109.53195190429688,156.25,72.0939712524414,83.57418823242188,257.4739685058594,196.08688354492188,12.991373062133789,138.3633270263672,280.9776306152344,25.802270889282227
2020-10-05,112.9045639038086,159.9600067138672,73.44264221191406,85.34059143066406,262.1393127441406,200.07159423828125,13.568473815917969,141.89332580566406,286.5343933105469,26.396867752075195
2020-10-06,109.66764068603516,154.9980010986328,71.86714172363281,84.46168518066406,256.20611572265625,195.8206024169922,13.661964416503906,137.9933319091797,283.2021179199219,26.1230411529541
2020-10-07,111.52839660644531,159.7845001220703,72.2693099975586,85.93517303466797,255.6712188720703,199.5485076904297,13.888229370117188,141.76666259765625,291.05560302734375,26.209102630615234
2020-10-08,111.4217758178711,159.52749633789062,73.47235107421875,87.70159912109375,261.25775146484375,200.2617645263672,13.76365852355957,141.97332763671875,290.37109375,27.586055755615234
2020-10-09,113.36006164550781,164.33250427246094,74.81062316894531,87.20182800292969,261.9411926269531,205.2355194091797,13.688071250915527,144.6666717529297,295.26153564453125,27.17922592163086
2020-10-12,120.56074523925781,172.14649963378906,77.49211120605469,88.27030944824219,273.1340026855469,210.5515594482422,14.148805618286133,147.43333435058594,297.1798095703125,27.09316635131836
2020-10-13,117.36258697509766,172.18150329589844,77.61493682861328,86.83992767333984,273.5202941894531,211.94003295898438,14.170936584472656,148.88333129882812,298.48577880859375,26.772403717041016
2020-10-14,117.44981384277344,168.1855010986328,77.43515014648438,86.35737609863281,269.2413024902344,210.03802490234375,14.018767356872559,153.76666259765625,289.8667907714844,26.717636108398438
2020-10-15,116.984619140625,166.9324951171875,77.04039764404297,87.6499252319336,264.1897277832031,208.89683532714844,13.894196510314941,149.6266632080078,292.3164978027344,26.952346801757812
2020-10-16,115.34677124023438,163.635498046875,77.64615631103516,87.46894836425781,263.4071350097656,208.89683532714844,13.736556053161621,146.55667114257812,297.11676025390625,26.678516387939453
2020-10-19,112.40059661865234,160.36050415039062,75.77643585205078,85.9954833984375,258.9201354980469,203.723388671875,13.424509048461914,143.61000061035156,292.0012512207031,26.146507263183594
2020-10-20,113.88338470458984,160.85049438476562,76.82296752929688,86.48664093017578,265.0216369628906,204.13235473632812,13.57145881652832,140.64666748046875,291.2717590332031,26.365571975708008
2020-10-21,113.26316833496094,159.2469940185547,78.5520248413086,85.62498474121094,276.08575439453125,204.27500915527344,13.451363563537598,140.8800048828125,290.71337890625,25.943099975585938
2020-10-22,112.17769622802734,158.82000732421875,79.5757827758789,88.64945220947266,275.48150634765625,204.36056518554688,13.288500785827637,141.92999267578125,293.3612060546875,27.273109436035156
2020-10-23,111.48961639404297,160.22000122070312,80.87938690185547,89.45079040527344,282.0882568359375,205.63491821289062,13.51650619506836,140.2100067138672,297.747314453125,26.725460052490234
2020-10-26,111.49929809570312,160.3520050048828,78.46782684326172,87.2363052368164,274.4810791015625,199.78628540039062,13.06994342803955,140.0933380126953,290.95654296875,26.091745376586914
2020-10-27,113.00147247314453,164.31649780273438,79.1904525756836,85.59048461914062,280.6024475097656,202.80091857910156,13.324057579040527,141.55999755859375,288.6600341796875,25.677099227905273
2020-10-28,107.76809692382812,158.13900756835938,74.82796478271484,83.1864013671875,265.1306457519531,192.74884033203125,12.558484077453613,135.33999633789062,277.3930358886719,24.699146270751953
2020-10-29,111.760986328125,160.55050659179688,77.11023712158203,83.72925567626953,278.1658020019531,194.68890380859375,12.953326225280762,136.94332885742188,273.5022888183594,25.794450759887695
2020-10-30,105.5003433227539,151.8074951171875,80.04380798339844,84.47894287109375,260.6139221191406,192.54913330078125,12.465987205505371,129.34666442871094,274.81732177734375,25.520620346069336
2020-11-02,105.41311645507812,150.2239990234375,80.4504623413086,86.38325500488281,258.8804626464844,192.41600036621094,12.512484550476074,133.50332641601562,281.085693359375,26.59245491027832
2020-11-03,107.03157806396484,152.42050170898438,81.50740051269531,89.10612487792969,262.7831726074219,196.31509399414062,12.94885540008545,141.3000030517578,289.41644287109375,26.13868522644043
2020-11-04,111.40238952636719,162.05799865722656,86.46969604492188,86.38325500488281,284.65362548828125,205.78704833984375,13.719399452209473,140.32666015625,319.3262634277344,25.997867584228516
2020-11-05,115.35646057128906,166.10000610351562,87.29434204101562,89.9161148071289,291.88446044921875,212.34896850585938,14.083165168762207,146.02999877929688,319.1822204589844,25.9509220123291
2020-11-06,115.22543334960938,165.56849670410156,87.15714263916016,88.71837615966797,290.6264953613281,212.7579345703125,14.48298454284668,143.31666564941406,312.9317932128906,25.645797729492188
2020-11-09,112.92461395263672,157.18699645996094,87.24085235595703,100.73019409179688,276.1253662109375,207.68911743164062,13.55678939819336,140.4199981689453,315.2193603515625,28.892601013183594
2020-11-10,112.5848159790039,151.75100708007812,86.0670166015625,100.4027328491211,269.845458984375,200.67066955566406,12.700709342956543,136.7866668701172,318.542724609375,29.533588409423828
2020-11-11,116.00206756591797,156.8695068359375,86.53803253173828,98.90342712402344,273.8571472167969,205.939208984375,13.345192909240723,139.0433349609375,316.75048828125,29.2291202545166
2020-11-12,115.73023986816406,155.51400756835938,86.31961059570312,97.6884536743164,272.4703674316406,204.8836212158203,13.383731842041016,137.25332641601562,319.191162109375,28.227575302124023
2020-11-13,115.77877807617188,156.4405059814453,87.77774047851562,98.30024719238281,274.3226623535156,205.9011993408203,13.224849700927734,136.1666717529297,320.3259582519531,28.908632278442383
2020-11-16,116.78842163085938,156.55299377441406,87.86540985107422,101.0748519897461,276.31353759765625,206.58590698242188,13.441914558410645,136.02999877929688,321.36175537109375,30.575191497802734
2020-11-17,115.90499114990234,156.7830047607422,87.25273895263672,100.04944610595703,272.3911437988281,203.95164489746094,13.349421501159668,147.20333862304688,317.1107482910156,30.98383331298828
2020-11-18,114.58467102050781,155.2729949951172,86.2116470336914,99.30840301513672,269.3898620605469,201.26280212402344,13.355880737304688,162.2133331298828,310.2749328613281,29.814023971557617
2020-11-19,115.1768798828125,155.8509979248047,87.09968566894531,99.57550811767578,270.3506774902344,202.54046630859375,13.367321014404297,166.42333984375,303.51129150390625,29.96625328063965
2020-11-20,113.91480255126953,154.97000122070312,86.00065612792969,98.72245025634766,267.1413879394531,200.6048583984375,13.016737937927246,163.20333862304688,301.4397888183594,29.597692489624023
2020-11-23,110.52669525146484,154.91949462890625,85.56379699707031,101.56600189208984,265.8834228515625,200.33792114257812,13.068703651428223,173.9499969482422,301.76409912109375,31.53667640686035
2020-11-24,111.80816650390625,155.9029998779297,87.36366271972656,106.26213836669922,274.2929382324219,203.91348266601562,12.88744068145752,185.1266632080078,302.61962890625,33.63592529296875
2020-11-25,112.64306640625,159.2534942626953,87.37506103515625,105.15058898925781,272.9754638671875,203.92306518554688,13.16293716430664,191.3333282470703,300.07989501953125,32.69847869873047
2020-11-27,113.18672180175781,159.76699829101562,88.50877380371094,104.45262145996094,275.1744384765625,205.2198028564453,13.189291000366211,195.25332641601562,304.35784912109375,32.201698303222656
2020-11-30,115.57493591308594,158.40199279785156,86.89314270019531,101.57463073730469,274.3424377441406,204.11376953125,13.328782081604004,189.1999969482422,302.9169006347656,30.551166534423828
2020-12-01,119.13777923583984,161.00399780273438,88.92185974121094,103.17731475830078,283.8315124511719,206.15423583984375,13.317344665527344,194.9199981689453,307.284912109375,30.84761619567871
2020-12-02,119.48727416992188,160.17649841308594,90.38838195800781,105.15921783447266,284.7923583984375,205.35325622558594,13.47100830078125,189.60667419433594,313.0219421386719,32.001407623291016
2020-12-03,119.35137176513672,159.3365020751953,90.23338317871094,104.46985626220703,279.1761169433594,204.2758026123047,13.32724666595459,197.7933349609375,314.030517578125,32.21772766113281
2020-12-04,118.68148803710938,158.12899780273438,90.32846069335938,105.41770935058594,277.04656982421875,204.39028930664062,13.488665580749512,199.67999267578125,316.2541198730469,33.39555358886719
2020-12-07,120.1377182006836,157.89999389648438,89.9951400756836,105.02132415771484,282.87078857421875,204.32345581054688,13.536916732788086,213.9199981689453,314.41925048828125,32.77058410644531
2020-12-08,120.74931335449219,158.864501953125,89.71282196044922,105.12474060058594,280.7113952636719,205.9635467529297,13.28148365020752,216.6266632080078,314.41925048828125,33.844242095947266
2020-12-09,118.22523498535156,155.2100067138672,88.05508422851562,104.30615234375,275.2834777832031,201.9493408203125,12.864385604858398,201.4933319091797,311.3009033203125,34.29292678833008
2020-12-10,119.64258575439453,155.07449340820312,87.54940032958984,103.63402557373047,274.4910583496094,200.72886657714844,12.905672073364258,209.02333068847656,306.9984130859375,35.26243209838867
2020-12-11,118.83685302734375,155.8209991455078,87.90353393554688,103.02224731445312,270.9548645019531,203.34141540527344,12.946463584899902,203.3300018310547,304.66650390625,35.09416961669922
2020-12-14,118.22523498535156,157.84849548339844,86.78715515136719,101.93653869628906,271.5888366699219,204.2377166748047,13.240446090698242,213.27667236328125,303.8168640136719,33.82822036743164
2020-12-15,124.14715576171875,158.25599670410156,87.22399139404297,103.67710876464844,272.9359130859375,204.1709442138672,13.2919282913208,211.0833282470703,307.0166320800781,34.485233306884766
2020-12-16,124.07920837402344,162.04800415039062,87.03131866455078,103.97870635986328,273.0548095703125,209.0814208984375,13.174535751342773,207.58999633789062,306.7182922363281,35.014041900634766
2020-12-17,124.94322204589844,161.8040008544922,86.2052001953125,103.11700439453125,271.8760681152344,209.21493530273438,13.27277946472168,218.63333129882812,308.8243713378906,34.83777618408203
2020-12-18,122.96277618408203,160.08250427246094,85.49742889404297,102.60863494873047,273.77783203125,208.4235382080078,13.203883171081543,231.6666717529297,305.85064697265625,34.23685836791992
2020-12-21,124.48692321777344,160.3090057373047,85.91048431396484,106.4603271484375,270.2020568847656,212.2374725341797,13.263825416564941,216.6199951171875,303.7716369628906,33.611881256103516
2020-12-22,128.0303955078125,160.3260040283203,85.20026397705078,104.84037017822266,264.5561828613281,213.5247039794922,13.210100173950195,213.44667053222656,302.8045349121094,33.043006896972656
2020-12-23,127.13729095458984,159.2635040283203,85.59697723388672,107.77008056640625,265.5664978027344,210.74049377441406,12.942483901977539,215.32666015625,305.1365051269531,33.4676628112793
2020-12-24,128.11778259277344,158.63450622558594,85.89067840576172,107.2961654663086,264.8631591796875,212.39002990722656,12.9270601272583,220.58999633789062,308.0289306640625,33.331451416015625
2020-12-28,132.6999969482422,164.197998046875,87.86192321777344,108.00273132324219,274.3721618652344,214.49725341796875,12.833791732788086,221.22999572753906,312.69281005859375,33.44362258911133
2020-12-29,130.93312072753906,166.10000610351562,87.0595703125,107.71837615966797,274.15423583984375,213.72494506835938,12.876822471618652,221.99667358398438,313.95831298828125,33.067039489746094
2020-12-30,129.8166961669922,164.29249572753906,85.99420928955078,108.01998138427734,269.29083251953125,211.36984252929688,13.07828140258789,231.5933380126953,311.8250732421875,33.331451416015625
2020-12-31,128.81675720214844,162.84649658203125,86.80597686767578,109.4934310913086,270.5685729980469,212.0753631591797,12.987998008728027,235.22332763671875,316.9681396484375,33.026973724365234
2021-01-04,125.63249969482422,159.3314971923828,85.49297332763672,108.45944213867188,266.38861083984375,207.56539916992188,13.046198844909668,243.2566680908203,315.901611328125,33.25132369995117
2021-01-05,127.1857681274414,160.92550659179688,86.18240356445312,109.04960632324219,268.3992919921875,207.76559448242188,13.335954666137695,245.0366668701172,311.6534729003906,34.85379409790039
2021-01-06,122.9045181274414,156.91900634765625,85.33199310302734,114.17011260986328,260.8119812011719,202.37840270996094,12.549757957458496,251.9933319091797,324.73236083984375,35.74317932128906
2021-01-07,127.09843444824219,158.10800170898438,87.88075256347656,117.91934204101562,266.19049072265625,208.13748168945312,13.2755126953125,272.0133361816406,329.9386901855469,36.02360534667969
2021-01-08,128.19544982910156,159.13499450683594,89.044189453125,118.04955291748047,265.0316467285156,209.4056396484375,13.208609580993652,293.3399963378906,328.4563903808594,36.42421340942383
2021-01-11,125.21504211425781,155.7104949951172,86.98676300048828,119.81134796142578,254.40338134765625,207.3747100830078,13.551589965820312,270.39666748046875,326.0700988769531,37.529930114746094
2021-01-12,125.04029083251953,156.04150390625,86.05265045166016,121.69463348388672,248.7079620361328,204.93373107910156,13.41554069519043,283.14666748046875,323.0150451660156,38.36322021484375
2021-01-13,127.06929779052734,158.29449462890625,86.53901672363281,121.80747985839844,249.2527313232422,206.27813720703125,13.462300300598145,284.8033447265625,320.9090576171875,38.7958869934082
2021-01-14,125.1470947265625,156.37350463867188,85.730224609375,122.51917266845703,243.3096466064453,203.1125946044922,13.132503509521484,281.6666564941406,316.83258056640625,40.31023025512695
2021-01-15,123.42874908447266,155.21249389648438,85.56678009033203,120.32341003417969,248.97540283203125,202.75973510742188,12.793503761291504,275.38665771484375,317.528564453125,38.37122344970703
2021-01-19,124.09862518310547,156.03799438476562,88.38248443603516,119.80261993408203,258.62298583984375,206.37350463867188,12.958399772644043,281.51666259765625,318.33294677734375,39.13240432739258
2021-01-20,128.17608642578125,163.16900634765625,93.11742401123047,118.00614929199219,264.9424743652344,213.90614318847656,13.297154426574707,283.48333740234375,317.1128234863281,39.68525695800781
2021-01-21,132.874755859375,165.34950256347656,93.31950378417969,117.01676177978516,270.28131103515625,214.50680541992188,13.796326637268066,281.663330078125,320.87286376953125,38.54750442504883
2021-01-22,135.0105438232422,164.6114959716797,93.73603057861328,116.11416625976562,271.8958740234375,215.44117736816406,13.642123222351074,282.21331787109375,314.1390686035156,38.00266647338867
2021-01-25,138.7481231689453,164.6999969482422,93.82121276855469,114.664794921875,275.3725891113281,218.854736328125,13.58317756652832,293.6000061035156,314.3740539550781,37.5780029296875
2021-01-26,138.9811248779297,166.30650329589844,94.49828338623047,114.19615173339844,279.374267578125,221.52447509765625,13.366294860839844,294.36334228515625,310.12579345703125,36.75273132324219
2021-01-27,137.9132537841797,161.62899780273438,90.08973693847656,110.96763610839844,269.5582275390625,222.06796264648438,12.85145092010498,288.0533447265625,300.978759765625,36.336082458496094
2021-01-28,133.0883026123047,161.88099670410156,91.78658294677734,112.92036437988281,262.4859313964844,227.81748962402344,12.984020233154297,278.4766540527344,305.64263916015625,36.904964447021484
2021-01-29,128.10809326171875,160.30999755859375,90.50675201416016,111.67060089111328,255.8792724609375,221.1716766357422,12.923081398010254,264.510009765625,301.5121154785156,35.92745590209961
2021-02-01,130.22439575195312,167.1439971923828,93.76129913330078,112.49507141113281,259.5243835449219,228.50401306152344,13.169065475463867,279.9366760253906,301.8916320800781,35.99155807495117
2021-02-02,131.04962158203125,169.0,95.05152130126953,115.95794677734375,264.5462341308594,228.37054443359375,13.487174987792969,290.92999267578125,306.1579284667969,36.5604362487793
2021-02-03,130.03025817871094,165.62649536132812,101.97366333007812,117.28582763671875,264.1203308105469,231.69822692871094,13.46105670928955,284.89666748046875,305.40777587890625,37.994651794433594
2021-02-04,133.3795623779297,166.5500030517578,101.713623046875,119.98490905761719,263.9618835449219,230.75428771972656,13.594120979309082,283.3299865722656,297.6614685058594,38.72377014160156
2021-02-05,132.96633911132812,167.6074981689453,103.45703887939453,119.75059509277344,265.55657958984375,230.9354705810547,13.521245956420898,284.07666015625,293.3139953613281,40.021785736083984
2021-02-08,133.1121826171875,166.14700317382812,103.24356079101562,121.62521362304688,264.051025390625,231.19288635253906,14.36464786529541,287.8066711425781,293.1603698730469,41.74444580078125
2021-02-09,132.2371063232422,165.25,102.79136657714844,121.13924407958984,266.89373779296875,232.43240356445312,14.190045356750488,283.1533203125,297.9417419433594,41.25554275512695
2021-02-10,131.63436889648438,164.32899475097656,103.34063720703125,121.20863342285156,269.29083251953125,231.52659606933594,14.688474655151367,268.2733459472656,301.34930419921875,41.654808044433594
2021-02-11,131.3815155029297,163.10650634765625,103.45307922363281,120.87016296386719,267.82489013671875,233.11891174316406,15.172479629516602,270.5533447265625,301.05108642578125,40.61181640625
2021-02-12,131.61488342285156,163.885498046875,103.76411437988281,122.58856964111328,267.9338073730469,233.5956573486328,14.8844633102417,272.0400085449219,296.685302734375,41.165897369384766
2021-02-16,129.49537658691406,163.44749450683594,104.54022979736328,125.53939056396484,271.37091064453125,232.36566162109375,15.251571655273438,265.40667724609375,293.413330078125,42.40446090698242
2021-02-17,127.2105712890625,165.4320068359375,104.93250274658203,125.92992401123047,270.9747314453125,233.37867736816406,14.829497337341309,266.04998779296875,295.43798828125,43.064483642578125
2021-02-18,126.11192321777344,166.4114990234375,104.29801940917969,126.35516357421875,266.8343505859375,232.98684692382812,14.752894401550293,262.4599914550781,296.8389587402344,42.388160705566406
2021-02-19,126.26748657226562,162.4949951171875,103.45603942871094,128.464111328125,259.0786437988281,230.29183959960938,14.849893569946289,260.4333190917969,293.377197265625,42.67335891723633
2021-02-22,122.50482177734375,159.03700256347656,101.74482727050781,129.67051696777344,257.86029052734375,224.1180877685547,14.282073974609375,238.1666717529297,296.14306640625,44.246002197265625
2021-02-23,122.36871337890625,159.72500610351562,102.03504943847656,130.7119598388672,263.3377685546875,222.93304443359375,14.069418907165527,232.94667053222656,297.8332824707031,44.857139587402344
2021-02-24,121.87286376953125,157.97650146484375,103.2083969116211,133.01185607910156,261.80255126953125,224.15631103515625,14.42458438873291,247.33999633789062,300.273681640625,46.201637268066406
2021-02-25,117.63381958007812,152.85800170898438,99.84738159179688,131.20664978027344,252.2738037109375,218.8426971435547,13.239202499389648,227.4066619873047,297.25482177734375,45.4356803894043
2021-02-26,117.89631652832031,154.64649963378906,100.14256286621094,127.72648620605469,255.17601013183594,222.0824737548828,13.644115447998047,225.1666717529297,300.2827453613281,44.30304718017578
2021-03-01,124.24517822265625,157.3070068359375,102.50757598876953,130.6165008544922,262.3968811035156,226.4403839111328,13.770709037780762,239.47666931152344,302.4791564941406,45.957183837890625
2021-03-02,121.64925384521484,154.72650146484375,102.25101470947266,130.1912384033203,256.54290771484375,223.50643920898438,13.337442398071289,228.81333923339844,302.47015380859375,45.68828201293945
2021-03-03,118.67410278320312,150.25,99.62251281738281,132.70809936523438,252.98696899414062,217.47605895996094,12.739033699035645,217.73333740234375,300.8702392578125,46.054962158203125
2021-03-04,116.7976303100586,148.8784942626953,100.73789978027344,130.6685791015625,255.19583129882812,216.68283081054688,12.30675983428955,207.14666748046875,301.7200012207031,47.83946228027344
2021-03-05,118.05187225341797,150.0229949951172,103.86515808105469,130.9723358154297,261.7728271484375,221.33702087402344,12.397544860839844,199.31666564941406,313.7322998046875,49.6484260559082
2021-03-08,113.13224792480469,147.59750366210938,99.42887878417969,132.70809936523438,252.88790893554688,217.31358337402344,11.53375244140625,187.6666717529297,316.5071716308594,49.599525451660156
2021-03-09,117.73103332519531,153.1425018310547,101.0563735961914,131.7707977294922,263.21893310546875,223.42044067382812,12.46029281616211,224.52667236328125,318.1432189941406,48.833580017089844
2021-03-10,116.65180969238281,152.8820037841797,100.84983825683594,134.63482666015625,262.3869323730469,222.1206817626953,12.408539772033691,222.68666076660156,315.99200439453125,50.332889556884766
2021-03-11,118.57689666748047,155.67950439453125,104.03702545166016,133.9318084716797,271.28173828125,226.62197875976562,12.931273460388184,233.1999969482422,319.155517578125,49.95805740356445
2021-03-12,117.67268371582031,154.47450256347656,101.53385162353516,135.52005004882812,265.8537292480469,225.30316162109375,12.794435501098633,231.2433319091797,322.93804931640625,50.4958610534668
2021-03-15,120.55057525634766,154.08399963378906,101.75375366210938,134.8430938720703,271.1529541015625,224.40481567382812,13.128077507019043,235.97999572753906,320.9969177246094,49.20840835571289
2021-03-16,122.08676147460938,154.59300231933594,103.2123794555664,133.2288055419922,276.6305236816406,227.17630004882812,13.227598190307617,225.6266632080078,321.6500244140625,48.16541290283203
2021-03-17,121.29922485351562,156.7864990234375,103.12965393066406,134.60009765625,281.31561279296875,226.5359649658203,13.277362823486328,233.93666076660156,319.4548034667969,48.37725830078125
2021-03-18,117.18656158447266,151.39950561523438,100.11433410644531,136.8218536376953,275.9767761230469,220.4960479736328,12.661572456359863,217.72000122070312,328.4076843261719,46.29127502441406
2021-03-19,116.6615219116211,153.7480010986328,100.39269256591797,134.6435089111328,287.3577575683594,220.1424102783203,12.784231185913086,218.2899932861328,331.6097717285156,46.03052520751953
2021-03-22,119.96722412109375,155.5435028076172,100.57743835449219,131.02438354492188,290.7552490234375,225.5325164794922,13.123104095458984,223.3333282470703,332.770751953125,45.55790710449219
2021-03-23,119.14079284667969,156.875,101.10442352294922,129.7139129638672,287.8728332519531,227.05203247070312,13.008153915405273,220.72000122070312,334.2583923339844,44.99566650390625
2021-03-24,116.75875091552734,154.35350036621094,100.6685791015625,130.7206573486328,279.4634094238281,225.02601623535156,12.582454681396484,210.08999633789062,336.1632385253906,45.90829086303711
2021-03-25,117.24488067626953,152.31300354003906,100.66509246826172,132.39569091796875,276.09564208984375,222.04428100585938,12.475217819213867,213.4633331298828,336.6077575683594,45.77791213989258
2021-03-26,117.84768676757812,152.60150146484375,100.28223419189453,134.60009765625,280.33502197265625,226.00079345703125,12.777762413024902,206.23666381835938,341.49688720703125,47.02462387084961
2021-03-29,118.02269744873047,153.7864990234375,101.3253173828125,132.5084686279297,288.0610656738281,224.81576538085938,12.886239051818848,203.76333618164062,343.8371276855469,46.772029876708984
2021-03-30,116.57403564453125,152.76449584960938,101.35899353027344,134.07070922851562,285.2677917480469,221.5759735107422,12.81010913848877,211.8733367919922,338.84814453125,46.1934814453125
2021-03-31,118.76163482666016,154.70399475097656,102.15392303466797,132.11790466308594,291.73590087890625,225.32225036621094,13.284327507019043,222.64332580566406,337.4966735839844,45.49271774291992
2021-04-01,119.5880355834961,158.0500030517578,105.48524475097656,133.40243530273438,295.82672119140625,231.6106719970703,13.745606422424316,220.5833282470703,332.96124267578125,46.76387405395508
2021-04-05,122.4075927734375,161.3365020751953,109.90220642089844,134.10951232910156,305.9794921875,238.03289794921875,13.920516967773438,230.35000610351562,335.7822265625,46.03866195678711
2021-04-06,122.708984375,161.1909942626953,109.4217758178711,133.16671752929688,303.3545837402344,236.87652587890625,13.795119285583496,230.5399932861328,330.5121154785156,45.90829086303711
2021-04-07,124.35213470458984,163.96949768066406,110.89624786376953,135.253173828125,310.1197814941406,238.8260955810547,14.075765609741211,223.6566619873047,331.6640930175781,46.112003326416016
2021-04-08,126.74386596679688,164.96499633789062,111.46087646484375,135.41900634765625,310.05047607421875,242.0276336669922,14.248438835144043,227.93333435058594,330.98382568359375,45.631248474121094
2021-04-09,129.31063842773438,168.61000061035156,112.46334075927734,136.43173217773438,309.49578857421875,244.51248168945312,14.331040382385254,225.67333984375,341.33355712890625,45.525306701660156
2021-04-12,127.59941864013672,168.96949768066406,111.17311096191406,136.14361572265625,308.58447265625,244.56980895996094,15.136167526245117,233.9933319091797,341.31549072265625,45.22382354736328
2021-04-13,130.70094299316406,170.0,111.65898895263672,134.51983642578125,306.8213806152344,247.03543090820312,15.604411125183105,254.10667419433594,339.70086669921875,45.39494323730469
2021-04-14,128.36761474609375,166.64999389648438,111.03888702392578,132.005615234375,299.94720458984375,244.26394653320312,15.203842163085938,244.07666015625,340.725830078125,46.70683288574219
2021-04-15,130.76902770996094,168.95449829101562,113.1854476928711,132.8437042236328,304.8997497558594,248.00071716308594,16.059972763061523,246.28334045410156,353.7696228027344,46.429786682128906
2021-04-16,130.43849182128906,169.9720001220703,113.0616455078125,133.83018493652344,303.2752990722656,249.185791015625,15.836297035217285,246.5933380126953,354.6767578125,46.16904067993164
2021-04-19,131.09957885742188,168.60049438476562,113.40882873535156,133.26271057128906,299.3727111816406,247.27439880371094,15.288185119628906,238.2100067138672,353.6153869628906,46.02236557006836
2021-04-20,129.4176025390625,166.7344970703125,112.87641143798828,130.31198120117188,299.77880859375,246.815673828125,15.09859561920166,239.663330078125,359.6838073730469,45.052703857421875
2021-04-21,129.7967529296875,168.1009979248047,112.8437271118164,131.4207000732422,298.6100158691406,249.03282165527344,15.28693962097168,248.0399932861328,361.75189208984375,45.631248474121094
2021-04-22,128.2800750732422,165.45199584960938,111.56438446044922,128.6533203125,293.7070007324219,245.77395629882812,14.779133796691895,239.89666748046875,359.6928405761719,45.036399841308594
2021-04-23,130.5940399169922,167.04400634765625,113.91254425048828,131.1151580810547,298.27325439453125,249.5775909423828,15.192148208618164,243.13333129882812,363.1125183105469,45.280860900878906
2021-04-26,130.98292541503906,170.4499969482422,114.4078369140625,131.4381866455078,300.1651306152344,249.95985412597656,15.403877258300781,246.06666564941406,359.07598876953125,45.370487213134766
2021-04-27,130.6620635986328,170.8715057373047,113.46925354003906,132.04054260253906,300.6900939941406,250.36126708984375,15.308086395263672,234.913330078125,357.8423767089844,45.965335845947266
2021-04-28,129.87457275390625,172.9250030517578,116.84017944335938,132.8960418701172,304.18658447265625,243.27963256835938,15.203593254089355,231.46665954589844,357.9240417480469,47.35055923461914
2021-04-29,129.77732849121094,173.5655059814453,118.51029205322266,135.48013305664062,326.3840026855469,241.3204345703125,15.251359939575195,225.6666717529297,364.2373046875,48.02688980102539
2021-04-30,127.81336212158203,173.37100219726562,116.5657958984375,134.27537536621094,321.9960021972656,241.0050811767578,14.937620162963867,236.47999572753906,361.742919921875,46.64164733886719
2021-05-03,128.86341857910156,169.32449340820312,116.0497055053711,133.88253784179688,319.5196838378906,240.69924926757812,14.765698432922363,228.3000030517578,368.1830749511719,47.92911148071289
2021-05-04,124.30351257324219,165.593505859375,114.25428771972656,135.73330688476562,315.33978271484375,236.80960083007812,14.282522201538086,224.53334045410156,373.11761474609375,48.230594635009766
2021-05-05,124.54657745361328,163.52699279785156,114.64754486083984,137.5142364501953,312.031494140625,235.548095703125,14.389261245727539,223.64666748046875,374.16973876953125,49.6810188293457
2021-05-06,126.14107513427734,165.31849670410156,115.76592254638672,140.28160095214844,316.9840393066406,238.6636199951172,14.453451156616211,221.17999267578125,376.4102478027344,50.153621673583984
2021-05-07,126.81307220458984,164.58050537109375,116.488037109375,140.76174926757812,316.0529479980469,241.27272033691406,14.741315841674805,224.1233367919922,378.8411865234375,50.870689392089844
2021-05-10,123.5407485961914,159.52450561523438,113.50740051269531,140.74429321289062,303.06732177734375,236.22665405273438,14.197433471679688,209.67999267578125,381.78021240234375,50.992916107177734
2021-05-11,122.62525177001953,161.19549560546875,112.43312072753906,138.40463256835938,303.62200927734375,235.31874084472656,14.237738609313965,205.73333740234375,373.44415283203125,49.37137222290039
2021-05-12,119.56716918945312,157.5970001220703,108.97552490234375,137.453125,299.67974853515625,228.40914916992188,13.692612648010254,196.6300048828125,367.70245361328125,49.635929107666016
2021-05-13,121.70979309082031,158.07350158691406,110.40145874023438,140.9886932373047,302.36407470703125,232.26051330566406,13.599808692932129,190.56333923339844,370.5959167480469,49.02415084838867
2021-05-14,124.12508392333984,161.14500427246094,112.84518432617188,143.17994689941406,312.9427490234375,237.15365600585938,14.174792289733887,196.5800018310547,371.7206726074219,50.23942184448242
2021-05-17,122.97586059570312,163.51950073242188,113.36724090576172,143.75611877441406,312.46722412109375,234.3152618408203,14.097662925720215,192.27667236328125,370.659423828125,51.41336441040039
2021-05-18,121.59291076660156,161.61399841308594,112.05718994140625,141.73074340820312,307.01947021484375,232.30836486816406,13.948630332946777,192.6233367919922,372.246826171875,49.958343505859375
2021-05-19,121.43708801269531,161.58999633789062,112.50444030761719,140.64830017089844,310.6150207519531,232.88307189941406,13.998390197753906,187.82000732421875,371.4486389160156,48.759605407714844
2021-05-20,123.98871612548828,162.38400268554688,114.2602310180664,140.40383911132812,315.5873718261719,236.10154724121094,14.542524337768555,195.5933380126953,370.6685791015625,48.643863677978516
2021-05-21,122.15777587890625,160.1540069580078,113.6252670288086,142.00144958496094,313.2300720214844,234.84677124023438,14.919955253601074,193.6266632080078,373.38067626953125,48.71000671386719
2021-05-24,123.78421020507812,162.24949645996094,116.93925476074219,142.7696533203125,321.55029296875,240.2205047607422,15.537236213684082,202.14666748046875,372.76385498046875,49.28044509887695
2021-05-25,123.58943939208984,162.95249938964844,117.02987670898438,141.2942657470703,324.6803283691406,241.12094116210938,15.572813034057617,201.56333923339844,374.66876220703125,48.16437530517578
2021-05-26,123.5407485961914,163.25799560546875,117.89366149902344,141.27682495117188,324.551513671875,240.90060424804688,15.624812126159668,206.3766632080078,374.81390380859375,48.72654724121094
2021-05-27,122.01167297363281,161.5054931640625,117.02046966552734,143.4767608642578,329.59326171875,238.81240844726562,15.413829803466797,210.28334045410156,374.3512878417969,48.41238784790039
2021-05-28,121.35916900634766,161.15350341796875,116.7317123413086,143.38076782226562,325.6114196777344,239.16683959960938,16.166706085205078,208.4066619873047,373.6436767578125,48.255306243896484
2021-06-01,121.03776550292969,160.9324951171875,117.93675231933594,144.9608917236328,326.007568359375,236.9828338623047,16.186609268188477,207.96665954589844,368.9268798828125,49.9831428527832
2021-06-02,121.79743957519531,161.69949340820312,117.41224670410156,144.9696044921875,326.0274353027344,236.8870391845703,16.69790267944336,201.7066650390625,368.1377258300781,50.379966735839844
2021-06-03,120.31708526611328,159.35049438476562,116.2725830078125,145.06564331054688,322.9468994140625,235.36398315429688,16.88848304748535,190.94667053222656,370.0516357421875,50.578372955322266
2021-06-04,122.60578155517578,160.31100463867188,118.55040740966797,145.30133056640625,327.216064453125,240.2301025390625,17.494070053100586,199.68333435058594,367.9473571777344,50.80158615112305
2021-06-07,122.61550903320312,159.90049743652344,118.98280334472656,144.62039184570312,333.38690185546875,243.1229248046875,17.534622192382812,201.7100067138672,363.0580749511719,50.47090530395508
2021-06-08,123.43360137939453,163.20550537109375,118.79161834716797,144.04425048828125,330.5143737792969,241.9351348876953,17.37339973449707,201.19667053222656,364.4096374511719,51.363765716552734
2021-06-09,123.81341552734375,164.0574951171875,119.26213836669922,142.245849609375,327.1169738769531,242.91221618652344,17.279085159301758,199.5933380126953,363.8291320800781,51.79365539550781
2021-06-10,122.8200454711914,167.4824981689453,120.60882568359375,140.02842712402344,329.3059997558594,246.4084930419922,17.345529556274414,203.3733367919922,364.182861328125,51.876319885253906
2021-06-11,124.02767944335938,167.3415069580078,120.36463928222656,139.9324188232422,328.1174011230469,247.03118896484375,17.743947982788086,203.29666137695312,360.9174499511719,51.39681625366211
2021-06-14,127.07601928710938,169.19349670410156,121.29132843017578,137.557861328125,333.5750732421875,248.9469451904297,17.93657112121582,205.89666748046875,362.06939697265625,51.31414794921875
2021-06-15,126.25794219970703,169.156494140625,120.27500915527344,135.47137451171875,333.5552978515625,247.48133850097656,17.707366943359375,199.7866668701172,363.0853271484375,53.182525634765625
2021-06-16,126.75460815429688,170.7624969482422,119.63409423828125,136.4229736328125,327.9390869140625,246.54261779785156,17.729021072387695,201.6233367919922,360.33685302734375,52.99238586425781
2021-06-17,128.35182189941406,174.46200561523438,120.59593963623047,132.4857635498047,333.31756591796875,249.9144287109375,18.572158813476562,205.53334045410156,360.42755126953125,51.24801254272461
2021-06-18,127.05657958984375,174.34500122070312,118.97883605957031,129.1334686279297,326.5325622558594,248.50628662109375,18.553739547729492,207.77000427246094,354.482666015625,49.933536529541016
2021-06-21,128.84854125976562,172.697998046875,120.66429138183594,131.32464599609375,329.13763427734375,251.571533203125,18.34320831298828,206.94332885742188,362.4032287597656,51.74403762817383
2021-06-22,130.48471069335938,175.27200317382812,121.17741394042969,131.13259887695312,335.8136901855469,254.33029174804688,18.800607681274414,207.90333557128906,362.9676208496094,52.7360954284668
2021-06-23,130.21200561523438,175.1909942626953,120.97581481933594,131.92706298828125,337.3588562011719,254.10037231445312,18.9703311920166,218.85667419433594,360.1180419921875,53.12466049194336
2021-06-24,129.92962646484375,172.45399475097656,121.3453140258789,133.14053344726562,339.9242858886719,255.4606170654297,19.11790657043457,226.60667419433594,363.1315002441406,53.339599609375
2021-06-25,129.63742065429688,170.072998046875,121.35372161865234,134.4849395751953,338.1314392089844,253.86094665527344,18.944198608398438,223.9566650390625,368.6667175292969,53.45534133911133
2021-06-28,131.26385498046875,172.1945037841797,121.38098907470703,134.7293701171875,352.2661437988281,257.4051818847656,19.893850326538086,229.57333374023438,365.4894104003906,52.09126663208008
2021-06-29,132.77342224121094,172.40699768066406,121.11994934082031,134.56349182128906,348.55169677734375,259.9722595214844,19.935409545898438,226.9199981689453,362.430419921875,51.76884078979492
2021-06-30,133.386962890625,172.00799560546875,120.9386978149414,135.78567504882812,344.41131591796875,259.4932861328125,19.911273956298828,226.56666564941406,364.560791015625,52.14914321899414
2021-07-01,133.68887329101562,171.64849853515625,121.29033660888672,137.13011169433594,351.02801513671875,260.1638488769531,20.119815826416016,225.97332763671875,368.6120910644531,52.29793930053711
2021-07-02,136.30873107910156,175.5489959716797,124.07681274414062,136.9983673095703,351.3350524902344,265.9591064453125,20.3935604095459,226.3000030517578,372.6815490722656,52.22352600097656
2021-07-06,138.3149871826172,183.78700256347656,125.00054168701172,134.69796752929688,349.43316650390625,265.96868896484375,20.604101181030273,219.86000061035156,373.50091552734375,50.73545455932617
2021-07-07,140.7984619140625,184.82899475097656,125.28185272216797,134.85601806640625,347.16497802734375,268.14306640625,20.278841018676758,214.88333129882812,374.7755432128906,49.94181442260742
2021-07-08,139.5031280517578,186.57049560546875,123.8653335571289,132.52928161621094,342.3708801269531,265.7388610839844,19.811975479125977,217.60333251953125,373.2186584472656,49.71860122680664
2021-07-09,141.32435607910156,185.9669952392578,124.33535766601562,136.77012634277344,347.09564208984375,266.2369689941406,19.958799362182617,218.98333740234375,375.1851501464844,50.61970901489258
2021-07-12,140.73025512695312,185.92750549316406,125.77863311767578,138.7281036376953,349.80963134765625,265.64300537109375,20.4189510345459,228.56666564941406,378.7630615234375,50.57011795043945
2021-07-13,141.84056091308594,183.8679962158203,126.14116668701172,136.6647186279297,348.7497863769531,269.14886474609375,20.15764617919922,222.84666442871094,381.0390625,50.33035659790039
2021-07-14,145.25897216796875,184.08399963378906,127.02824401855469,136.1993408203125,344.3320617675781,270.61456298828125,19.751007080078125,217.7933349609375,377.5794982910156,49.21429443359375
2021-07-15,144.6064453125,181.55999755859375,125.807861328125,136.49794006347656,341.19219970703125,269.1967468261719,18.879749298095703,216.86666870117188,382.4137268066406,48.73480224609375
2021-07-16,142.57098388671875,178.68150329589844,125.77318572998047,133.3809356689453,337.9234313964844,268.9285888671875,18.078170776367188,214.74000549316406,382.0950622558594,47.38726043701172
2021-07-19,138.73374938964844,177.47950744628906,123.40373992919922,129.0435028076172,333.7534484863281,265.3460693359375,18.694093704223633,215.4066619873047,372.40850830078125,45.758636474609375
2021-07-20,142.3372344970703,178.6595001220703,125.01984405517578,131.44923400878906,338.4187927246094,267.5587463378906,18.527111053466797,220.1666717529297,375.968017578125,46.26293182373047
2021-07-21,141.60679626464844,179.25999450683594,126.34673309326172,134.21502685546875,342.9453430175781,269.5511779785156,19.32147216796875,218.42999267578125,377.488525390625,47.751014709472656
2021-07-22,142.97027587890625,181.90150451660156,127.21099090576172,132.5204620361328,347.8582458496094,274.0916442871094,19.504636764526367,216.4199981689453,378.5172119140625,47.21364974975586
2021-07-23,144.6843719482422,182.83200073242188,131.76119995117188,132.26583862304688,366.2818603515625,277.47296142578125,19.468801498413086,214.4600067138672,380.2742919921875,47.15578079223633
2021-07-26,145.10317993164062,184.99099731445312,132.77159118652344,133.15261840820312,368.92657470703125,276.87908935546875,19.206005096435547,219.2066650390625,376.487060546875,48.34624099731445
2021-07-27,142.94107055664062,181.3195037841797,130.65670776367188,132.9770050048828,364.3206481933594,274.474853515625,19.120397567749023,214.92666625976562,377.90728759765625,47.80888366699219
2021-07-28,141.19773864746094,181.51600646972656,134.81114196777344,133.19654846191406,369.7388000488281,274.16827392578125,19.414047241210938,215.66000366210938,372.5086364746094,48.13130187988281
2021-07-29,141.84056091308594,179.99600219726562,134.49766540527344,134.33798217773438,354.9206848144531,274.4364318847656,19.57232666015625,225.78334045410156,375.1578674316406,48.7182731628418
2021-07-30,142.05479431152344,166.37950134277344,133.45657348632812,133.2667694091797,352.9197692871094,272.9134521484375,19.41006851196289,229.06666564941406,375.285400390625,47.59394073486328
2021-08-02,141.72364807128906,166.57400512695312,133.58335876464844,132.73117065429688,348.611083984375,272.82720947265625,19.65992546081543,236.55667114257812,378.3351135253906,47.60221481323242
2021-08-03,143.51565551757812,168.31199645996094,134.35153198242188,134.24139404296875,347.9078063964844,275.03033447265625,19.72463035583496,236.5800018310547,384.0980529785156,48.11477279663086
2021-08-04,143.11639404296875,167.73599243164062,133.851806640625,132.79266357421875,355.51495361328125,274.446044921875,20.18153190612793,236.97332763671875,383.770263671875,46.99044418334961
2021-08-05,143.22349548339844,168.79949951171875,134.96722412109375,134.46966552734375,359.52655029296875,277.32928466796875,20.542877197265625,238.2100067138672,374.34765625,47.28805160522461
2021-08-06,142.54075622558594,167.2469940185547,134.45901489257812,138.28909301757812,360.0614929199219,277.27178955078125,20.273109436035156,233.03334045410156,377.9254455566406,47.83369064331055
2021-08-09,142.49197387695312,167.093505859375,135.62245178222656,138.13983154296875,358.179443359375,276.1894226074219,20.202436447143555,237.9199981689453,374.05633544921875,47.28805160522461
2021-08-10,142.01402282714844,166.03399658203125,135.5174560546875,139.8343963623047,357.7040100097656,274.3789978027344,19.845077514648438,236.663330078125,374.8846740722656,48.098243713378906
2021-08-11,142.26763916015625,164.60549926757812,134.9944610595703,141.5026397705078,356.5451354980469,274.8675231933594,19.60915756225586,235.94000244140625,371.2067565917969,48.238773345947266
2021-08-12,145.22299194335938,165.1750030517578,135.9008026123047,142.05580139160156,359.2095642089844,277.6070556640625,19.814220428466797,240.75,369.58624267578125,48.12967300415039
2021-08-13,145.4278564453125,164.69850158691406,136.42929077148438,140.46661376953125,359.73455810546875,280.5191955566406,20.095922470092773,239.05667114257812,372.9638366699219,47.64292526245117
2021-08-16,147.39805603027344,164.94949340820312,137.0057830810547,139.5446319580078,363.0825500488281,282.1954345703125,19.859012603759766,228.72332763671875,379.8282470703125,46.94636154174805
2021-08-17,146.49099731445312,162.09800720214844,135.37332153320312,137.8588409423828,355.04949951171875,280.73944091796875,19.369258880615234,221.90333557128906,383.98870849609375,46.62746810913086
2021-08-18,142.75537109375,160.06100463867188,134.17227172851562,136.60328674316406,352.07794189453125,279.021484375,18.95315933227539,229.663330078125,379.9283447265625,45.645565032958984
2021-08-19,143.08692932128906,159.3874969482422,134.4010772705078,135.4618377685547,351.7510986328125,284.8182678222656,19.707706451416016,224.49000549316406,389.5513610839844,44.25244903564453
2021-08-20,144.54029846191406,159.99749755859375,136.13409423828125,135.84817504882812,355.9606628417969,292.1025695800781,20.72106170654297,226.75332641601562,391.20819091796875,44.260841369628906
2021-08-23,146.02281188964844,163.2935028076172,138.72146606445312,137.586669921875,359.9029541015625,292.3808898925781,21.85785484313965,235.43333435058594,387.2479553222656,46.08195877075195
2021-08-24,145.93502807617188,165.28900146484375,139.92996215820312,138.4383544921875,362.0424499511719,290.43255615234375,21.693607330322266,236.163330078125,385.4726867675781,46.459617614746094
2021-08-25,144.70606994628906,164.95899963378906,140.73974609375,141.29197692871094,364.8951721191406,289.8471984863281,22.11168670654297,237.06666564941406,382.1315002441406,46.54354476928711
2021-08-26,143.90626525878906,165.8000030517578,140.1072998046875,142.0207061767578,360.9231872558594,287.04486083984375,21.96735382080078,233.72000122070312,379.5004577636719,45.914119720458984
2021-08-27,144.94012451171875,167.48150634765625,142.64662170410156,143.16213989257812,369.0949401855469,287.64947509765625,22.532760620117188,237.30667114257812,381.23931884765625,46.80369567871094
2021-08-30,149.3488311767578,171.07850646972656,143.2276153564453,140.87051391601562,377.04876708984375,291.3636474609375,22.584522247314453,243.6366729736328,380.8206481933594,46.291770935058594
2021-08-31,148.0906219482422,173.5395050048828,143.33358764648438,140.4402313232422,375.7808532714844,289.7224426269531,22.286836624145508,245.24000549316406,378.9724426269531,45.75466537475586
2021-09-01,148.75381469726562,173.9499969482422,143.84669494628906,140.23831176757812,378.425537109375,289.67449951171875,22.342588424682617,244.69667053222656,379.9557189941406,45.125244140625
2021-09-02,149.86575317382812,173.156005859375,141.93637084960938,140.8880615234375,371.7198181152344,289.0218505859375,22.297786712646484,244.1300048828125,385.7458190917969,46.224632263183594
2021-09-03,150.49978637695312,173.90249633789062,142.38458251953125,140.036376953125,372.6905212402344,289.01226806640625,22.742826461791992,244.52333068847656,384.971923828125,46.04838943481445
2021-09-07,152.8309326171875,175.46449279785156,142.92051696777344,139.79051208496094,378.55438232421875,288.0909423828125,22.5626163482666,250.97332763671875,383.4972229003906,45.77984619140625
2021-09-08,151.28982543945312,176.27499389648438,142.33656311035156,139.16709899902344,373.9880676269531,288.1197204589844,22.241039276123047,251.2899932861328,378.1712951660156,45.360233306884766
2021-09-09,150.27545166015625,174.20799255371094,142.18797302246094,139.77291870117188,374.41400146484375,285.2789611816406,22.07975196838379,251.6199951171875,377.40655517578125,45.393795013427734
2021-09-10,145.30101013183594,173.45750427246094,139.548095703125,138.16616821289062,375.0975036621094,283.80096435546875,22.379425048828125,245.42333984375,369.0106201171875,45.301483154296875
2021-09-13,145.86679077148438,172.85850524902344,140.99085998535156,140.36123657226562,372.9381408691406,285.0293884277344,22.05485725402832,247.6666717529297,378.703857421875,46.46800994873047
2021-09-14,144.47195434570312,172.5,141.20086669921875,137.9115753173828,372.9579162597656,287.7167053222656,22.14446258544922,248.163330078125,376.89495849609375,45.80502700805664
2021-09-15,145.35955810546875,173.7895050048828,143.06813049316406,138.86859130859375,370.3727111816406,292.5440368652344,22.243032455444336,251.94332885742188,381.4447021484375,47.34919738769531
2021-09-16,145.12545776367188,174.41200256347656,142.25636291503906,138.80709838867188,369.52081298828125,292.9279479980469,22.14446258544922,252.3300018310547,380.82342529296875,46.84565734863281
2021-09-17,142.46270751953125,173.12600708007812,139.47283935546875,138.4471435546875,361.2599792480469,287.7933654785156,21.80396270751953,253.163330078125,383.8565368652344,46.291770935058594
2021-09-20,139.41954040527344,167.7864990234375,137.41189575195312,134.30287170410156,352.3255615234375,282.44775390625,21.020410537719727,243.38999938964844,377.0411376953125,45.05809783935547
2021-09-21,139.8974609375,167.18150329589844,137.7224884033203,134.3203887939453,354.088623046875,282.9275817871094,21.1528263092041,246.4600067138672,376.71221923828125,45.016143798828125
2021-09-22,142.25791931152344,169.00250244140625,138.961181640625,136.8930206298828,339.95404052734375,286.5553283691406,21.844783782958984,250.64666748046875,373.38677978515625,46.33372497558594
2021-09-23,143.21372985839844,170.8000030517578,139.88490295410156,141.52023315429688,342.6778869628906,287.49591064453125,22.383413314819336,251.2133331298828,372.77459716796875,47.9030876159668
2021-09-24,143.301513671875,171.2760009765625,140.8744659423828,143.15335083007812,349.6115417480469,287.29437255859375,21.984167098999023,258.1300048828125,371.90673828125,48.33109664916992
2021-09-27,141.78970336914062,170.2899932861328,139.74224853515625,146.61276245117188,350.22564697265625,282.3229675292969,21.56501579284668,263.78668212890625,370.2531433105469,49.766170501708984
2021-09-28,138.41493225097656,165.79800415039062,134.54966735839844,145.82254028320312,337.4183044433594,272.10186767578125,20.60822868347168,259.1866760253906,364.17767333984375,50.2864875793457
2021-09-29,139.312255859375,165.05599975585938,133.0870819091797,145.7084197998047,336.3882141113281,272.5625915527344,20.427026748657227,260.4366760253906,365.81298828125,50.2529182434082
2021-09-30,138.0150146484375,164.2519989013672,132.4159698486328,143.72409057617188,336.1702880859375,270.56634521484375,20.625152587890625,258.49334716796875,356.9784851074219,49.36333465576172
2021-10-01,139.1366729736328,164.16299438476562,135.2559356689453,146.74449157714844,339.7559509277344,277.4571533203125,20.651039123535156,258.40667724609375,358.52252197265625,51.13410568237305
2021-10-04,135.713134765625,159.48899841308594,132.39962768554688,146.58645629882812,323.13507080078125,271.7083435058594,19.645469665527344,260.510009765625,353.5708312988281,51.79710388183594
2021-10-05,137.63461303710938,161.0500030517578,134.7408447265625,148.98020935058594,329.80126953125,277.1308288574219,20.361318588256836,260.1966552734375,359.43609619140625,51.71318435668945
2021-10-06,138.502685546875,163.10049438476562,136.26832580566406,149.2982177734375,330.4748229980469,281.3056945800781,20.609224319458008,260.9166564941406,360.18524169921875,50.76485824584961
2021-10-07,139.76095581054688,165.1215057373047,137.91268920898438,150.24334716796875,326.0967712402344,282.97552490234375,20.982576370239258,264.53668212890625,369.73236083984375,50.90752029418945
2021-10-08,139.38050842285156,164.43099975585938,138.46788024902344,150.3582000732422,326.9188537597656,282.97552490234375,20.739648818969727,261.8299865722656,373.1674499511719,52.183143615722656
2021-10-11,139.29273986816406,162.31500244140625,137.60458374023438,147.1959228515625,322.3625183105469,282.38055419921875,20.604249954223633,263.9800109863281,369.99725341796875,51.66282272338867
2021-10-12,138.02471923828125,162.3665008544922,135.16282653808594,146.06529235839844,320.69842529296875,281.08489990234375,20.58034896850586,268.5733337402344,368.3985290527344,51.39427947998047
2021-10-13,137.43954467773438,164.21400451660156,136.28518676757812,142.21401977539062,321.4611511230469,284.3768310546875,20.84717559814453,270.3599853515625,368.6817626953125,51.25160598754883
2021-10-14,140.2193145751953,164.9929962158203,139.82049560546875,144.3957977294922,325.4132995605469,290.55743408203125,21.650632858276367,272.7733459472656,384.03924560546875,52.032081604003906
2021-10-15,141.27272033691406,170.4510040283203,140.0354461669922,147.16946411132812,321.6790771484375,291.9586181640625,21.766128540039062,281.010009765625,391.0831604003906,52.5272216796875
2021-10-18,142.940673828125,172.33700561523438,141.43214416503906,147.1164093017578,332.15869140625,294.91461181640625,22.124547958374023,290.03668212890625,387.9311828613281,52.50205612182617
2021-10-19,145.09622192382812,172.20750427246094,141.88685607910156,148.90072631835938,336.76458740234375,295.8166809082031,22.19225311279297,288.0899963378906,387.7119140625,53.29092025756836
2021-10-20,145.58384704589844,170.7530059814453,140.43267822265625,150.9058380126953,337.5470275878906,295.0298156738281,22.006074905395508,288.6000061035156,397.49652099609375,53.584659576416016
2021-10-21,145.79847717285156,171.75050354003906,140.548583984375,149.72219848632812,338.6366882324219,298.2449035644531,22.59248924255371,298.0,404.0652770996094,52.61115264892578
2021-10-22,145.02793884277344,166.77749633789062,136.26980590820312,151.73617553710938,321.53045654296875,296.7093811035156,22.626340866088867,303.2266540527344,410.35089111328125,52.97201919555664
2021-10-25,144.97918701171875,166.01849365234375,136.15147399902344,150.9941864013672,325.57177734375,295.72076416015625,23.064411163330078,341.6199951171875,410.6523132324219,54.0042724609375
2021-10-26,145.64244079589844,168.80349731445312,137.995361328125,151.40048217773438,312.8139953613281,297.6210021972656,24.608604431152344,339.4766540527344,415.3573913574219,55.25470733642578
2021-10-27,145.18399047851562,169.62449645996094,144.8392333984375,148.2470703125,309.25799560546875,310.15509033203125,24.34377670288086,345.9533386230469,414.2975769042969,53.81964111328125
2021-10-28,148.81236267089844,172.32850646972656,144.47421264648438,150.48190307617188,313.9134521484375,311.2875671386719,24.831621170043945,359.0133361816406,416.08819580078125,53.970699310302734
2021-10-29,146.110595703125,168.6215057373047,146.65052795410156,150.06671142578125,320.5003662109375,318.2647705078125,25.45488166809082,371.3333435058594,420.6836242675781,54.104976654052734
2021-11-01,145.29132080078125,165.90550231933594,142.1443634033203,149.98719787597656,326.8495178222656,316.10546875,25.7137393951416,402.86334228515625,414.8731384277344,55.0784797668457
2021-11-02,146.3251953125,165.6374969482422,144.0616455078125,150.5790252685547,324.9675598144531,319.7139892578125,26.285219192504883,390.6666564941406,412.9820251464844,54.39870834350586
2021-11-03,147.75897216796875,169.1999969482422,145.21615600585938,150.63201904296875,328.4740295410156,320.5489196777344,26.481365203857422,404.6199951171875,417.8148498535156,53.65179443359375
2021-11-04,147.24205017089844,173.85000610351562,146.8699493408203,148.6533660888672,332.6638488769531,322.8905944824219,29.670312881469727,409.9700012207031,417.294189453125,54.05462646484375
2021-11-05,147.7694854736328,175.94949340820312,147.4489288330078,148.4413604736328,337.89373779296875,322.5259704589844,29.621530532836914,407.36334228515625,416.42626953125,54.56654739379883
2021-11-08,146.94900512695312,174.44900512695312,147.62623596191406,149.33355712890625,335.4075622558594,323.4184875488281,30.668914794921875,387.64666748046875,422.6477966308594,55.15400695800781
2021-11-09,147.3104248046875,178.81149291992188,147.51480102539062,148.20291137695312,332.1883544921875,322.42034912109375,30.52256202697754,341.1666564941406,424.22833251953125,55.69112014770508
2021-11-10,144.48748779296875,174.1024932861328,144.518310546875,148.06155395507812,324.5318298339844,317.47772216796875,29.329814910888672,355.98333740234375,420.162841796875,54.593963623046875
2021-11-11,144.43861389160156,173.625,144.39251708984375,148.05276489257812,324.6307678222656,319.04217529296875,30.256731033325195,354.5033264160156,417.8697814941406,54.69601821899414
2021-11-12,146.50942993164062,176.25750732421875,147.2765655517578,147.39024353027344,337.6560974121094,323.1593322753906,30.256731033325195,344.47332763671875,419.33135986328125,54.27927780151367
2021-11-15,146.51919555664062,177.28399658203125,147.05270385742188,147.125244140625,344.26275634765625,322.53558349609375,29.893329620361328,337.7966613769531,411.84906005859375,54.74706268310547
2021-11-16,147.4960174560547,177.03500366210938,146.4821319580078,146.06529235839844,339.70635986328125,325.8370666503906,30.070552825927734,351.57666015625,410.77099609375,55.29987716674805
2021-11-17,149.92823791503906,177.4499969482422,146.65151977539062,145.27911376953125,337.53717041015625,326.05816650390625,29.132678985595703,363.0033264160156,410.1590576171875,54.69601821899414
2021-11-18,154.20657348632812,184.80299377441406,148.42613220214844,144.02481079101562,335.47686767578125,328.1252746582031,31.536094665527344,365.4599914550781,410.63409423828125,54.10067367553711
2021-11-19,156.8243865966797,183.82850646972656,147.52268981933594,142.1433563232422,342.02423095703125,329.8944396972656,32.840362548828125,379.0199890136719,401.9822998046875,51.60017776489258
2021-11-22,157.28346252441406,178.6284942626953,144.9229736328125,145.1731414794922,337.77490234375,326.7407531738281,31.815868377685547,385.6233215332031,399.7348327636719,52.314613342285156
2021-11-23,157.6644287109375,179.0019989013672,144.40786743164062,148.64454650878906,334.05059814453125,324.673583984375,31.606788635253906,369.6766662597656,408.4962463378906,53.69242858886719
2021-11-24,158.18211364746094,179.02049255371094,144.74266052246094,147.4785919189453,337.82440185546875,324.8947448730469,32.53071212768555,372.0,411.2644348144531,53.99010467529297
2021-11-26,153.17115783691406,175.22799682617188,140.84278869628906,143.0354766845703,329.9597473144531,316.981689453125,31.36484718322754,360.6400146484375,401.90008544921875,52.093482971191406
2021-11-29,156.52162170410156,178.07850646972656,144.1587677001953,142.41720581054688,334.8231201171875,323.6640625,33.22962951660156,378.9966735839844,412.94549560546875,52.38264846801758
2021-11-30,161.46412658691406,175.35350036621094,140.5599822998047,140.2971954345703,321.38189697265625,317.8565979003906,32.5327033996582,381.586669921875,405.8376159667969,50.894264221191406
2021-12-01,160.94642639160156,172.18600463867188,139.72195434570312,139.46690368652344,307.6534118652344,317.3662414550781,31.300981521606445,365.0,405.947265625,50.85173416137695
2021-12-02,159.9598846435547,171.8679962158203,141.618408203125,142.39952087402344,307.4454345703125,316.7991027832031,31.989028930664062,361.5333251953125,407.48211669921875,52.118988037109375
2021-12-03,158.08445739746094,169.489501953125,140.66299438476562,139.82020568847656,303.9290771484375,310.56866455078125,30.5621395111084,338.3233337402344,411.8359069824219,51.78730010986328
2021-12-06,161.48370361328125,171.36849975585938,141.8056182861328,141.47206115722656,314.8544006347656,313.62615966796875,29.90894317626953,336.336669921875,421.7256774902344,52.374149322509766
2021-12-07,167.2077178955078,176.1645050048828,145.88133239746094,143.600830078125,319.74749755859375,322.0199279785156,32.288753509521484,350.5833435058594,425.96026611328125,52.96099090576172
2021-12-08,171.01722717285156,176.1580047607422,146.78968811035156,141.9578399658203,327.42401123046875,322.0680236816406,31.690311431884766,356.32000732421875,429.7457580566406,53.114070892333984
2021-12-09,170.5092315673828,174.17100524902344,146.2468719482422,141.7370147705078,326.6910705566406,320.27008056640625,30.360008239746094,334.6000061035156,433.833740234375,53.25015640258789
2021-12-10,175.2857666015625,172.21200561523438,146.60643005371094,141.17172241210938,326.6217041015625,329.346435546875,30.06925392150879,339.010009765625,438.3340759277344,53.59036636352539
2021-12-13,171.661865234375,169.5675048828125,144.45193481445312,139.4933624267578,331.3167724609375,326.32733154296875,28.040939331054688,322.13665771484375,438.2516784667969,52.41667556762695
2021-12-14,170.28460693359375,169.0915069580078,142.55052185058594,140.56222534179688,330.5738525390625,315.693359375,28.216188430786133,319.5033264160156,439.4614562988281,52.34012985229492
2021-12-15,175.13931274414062,173.31500244140625,145.06065368652344,139.5110626220703,338.4187927246094,321.76031494140625,30.32914161682129,325.3299865722656,453.1367492675781,52.11048889160156
2021-12-16,168.26268005371094,168.87100219726562,143.0834503173828,141.69284057617188,331.7228698730469,312.38592529296875,28.26597785949707,308.97332763671875,451.7435302734375,52.19553756713867
2021-12-17,167.1686248779297,170.0175018310547,140.3891143798828,138.46875,330.6234130859375,311.32818603515625,27.682479858398438,310.8566589355469,446.4823913574219,51.05586624145508
2021-12-20,165.81092834472656,167.07899475097656,140.272216796875,135.97781372070312,322.3625183105469,307.5880432128906,27.600828170776367,299.9800109863281,443.3752746582031,50.315921783447266
2021-12-21,168.9757080078125,170.41700744628906,142.12010192871094,137.87693786621094,331.0295104980469,314.6837158203125,28.95104217529297,312.84332275390625,446.56488037109375,51.45559310913086
2021-12-22,171.56417846679688,171.03700256347656,145.03489685058594,138.4157257080078,327.3150634765625,320.36614990234375,29.274656295776367,336.2900085449219,452.9075927734375,51.87234878540039
2021-12-23,172.18934631347656,171.06849670410156,145.53167724609375,138.910400390625,332.0596008300781,321.7987976074219,29.513628005981445,355.6666564941406,454.0533752441406,51.89786148071289
2021-12-27,176.14535522460938,169.66949462890625,146.51234436035156,139.70538330078125,342.8958435058594,329.25994873046875,30.813068389892578,364.64666748046875,457.82965087890625,52.63779830932617
2021-12-28,175.1295166015625,170.66099548339844,145.30433654785156,140.12939453125,342.93548583984375,328.1060791015625,30.192726135253906,362.8233337402344,460.98272705078125,52.46769714355469
2021-12-29,175.21739196777344,169.2010040283203,145.27264404296875,140.05873107910156,339.68658447265625,328.7791442871094,29.87309455871582,362.0633239746094,463.4024353027344,52.0084228515625
2021-12-30,174.0648193359375,168.64450073242188,144.8224334716797,139.98806762695312,341.0931091308594,326.2504577636719,29.459863662719727,356.7799987792969,462.34832763671875,51.702247619628906
2021-12-31,173.44944763183594,166.7169952392578,143.4866180419922,139.87319946289062,333.1591491699219,323.36602783203125,29.285614013671875,352.260009765625,460.2493896484375,52.042449951171875
2022-01-03,177.786376953125,170.4044952392578,143.62481689453125,142.83233642578125,335.3283386230469,321.8564453125,29.992584228515625,399.9266662597656,460.3777160644531,54.041133880615234
2022-01-04,175.5299835205078,167.52200317382812,143.0384063720703,148.2470703125,333.33740234375,316.3375549316406,29.165122985839844,383.1966552734375,449.9471130371094,56.073848724365234
2022-01-05,170.86093139648438,164.35699462890625,136.47634887695312,145.5368194580078,321.0946044921875,304.194091796875,27.486310958862305,362.7066650390625,448.83807373046875,56.77125549316406
2022-01-06,168.0086669921875,163.25399780273438,136.44908142089844,147.08302307128906,329.3059997558594,301.7903137207031,28.057865142822266,354.8999938964844,430.4698791503906,58.10655212402344
2022-01-07,168.1747283935547,162.5540008544922,135.72547912597656,148.5403594970703,328.642333984375,301.9441833496094,27.13083839416504,342.32000732421875,420.3417053222656,58.582828521728516
2022-01-10,168.1942901611328,161.48599243164062,137.3623809814453,148.68247985839844,324.9576721191406,302.1653137207031,27.283180236816406,352.7066650390625,426.2078552246094,58.234127044677734
2022-01-11,171.01722717285156,165.36199951171875,138.4188232421875,148.83355712890625,331.1978759765625,302.8479919433594,27.69840431213379,354.79998779296875,429.8740539550781,60.68357849121094
2022-01-12,171.45675659179688,165.20700073242188,140.09735107421875,149.67774963378906,330.0984191894531,306.0112609863281,27.8796329498291,368.739990234375,434.2003173828125,60.504974365234375
2022-01-13,168.1942901611328,161.21400451660156,137.2806854248047,149.49110412597656,323.3827819824219,293.06005859375,26.461702346801758,343.85333251953125,428.43505859375,60.07121276855469
2022-01-14,169.05381774902344,162.13800048828125,138.165771484375,140.3029022216797,328.7513122558594,298.2520446777344,26.82713508605957,349.8699951171875,429.5899963378906,61.1258659362793
2022-01-18,165.8596954345703,158.91749572753906,134.71609497070312,134.4202880859375,315.13177490234375,290.9927978515625,25.792566299438477,343.5033264160156,422.5323486328125,62.154945373535156
2022-01-19,162.37255859375,156.2989959716797,133.84288024902344,132.34088134765625,316.5580749511719,291.64666748046875,24.960124969482422,331.8833312988281,423.93463134765625,62.18048095703125
2022-01-20,160.69248962402344,151.66749572753906,132.05091857910156,131.21237182617188,313.5568542480469,289.9833679199219,24.047040939331055,332.0899963378906,424.3746337890625,62.316558837890625
2022-01-21,158.64125061035156,142.64300537109375,129.12281799316406,128.9197540283203,300.2939147949219,284.6278381347656,23.27434730529785,314.6333312988281,422.6972961425781,61.38100051879883
2022-01-24,157.8695526123047,144.54400634765625,129.571044921875,128.80429077148438,305.78131103515625,284.9547119140625,23.272357940673828,310.0,423.70550537109375,61.90830993652344
2022-01-25,156.07225036621094,139.98599243164062,125.7385025024414,130.20826721191406,297.3025207519531,277.3782958984375,22.228824615478516,306.1333312988281,418.728515625,63.7283935546875
2022-01-26,155.98434448242188,138.87249755859375,128.01486206054688,131.4434356689453,291.8349304199219,285.2816467285156,22.674911499023438,312.4700012207031,420.18585205078125,63.0820198059082
2022-01-27,155.52525329589844,139.6374969482422,127.78900146484375,129.1241455078125,291.8448486328125,288.2911071777344,21.850444793701172,276.3666687011719,423.0914611816406,63.8900032043457
2022-01-28,166.37742614746094,143.97799682617188,132.09402465820312,130.2793426513672,298.84771728515625,296.38677978515625,22.74262237548828,282.1166687011719,427.1793212890625,64.02606201171875
2022-01-31,170.72415161132812,149.57350158691406,134.0281219482422,132.0476837158203,310.2881774902344,299.00201416015625,24.381607055664062,312.239990234375,433.1462707519531,64.60440826416016
2022-02-01,170.55810546875,151.19349670410156,136.3465576171875,134.31365966796875,315.97369384765625,296.8675231933594,24.532960891723633,310.4166564941406,429.333251953125,68.74639892578125
2022-02-02,171.7595977783203,150.6125030517578,146.60494995117188,133.2384033203125,319.935791015625,301.3865966796875,25.134382247924805,301.88665771484375,439.75469970703125,68.56776428222656
2022-02-03,168.8877716064453,138.8455047607422,141.74124145507812,132.13656616210938,235.50439453125,289.6468505859375,23.845901489257812,297.0466613769531,447.9947814941406,67.76829528808594
2022-02-04,168.6042022705078,157.63949584960938,141.94235229492188,135.56655883789062,234.84075927734375,294.1561584472656,24.21531867980957,307.7733459472656,442.8619384765625,69.23966979980469
2022-02-07,167.8902130126953,157.9355010986328,137.88890075683594,136.01974487304688,222.77633666992188,289.3583984375,24.62257957458496,302.4466552734375,443.3477478027344,70.07317352294922
2022-02-08,170.99057006835938,161.4134979248047,138.0850372314453,138.57896423339844,218.0911865234375,292.82928466796875,25.00095558166504,307.3333435058594,452.2476501464844,68.2615966796875
2022-02-09,172.40875244140625,161.1894989013672,140.25733947753906,139.15660095214844,229.79904174804688,299.22320556640625,26.59114646911621,310.6666564941406,456.5464172363281,67.934814453125
2022-02-10,168.34007263183594,159.0034942626953,137.31336975097656,138.57896423339844,225.90634155273438,290.73321533203125,25.71390151977539,301.51666259765625,446.1158447265625,67.28126525878906
2022-02-11,164.93650817871094,153.2935028076172,133.0167694091797,136.7750701904297,217.4671630859375,283.676025390625,23.846895217895508,286.6666564941406,438.2424621582031,68.97533416748047
2022-02-14,165.1712646484375,155.16700744628906,134.24851989746094,135.50436401367188,215.63473510742188,283.6374816894531,24.163541793823242,291.9200134277344,434.8235778808594,67.91761779785156
2022-02-15,168.99539184570312,156.510498046875,135.3208465576172,137.48597717285156,218.90341186523438,288.89691162109375,26.38204574584961,307.4766540527344,438.3340759277344,67.06627655029297
2022-02-16,168.76065063476562,158.10049438476562,136.43968200683594,137.73480224609375,214.48573303222656,288.5596618652344,26.39797592163086,307.7966613769531,440.0022888183594,67.37584686279297
2022-02-17,165.1712646484375,154.65249633789062,131.2897186279297,134.56243896484375,205.739501953125,280.1099853515625,24.40251922607422,292.1166687011719,431.1023254394531,67.27267456054688
2022-02-18,163.6259307861328,152.60150146484375,129.17379760742188,135.19338989257812,204.20420837402344,277.4122619628906,23.541202545166016,285.6600036621094,428.78338623046875,66.52452850341797
2022-02-22,160.71136474609375,150.19749450683594,128.58987426757812,134.9534454345703,200.1629180908203,277.2099304199219,23.2902774810791,273.84332275390625,423.9255065917969,65.75059509277344
2022-02-23,156.55474853515625,144.82699584960938,126.3853530883789,132.12767028808594,196.56735229492188,270.0320129394531,22.291555404663086,254.67999267578125,421.2765808105469,66.01715850830078
2022-02-24,159.16610717773438,151.35800170898438,131.44024658203125,128.44883728027344,205.6305389404297,283.8290100097656,23.646753311157227,266.92333984375,417.8577575683594,65.18304443359375
2022-02-25,161.22975158691406,153.7884979248047,133.19207763671875,131.48785400390625,208.4832000732422,286.44964599609375,24.054012298583984,269.9566650390625,436.0610046386719,66.93728637695312
2022-02-28,161.4938201904297,153.56300354003906,133.78396606445312,126.00513458251953,209.02798461914062,287.87554931640625,24.281038284301758,290.1433410644531,436.17095947265625,67.43605041503906
2022-03-01,159.61599731445312,151.14199829101562,132.7978515625,121.25102233886719,201.5595245361328,284.1759033203125,23.37690544128418,288.1233215332031,436.51922607421875,68.08100128173828
2022-03-02,162.9021759033203,152.05250549316406,133.30303955078125,123.76586151123047,206.13568115234375,289.22442626953125,24.120845794677734,293.2966613769531,444.8876037597656,69.25051879882812
2022-03-03,162.5794219970703,147.89849853515625,132.6373748779297,122.88610076904297,201.04443359375,285.11041259765625,23.61692237854004,279.7633361816406,445.99664306640625,69.68909454345703
2022-03-04,159.58665466308594,145.64100646972656,130.66311645507812,119.42940521240234,198.1620635986328,279.271728515625,22.842103958129883,279.42999267578125,457.0505676269531,72.31188201904297
2022-03-07,155.8016357421875,137.4530029296875,125.18726348876953,114.81751251220703,185.6915283203125,268.7217102050781,21.264585494995117,268.1933288574219,446.2532653808594,74.91748046875
2022-03-08,153.9824981689453,136.01449584960938,125.90642547607422,114.00887298583984,188.48475646972656,265.7735290527344,21.425928115844727,274.79998779296875,433.9620056152344,75.48504638671875
2022-03-09,159.37147521972656,139.2790069580078,132.16238403320312,118.5763168334961,196.6168670654297,277.9614562988281,22.919782638549805,286.3233337402344,445.061767578125,71.19396209716797
2022-03-10,155.0387725830078,146.8175048828125,131.1812286376953,117.17232513427734,193.3581085205078,275.15771484375,22.56524085998535,279.4333190917969,450.4420166015625,73.40399169921875
2022-03-11,151.3319854736328,145.52450561523438,128.64634704589844,114.53314971923828,185.8301544189453,269.8393859863281,22.009525299072266,265.1166687011719,443.89666748046875,73.02562713623047
2022-03-14,147.312255859375,141.85299682617188,124.76377868652344,115.67056274414062,184.8594512939453,266.34197998046875,21.242677688598633,255.4566650390625,448.53912353515625,70.41142272949219
2022-03-15,151.68411254882812,147.3665008544922,127.98018646240234,117.7232666015625,190.20826721191406,276.66082763671875,22.878952026367188,267.2966613769531,457.7228698730469,66.40413665771484
2022-03-16,156.08526611328125,153.10400390625,132.02420043945312,122.98382568359375,201.69821166992188,283.63623046875,24.395719528198242,280.07666015625,458.0445251464844,66.1547622680664
2022-03-17,157.09263610839844,157.23899841308594,132.5774383544922,124.5389175415039,205.86822509765625,284.4358825683594,24.66461944580078,290.5333251953125,466.0975036621094,67.91761779785156
2022-03-18,160.3788299560547,161.25050354003906,134.84239196777344,124.4945068359375,214.4362030029297,289.4555969238281,26.344707489013672,301.7966613769531,465.2701416015625,67.65103149414062
2022-03-21,161.74813842773438,161.4915008544922,134.818603515625,124.0946273803711,209.483642578125,288.2320251464844,26.62455940246582,307.0533447265625,466.68585205078125,70.68660736083984
2022-03-22,165.11260986328125,164.88900756835938,138.54959106445312,126.73377990722656,214.59469604492188,292.9530944824219,26.41541290283203,331.32666015625,464.53472900390625,70.37702941894531
2022-03-23,166.4720916748047,163.4080047607422,136.9721221923828,124.21011352539062,211.43496704101562,288.5499267578125,25.529062271118164,333.03668212890625,462.6134948730469,71.48634338378906
2022-03-24,170.2472381591797,163.64950561523438,140.23756408691406,125.01879119873047,217.48696899414062,292.9916076660156,28.034759521484375,337.97332763671875,472.01776123046875,71.70133209228516
2022-03-25,170.88302612304688,164.77349853515625,140.33758544921875,126.11176300048828,219.71563720703125,292.5868835449219,27.57863998413086,336.8800048828125,471.6224670410156,73.26638793945312
2022-03-28,171.74366760253906,168.99049377441406,140.12216186523438,125.1787109375,221.4688262939453,299.35052490234375,28.10348129272461,363.9466552734375,471.7786865234375,71.2111587524414
2022-03-29,175.0299072265625,169.31500244140625,141.16224670410156,125.45416259765625,227.6793670654297,303.8884582519531,28.5386905670166,366.5233459472656,469.50811767578125,70.83280944824219
2022-03-30,173.8660125732422,166.30099487304688,140.60060119628906,124.88548278808594,225.6884307861328,302.3951110839844,27.576648712158203,364.663330078125,478.78369140625,72.04528045654297
2022-03-31,170.77540588378906,162.99749755859375,137.7566375732422,121.1355209350586,220.25054931640625,297.0477600097656,27.174297332763672,359.20001220703125,468.8093566894531,71.02198791503906
2022-04-01,170.4820098876953,163.55999755859375,138.82945251464844,120.238037109375,222.71688842773438,298.1172790527344,26.602649688720703,361.5299987792969,471.2179870605469,71.4777603149414
2022-04-04,174.52133178710938,168.34649658203125,141.6238555908203,120.77120971679688,231.67115783691406,303.4645080566406,27.247997283935547,381.8166809082031,468.85540771484375,71.51213836669922
2022-04-05,171.2155303955078,164.05499267578125,139.2657928466797,119.36572265625,229.64059448242188,299.52386474609375,25.824844360351562,363.7533264160156,475.97064208984375,71.14237976074219
2022-04-06,168.0564727783203,158.75599670410156,135.26089477539062,117.70962524414062,221.18161010742188,288.5596618652344,24.307083129882812,348.586669921875,488.83148193359375,71.93350982666016
2022-04-07,168.35968017578125,157.7845001220703,134.6076202392578,117.35154724121094,220.83489990234375,290.361328125,24.108898162841797,352.4200134277344,493.6117858886719,73.13742065429688
2022-04-08,166.3546600341797,154.4604949951172,132.03114318847656,119.50003051757812,220.2207794189453,286.12200927734375,23.02435302734375,341.8299865722656,501.8946838378906,74.67671203613281
2022-04-11,162.10995483398438,151.1219940185547,127.60923767089844,119.06138610839844,214.406494140625,274.83978271484375,21.82727813720703,325.30999755859375,494.06231689453125,72.10550689697266
2022-04-12,163.97805786132812,150.78750610351562,126.51067352294922,117.7543716430664,212.1084747314453,271.7566833496094,21.415969848632812,328.98333740234375,490.6332702636719,73.61038970947266
2022-04-13,166.6578369140625,155.54100036621094,128.66961669921875,113.95873260498047,212.950439453125,277.113525390625,22.112110137939453,340.7900085449219,493.6577453613281,74.65090942382812
2022-04-14,161.6600799560547,151.7064971923828,125.53545379638672,112.90242767333984,208.18605041503906,269.6081237792969,21.170974731445312,328.3333435058594,491.65380859375,75.52803039550781
2022-04-18,161.44491577148438,152.78500366210938,126.4730224609375,114.99717712402344,208.7704620361328,270.2729187011719,21.693828582763672,334.7633361816406,490.9733581542969,76.14720153808594
2022-04-19,163.72372436523438,158.11549377441406,128.7835235595703,117.37841033935547,215.24842834472656,274.87835693359375,22.10713005065918,342.7166748046875,494.3011779785156,75.46785736083984
2022-04-20,163.55751037597656,153.9980010986328,126.83309173583984,117.79020690917969,198.51864624023438,275.89959716796875,21.394062042236328,325.73333740234375,501.9405517578125,75.63982391357422
2022-04-21,162.76528930664062,148.29600524902344,123.63800811767578,116.87708282470703,186.28585815429688,270.5523681640625,20.100378036499023,336.260009765625,494.06231689453125,74.84009552001953
2022-04-22,158.23695373535156,144.35000610351562,118.50782012939453,113.52008819580078,182.36338806152344,264.0200500488281,19.43511199951172,335.01666259765625,478.89404296875,73.20622253417969
2022-04-25,159.30300903320312,146.07400512695312,121.91390228271484,113.48428344726562,185.21604919433594,270.46563720703125,19.820528030395508,332.67333984375,481.9552917480469,70.73820495605469
2022-04-26,153.35653686523438,139.39100646972656,117.53160858154297,110.1272964477539,179.23336791992188,260.34918212890625,18.711088180541992,292.1400146484375,472.31195068359375,70.76399993896484
2022-04-27,153.13160705566406,138.16700744628906,113.21714782714844,108.69497680664062,173.290283203125,272.874267578125,18.339618682861328,293.836669921875,472.3394470214844,72.78484344482422
2022-04-28,160.04632568359375,144.59649658203125,117.4052963256836,110.41374206542969,203.77825927734375,279.0501708984375,19.701019287109375,292.5033264160156,482.0931396484375,74.98627471923828
2022-04-29,154.1878662109375,124.28150177001953,113.03389739990234,106.85086822509766,198.5681610107422,267.3825988769531,18.4710750579834,290.2533264160156,467.5040588378906,73.30941009521484
2022-05-02,154.49107360839844,124.5,115.48407745361328,107.8266372680664,209.12704467773438,274.07861328125,19.45303726196289,300.9800109863281,460.7012634277344,74.30694580078125
2022-05-03,155.97769165039062,124.25350189208984,116.22801208496094,110.1362533569336,210.01849365234375,271.4869384765625,19.52175521850586,303.0833435058594,459.2948303222656,75.83763122558594
2022-05-04,162.37405395507812,125.92849731445312,121.10856628417969,113.77971649169922,221.29055786132812,279.3874206542969,20.250757217407227,317.5400085449219,466.6491394042969,78.85599517822266
2022-05-05,153.3272247314453,116.40699768066406,115.4073257446289,110.93299102783203,206.3040771484375,267.2187805175781,18.76685333251953,291.09332275390625,454.79022216796875,77.66068267822266
2022-05-06,154.05197143554688,114.77249908447266,114.65546417236328,110.75395202636719,201.83685302734375,264.69439697265625,18.59854507446289,288.54998779296875,459.2948303222656,78.8473892211914
2022-05-09,148.9391632080078,108.78900146484375,111.45046997070312,109.08887481689453,194.3485870361328,254.91522216796875,16.880611419677734,262.3699951171875,447.1601867675781,72.63006591796875
2022-05-10,151.3388214111328,108.85900115966797,113.31671142578125,106.43013000488281,195.77491760253906,259.65545654296875,17.522966384887695,266.67999267578125,448.621826171875,73.11162567138672
2022-05-11,143.49325561523438,105.37200164794922,112.53167724609375,105.75873565673828,186.949462890625,251.03240966796875,16.561922073364258,244.6666717529297,446.9119873046875,74.63369750976562
2022-05-12,139.63412475585938,106.93049621582031,111.78032684326172,105.6692123413086,189.4257354736328,246.0223388671875,16.108779907226562,242.6666717529297,440.1551818847656,74.97252655029297
2022-05-13,144.09072875976562,113.05500030517578,114.95661163330078,106.60916137695312,196.7357177734375,251.58163452148438,17.63351058959961,256.5299987792969,446.22247314453125,77.1965103149414
2022-05-16,142.55299377441406,110.81050109863281,113.36624908447266,105.86612701416016,198.14222717285156,251.94773864746094,17.193321228027344,241.4566650390625,449.7341613769531,79.01215362548828
2022-05-17,146.17703247070312,115.36849975585938,115.37513732910156,109.37532043457031,200.6977996826172,257.07342529296875,18.10258674621582,253.8699951171875,452.7770080566406,80.01990509033203
2022-05-18,137.9298553466797,107.11250305175781,110.8447265625,107.50436401367188,190.41622924804688,245.36891174316406,16.868661880493164,236.60333251953125,433.3340759277344,78.75157165527344
2022-05-19,134.5310516357422,107.31900024414062,109.34352111816406,105.9109115600586,189.47525024414062,244.46115112304688,17.053895950317383,236.47332763671875,439.9253845214844,79.17723083496094
2022-05-20,134.76611328125,107.59100341796875,107.88143157958984,105.04256439208984,191.7039031982422,243.90101623535156,16.62566375732422,221.3000030517578,446.52587890625,79.80272674560547
2022-05-23,140.17282104492188,107.55699920654297,110.4371109008789,111.54170989990234,194.36839294433594,251.71372985839844,16.828826904296875,224.96665954589844,452.3634033203125,81.56626892089844
2022-05-24,137.479248046875,104.0999984741211,104.97111511230469,113.11725616455078,179.56021118164062,250.71897888183594,16.087873458862305,209.3866729736328,457.4010314941406,82.00933837890625
2022-05-25,137.63600158691406,106.7750015258789,104.80767822265625,113.90503692626953,182.08604431152344,253.51956176757812,16.9055118560791,219.60000610351562,457.88824462890625,83.65994262695312
2022-05-26,140.82908630371094,111.07749938964844,106.77645874023438,115.87446594238281,189.81204223632812,256.78363037109375,17.777921676635742,235.91000366210938,461.6941223144531,83.955322265625
2022-05-27,146.56881713867188,115.14649963378906,111.25780487060547,117.51268768310547,193.27883911132812,263.87200927734375,18.733991622924805,253.2100067138672,466.1802062988281,84.78060913085938
2022-05-31,145.78524780273438,120.20950317382812,112.68968200683594,118.37205505371094,191.802978515625,262.5489807128906,18.595561981201172,252.75332641601562,456.6839599609375,83.3993148803711
2022-06-01,145.65789794921875,121.68399810791016,112.8184585571289,116.29521179199219,186.8504180908203,263.0801696777344,18.245004653930664,246.7899932861328,452.79541015625,84.99781036376953
2022-06-02,148.10658264160156,125.51100158691406,116.51378631591797,118.16619873046875,196.9734344482422,265.1660461425781,19.51179313659668,258.3333435058594,452.5289001464844,84.85013580322266
2022-06-03,142.39627075195312,122.3499984741211,113.46133422851562,116.51901245117188,188.9701385498047,260.7622985839844,18.643360137939453,234.51666259765625,446.4154968261719,86.08372497558594
2022-06-06,143.14065551757812,124.79000091552734,115.7193603515625,116.13407135009766,192.4071807861328,259.5359802246094,18.70909309387207,238.27999877929688,450.61669921875,85.86656188964844
2022-06-07,145.65789794921875,123.0,116.04524993896484,116.4384536743164,193.79391479492188,263.1574401855469,18.848526000976562,238.8866729736328,456.97821044921875,89.80197143554688
2022-06-08,144.92327880859375,121.18000030517578,116.0893325805664,114.58537292480469,194.77452087402344,261.13909912109375,18.57558822631836,241.86666870117188,453.6962585449219,90.8618392944336
2022-06-09,139.71246337890625,116.1500015258789,113.7530517578125,112.17729949951172,182.2544403076172,255.71168518066406,17.977920532226562,239.7066650390625,449.92724609375,88.89844512939453
2022-06-10,134.31552124023438,109.6500015258789,110.11369323730469,107.0209732055664,173.90443420410156,244.3162841796875,16.90808868408203,232.22999572753906,445.5146484375,87.27391815185547
2022-06-13,129.17332458496094,103.66999816894531,105.38965606689453,103.83404541015625,162.70169067382812,233.95416259765625,15.5862398147583,215.73666381835938,431.7897033691406,83.26902770996094
2022-06-14,130.0352325439453,102.30999755859375,105.70960998535156,102.10631561279297,162.1767120361328,236.10772705078125,15.774505615234375,220.88999938964844,424.4813232421875,83.48619842529297
2022-06-15,132.65045166015625,107.66999816894531,108.7298583984375,103.3148422241211,167.74342346191406,243.1284637451172,16.462820053100586,233.0,426.8531188964844,82.43501281738281
2022-06-16,127.39064025878906,103.66000366210938,105.03404235839844,101.54234313964844,159.34385681152344,236.5712127685547,15.540419578552246,213.10000610351562,420.7734069824219,79.39441680908203
2022-06-17,128.85987854003906,106.22000122070312,106.13357543945312,101.18424987792969,162.18663024902344,239.1593780517578,15.81833553314209,216.75999450683594,417.05548095703125,74.8161392211914
2022-06-21,133.08140563964844,108.68000030517578,110.49259185791016,103.69083404541016,155.56008911132812,245.0405731201172,16.501670837402344,237.0366668701172,443.1271667480469,79.47261047363281
2022-06-22,132.57211303710938,108.94999694824219,110.4366226196289,103.10894012451172,154.37149047851562,244.4514923095703,16.296472549438477,236.086669921875,451.76239013671875,76.32775115966797
2022-06-23,135.4321746826172,112.44000244140625,111.18399810791016,101.98098754882812,157.2439727783203,249.9850311279297,16.16199493408203,235.07000732421875,461.1080017089844,74.02558898925781
2022-06-24,138.7526092529297,116.45999908447266,116.86296081542969,105.02467346191406,168.54571533203125,258.52197265625,17.059494018554688,245.7066650390625,457.26092529296875,75.49375915527344
2022-06-27,138.7526092529297,113.22000122070312,114.74164581298828,104.18317413330078,167.88211059570312,255.8083038330078,16.803491592407227,244.9199981689453,466.5050048828125,77.34417724609375
2022-06-28,134.6192169189453,107.4000015258789,110.95172119140625,103.6818618774414,159.1556396484375,247.68663024902344,15.919939994812012,232.663330078125,469.0696716308594,79.48998260498047
2022-06-29,136.37246704101562,108.91999816894531,110.64860534667969,103.21636199951172,162.38473510742188,251.3370361328125,15.481647491455078,228.49000549316406,475.7768249511719,76.55362701416016
2022-06-30,133.91400146484375,106.20999908447266,107.9359130859375,100.80828857421875,159.7202606201172,248.024658203125,15.10013484954834,224.47332763671875,473.85784912109375,74.39915466308594
2022-07-01,136.07859802246094,109.55999755859375,107.71253967285156,102.09737396240234,158.51181030273438,250.68032836914062,14.46660327911377,227.26333618164062,477.33599853515625,76.05845642089844
2022-07-05,138.65464782714844,113.5,112.19538116455078,101.70903778076172,166.5944061279297,253.8382110595703,14.905892372131348,233.06666564941406,466.1175231933594,73.67808532714844
2022-07-06,139.9867706298828,114.33000183105469,113.4920425415039,101.04973602294922,168.15940856933594,257.08306884765625,15.071247100830078,231.73333740234375,475.3892822265625,72.34891510009766
2022-07-07,143.34632873535156,116.33000183105469,117.66334533691406,103.60557556152344,170.5564727783203,259.1980285644531,15.796419143676758,244.5433349609375,474.5498046875,74.65978240966797
2022-07-08,144.0221405029297,115.54000091552734,118.22847747802734,103.28045654296875,169.2589111328125,258.4832763671875,15.776497840881348,250.76333618164062,478.470703125,74.78140258789062
2022-07-11,141.89671325683594,111.75,114.58613586425781,101.92578125,161.3347930908203,255.44129943847656,15.093161582946777,234.3433380126953,476.9207763671875,74.39915466308594
2022-07-12,142.86636352539062,109.22000122070312,112.94575500488281,102.02510070800781,161.72108459472656,244.9729766845703,15.02343463897705,233.07000732421875,474.5866394042969,73.40876770019531
2022-07-13,142.5039825439453,110.4000015258789,110.30388641357422,101.06781768798828,161.9390106201172,244.05551147460938,15.105114936828613,237.0399932861328,462.4272766113281,73.70414733886719
2022-07-14,145.42283630371094,110.62999725341797,109.32716369628906,97.53662872314453,156.5506134033203,245.36891174316406,15.312308311462402,238.31333923339844,463.5251159667969,72.227294921875
2022-07-15,147.0879364013672,113.55000305175781,110.7238998413086,102.0070571899414,163.1375274658203,247.9184112548828,15.70079231262207,240.06666564941406,488.7296447753906,73.44352722167969
2022-07-18,144.05154418945312,113.76000213623047,108.0022964477539,100.95945739746094,165.64352416992188,245.5330810546875,16.03847312927246,240.54666137695312,479.1533508300781,74.79875946044922
2022-07-19,147.90090942382812,118.20999908447266,112.73722076416016,103.46106719970703,174.11241149902344,250.63206481933594,16.926015853881836,245.52999877929688,492.14306640625,76.6839370727539
2022-07-20,149.8990478515625,122.7699966430664,112.82638549804688,103.44300842285156,181.35305786132812,253.27813720703125,17.73785400390625,247.5,479.2456359863281,77.52661895751953
2022-07-21,152.16159057617188,124.62999725341797,113.26224517822266,104.14743041992188,181.4322967529297,255.75997924804688,17.979904174804688,271.7066650390625,482.00421142578125,76.2322006225586
2022-07-22,150.92747497558594,122.41999816894531,106.8829345703125,103.64171600341797,167.66416931152344,251.43359375,17.25174903869629,272.24334716796875,481.035400390625,75.65013885498047
2022-07-25,149.81085205078125,121.13999938964844,106.49661254882812,104.05713653564453,165.06900024414062,249.95606994628906,16.957895278930664,268.4333190917969,488.4712829589844,78.16950225830078
2022-07-26,148.4886016845703,114.80999755859375,104.03007507324219,102.43151092529297,157.64013671875,243.263671875,16.46880340576172,258.8599853515625,490.4271240234375,77.86541748046875
2022-07-27,153.57203674316406,120.97000122070312,111.99430084228516,104.07521057128906,167.97122192382812,259.52630615234375,17.720918655395508,274.82000732421875,493.2132873535156,79.55078125
2022-07-28,154.12059020996094,122.27999877929688,113.14336395263672,103.68684387207031,159.19528198242188,266.933349609375,17.91416358947754,280.8999938964844,499.5606384277344,80.4803466796875
2022-07-29,159.1746368408203,134.9499969482422,115.22356414794922,104.1835708618164,157.59063720703125,271.11492919921875,18.092472076416016,297.1499938964844,500.3448181152344,84.20726013183594
2022-08-01,158.1951904296875,135.38999938964844,113.77732849121094,103.14498901367188,158.41275024414062,268.478515625,18.36939239501953,297.27667236328125,493.9236755371094,82.07884216308594
2022-08-02,156.7259521484375,134.16000366210938,114.04478454589844,101.53742980957031,158.6702880859375,265.3978576660156,18.454063415527344,300.586669921875,493.99755859375,81.72264862060547
2022-08-03,162.72039794921875,139.52000427246094,116.96697998046875,102.60311126708984,167.1986083984375,272.78558349609375,18.81963348388672,307.39666748046875,498.7856140136719,79.07299041748047
2022-08-04,162.40692138671875,142.57000732421875,117.07593536376953,101.47422790527344,168.9518280029297,273.9251403808594,19.140380859375,308.6333312988281,492.41986083984375,75.74568939208984
2022-08-05,162.18133544921875,140.8000030517578,116.36272430419922,104.5448226928711,165.52464294433594,273.21044921875,18.915264129638672,288.1700134277344,493.6285095214844,76.8403091430664
2022-08-08,161.7105712890625,139.41000366210938,116.19432830810547,103.27140045166016,168.63487243652344,270.70928955078125,17.72390365600586,290.42333984375,495.0493469238281,77.27468872070312
2022-08-09,161.7595977783203,137.8300018310547,115.5306396484375,104.20161437988281,166.93116760253906,272.6213684082031,17.019649505615234,283.3333435058594,495.6581115722656,78.69942474365234
2022-08-10,165.996826171875,142.69000244140625,118.57170104980469,106.91999816894531,176.6481170654297,279.2461853027344,18.02672576904297,294.3566589355469,496.08251953125,79.4465560913086
2022-08-11,165.26116943359375,140.63999938964844,117.71981048583984,108.50045013427734,175.80616760253906,277.1795959472656,17.87232780456543,286.6300048828125,491.5987854003906,81.7447738647461
2022-08-12,168.80203247070312,143.5500030517578,120.5330581665039,110.29766845703125,178.78762817382812,281.9019775390625,18.6363468170166,300.0299987792969,501.59942626953125,82.45528411865234
2022-08-15,169.87110900878906,143.17999267578125,120.92927551269531,110.59569549560547,179.17391967773438,283.40850830078125,18.958091735839844,309.32000732421875,502.46661376953125,80.98161315917969
2022-08-16,169.7141571044922,144.77999877929688,120.55284881591797,111.65234375,177.76742553710938,282.6744384765625,18.805692672729492,306.5633239746094,503.83221435546875,80.22721862792969
2022-08-17,171.2050323486328,142.10000610351562,118.42313385009766,110.71309661865234,173.1912384033203,281.9293212890625,18.2637996673584,303.9966735839844,502.79888916015625,80.87635803222656
2022-08-18,170.8126983642578,142.3000030517578,119.03729248046875,109.85513305664062,173.00302124023438,280.81634521484375,18.700103759765625,302.8699951171875,503.0017395019531,82.78860473632812
2022-08-19,168.2331085205078,138.22999572753906,116.10517120361328,107.13675689697266,166.36660766601562,276.926025390625,17.779691696166992,296.6666564941406,505.8616943359375,82.52548217773438
2022-08-22,164.35882568359375,133.22000122070312,113.16317749023438,105.36664581298828,161.503173828125,268.79669189453125,16.967853546142578,289.913330078125,502.4020690917969,82.46404266357422
2022-08-23,164.02532958984375,133.6199951171875,112.78675079345703,104.32807159423828,159.58157348632812,267.52899169921875,17.114282608032227,296.4533386230469,494.3111877441406,85.96401977539062
2022-08-24,164.319580078125,133.8000030517578,112.61837005615234,104.58094787597656,161.71115112304688,266.89990234375,17.15512466430664,297.0966796875,494.91998291015625,86.47279357910156
2022-08-25,166.77163696289062,137.27999877929688,115.55045318603516,107.06451416015625,167.17880249023438,269.8612976074219,17.84343910217285,296.07000732421875,499.6343688964844,86.92013549804688
2022-08-26,160.48446655273438,130.75,109.29994201660156,103.56040954589844,160.2451934814453,259.4481506347656,16.196863174438477,288.0899963378906,488.268310546875,85.84999084472656
2022-08-29,158.28744506835938,129.7899932861328,108.38860321044922,103.30754089355469,157.6599578857422,256.68035888671875,15.739642143249512,284.82000732421875,488.74810791015625,87.82365417480469
2022-08-30,155.86476135253906,128.72999572753906,107.91313934326172,103.32559967041016,155.66905212402344,254.4932403564453,15.40793514251709,277.70001220703125,482.3547058105469,84.4815673828125
2022-08-31,154.20713806152344,126.7699966430664,107.19991302490234,102.71147918701172,161.38430786132812,253.04156494140625,15.035387992858887,275.6099853515625,479.11651611328125,83.8499984741211
2022-09-01,154.9329833984375,127.81999969482422,108.70558166503906,103.4159164428711,163.791259765625,252.00601196289062,13.882877349853516,277.1600036621094,483.42486572265625,82.34125518798828
2022-09-02,152.82415771484375,127.51000213623047,106.83341979980469,102.69342803955078,158.79910278320312,247.80592346191406,13.594009399414062,270.2099914550781,476.3672180175781,83.8499984741211
2022-09-06,151.56866455078125,126.11000061035156,105.8031997680664,102.72052001953125,157.0359344482422,245.08651733398438,13.412711143493652,274.4200134277344,477.5942687988281,83.28861236572266
2022-09-07,152.9712677001953,129.47999572753906,108.41832733154297,104.67125701904297,158.86839294433594,249.7704620361328,13.66480541229248,283.70001220703125,481.2845764160156,82.57807159423828
2022-09-08,151.50003051757812,129.82000732421875,107.35840606689453,107.10966491699219,160.52256774902344,250.18658447265625,13.939813613891602,289.260009765625,486.6630554199219,83.25352478027344
2022-09-09,154.3542938232422,133.27000427246094,109.60700988769531,107.62444305419922,167.5452880859375,255.9351043701172,14.335390090942383,299.67999267578125,485.25634765625,84.64824676513672
2022-09-12,160.29812622070312,136.4499969482422,109.81503295898438,108.8978271484375,167.3571319580078,258.0545654296875,14.452970504760742,304.4200134277344,491.6513977050781,85.62191772460938
2022-09-13,150.8919219970703,126.81999969482422,103.33667755126953,105.11377716064453,151.6772918701172,243.8671417236328,13.08389663696289,292.1300048828125,475.6500549316406,83.62194061279297
2022-09-14,152.333740234375,128.5500030517578,104.01026916503906,104.86994171142578,150.03305053710938,244.08969116210938,13.08090591430664,302.6099853515625,471.7724609375,85.674560546875
2022-09-15,149.45005798339844,126.27999877929688,101.93997955322266,106.45038604736328,148.13125610351562,237.47015380859375,12.882621765136719,303.75,483.9330139160156,83.183349609375
2022-09-16,147.81207275390625,123.52999877929688,101.83100891113281,105.73693084716797,144.9021759033203,236.85079956054688,13.150653839111328,303.3500061035156,482.1839599609375,81.7623062133789
2022-09-19,151.51962280273438,124.66000366210938,102.09847259521484,106.71231079101562,146.6157684326172,236.63790893554688,13.33399486541748,309.07000732421875,484.5252685546875,81.75353240966797
2022-09-20,153.8932342529297,122.19000244140625,100.18665313720703,104.6080322265625,144.70407104492188,234.63462829589844,13.128734588623047,308.7300109863281,483.83111572265625,81.08686828613281
2022-09-21,150.7742156982422,118.54000091552734,98.34417724609375,101.59162139892578,140.77171325683594,231.24745178222656,13.213431358337402,300.79998779296875,473.9102478027344,79.77985382080078
2022-09-22,149.81298828125,117.30999755859375,99.19607543945312,100.43563842773438,141.46511840820312,233.21200561523438,12.515939712524414,288.5899963378906,478.8892517089844,79.44654083251953
2022-09-23,147.54725646972656,113.77999877929688,97.80928039550781,98.5661849975586,139.0779571533203,230.25067138671875,12.471102714538574,275.3299865722656,475.3261413574219,75.218505859375
2022-09-26,147.88075256347656,115.1500015258789,97.24463653564453,96.44384765625,135.0762939453125,229.79580688476562,12.184136390686035,276.010009765625,470.4674987792969,73.66590118408203
2022-09-27,148.8517608642578,114.41000366210938,96.58096313476562,95.59493255615234,133.1249542236328,228.789306640625,12.368474960327148,282.94000244140625,470.4767761230469,75.2097396850586
2022-09-28,146.96856689453125,118.01000213623047,99.10693359375,97.52758026123047,140.26658630371094,233.29913330078125,12.690314292907715,287.80999755859375,475.631591796875,77.94657135009766
2022-09-29,139.7495880126953,114.80000305175781,96.50171661376953,95.8749008178711,135.11590576171875,229.84417724609375,12.176164627075195,268.2099914550781,470.9024658203125,77.7886734008789
2022-09-30,135.5516357421875,113.0,94.74839782714844,94.37569427490234,134.392822265625,225.3924560546875,12.095453262329102,265.25,467.39501953125,76.58692932128906
2022-10-03,139.72018432617188,115.87999725341797,97.71022033691406,97.29278564453125,137.29502868652344,232.97975158691406,12.467117309570312,242.39999389648438,477.08453369140625,80.63074493408203
2022-10-04,143.3002166748047,121.08999633789062,100.68194580078125,101.84449768066406,138.94915771484375,240.8573760986328,13.119767189025879,249.44000244140625,484.1736755371094,83.56930541992188
2022-10-05,143.59446716308594,120.94999694824219,100.47393035888672,100.58705139160156,137.66152954101562,241.16705322265625,13.161616325378418,240.80999755859375,487.78289794921875,86.94646453857422
2022-10-06,142.64305114746094,120.30000305175781,100.4640121459961,98.53684997558594,137.7506866455078,238.83474731445312,13.082900047302246,238.1300048828125,480.434814453125,89.52537536621094
2022-10-07,137.40541076660156,114.55999755859375,97.74984741210938,96.56867980957031,132.18399047851562,226.6892852783203,12.032682418823242,223.07000732421875,467.21917724609375,88.62188720703125
2022-10-10,137.7290496826172,113.66999816894531,96.93758392333984,95.66658782958984,132.52078247070312,221.86013793945312,11.62813663482666,222.9600067138672,461.6755676269531,86.70085906982422
2022-10-11,136.3166961669922,112.20999908447266,96.26397705078125,92.90565490722656,127.32056427001953,218.14390563964844,11.544439315795898,216.5,462.5548400878906,85.96401977539062
2022-10-12,135.68893432617188,112.9000015258789,96.64039611816406,94.40911865234375,126.29043579101562,218.47296142578125,11.458746910095215,217.24000549316406,462.693603515625,86.3412094116211
2022-10-13,140.2498779296875,112.52999877929688,98.12625122070312,99.65763092041016,129.05397033691406,226.6892852783203,11.917098045349121,221.72000122070312,471.9020080566406,89.35873413085938
2022-10-14,135.72817993164062,106.9000015258789,95.64982604980469,101.31600952148438,125.55744934082031,221.19239807128906,11.186728477478027,204.99000549316406,474.8819885253906,87.00786590576172
2022-10-17,139.6809844970703,113.79000091552734,99.02769470214844,105.57128143310547,132.76837158203125,229.87322998046875,11.845355987548828,219.35000610351562,482.97979736328125,88.26223754882812
2022-10-18,140.9952850341797,116.36000061035156,99.82014465332031,108.28665161132812,131.5401153564453,230.81199645996094,11.924073219299316,220.19000244140625,483.2851257324219,88.42013549804688
2022-10-19,141.10316467285156,115.06999969482422,98.69088745117188,106.16356658935547,131.966064453125,228.85708618164062,12.007771492004395,222.0399932861328,481.5360412597656,91.04291534423828
2022-10-20,140.64215087890625,115.25,99.02769470214844,105.81731414794922,130.28219604492188,228.53770446777344,12.15025806427002,207.27999877929688,482.0542907714844,91.16571807861328
2022-10-21,144.4478302001953,119.31999969482422,100.17674255371094,111.37562561035156,128.77662658691406,234.31527709960938,12.421279907226562,214.44000244140625,493.9465026855469,92.85868072509766
2022-10-24,146.58602905273438,119.81999969482422,101.55364227294922,111.51229095458984,128.4893798828125,239.2799072265625,12.553807258605957,211.25,501.22979736328125,93.50780487060547
2022-10-25,149.42062377929688,120.5999984741211,103.49517059326172,111.80387878417969,136.2054443359375,242.57997131347656,13.213431358337402,222.4199981689453,499.9527282714844,92.876220703125
2022-10-26,146.48797607421875,115.66000366210938,94.03518676757812,113.08866119384766,128.5884246826172,223.86338806152344,12.849739074707031,224.63999938964844,502.6828308105469,93.98149108886719
2022-10-27,142.02516174316406,110.95999908447266,91.35073852539062,113.53514862060547,97.01085662841797,219.4407196044922,13.128734588623047,225.08999633789062,501.41485595703125,94.34113311767578
2022-10-28,152.75547790527344,103.41000366210938,95.38237762451172,114.88372802734375,98.25890350341797,228.2667236328125,13.784374237060547,228.52000427246094,510.1513977050781,97.10426330566406
2022-10-31,150.40150451660156,102.44000244140625,93.61914825439453,114.70147705078125,92.27621459960938,224.64730834960938,13.448582649230957,227.5399932861328,513.769775390625,97.20075225830078
2022-11-01,147.76304626464844,96.79000091552734,89.61723327636719,116.76988983154297,94.2968521118164,220.81497192382812,13.494420051574707,227.82000732421875,506.5141906738281,98.16563415527344
2022-11-02,142.25070190429688,92.12000274658203,86.15022277832031,115.69468688964844,89.68106079101562,213.00511169433594,13.171579360961914,214.97999572753906,502.9234619140625,96.14812469482422
2022-11-03,136.21864318847656,89.30000305175781,82.64360046386719,115.90426635742188,88.06653594970703,207.34365844726562,13.372856140136719,215.30999755859375,503.0900573730469,97.45512390136719
2022-11-04,135.95333862304688,90.9800033569336,85.76390838623047,119.07522583007812,89.92868041992188,214.25347900390625,14.105219841003418,207.47000122070312,498.055419921875,98.51651000976562
2022-11-07,136.4838409423828,90.52999877929688,87.6558837890625,119.7039566040039,95.80244445800781,220.5246124267578,14.249700546264648,197.0800018310547,504.39495849609375,99.68318176269531
2022-11-08,137.05369567871094,89.9800033569336,88.06204223632812,119.77684783935547,95.5548095703125,221.49240112304688,14.549619674682617,191.3000030517578,511.8265075683594,99.99897003173828
2022-11-09,132.50489807128906,86.13999938964844,86.49691772460938,118.21870422363281,100.50736999511719,217.27291870117188,13.726581573486328,177.58999633789062,500.3599548339844,95.52532196044922
2022-11-10,144.29446411132812,96.62999725341797,93.05451965332031,123.0844955444336,110.80870819091797,235.14755249023438,15.693501472473145,190.72000122070312,503.6083068847656,96.92881774902344
2022-11-11,147.0748291015625,100.79000091552734,95.50125885009766,123.28495788574219,111.94780731201172,239.1444091796875,16.268430709838867,195.97000122070312,483.1649169921875,99.95509338378906
2022-11-14,145.67971801757812,98.48999786376953,94.79791259765625,122.01837921142578,113.13641357421875,233.76364135742188,16.23655128479004,190.9499969482422,475.45574951171875,100.24691009521484
2022-11-15,147.4088592529297,98.94000244140625,97.5121078491211,121.13455200195312,115.96928405761719,234.1701202392578,16.606218338012695,194.4199981689453,465.5162353515625,100.91893005371094
2022-11-16,146.18077087402344,97.12000274658203,97.91824340820312,121.29855346679688,112.15581512451172,234.5971221923828,15.852928161621094,186.9199981689453,473.3919677734375,99.84014892578125
2022-11-17,148.07691955566406,94.8499984741211,97.43285369873047,120.77005004882812,110.3927001953125,234.54856872558594,15.620765686035156,183.1699981689453,476.8994445800781,99.9727783203125
2022-11-18,148.636962890625,94.13999938964844,96.5116195678711,121.95459747314453,110.98700714111328,234.10215759277344,15.353727340698242,180.19000244140625,490.4945068359375,99.10623168945312
2022-11-21,145.41445922851562,92.45999908447266,94.6988754272461,121.23477172851562,108.81777954101562,234.90765380859375,15.262057304382324,167.8699951171875,478.63934326171875,98.12471771240234
2022-11-22,147.54641723632812,93.19999694824219,96.13520812988281,123.04804992675781,110.38279724121094,237.7997283935547,15.98046875,169.91000366210938,484.099609375,100.96315002441406
2022-11-23,148.42079162597656,94.12999725341797,97.53191375732422,124.36016845703125,111.17520141601562,240.27447509765625,16.45974349975586,183.1999969482422,490.2261962890625,100.45913696289062
2022-11-25,145.5126953125,93.41000366210938,96.54133605957031,124.59709930419922,110.35308074951172,240.18716430664062,16.211639404296875,182.86000061035156,497.54656982421875,100.10542297363281
2022-11-28,141.69093322753906,93.94999694824219,95.1446304321289,122.4193344116211,107.7480239868164,234.62620544433594,15.770225524902344,182.9199981689453,492.59527587890625,97.09898376464844
2022-11-29,138.69442749023438,92.41999816894531,94.29273986816406,124.43304443359375,108.42157745361328,233.23843383789062,15.58289909362793,180.8300018310547,488.6436462402344,97.74449920654297
2022-11-30,145.43411254882812,96.54000091552734,100.0380630493164,125.90919494628906,116.97962188720703,247.6114044189453,16.866609573364258,194.6999969482422,506.93084716796875,98.45188903808594
2022-12-01,145.7091827392578,95.5,100.0380630493164,124.14151000976562,119.29740142822266,247.17466735839844,17.077899932861328,194.6999969482422,496.889404296875,97.97438049316406
2022-12-02,145.21795654296875,94.12999725341797,99.49325561523438,123.15738677978516,122.31846618652344,247.4949493408203,16.81976318359375,194.86000061035156,497.72491455078125,97.14319610595703
2022-12-05,144.05868530273438,91.01000213623047,98.54230499267578,119.7039566040039,121.2685317993164,242.8171844482422,16.55464744567871,182.4499969482422,496.6852722167969,94.48161315917969
2022-12-06,140.40391540527344,88.25,96.06587219238281,119.90441131591797,113.03736877441406,237.88711547851562,15.933728218078613,179.82000732421875,500.65838623046875,91.85540771484375
2022-12-07,138.4684295654297,88.45999908447266,94.04509735107422,119.82241821289062,112.84917449951172,237.15919494628906,16.0662841796875,174.0399932861328,503.99102783203125,91.65203857421875
2022-12-08,140.14842224121094,90.3499984741211,92.82669067382812,121.07986450195312,114.23588562011719,240.0998077392578,17.11178970336914,173.44000244140625,508.6418762207031,92.33290100097656
2022-12-09,139.66708374023438,89.08999633789062,91.95498657226562,120.42379760742188,114.80048370361328,238.17822265625,16.94434928894043,179.0500030517578,500.5469665527344,91.55476379394531
2022-12-12,141.9561767578125,90.55000305175781,92.4304428100586,122.2917709350586,113.62177276611328,245.05902099609375,17.476572036743164,167.82000732421875,506.7295227050781,93.8095932006836
2022-12-13,142.9189910888672,92.48999786376953,94.72858428955078,122.17330932617188,119.01014709472656,249.33888244628906,18.01177978515625,160.9499969482422,499.6372375488281,94.83531951904297
2022-12-14,140.69863891601562,91.58000183105469,94.17387390136719,121.56279754638672,120.43649291992188,249.63003540039062,17.61510467529297,156.8000030517578,499.76727294921875,94.13676452636719
2022-12-15,134.10630798339844,88.44999694824219,90.0035629272461,118.5467529296875,115.04811096191406,241.6623077392578,16.895509719848633,157.6699981689453,489.8529052734375,93.23483276367188
2022-12-16,132.15118408203125,87.86000061035156,89.40921783447266,117.80867767333984,118.2969970703125,237.4697723388672,16.51578140258789,150.22999572753906,486.1581115722656,92.58047485351562
2022-12-19,130.0487060546875,84.91999816894531,87.60636138916016,118.5102767944336,113.3939437866211,233.35488891601562,16.19983673095703,149.8699951171875,486.0653076171875,92.99607849121094
2022-12-20,129.97998046875,85.19000244140625,88.18089294433594,119.0843276977539,115.97918701171875,234.6650848388672,16.031402587890625,137.8000030517578,482.9183654785156,94.34014129638672
2022-12-21,133.07469177246094,86.7699966430664,88.73562622070312,120.42379760742188,118.62386322021484,237.21743774414062,16.446012496948242,137.57000732421875,489.72283935546875,95.55156707763672
2022-12-22,129.91119384765625,83.79000091552734,86.93277740478516,119.0570068359375,116.0089111328125,231.16159057617188,15.287884712219238,125.3499984741211,489.30517578125,93.62389373779297
2022-12-23,129.5476531982422,85.25,88.38892364501953,119.62197875976562,116.92018127441406,231.6856231689453,15.155329704284668,123.1500015258789,493.22259521484375,96.09978485107422
2022-12-27,127.749755859375,83.04000091552734,86.5662612915039,120.04109191894531,115.77116394042969,229.96791076660156,14.073945045471191,109.0999984741211,493.85394287109375,97.43499755859375
2022-12-28,123.82972717285156,81.81999969482422,85.20918273925781,120.69715118408203,114.52312469482422,227.6095733642578,13.989227294921875,112.70999908447266,490.5676574707031,95.83452606201172
2022-12-29,127.33715057373047,84.18000030517578,87.61626434326172,121.38966369628906,119.1191177368164,233.8983612060547,14.554338455200195,121.81999969482422,491.8951416015625,96.55958557128906
2022-12-30,127.65148162841797,84.0,87.39835357666016,122.19154357910156,119.19835662841797,232.7434844970703,14.565302848815918,123.18000030517578,492.1735534667969,97.53228759765625
2023-01-03,122.87672424316406,85.81999969482422,88.27995300292969,123.1209487915039,123.5566177368164,232.51052856445312,14.267298698425293,108.0999984741211,481.4609069824219,94.18098449707031
2023-01-04,124.14412689208984,85.13999938964844,87.249755859375,124.26904296875,126.16165924072266,222.33978271484375,14.699850082397461,113.63999938964844,468.3345031738281,94.45508575439453
2023-01-05,122.82763671875,83.12000274658203,85.3874740600586,124.24151611328125,125.73574829101562,215.75013732910156,14.217466354370117,110.33999633789062,454.8368225097656,96.56844329833984
2023-01-06,127.34696960449219,86.08000183105469,86.51673126220703,126.61893463134766,128.7865447998047,218.29283142089844,14.809487342834473,113.05999755859375,454.8739318847656,97.73563385009766
2023-01-09,127.86762237548828,87.36000061035156,87.19031524658203,126.09571838378906,128.24176025390625,220.41824340820312,15.575922966003418,119.7699966430664,454.9296875,95.91409301757812
2023-01-10,128.4375,89.87000274658203,87.58655548095703,127.22480010986328,131.7283477783203,222.09718322753906,15.855985641479492,118.8499984741211,451.16070556640625,97.3465805053711
2023-01-11,131.1490936279297,95.08999633789062,90.65731811523438,128.17025756835938,131.62930297851562,228.81297302246094,15.94767951965332,123.22000122070312,458.0301818847656,98.47840881347656
2023-01-12,131.07052612304688,95.2699966430664,90.27100372314453,128.04176330566406,135.41307067871094,231.4721221923828,16.45598030090332,123.55999755859375,460.1375427246094,100.1142578125
2023-01-13,132.3968048095703,98.12000274658203,91.25167083740234,131.27285766601562,135.68051147460938,232.17088317871094,16.842689514160156,122.4000015258789,454.4748229980469,100.0523681640625
2023-01-17,133.55616760253906,96.05000305175781,90.42949676513672,129.24423217773438,134.0758819580078,233.2578125,17.64301300048828,131.49000549316406,450.306640625,99.85782623291016
2023-01-18,132.8389129638672,95.45999908447266,90.26110076904297,125.36140441894531,131.75807189941406,228.85182189941406,17.319093704223633,128.77999877929688,442.100341796875,97.80638122558594
2023-01-19,132.8979034423828,93.68000030517578,92.17291259765625,123.69075012207031,134.85836791992188,225.08628845214844,16.70913314819336,127.16999816894531,449.63824462890625,98.43418884277344
2023-01-20,135.4522705078125,97.25,97.09606170654297,123.99368286132812,138.04782104492188,233.1316680908203,17.779558181762695,133.4199981689453,451.8291320800781,100.22920989990234
2023-01-23,138.6354522705078,97.5199966430664,98.8493881225586,126.00396728515625,141.9108428955078,235.4220428466797,19.12904167175293,143.75,450.9843444824219,99.70751190185547
2023-01-24,140.03054809570312,96.31999969482422,96.7790756225586,127.08711242675781,141.78204345703125,234.89796447753906,19.200801849365234,143.88999938964844,456.3592834472656,100.63597106933594
2023-01-25,139.3722686767578,97.18000030517578,94.32244873046875,127.70210266113281,140.1575927734375,233.51014709472656,19.25861167907715,144.42999267578125,457.1947021484375,100.10542297363281
2023-01-26,141.43548583984375,99.22000122070312,96.60077667236328,128.4915008544922,145.90261840820312,240.68209838867188,19.736013412475586,160.27000427246094,457.17626953125,104.1287612915039
2023-01-27,143.37094116210938,102.23999786376953,98.43334197998047,128.80361938476562,150.30047607421875,240.83738708496094,20.297136306762695,177.89999389648438,451.2071533203125,102.22762298583984
2023-01-30,140.49232482910156,100.55000305175781,96.02623748779297,127.71129608154297,145.66485595703125,235.5482177734375,19.098146438598633,166.66000366210938,450.96575927734375,100.41490173339844
2023-01-31,141.75967407226562,103.12999725341797,97.90833282470703,128.47315979003906,147.5567626953125,240.49771118164062,19.471900939941406,173.22000122070312,463.40521240234375,102.58131408691406
2023-02-01,142.8796844482422,105.1500015258789,99.48335266113281,128.13352966308594,151.66737365722656,245.29193115234375,20.873214721679688,181.41000366210938,461.3721618652344,101.45832061767578
2023-02-02,148.17515563964844,112.91000366210938,106.72443389892578,127.53688049316406,186.97915649414062,256.7922668457031,21.63665771484375,188.27000427246094,437.078125,98.28388214111328
2023-02-03,151.7906494140625,103.38999938964844,103.79234313964844,129.5104217529297,184.76040649414062,250.72671508789062,21.029685974121094,189.97999572753906,438.18292236328125,98.96473693847656
2023-02-06,149.0692138671875,102.18000030517578,101.93004608154297,130.27230834960938,184.2948760986328,249.1933135986328,21.018728256225586,194.75999450683594,441.17205810546875,98.79674530029297
2023-02-07,151.93801879882812,102.11000061035156,106.6253890991211,131.86029052734375,189.8021240234375,259.6649169921875,22.0991153717041,196.80999755859375,442.6944885253906,101.61747741699219
2023-02-08,149.25588989257812,100.05000305175781,98.43334197998047,130.93321228027344,181.68980407714844,258.8594665527344,22.131004333496094,201.2899932861328,448.5799560546875,100.73323059082031
2023-02-09,148.22430419921875,98.23999786376953,94.11444091796875,128.89541625976562,176.2321014404297,255.84117126464844,22.2625675201416,207.32000732421875,450.9100646972656,101.11345672607422
2023-02-10,148.58836364746094,97.61000061035156,93.67857360839844,129.4645233154297,172.49786376953125,255.3365478515625,21.194143295288086,196.88999938964844,458.8193359375,105.37552642822266
2023-02-13,151.38284301757812,99.54000091552734,93.71820068359375,130.8689422607422,177.727783203125,263.31396484375,21.715394973754883,194.63999938964844,459.8404541015625,104.96564483642578
2023-02-14,150.74327087402344,99.69999694824219,93.78754425048828,131.44723510742188,177.77728271484375,264.1389465332031,22.894454956054688,209.25,457.5010986328125,103.73599243164062
2023-02-15,152.83909606933594,101.16000366210938,96.02623748779297,131.99801635742188,175.4793243408203,262.0276794433594,22.688142776489258,214.24000549316406,456.0343933105469,103.42413330078125
2023-02-16,151.24510192871094,98.1500015258789,94.60971069335938,130.18051147460938,170.80409240722656,255.0518341064453,21.92868423461914,202.0399932861328,452.4139099121094,103.12117767333984
2023-02-17,150.10366821289062,97.19999694824219,93.46066284179688,130.56602478027344,171.23992919921875,251.07254028320312,21.316726684570312,208.30999755859375,463.302978515625,99.15597534179688
2023-02-21,146.09893798828125,94.58000183105469,90.9247817993164,128.17025756835938,170.447509765625,245.82847595214844,20.586170196533203,197.3699951171875,456.0901184082031,99.0579605102539
2023-02-22,146.52203369140625,95.79000091552734,90.78610229492188,127.18803405761719,169.4966278076172,244.6998748779297,20.684843063354492,200.86000061035156,453.84356689453125,97.77485656738281
2023-02-23,147.0041961669922,95.81999969482422,90.03326416015625,128.20697021484375,170.40789794921875,247.8716278076172,23.585142135620117,202.07000732421875,456.4427795410156,98.67481994628906
2023-02-24,144.35731506347656,93.5,88.28985595703125,129.36354064941406,168.7735137939453,242.47190856933594,23.208406448364258,196.8800048828125,449.6103820800781,98.68373107910156
2023-02-27,145.5479278564453,93.76000213623047,89.02288055419922,130.4926300048828,167.93161010742188,243.38644409179688,23.42268180847168,207.6300048828125,448.67279052734375,98.50553131103516
2023-02-28,145.04608154296875,94.2300033569336,89.21109008789062,131.58494567871094,173.28036499023438,242.66650390625,23.138635635375977,205.7100067138672,441.82183837890625,97.93525695800781
2023-03-01,142.97979736328125,92.16999816894531,89.50827026367188,130.8505859375,171.77479553222656,239.60179138183594,22.622364044189453,202.77000427246094,441.1534423828125,98.80848693847656
2023-03-02,143.57015991210938,92.12999725341797,91.13280487060547,129.49209594726562,172.87425231933594,244.31072998046875,23.236309051513672,190.89999389648438,443.4556884765625,99.26293182373047
2023-03-03,148.60806274414062,94.9000015258789,92.76725769042969,131.86952209472656,183.49256896972656,248.37754821777344,23.81039047241211,197.7899932861328,444.2541198730469,100.51929473876953
2023-03-06,151.3631134033203,93.75,94.23330688476562,131.0984344482422,183.14588928222656,249.91477966308594,23.475513458251953,193.80999755859375,446.3149108886719,101.41035461425781
2023-03-07,149.16891479492188,93.55000305175781,92.97527313232422,127.24311828613281,182.7595672607422,247.26841735839844,23.214338302612305,187.7100067138672,439.9095153808594,99.4500503540039
2023-03-08,150.41851806640625,93.91999816894531,93.3615951538086,126.49041748046875,183.21524047851562,246.8306121826172,24.10451316833496,182.0,436.8646545410156,97.99764251708984
2023-03-09,148.17510986328125,92.25,91.44979095458984,119.64269256591797,179.96633911132812,245.4879608154297,23.36186981201172,172.9199981689453,431.58251953125,97.240234375
2023-03-10,146.11863708496094,90.7300033569336,89.77571105957031,122.68101501464844,177.8070068359375,241.8589630126953,22.892362594604492,173.44000244140625,428.8528747558594,96.03731536865234
2023-03-13,148.05703735351562,92.43000030517578,90.2511978149414,120.47801971435547,179.183837890625,247.04466247558594,22.893356323242188,174.47999572753906,431.9738464355469,94.93241882324219
2023-03-14,150.14303588867188,94.87999725341797,93.08423614501953,123.5714340209961,192.1793975830078,253.7285919189453,23.986886978149414,183.25999450683594,432.81231689453125,95.28883361816406
2023-03-15,150.53665161132812,96.19999694824219,95.20406341552734,117.7333984375,195.87396240234375,258.2527160644531,24.1513671875,180.4499969482422,433.6041259765625,90.54846954345703
2023-03-16,153.35076904296875,100.04000091552734,99.37438201904297,120.01904296875,202.98583984375,268.7213439941406,25.460216522216797,184.1300048828125,439.7435607910156,90.02274322509766
2023-03-17,152.51441955566406,98.94999694824219,100.66213989257812,115.48450469970703,193.75428771972656,271.8639221191406,25.643630981445312,180.1300048828125,437.3958435058594,88.96238708496094
2023-03-20,154.8758544921875,97.70999908447266,100.26590728759766,116.70532989501953,195.93341064453125,264.8588562011719,25.818077087402344,183.25,444.3457336425781,91.28801727294922
2023-03-21,156.72576904296875,100.61000061035156,103.9310302734375,119.83545684814453,200.24212646484375,266.36688232421875,26.116130828857422,197.5800018310547,447.27105712890625,95.37793731689453
2023-03-22,155.2990264892578,98.69999694824219,102.39564514160156,116.74205780029297,197.9144287109375,264.917236328125,26.384279251098633,191.14999389648438,443.00421142578125,93.19488525390625
2023-03-23,156.38136291503906,98.70999908447266,104.6046142578125,116.429931640625,202.3419952392578,270.14178466796875,27.10499382019043,192.22000122070312,437.7778015136719,92.1434326171875
2023-03-24,157.6802215576172,98.12999725341797,104.44611358642578,114.65836334228516,204.05560302734375,272.97308349609375,26.694297790527344,190.41000366210938,443.4421081542969,92.25035858154297
2023-03-27,155.7418212890625,98.04000091552734,101.49422454833984,117.94453430175781,200.91567993164062,268.896484375,26.44708251953125,191.80999755859375,448.947998046875,94.27304077148438
2023-03-28,155.12188720703125,97.23999786376953,100.07768249511719,118.3025131225586,198.77618408203125,267.77764892578125,26.326467514038086,189.19000244140625,440.26531982421875,95.4492416381836
2023-03-29,158.19187927246094,100.25,100.43428802490234,118.54118347167969,203.40191650390625,272.9146423339844,26.898649215698242,193.8800048828125,434.6849060058594,97.0887680053711
2023-03-30,159.75636291503906,102.0,99.93901062011719,118.1832046508789,205.86822509765625,276.3587951660156,27.296384811401367,195.27999877929688,437.91754150390625,97.5610122680664
2023-03-31,162.2556610107422,103.29000091552734,102.75225067138672,119.61515045166016,209.9293670654297,280.49365234375,27.68914222717285,207.4600067138672,440.2745666503906,97.7125015258789
2023-04-03,163.50526428222656,102.41000366210938,103.37631225585938,119.47746276855469,211.0486602783203,279.45269775390625,27.87654685974121,194.77000427246094,460.3976135253906,103.47758483886719
2023-04-04,162.9739227294922,103.94999694824219,103.73291778564453,117.8802719116211,212.68299865722656,279.4040832519531,27.366167068481445,192.5800018310547,459.52191162109375,102.48851013183594
2023-04-05,161.13392639160156,101.0999984741211,103.48526000976562,118.0560531616211,209.4737091064453,276.64093017578125,26.795974731445312,185.52000427246094,474.4092712402344,104.24388122558594
2023-04-06,162.0194854736328,102.05999755859375,107.39803314208984,117.92652893066406,214.04991149902344,283.704345703125,26.95148468017578,185.05999755859375,477.7443542480469,102.5152587890625
2023-04-10,159.43167114257812,102.16999816894531,105.43669128417969,118.3150863647461,212.7127227783203,281.5542297363281,27.491769790649414,184.50999450683594,479.9523010253906,102.06082153320312
2023-04-11,158.22140502929688,99.91999816894531,104.35697174072266,118.89791870117188,211.82122802734375,275.1718444824219,27.08306312561035,186.7899932861328,485.3464050292969,102.78256225585938
2023-04-12,157.5325927734375,97.83000183105469,103.65367126464844,118.87940979003906,211.96981811523438,275.8139343261719,26.411195755004883,180.5399932861328,485.5513610839844,102.67564392089844
2023-04-13,162.90505981445312,102.4000015258789,106.41737365722656,119.3327407836914,218.2595672607422,281.9920654296875,26.379301071166992,185.89999389648438,490.24664306640625,103.15681457519531
2023-04-14,162.5606689453125,102.51000213623047,107.84378814697266,128.343505859375,219.38876342773438,278.3922424316406,26.673362731933594,185.0,476.7941589355469,103.40631103515625
2023-04-17,162.58035278320312,102.73999786376953,104.97111511230469,129.36114501953125,216.78372192382812,280.9801940917969,26.916589736938477,187.0399932861328,470.79449462890625,102.20337677001953
2023-04-18,163.8004913330078,102.30000305175781,103.5149917602539,130.8135986328125,215.8229217529297,280.56182861328125,27.579490661621094,184.30999755859375,469.9839782714844,104.1993408203125
2023-04-19,164.94186401367188,104.30000305175781,103.197998046875,130.64710998535156,213.65370178222656,280.6396484375,27.842655181884766,180.58999633789062,452.95391845703125,103.86964416503906
2023-04-20,163.9775848388672,103.80999755859375,104.29753112792969,130.2677764892578,211.0486602783203,278.36297607421875,27.018268585205078,162.99000549316406,454.1277770996094,103.04097747802734
2023-04-21,162.3737335205078,106.95999908447266,104.41641998291016,130.0179901123047,210.87033081054688,278.0224914550781,27.033222198486328,165.0800018310547,450.73675537109375,103.37066650390625
2023-04-24,162.6787567138672,106.20999908447266,104.97111511230469,130.19375610351562,210.77130126953125,274.14056396484375,26.956470489501953,162.5500030517578,455.506591796875,105.32205963134766
2023-04-25,161.14373779296875,102.56999969482422,102.87110137939453,127.36286163330078,205.58102416992188,267.9624938964844,26.158002853393555,160.6699981689453,458.28289794921875,103.82508087158203
2023-04-26,161.13392639160156,104.9800033569336,102.732421875,125.10555267333984,207.41346740722656,287.3722839355469,26.870737075805664,153.75,449.92620849609375,102.87167358398438
2023-04-27,165.7093505859375,109.81999969482422,106.57585144042969,126.789306640625,236.2967987060547,296.57611083984375,27.13988494873047,160.19000244140625,456.9319152832031,104.10130310058594
2023-04-28,166.95899963378906,105.44999694824219,106.32820129394531,127.89019012451172,238.04013061523438,298.9404296875,27.661231994628906,164.30999755859375,458.4412536621094,105.44680786132812
2023-05-01,166.8704071044922,102.05000305175781,106.18952178955078,130.62860107421875,240.87298583984375,297.28631591796875,28.818557739257812,161.8300018310547,461.80438232421875,102.17665100097656
2023-05-02,165.8372802734375,103.62999725341797,104.32725524902344,128.519287109375,236.97035217285156,297.14044189453125,28.120769500732422,160.30999755859375,459.6523132324219,98.10456085205078
2023-05-03,164.76475524902344,103.6500015258789,104.41641998291016,125.79938507080078,234.7813262939453,296.15777587890625,27.71406364440918,160.61000061035156,455.9724426269531,96.17098999023438
2023-05-04,163.13134765625,104.0,103.70320129394531,124.07865142822266,231.30462646484375,297.14044189453125,27.474821090698242,161.1999969482422,453.9601745605469,94.48690032958984
2023-05-05,170.78660583496094,105.66000366210938,104.57489013671875,126.50251770019531,230.57164001464844,302.2385559082031,28.589282989501953,170.05999755859375,460.4814758300781,96.8392562866211
2023-05-08,170.7177276611328,105.83000183105469,106.75416564941406,126.80782318115234,231.05702209472656,300.29278564453125,29.058792114257812,171.7899932861328,458.9349670410156,97.22240447998047
2023-05-09,169.01547241210938,106.62000274658203,106.3381118774414,126.19720458984375,231.1560516357422,298.6874084472656,28.48063087463379,169.14999389648438,456.8481140136719,97.24916076660156
2023-05-10,170.77674865722656,110.19000244140625,110.6966552734375,126.261962890625,230.86880493164062,303.8536071777344,28.793636322021484,168.5399932861328,456.559326171875,96.00167083740234
2023-05-11,170.9636993408203,112.18000030517578,115.47120666503906,125.86418914794922,233.5530548095703,301.7131042480469,28.487606048583984,172.0800018310547,455.3388977050781,94.26412963867188
2023-05-12,170.03749084472656,110.26000213623047,116.40235900878906,124.06015014648438,231.59188842773438,300.6040344238281,28.250356674194336,167.97999572753906,457.6399841308594,94.2552261352539
2023-05-15,169.54483032226562,111.19999694824219,115.41178131103516,125.10555267333984,236.593994140625,301.0807800292969,28.861419677734375,166.35000610351562,453.5688171386719,94.43497467041016
2023-05-16,169.54483032226562,113.4000015258789,118.38349914550781,124.26368713378906,236.5543670654297,303.2990417480469,29.12059783935547,166.52000427246094,446.9170837402344,92.14307403564453
2023-05-17,170.15573120117188,115.5,119.70095825195312,128.08447265625,240.18954467773438,306.1656799316406,30.082544326782227,173.86000061035156,451.65899658203125,94.21027374267578
2023-05-18,172.48114013671875,118.1500015258789,121.67220306396484,129.05587768554688,244.50820922851562,310.57293701171875,31.577802658081055,176.88999938964844,446.4606018066406,95.06413269042969
2023-05-19,172.58949279785156,116.25,121.60286712646484,128.7598114013672,243.3096466064453,310.3974914550781,31.165111541748047,180.13999938964844,446.07861328125,95.50452423095703
2023-05-22,171.6436004638672,115.01000213623047,123.87127685546875,127.6959228515625,245.9642333984375,313.16656494140625,31.077392578125,188.8699951171875,447.7555236816406,94.3450927734375
2023-05-23,169.04232788085938,114.98999786376953,121.40474700927734,126.36373901367188,244.39923095703125,307.394287109375,30.59093475341797,185.77000427246094,446.65625,95.63035583496094
2023-05-24,169.31820678710938,116.75,119.7603988647461,125.20731353759766,246.84580993652344,306.01947021484375,30.441404342651367,182.89999389648438,447.9510803222656,96.69990539550781
2023-05-25,170.45135498046875,115.0,122.31607818603516,125.51261138916016,250.29278564453125,317.7882995605469,37.8598747253418,184.47000122070312,445.03515625,94.96526336669922
2023-05-26,172.8555450439453,120.11000061035156,123.43543243408203,126.68753814697266,259.5540771484375,324.58441162109375,38.82281494140625,193.1699981689453,448.5939636230469,94.3450927734375
2023-05-30,174.69810485839844,121.66000366210938,122.50428771972656,127.1686019897461,260.02947998046875,322.9463195800781,39.984130859375,201.16000366210938,447.0382080078125,93.50923919677734
2023-05-31,174.6488037109375,120.58000183105469,121.71183013916016,125.54962158203125,262.20867919921875,320.1966247558594,37.714332580566406,203.92999267578125,453.9228515625,91.8375015258789
2023-06-01,177.4471435546875,122.7699966430664,122.55382537841797,127.27958679199219,270.0238037109375,324.2820739746094,39.644203186035156,207.52000427246094,459.87591552734375,92.89806365966797
2023-06-02,178.29452514648438,124.25,123.49485778808594,129.95326232910156,270.0238037109375,327.0317687988281,39.202606201171875,213.97000122070312,465.4190368652344,95.05514526367188
2023-06-05,176.94464111328125,125.30000305175781,124.82222747802734,128.6765594482422,268.81536865234375,327.5583190917969,39.04710388183594,217.61000061035156,464.1241149902344,94.63269805908203
2023-06-06,176.58006286621094,126.61000061035156,126.10997009277344,128.9078369140625,268.5478820800781,325.3547058105469,38.531734466552734,221.30999755859375,454.2302551269531,95.4056625366211
2023-06-07,175.21047973632812,121.2300033569336,121.3453140258789,130.15675354003906,261.09930419921875,315.3116760253906,37.360321044921875,224.57000732421875,449.1622314453125,97.5447769165039
2023-06-08,177.9200897216797,124.25,120.98870086669922,130.19375610351562,262.07000732421875,317.1447448730469,38.39216995239258,234.86000061035156,456.7084045410156,97.23918151855469
2023-06-09,178.3043670654297,123.43000030517578,121.07786560058594,130.4528350830078,262.4364929199219,318.6365966796875,38.65137481689453,244.39999389648438,459.8665466308594,96.52015686035156
2023-06-12,181.09286499023438,126.56999969482422,122.47457122802734,130.44357299804688,268.47857666015625,323.5703430175781,39.36118698120117,249.8300018310547,458.9070129394531,95.64833068847656
2023-06-13,180.61990356445312,126.66000366210938,122.66278076171875,131.38720703125,268.74603271484375,325.949462890625,40.8964729309082,258.7099914550781,457.7145690917969,95.66630554199219
2023-06-14,181.25047302246094,126.41999816894531,122.50428771972656,130.89688110351562,270.7568054199219,328.92340087890625,42.865440368652344,256.7900085449219,428.4150390625,94.515869140625
2023-06-15,183.2802734375,127.11000061035156,123.91089630126953,132.3770751953125,279.1563415527344,339.4149169921875,42.52249526977539,255.89999389648438,435.814453125,95.17198181152344
2023-06-16,182.20626831054688,125.48999786376953,122.36561584472656,132.5343475341797,278.334228515625,333.7889099121094,42.561363220214844,260.5400085449219,428.8921203613281,94.48890686035156
2023-06-20,182.29493713378906,125.77999877929688,121.93965911865234,131.8590087890625,281.632568359375,329.6156005859375,43.67395782470703,274.45001220703125,439.0885009765625,92.32284545898438
2023-06-21,181.26039123535156,124.83000183105469,119.4136962890625,131.6647491455078,278.9681396484375,325.2377014160156,42.91328811645508,259.4599914550781,445.9733581542969,93.35643768310547
2023-06-22,184.25576782226562,130.14999389648438,121.98918914794922,129.12989807128906,282.1773681640625,331.2342224121094,42.89335250854492,264.6099853515625,448.12493896484375,92.84415435791016
2023-06-23,183.94041442871094,129.3300018310547,121.18680572509766,128.4545135498047,285.9909362792969,326.66119384765625,42.0798454284668,256.6000061035156,446.2072448730469,92.03522491455078
2023-06-26,182.55111694335938,127.33000183105469,117.22451782226562,128.76905822753906,275.82818603515625,320.4014892578125,40.50767517089844,241.0500030517578,448.13427734375,93.73393249511719
2023-06-27,185.30018615722656,129.17999267578125,117.21463012695312,128.77830505371094,284.32684326171875,326.2225036621094,41.74786376953125,250.2100067138672,451.4082946777344,93.96762084960938
2023-06-28,186.47276306152344,129.0399932861328,119.04718780517578,128.21400451660156,282.5834655761719,327.4705505371094,40.991188049316406,256.239990234375,443.8218078613281,94.73155975341797
2023-06-29,186.80770874023438,127.9000015258789,117.97736358642578,132.69163513183594,278.85919189453125,326.6904602050781,40.697086334228516,257.5,445.6833801269531,95.89997100830078
2023-06-30,191.1234588623047,130.36000061035156,118.57170104980469,134.55113220214844,284.2574768066406,332.0435485839844,42.17255783081055,261.7699890136719,449.61224365234375,96.39432525634766
2023-07-03,189.63560485839844,130.22000122070312,118.76982879638672,135.633544921875,283.3065185546875,329.55718994140625,42.28321838378906,279.82000732421875,447.0304260253906,96.58306121826172
2023-07-05,188.522216796875,130.3800048828125,120.60237121582031,134.73001098632812,291.5774230957031,329.7131042480469,42.18751907348633,282.4800109863281,440.80029296875,96.08872985839844
2023-07-06,188.99513244628906,128.36000061035156,118.97784423828125,133.39797973632812,289.219970703125,332.7552795410156,41.97418212890625,276.5400085449219,439.0604248046875,92.50259399414062
2023-07-07,187.88169860839844,129.77999877929688,118.3537826538086,134.45057678222656,287.7737731933594,328.80633544921875,42.37295150756836,274.42999267578125,431.7826232910156,92.71831512451172
2023-07-10,185.84210205078125,127.12999725341797,115.35233306884766,135.20506286621094,291.3099670410156,323.5508728027344,42.05093765258789,269.6099853515625,433.15777587890625,94.09343719482422
2023-07-11,185.3198699951172,128.77999877929688,116.03584289550781,137.3195343017578,295.460205078125,324.1748962402344,42.275238037109375,269.7900085449219,433.008056640625,95.24388122558594
2023-07-12,186.985107421875,130.8000030517578,117.80896759033203,137.99951171875,306.4053649902344,328.786865234375,43.767662048339844,271.989990234375,422.5404968261719,95.71125793457031
2023-07-13,187.7437744140625,134.3000030517578,123.3660888671875,138.67018127441406,310.4367370605469,334.1106262207031,45.8363151550293,277.8999938964844,418.845458984375,93.9586181640625
2023-07-14,187.89163208007812,134.67999267578125,124.23779296875,139.50852966308594,305.9398193359375,336.626220703125,45.32986831665039,281.3800048828125,449.1725769042969,90.72300720214844
2023-07-17,191.1431427001953,133.55999755859375,123.47504425048828,142.8712158203125,307.6731872558594,337.10406494140625,46.31882858276367,290.3800048828125,452.83013916015625,91.11847686767578
2023-07-18,190.88697814941406,132.8300018310547,122.59344482421875,143.13201904296875,309.0896301269531,350.52069091796875,47.348663330078125,293.3399963378906,467.72247314453125,90.70503997802734
2023-07-19,192.23684692382812,135.36000061035156,120.87975311279297,143.6815643310547,313.0120544433594,346.22076416015625,46.932945251464844,291.260009765625,471.18359375,91.33419036865234
2023-07-20,190.29579162597656,129.9600067138672,118.076416015625,145.45138549804688,299.6500549316406,338.2156066894531,45.380714416503906,262.8999938964844,471.68878173828125,92.94300079345703
2023-07-21,189.1232452392578,130.0,118.88867950439453,144.33363342285156,291.4683837890625,335.1929626464844,44.17341613769531,260.0199890136719,473.8309020996094,93.37442016601562
2023-07-24,189.92137145996094,128.8000030517578,120.38445281982422,147.1746826171875,288.84356689453125,336.4995422363281,44.47549819946289,269.05999755859375,475.8421325683594,94.83942413330078
2023-07-25,190.7786102294922,129.1300048828125,121.05805969238281,146.07550048828125,291.6764221191406,342.2230529785156,45.53923034667969,265.2799987792969,477.9468688964844,94.98324584960938
2023-07-26,191.64569091796875,128.14999389648438,128.05148315429688,146.95111083984375,295.7375183105469,329.34259033203125,45.312923431396484,264.3500061035156,475.20599365234375,94.45295715332031
2023-07-27,190.3844757080078,128.25,128.18026733398438,145.33030700683594,308.7528381347656,322.468505859375,45.759552001953125,255.7100067138672,472.6148376464844,94.74954223632812
2023-07-28,192.95614624023438,132.2100067138672,131.33030700683594,146.1593475341797,322.39227294921875,329.9276428222656,46.60694885253906,266.44000244140625,470.444580078125,93.61709594726562
2023-07-31,193.56703186035156,133.67999267578125,131.46897888183594,147.13739013671875,315.57745361328125,327.538818359375,46.58600997924805,267.42999267578125,473.68121337890625,96.38533782958984
2023-08-01,192.7394256591797,131.69000244140625,130.30999755859375,146.41082763671875,319.6485595703125,327.9483337402344,46.36468505859375,261.07000732421875,472.1564636230469,95.82808685302734
2023-08-02,189.75384521484375,128.2100067138672,127.16989135742188,144.75277709960938,311.32818603515625,319.3288879394531,44.133548736572266,254.11000061035156,472.2126159667969,94.63269805908203
2023-08-03,188.3645477294922,128.91000366210938,127.2392349243164,145.6376953125,310.2188415527344,318.5098571777344,44.37879180908203,259.32000732421875,472.2686767578125,96.2774887084961
2023-08-04,179.31927490234375,139.57000732421875,126.90242767333984,145.33030700683594,307.78216552734375,319.6019287109375,44.54328155517578,253.86000061035156,470.2762451171875,96.54710388183594
2023-08-07,176.2253875732422,142.22000122070312,130.29017639160156,146.01959228515625,313.5568542480469,321.873779296875,45.27802658081055,251.4499969482422,477.76910400390625,96.3493881225586
2023-08-08,177.16143798828125,139.94000244140625,130.1614227294922,145.1999053955078,309.6740417480469,317.9150085449219,44.527339935302734,249.6999969482422,473.2041320800781,96.82572937011719
2023-08-09,175.57505798339844,137.85000610351562,128.4378204345703,143.2530975341797,302.314453125,314.19036865234375,42.42378616333008,242.19000244140625,469.69622802734375,98.47050476074219
2023-08-10,175.3582305908203,138.55999755859375,128.46755981445312,143.0388641357422,302.8395080566406,314.8728942871094,42.258296966552734,245.33999633789062,470.9778137207031,98.97380828857422
2023-08-11,175.41744995117188,138.41000366210938,128.33876037597656,143.86785888671875,298.7784118652344,313.0008239746094,40.72998046875,242.64999389648438,475.2154541015625,100.51074981689453
2023-08-14,177.06517028808594,140.57000732421875,130.0920867919922,144.1659393310547,303.2852478027344,315.9552307128906,43.61912155151367,239.75999450683594,477.9468688964844,100.59162902832031
2023-08-15,175.0819854736328,137.6699981689453,128.55670166015625,140.4958953857422,299.08551025390625,313.8296203613281,43.80554962158203,232.9600067138672,473.9805603027344,98.00911712646484
2023-08-16,174.21376037597656,135.07000732421875,127.48687744140625,139.89974975585938,291.4981384277344,313.0674743652344,43.352935791015625,225.60000610351562,471.0526123046875,96.35990905761719
2023-08-17,171.6780548095703,133.97999572753906,128.69537353515625,138.44667053222656,282.3853759765625,309.6280212402344,43.21137619018555,219.22000122070312,462.0723571777344,98.2265853881836
2023-08-18,172.1614990234375,133.22000122070312,126.25855255126953,138.76333618164062,280.5628356933594,309.2371520996094,43.166507720947266,215.49000549316406,466.26318359375,99.7126693725586
2023-08-21,173.49351501464844,134.67999267578125,127.15998840332031,139.23838806152344,287.1497497558594,314.5135498046875,46.82329177856445,231.27999877929688,465.5522766113281,98.50749206542969
2023-08-22,174.8649444580078,134.25,127.86331176757812,136.3507843017578,284.87158203125,315.0802917480469,45.52826690673828,233.19000244140625,460.5570068359375,97.95474243164062
2023-08-23,178.70301818847656,135.52000427246094,131.12225341796875,137.27297973632812,291.4485778808594,319.5163879394531,46.97183609008789,236.86000061035156,457.8442077636719,97.09388732910156
2023-08-24,174.02626037597656,131.83999633789062,128.55670166015625,137.142578125,284.0296325683594,312.6473083496094,47.01868438720703,230.0399932861328,456.5906677246094,96.36898040771484
2023-08-25,176.22650146484375,133.25999450683594,128.65573120117188,136.97488403320312,282.7915344238281,315.5884094238281,45.87718963623047,238.58999633789062,457.5447692871094,98.09065246582031
2023-08-28,177.78541564941406,133.13999938964844,129.7751007080078,137.449951171875,287.5063171386719,316.2919616699219,46.691688537597656,238.82000732421875,459.5653991699219,98.91523742675781
2023-08-29,181.6630096435547,134.91000366210938,133.3015594482422,138.56773376464844,295.1629943847656,320.8941650390625,48.63472366333008,257.17999267578125,461.01531982421875,99.50423431396484
2023-08-30,185.14585876464844,135.07000732421875,134.5991973876953,138.00881958007812,292.3004455566406,321.26544189453125,49.11326217651367,256.8999938964844,459.7992858886719,100.47383117675781
2023-08-31,185.36294555664062,138.00999450683594,134.88645935058594,136.30421447753906,293.0829772949219,320.259033203125,49.20398712158203,258.0799865722656,445.8143615722656,100.75474548339844
2023-09-01,186.93173217773438,138.1199951171875,134.3812713623047,136.7606658935547,293.56829833984375,321.1383972167969,48.36056900024414,245.00999450683594,445.49627685546875,102.8660659790039
2023-09-05,187.1685333251953,137.27000427246094,134.49024963378906,135.2516326904297,297.3025207519531,325.91644287109375,48.399452209472656,256.489990234375,449.77130126953125,102.87512969970703
2023-09-06,180.46914672851562,135.36000061035156,133.1925811767578,135.028076171875,296.3318176269531,325.2618713378906,46.920860290527344,251.9199981689453,446.15106201171875,103.76314544677734
2023-09-07,175.1905059814453,137.85000610351562,133.9850311279297,133.87303161621094,295.8365173339844,322.3598327636719,46.10330581665039,251.49000549316406,453.5130615234375,103.25569915771484
2023-09-08,175.80223083496094,138.22999572753906,135.094482421875,133.9755096435547,295.06396484375,326.6199951171875,45.43629837036133,248.5,451.4845886230469,104.75992584228516
2023-09-11,176.96649169921875,143.10000610351562,135.62939453125,134.56236267089844,304.6422424316406,330.2060546875,45.04347229003906,273.5799865722656,450.1792907714844,103.44600677490234
2023-09-12,173.94735717773438,141.22999572753906,134.0642852783203,136.3135528564453,298.7982177734375,324.17724609375,44.736392974853516,267.4800109863281,450.6676025390625,106.4634780883789
2023-09-13,171.88525390625,144.85000610351562,135.42138671875,136.37872314453125,302.16595458984375,328.36907958984375,45.34955596923828,271.29998779296875,450.6112365722656,105.51201629638672
2023-09-14,173.3948211669922,144.72000122070312,136.7982940673828,139.02413940429688,308.7627258300781,330.94873046875,45.44526672363281,276.0400085449219,454.1423034667969,107.39682006835938
2023-09-15,172.674560546875,140.38999938964844,136.10484313964844,138.6143341064453,297.4609680175781,322.6627502441406,43.76927185058594,274.3900146484375,457.053466796875,105.74761962890625
2023-09-18,175.59503173828125,139.97999572753906,136.90724182128906,138.90306091308594,299.67974853515625,321.529296875,43.835079193115234,265.2799987792969,456.452392578125,106.59939575195312
2023-09-19,176.68040466308594,137.6300048828125,136.7388153076172,138.72607421875,302.1758728027344,321.128662109375,43.39040756225586,266.5,451.3813781738281,106.31848907470703
2023-09-20,173.14817810058594,135.2899932861328,132.47935485839844,138.13925170898438,296.82708740234375,313.428955078125,42.113224029541016,262.5899963378906,462.1526794433594,105.47577667236328
2023-09-21,171.6089630126953,129.3300018310547,129.21047973632812,137.05873107910156,292.9244689941406,312.2173156738281,40.894859313964844,255.6999969482422,470.61383056640625,103.98970031738281
2023-09-22,172.45748901367188,129.1199951171875,129.02224731445312,135.74530029296875,296.24261474609375,309.7550964355469,41.48609924316406,244.8800048828125,475.2716979980469,104.15280151367188
2023-09-25,173.73031616210938,131.27000427246094,129.87416076660156,136.41600036621094,297.97601318359375,310.27294921875,42.09627151489258,246.99000549316406,479.1970520019531,105.32173919677734
2023-09-26,169.66526794433594,125.9800033569336,127.35812377929688,135.0001220703125,296.1238098144531,304.9964599609375,41.78619384765625,244.1199951171875,474.6612854003906,105.4848403930664
2023-09-27,168.15565490722656,125.9800033569336,129.30953979492188,135.7919464111328,294.9154052734375,305.6316833496094,42.34153366088867,240.5,473.04608154296875,108.91913604736328
2023-09-28,168.41221618652344,125.9800033569336,131.06285095214844,137.47789001464844,301.0763244628906,306.4621887207031,42.960693359375,246.3800048828125,479.02801513671875,108.25765228271484
2023-09-29,168.92527770996094,127.12000274658203,129.62652587890625,135.083984375,297.36199951171875,308.52386474609375,43.36947250366211,250.22000122070312,473.47808837890625,106.54502868652344
2023-10-02,171.43136596679688,129.4600067138672,132.9053192138672,133.9196014404297,303.9092102050781,314.4354553222656,44.648658752441406,251.60000610351562,483.2257385253906,104.77803802490234
2023-10-03,170.09938049316406,124.72000122070312,131.1817169189453,132.93226623535156,298.0849914550781,306.2178955078125,43.387413024902344,246.52999877929688,478.4363708496094,104.95926666259766
2023-10-04,171.34259033203125,127.0,133.96524047851562,133.5283966064453,302.6809997558594,311.6604309082031,43.909854888916016,261.1600036621094,479.516357421875,101.03564453125
2023-10-05,172.5758819580078,125.95999908447266,133.7968292236328,134.09141540527344,301.89849853515625,312.05120849609375,44.554931640625,260.04998779296875,484.78466796875,98.7612075805664
2023-10-06,175.12147521972656,127.95999908447266,136.28318786621094,136.15579223632812,312.4375305175781,319.77044677734375,45.625732421875,260.5299987792969,492.84197998046875,97.11201477050781
2023-10-09,176.60147094726562,128.25999450683594,137.11526489257812,135.84616088867188,315.33978271484375,322.2718811035156,45.1381950378418,259.6700134277344,494.4384460449219,100.51008605957031
2023-10-10,176.00942993164062,129.47999572753906,136.7586669921875,136.67190551757812,318.7868347167969,320.87457275390625,45.66162109375,263.6199951171875,492.3067321777344,100.08417510986328
2023-10-11,177.40066528320312,131.8300018310547,139.22518920898438,137.1410675048828,324.71002197265625,324.8123779296875,46.6666259765625,262.989990234375,492.2034606933594,96.49584197998047
2023-10-12,178.29849243164062,132.3300018310547,137.66009521484375,136.822021484375,321.0848083496094,323.5812072753906,46.805213928222656,258.8699951171875,493.5274963378906,96.47772216796875
2023-10-13,176.46334838867188,129.7899932861328,136.0652313232422,138.87705993652344,311.70458984375,320.229736328125,45.32562255859375,251.1199951171875,506.5433349609375,99.55862426757812
2023-10-16,176.33505249023438,132.5500030517578,137.78884887695312,138.7362823486328,318.1033020019531,325.0273132324219,45.95774841308594,253.9199981689453,505.2568054199219,99.63111877441406
2023-10-17,174.78599548339844,131.47000122070312,138.40301513671875,138.4359893798828,320.92626953125,324.46063232421875,43.80716323852539,254.85000610351562,503.9608154296875,100.93596649169922
2023-10-18,173.49351501464844,128.1300048828125,136.6595916748047,136.91587829589844,313.9629821777344,322.5552062988281,42.07034683227539,242.67999267578125,503.40673828125,102.34955596923828
2023-10-19,173.11854553222656,128.39999389648438,136.4515838623047,136.33407592773438,309.8424377441406,323.7375793457031,41.97563934326172,220.11000061035156,499.24652099609375,102.41300201416016
2023-10-20,170.572998046875,125.16999816894531,134.32186889648438,134.1383514404297,305.721923828125,319.1939392089844,41.26375961303711,211.99000549316406,494.9267578125,100.65507507324219
2023-10-23,170.69137573242188,126.55999755859375,135.2133331298828,132.30853271484375,311.0310363769531,321.7833557128906,42.84703063964844,212.0800018310547,489.7993469238281,99.17804718017578
2023-10-24,171.12548828125,128.55999755859375,137.50157165527344,132.46807861328125,309.58489990234375,322.9656677246094,43.532981872558594,216.52000427246094,493.02044677734375,98.21752166748047
2023-10-25,168.81674194335938,121.38999938964844,124.42601013183594,131.74551391601562,296.6884460449219,332.87353515625,41.65459060668945,212.4199981689453,497.91314697265625,98.39874267578125
2023-10-26,164.66293334960938,119.56999969482422,121.12738800048828,132.08331298828125,285.6144714355469,320.38604736328125,40.2059211730957,205.75999450683594,496.1757507324219,97.50165557861328
2023-10-27,165.9751739501953,127.73999786376953,121.01842498779297,127.32585906982422,293.9149475097656,322.2620849609375,40.37940216064453,207.3000030517578,492.7010803222656,95.64405822753906
2023-10-30,168.01751708984375,132.7100067138672,123.28683471679688,128.9491729736328,299.7886962890625,329.5904541015625,41.03843307495117,197.36000061035156,497.7065124511719,95.94307708740234
2023-10-31,168.49111938476562,133.08999633789062,122.91043090820312,130.4880828857422,298.411865234375,330.3722229003906,40.6585693359375,200.83999633789062,502.9371643066406,95.91590118408203
2023-11-01,171.6484375,137.0,125.25807189941406,130.37550354003906,308.8915100097656,338.1500244140625,42.198974609375,205.66000366210938,499.2183837890625,95.7256088256836
2023-11-02,175.20042419433594,138.07000732421875,126.28827667236328,132.70266723632812,307.9208068847656,340.3485107421875,43.37644958496094,218.50999450683594,503.4723205566406,98.86994171142578
2023-11-03,174.29266357421875,138.60000610351562,127.88309478759766,134.18527221679688,311.6154479980469,344.7259216308594,44.87099075317383,219.9600067138672,498.56109619140625,97.66476440429688
2023-11-06,176.83824157714844,139.74000549316406,129.02224731445312,135.1986846923828,312.8040771484375,348.3706359863281,45.61476135253906,219.27000427246094,500.9651184082031,95.93402862548828
2023-11-07,179.39370727539062,142.7100067138672,129.7354736328125,135.1329803466797,315.79547119140625,352.2790832519531,45.81815719604492,222.17999267578125,505.06884765625,94.4298324584961
2023-11-08,180.44940185546875,142.0800018310547,130.59727478027344,135.79917907714844,316.746337890625,354.8879699707031,46.435325622558594,222.11000061035156,504.0360107421875,93.26993560791016
2023-11-09,179.97581481933594,140.60000610351562,129.01234436035156,135.39573669433594,317.509033203125,352.4353942871094,46.8101921081543,209.97999572753906,506.1676025390625,93.29712677001953
2023-11-10,184.1548614501953,143.55999755859375,131.34022521972656,137.40380859375,325.6510314941406,361.2098388671875,48.19106674194336,214.64999389648438,508.2430114746094,94.01299285888672
2023-11-13,182.5741424560547,142.58999633789062,130.8448944091797,136.79391479492188,326.06707763671875,358.2883605957031,48.475223541259766,223.7100067138672,509.5201721191406,95.00067901611328
2023-11-14,185.1823272705078,145.8000030517578,132.36048889160156,139.2899169921875,333.1195068359375,361.796142578125,49.508140563964844,237.41000366210938,507.5387268066406,95.366455078125
2023-11-15,185.74546813964844,143.1999969482422,133.35105895996094,140.50979614257812,329.55364990234375,361.9429931640625,48.742427825927734,242.83999633789062,505.6134948730469,94.79036712646484
2023-11-16,187.4250030517578,142.8300018310547,135.63929748535156,142.11436462402344,331.01959228515625,368.30712890625,49.332664489746094,233.58999633789062,506.93768310546875,93.69303894042969
2023-11-17,187.4052276611328,145.17999267578125,134.03456115722656,143.39991760253906,331.861572265625,362.1192321777344,49.15121078491211,234.3000030517578,503.6226501464844,95.97914123535156
2023-11-20,189.14405822753906,146.1300048828125,134.96572875976562,143.84095764160156,336.7447509765625,369.55059814453125,50.25889587402344,235.60000610351562,502.5052490234375,95.5584945678711
2023-11-21,188.34376525878906,143.89999389648438,135.67893981933594,143.5406951904297,333.78314208984375,365.2719421386719,49.7952766418457,241.1999969482422,506.72174072265625,95.52190399169922
2023-11-22,189.0057373046875,146.7100067138672,137.18460083007812,143.8784942626953,338.2503356933594,369.9520263671875,48.5709342956543,234.2100067138672,510.63775634765625,95.11042785644531
2023-11-24,187.68186950683594,146.74000549316406,135.4015655517578,144.07557678222656,335.021240234375,369.54083251953125,47.63374328613281,235.4499969482422,513.7742919921875,95.62250518798828
2023-11-27,187.5040283203125,147.72999572753906,135.1241912841797,143.7471160888672,331.5247802734375,370.6961364746094,48.098350524902344,236.0800018310547,510.47802734375,95.064697265625
2023-11-28,188.106689453125,147.02999877929688,135.90673828125,144.07557678222656,335.7740173339844,374.70068359375,47.6786003112793,246.72000122070312,507.6045227050781,95.00983428955078
2023-11-29,187.089111328125,146.32000732421875,133.71759033203125,144.8074951171875,329.0484619140625,370.9311218261719,47.99665832519531,244.13999938964844,502.3925476074219,93.58331298828125
2023-11-30,187.662109375,146.08999633789062,131.28074645996094,146.458984375,324.04638671875,370.98992919921875,46.6307373046875,240.0800018310547,519.2866821289062,93.9490966796875
2023-12-01,188.93655395507812,147.02999877929688,130.6170654296875,147.17213439941406,321.7384948730469,366.6818542480469,46.625755310058594,238.8300018310547,515.5834350585938,94.17769622802734
2023-12-04,187.14837646484375,144.83999633789062,128.05148315429688,148.25123596191406,316.9840393066406,361.4241027832031,45.37448501586914,235.5800018310547,516.638916015625,93.66561126708984
2023-12-05,191.09031677246094,146.8800048828125,129.75527954101562,148.2324676513672,315.2705078125,364.73345947265625,46.431427001953125,238.72000122070312,518.504638671875,91.84590911865234
2023-12-06,190.0035858154297,144.52000427246094,128.79444885253906,146.67481994628906,314.43841552734375,361.0911865234375,45.37149429321289,239.3699951171875,517.816650390625,90.62969207763672
2023-12-07,191.9300537109375,146.8800048828125,135.63929748535156,147.12521362304688,323.49169921875,363.1962585449219,46.461334228515625,242.63999938964844,516.6295776367188,89.99873352050781
2023-12-08,193.35272216796875,147.4199981689453,133.71759033203125,148.74856567382812,329.59326171875,366.40777587890625,47.36870574951172,243.83999633789062,518.04296875,91.03204345703125
2023-12-11,190.85316467285156,145.88999938964844,132.0336151123047,149.29281616210938,322.1941223144531,363.53900146484375,46.492244720458984,239.74000549316406,512.3043212890625,91.09605407714844
2023-12-12,192.3647918701172,147.47999572753906,131.27088928222656,150.62527465820312,331.0492858886719,366.5545959472656,47.51927185058594,237.00999450683594,514.2266235351562,89.66038513183594
2023-12-13,195.5756378173828,148.83999633789062,131.3203887939453,151.1320037841797,331.5643310546875,366.5447692871094,47.94902420043945,239.2899932861328,517.3267211914062,90.45594024658203
2023-12-14,195.72381591796875,147.4199981689453,130.69631958007812,153.8813934326172,330.0093078613281,358.2811279296875,48.210262298583984,251.0500030517578,503.4090881347656,92.88835144042969
2023-12-15,195.1903076171875,149.97000122070312,131.35011291503906,155.04493713378906,331.7427062988281,362.9808654785156,48.74870300292969,253.5,500.4691162109375,92.26654052734375
2023-12-18,193.53054809570312,154.07000732421875,134.51995849609375,155.9833221435547,341.35064697265625,364.8607482910156,49.932273864746094,252.0800018310547,496.16290283203125,92.95234680175781
2023-12-19,194.56788635253906,153.7899932861328,135.36192321777344,158.06646728515625,347.0361633300781,365.4580383300781,49.46063232421875,257.2200012207031,493.7977294921875,94.17769622802734
2023-12-20,192.48330688476562,152.1199951171875,137.03602600097656,156.28359985351562,345.9664611816406,362.87310791015625,47.971946716308594,247.13999938964844,486.1557922363281,92.6048583984375
2023-12-21,192.33509826660156,153.83999633789062,139.09640502929688,157.17503356933594,350.7308349609375,365.7321472167969,48.848419189453125,254.5,489.87774658203125,93.0255126953125
2023-12-22,191.2681427001953,153.4199981689453,140.1563262939453,157.0811767578125,350.0374755859375,366.7503662109375,48.68887710571289,252.5399932861328,490.2830505371094,93.19012451171875
2023-12-26,190.72476196289062,153.41000366210938,140.18603515625,158.0101776123047,351.4637451171875,366.8287353515625,49.136573791503906,256.6099853515625,490.0191955566406,93.40043640136719
2023-12-27,190.8235321044922,153.33999633789062,139.04689025878906,158.9578857421875,354.435302734375,366.25103759765625,49.2741813659668,261.44000244140625,492.61981201171875,92.96150207519531
2023-12-28,191.24838256835938,153.3800048828125,138.90821838378906,159.80242919921875,354.9206848144531,367.43572998046875,49.37887191772461,253.17999267578125,494.6081848144531,91.6172866821289
2023-12-29,190.2110137939453,151.94000244140625,138.37326049804688,159.61476135253906,350.6020202636719,368.179931640625,49.37887191772461,248.47999572753906,496.08746337890625,91.42525482177734
2024-01-02,183.4040069580078,149.92999267578125,136.86761474609375,161.47271728515625,343.0048828125,363.1179504394531,48.02878952026367,248.4199981689453,508.21484375,93.60160064697266
2024-01-03,182.03074645996094,148.47000122070312,137.61056518554688,160.76895141601562,341.2020263671875,362.85357666015625,47.4315185546875,238.4499969482422,510.74951171875,94.38802337646484
2024-01-04,179.71893310546875,144.57000732421875,135.10440063476562,161.83584594726562,343.82696533203125,360.2491455078125,47.859283447265625,237.92999267578125,513.94384765625,93.56503295898438
2024-01-05,178.99769592285156,145.24000549316406,134.4506378173828,162.64781188964844,348.611083984375,360.0631103515625,48.955108642578125,237.49000549316406,506.367919921875,93.8485107421875
2024-01-08,183.32496643066406,149.10000610351562,137.53128051757812,162.4117431640625,355.2574768066406,366.85809326171875,52.10198974609375,240.4499969482422,505.5575256347656,92.2848129272461
2024-01-09,182.91004943847656,151.3699951171875,139.6213836669922,161.12771606445312,354.0390930175781,367.93505859375,52.986427307128906,234.9600067138672,507.3007507324219,91.14176940917969
2024-01-10,183.9473876953125,153.72999572753906,140.93882751464844,161.46762084960938,366.9554138183594,374.76922607421875,54.192928314208984,233.94000244140625,506.6128845214844,90.24562072753906
2024-01-11,183.3546142578125,155.17999267578125,140.74075317382812,160.787841796875,366.16302490234375,376.5903015136719,54.66355895996094,227.22000122070312,508.5351867675781,90.22734069824219
2024-01-12,183.68064880371094,154.6199951171875,141.30540466308594,159.60763549804688,370.937255859375,380.3500671386719,54.5518798828125,218.88999938964844,491.4136962890625,91.39781188964844
2024-01-16,181.41822814941406,153.16000366210938,141.1468963623047,158.60687255859375,363.9739990234375,382.1124267578125,56.21905517578125,219.91000366210938,489.1899719238281,89.33119201660156
2024-01-17,180.47964477539062,151.7100067138672,140.1365203857422,157.7571258544922,364.87530517578125,381.3291931152344,55.89101028442383,215.5500030517578,494.64581298828125,88.68194580078125
2024-01-18,186.35801696777344,153.5,142.12757873535156,158.06869506835938,372.5617370605469,385.6371154785156,56.941959381103516,211.8800048828125,486.5421447753906,88.5173568725586
2024-01-19,189.25271606445312,155.33999633789062,145.00022888183594,160.79727172851562,379.81231689453125,390.3368225097656,59.319068908691406,212.19000244140625,474.49957275390625,88.65450286865234
2024-01-22,191.55462646484375,154.77999877929688,144.61390686035156,160.6084442138672,378.1580810546875,388.2220153808594,59.481597900390625,208.8000030517578,483.3854064941406,88.53564453125
2024-01-23,192.82908630371094,156.02000427246094,145.6539764404297,159.55096435546875,381.545654296875,390.5619812011719,59.69996643066406,209.13999938964844,485.7694396972656,89.53237915039062
2024-01-24,192.1573028564453,156.8699951171875,147.29833984375,160.97665405273438,386.9934997558594,394.1455383300781,61.184654235839844,207.8300018310547,483.6116027832031,91.0777587890625
2024-01-25,191.83128356933594,157.75,150.43846130371094,163.28036499023438,389.4499206542969,396.4072570800781,61.438926696777344,182.6300048828125,464.9259948730469,93.39128112792969
2024-01-26,190.10232543945312,159.1199951171875,150.75546264648438,162.65719604492188,390.40087890625,395.48687744140625,60.8546142578125,183.25,474.1604309082031,94.18685150146484
2024-01-29,189.42066955566406,161.25999450683594,152.0630340576172,163.0821075439453,397.215576171875,401.1558532714844,62.28447341918945,190.92999267578125,475.4231262207031,94.30570220947266
2024-01-30,185.77508544921875,159.0,150.0323486328125,166.4243927001953,396.2647399902344,400.04949951171875,62.59257125854492,191.58999633789062,474.54669189453125,95.8785400390625
2024-01-31,182.17893981933594,155.1999969482422,138.7794189453125,164.6210479736328,386.4388732910156,389.26959228515625,61.34918975830078,187.2899932861328,482.2075500488281,94.01309967041016
2024-02-01,184.60931396484375,159.27999877929688,139.8294219970703,164.0262451171875,391.0348205566406,395.34002685546875,62.8448486328125,188.86000061035156,477.8730773925781,93.62903594970703
2024-02-02,183.6114959716797,171.80999755859375,141.03793334960938,164.9703826904297,470.4837951660156,402.6245422363281,65.96879577636719,187.91000366210938,480.78466796875,93.24497985839844
2024-02-05,185.41946411132812,170.30999755859375,142.32568359375,164.75323486328125,455.0516357421875,397.1709289550781,69.13162994384766,181.05999755859375,473.9342346191406,92.86091613769531
2024-02-06,187.0199432373047,169.14999389648438,142.74169921875,165.31971740722656,450.4061584472656,397.0143127441406,68.02583312988281,185.10000610351562,481.1993103027344,93.50101470947266
2024-02-07,187.12860107421875,170.52999877929688,144.1681365966797,165.6312713623047,465.1351013183594,405.3953857421875,69.89640045166016,187.5800018310547,489.4161071777344,93.47357940673828
2024-02-08,186.0517578125,169.83999633789062,144.53465270996094,165.03651428222656,465.5411682128906,405.4541015625,69.43972778320312,189.55999755859375,490.0757141113281,95.07383728027344
2024-02-09,186.8134307861328,174.4499969482422,147.5955352783203,165.23475646972656,463.66912841796875,411.7594909667969,71.9245376586914,193.57000732421875,488.3135681152344,93.06209564208984
2024-02-12,185.13177490234375,172.33999633789062,146.13938903808594,165.97119140625,464.45159912109375,406.5801086425781,72.03919982910156,188.1300048828125,487.76708984375,94.34229278564453
2024-02-13,183.0445098876953,168.63999938964844,143.77188110351562,164.52664184570312,455.7549743652344,397.82696533203125,71.91954803466797,184.02000427246094,487.0225830078125,93.53010559082031
2024-02-14,182.16407775878906,170.97999572753906,144.56439208984375,166.19778442382812,468.7900390625,401.67205810546875,73.68643188476562,188.7100067138672,487.10748291015625,93.06864929199219
2024-02-15,181.8772430419922,169.8000030517578,141.4242706298828,169.8232879638672,479.4380798339844,398.79803466796875,72.4480209350586,200.4499969482422,490.82012939453125,95.73593139648438
2024-02-16,180.3439483642578,169.50999450683594,139.19546508789062,169.03021240234375,468.8296813964844,396.3457336425781,72.40314483642578,199.9499969482422,491.4514465332031,95.73593139648438
2024-02-20,179.60202026367188,167.0800018310547,139.78981018066406,169.6910858154297,467.2746276855469,395.1000671386719,69.25128173828125,193.75999450683594,490.9897155761719,94.83145141601562
2024-02-21,180.35385131835938,168.58999633789062,141.20632934570312,170.79576110839844,464.08172607421875,394.5016174316406,67.2770004272461,194.77000427246094,491.8471374511719,96.76960754394531
2024-02-22,182.3817596435547,174.5800018310547,142.7318115234375,172.8445281982422,482.0290222167969,403.7909240722656,78.31103515625,197.41000366210938,496.11572265625,96.6865463256836
2024-02-23,180.5517120361328,174.99000549316406,142.60304260253906,173.71316528320312,479.94677734375,402.5058288574219,78.58921813964844,191.97000122070312,496.81304931640625,95.83745574951172
2024-02-26,179.2063446044922,174.72999572753906,136.2732696533203,173.11839294433594,477.6761169433594,399.7593078613281,78.8634262084961,199.39999389648438,495.0038146972656,96.21585083007812
2024-02-27,180.66050720214844,173.5399932861328,137.5709228515625,173.20333862304688,482.9413146972656,399.7004699707031,78.47355651855469,199.72999572753906,483.7906188964844,96.01280975341797
2024-02-28,179.4635467529297,173.16000366210938,135.094482421875,174.0813751220703,479.93682861328125,399.93585205078125,77.43854522705078,202.0399932861328,469.52435302734375,96.28044891357422
2024-02-29,178.80079650878906,176.75999450683594,137.15489196777344,175.66754150390625,485.9953308105469,405.7428894042969,78.88336944580078,201.8800048828125,465.11444091796875,96.46504211425781
2024-03-01,177.72251892089844,178.22000122070312,135.8473358154297,174.9405975341797,498.0626525878906,407.5673828125,82.04120635986328,202.63999938964844,461.2793273925781,97.68330383300781
2024-03-04,173.2117156982422,177.5800018310547,132.09304809570312,176.25291442871094,493.9873352050781,406.9984130859375,84.99066925048828,188.13999938964844,454.0614013671875,96.3173828125
2024-03-05,168.28541564941406,174.1199951171875,131.41946411132812,178.01849365234375,486.0845642089844,394.96270751953125,85.7195816040039,180.74000549316406,445.8446044921875,97.49872589111328
2024-03-06,167.29617309570312,173.50999450683594,130.1614227294922,178.9437255859375,491.9050598144531,394.413330078125,88.44779968261719,176.5399932861328,445.3263244628906,98.5416488647461
2024-03-07,167.177490234375,176.82000732421875,133.1133270263672,177.3764190673828,507.8692626953125,401.3287658691406,92.405517578125,178.64999389648438,451.1496887207031,99.09540557861328
2024-03-08,168.88882446289062,175.35000610351562,134.13363647460938,177.70689392089844,501.6818542480469,398.46453857421875,87.27912902832031,175.33999633789062,450.8374938964844,100.0275650024414
2024-03-11,170.88706970214844,171.9600067138672,136.372314453125,177.77297973632812,479.5104675292969,396.7969970703125,85.53012084960938,177.77000427246094,462.7382507324219,100.61824035644531
2024-03-12,171.3618621826172,175.38999938964844,137.1945037841797,179.23638916015625,495.5342102050781,407.3515319824219,91.65166473388672,177.5399932861328,462.927490234375,99.97219848632812
2024-03-13,169.28453063964844,176.55999755859375,138.4723358154297,180.69041442871094,491.38946533203125,407.1750183105469,90.62958526611328,169.47999572753906,461.6502990722656,101.08894348144531
2024-03-14,171.1343536376953,178.75,141.7511444091797,177.4708709716797,487.68096923828125,417.1017761230469,87.69395446777344,162.5,462.5963134765625,102.87944030761719
2024-03-15,170.7584686279297,174.4199981689453,139.8492431640625,179.6707000732422,480.0162353515625,408.4698181152344,87.58724975585938,163.57000732421875,464.31805419921875,102.6948471069336
2024-03-18,171.84657287597656,174.47999572753906,146.28797912597656,181.89891052246094,492.7875061035156,409.35260009765625,88.20349884033203,173.8000030517578,460.75164794921875,103.64546966552734
2024-03-19,174.18115234375,175.89999389648438,145.64410400390625,182.96578979492188,492.0537414550781,413.36456298828125,89.1438217163086,171.32000732421875,466.6830749511719,104.37459564208984
2024-03-20,176.74319458007812,178.14999389648438,147.33798217773438,185.36392211914062,501.2554931640625,417.1116027832031,90.11504364013672,175.66000366210938,467.5439453125,104.28228759765625
2024-03-21,169.52194213867188,178.14999389648438,146.208740234375,187.94142150878906,503.47662353515625,421.1725769042969,91.1750259399414,172.82000732421875,465.14105224609375,104.7437515258789
2024-03-22,170.422119140625,178.8699951171875,149.348876953125,185.6376953125,505.2812194824219,420.5545959472656,94.02091217041016,170.8300018310547,463.6085510253906,104.7437515258789
2024-03-25,169.00755310058594,179.7100067138672,148.65542602539062,183.93824768066406,498.7766418457031,414.7868347167969,94.73187255859375,172.6300048828125,459.6447448730469,105.81437683105469
2024-03-26,167.87982177734375,178.3000030517578,149.249755859375,184.7974090576172,491.70672607421875,413.5998840332031,92.29782104492188,177.6699981689453,465.7276611328125,105.02064514160156
2024-03-27,171.44100952148438,179.8300018310547,149.44790649414062,188.37574768066406,489.6938781738281,413.3841857910156,89.99339294433594,179.8300018310547,466.4749755859375,106.10970306396484
2024-03-28,169.6307373046875,180.3800048828125,149.50733947753906,189.11219787597656,481.48370361328125,412.6877136230469,90.0990982055664,175.7899932861328,467.9886474609375,107.28182220458984
2024-04-01,168.19638061523438,180.97000122070312,154.0243682861328,187.82815551757812,487.2050476074219,416.4642028808594,90.1060791015625,175.22000122070312,463.25860595703125,107.97402954101562
2024-04-02,167.01918029785156,180.69000244140625,153.1031036376953,187.7526092529297,493.17425537109375,413.39398193359375,89.1976547241211,166.6300048828125,433.4026184082031,110.0875473022461
2024-04-03,167.82049560546875,182.41000366210938,153.459716796875,187.22386169433594,502.4651794433594,412.4228515625,88.71105194091797,168.3800048828125,434.9162292480469,110.10601043701172
2024-04-04,166.9994354248047,180.0,149.11109924316406,185.79940795898438,506.6099548339844,409.90191650390625,85.66075134277344,171.11000061035156,430.7917175292969,110.4936294555664
2024-04-05,167.75125122070312,185.07000732421875,151.06253051757812,187.50875854492188,522.8914794921875,417.3960266113281,87.75777435302734,164.89999389648438,431.1322021484375,112.01649475097656
2024-04-08,166.6334228515625,185.19000244140625,153.390380859375,188.4868927001953,514.8697509765625,416.4837951660156,86.88525390625,172.97999572753906,431.378173828125,111.25967407226562
2024-04-09,167.84027099609375,185.6699981689453,155.12391662597656,187.223876953125,512.53955078125,418.14154052734375,85.11129760742188,176.8800048828125,434.8973388671875,111.84111785888672
2024-04-10,165.97064208984375,185.9499969482422,154.66822814941406,185.6284637451172,515.44482421875,415.17926025390625,86.79151916503906,171.75999450683594,425.7494201660156,112.78251647949219
2024-04-11,173.15231323242188,189.0500030517578,157.9074249267578,185.5904998779297,518.7466430664062,419.760009765625,90.35835266113281,174.60000610351562,417.8692321777344,112.40412902832031
2024-04-12,174.64608764648438,186.1300048828125,156.2432403564453,173.58688354492188,507.5816650390625,413.8451843261719,87.93524932861328,171.0500030517578,415.48529052734375,111.09355163574219
2024-04-15,170.82766723632812,183.6199951171875,153.40029907226562,173.68185424804688,496.0101013183594,405.7428894042969,85.75647735595703,161.47999572753906,421.5681457519531,110.45671844482422
2024-04-16,167.55340576171875,183.32000732421875,152.94461059570312,171.69705200195312,495.5440368652344,406.6649169921875,87.16645050048828,157.11000061035156,443.57220458984375,109.54301452636719
2024-04-17,166.18826293945312,181.27999877929688,154.0045166015625,171.0133056640625,490.001220703125,403.97723388671875,83.79606628417969,155.4499969482422,453.1268005371094,109.48764038085938
2024-04-18,165.2386016845703,179.22000122070312,154.5394287109375,172.12440490722656,497.56689453125,396.5517578125,84.43025207519531,149.92999267578125,466.5506286621094,109.38612365722656
2024-04-19,163.22064208984375,174.6300048828125,152.6375274658203,176.44529724121094,477.0117492675781,391.50006103515625,75.98332977294922,147.0500030517578,474.0713806152344,110.64131164550781
2024-04-22,164.0515594482422,177.22999572753906,154.8069305419922,179.8735809326172,477.66619873046875,393.304931640625,79.29190826416016,142.0500030517578,464.7059326171875,111.2688980102539
2024-04-23,165.1001434326172,179.5399932861328,156.7682342529297,182.4661407470703,491.9149475097656,399.78875732421875,82.18865203857422,144.67999267578125,459.9286193847656,111.70268249511719
2024-04-24,167.19729614257812,176.58999633789062,157.6300506591797,183.3588104248047,489.3369140625,401.2502746582031,79.45046997070312,162.1300048828125,460.98809814453125,111.72114562988281
2024-04-25,168.05789184570312,173.6699981689453,154.52955627441406,183.63418579101562,437.65655517578125,391.4216003417969,82.39706420898438,170.17999267578125,467.1938781738281,111.97956848144531
2024-04-26,167.47427368164062,179.6199951171875,170.32920837402344,183.74813842773438,439.55047607421875,398.5626220703125,87.48554992675781,168.2899932861328,468.60345458984375,108.86927795410156
2024-04-29,171.62896728515625,180.9600067138672,164.58384704589844,183.54872131347656,428.9704895019531,394.5702819824219,87.50749206542969,194.0500030517578,462.6247253417969,110.4197998046875
2024-04-30,168.49313354492188,175.0,161.24563598632812,182.08624267578125,426.5411682128906,381.8970031738281,86.15634155273438,183.27999877929688,457.5825500488281,109.15538024902344
2024-05-01,167.47427368164062,179.0,162.31544494628906,182.20022583007812,435.4850158691406,387.3999328613281,82.80487823486328,179.99000549316406,457.9703369140625,107.08802032470703
2024-05-02,171.16403198242188,184.72000122070312,165.04942321777344,182.01028442382812,437.9540100097656,390.2445068359375,85.572998046875,180.00999450683594,466.35198974609375,107.28182220458984
2024-05-03,181.40240478515625,186.2100067138672,165.66360473632812,180.9181671142578,448.1473083496094,398.8961181640625,88.53654479980469,181.19000244140625,465.8600769042969,107.06033325195312
2024-05-06,179.7504425048828,188.6999969482422,166.51548767089844,182.33316040039062,461.7515869140625,405.644775390625,91.87800598144531,184.75999450683594,467.6858825683594,107.75251770019531
2024-05-07,180.4329833984375,188.75999450683594,169.6357879638672,182.09576416015625,464.2899475097656,401.52490234375,90.29653930664062,177.80999755859375,473.9105529785156,107.21721649169922
2024-05-08,180.76931762695312,188.0,167.78341674804688,185.79940795898438,468.6131896972656,402.7020568847656,90.15493774414062,174.72000122070312,476.0390625,107.19876098632812
2024-05-09,182.57960510253906,189.5,168.3579864501953,187.5562286376953,471.409423828125,404.4481201171875,88.4946517944336,171.97000122070312,479.65283203125,109.31228637695312
2024-05-10,181.32156372070312,187.47999572753906,167.060302734375,188.76234436035156,472.1828308105469,406.8218078613281,89.6224594116211,168.47000122070312,485.1206970214844,108.86927795410156
2024-05-13,184.52108764648438,186.57000732421875,167.5457000732422,188.72434997558594,464.06195068359375,405.82135009765625,90.14197540283203,171.88999938964844,484.1084899902344,108.82313537597656
2024-05-14,185.66021728515625,187.07000732421875,168.734375,191.36434936523438,467.8695373535156,408.60711669921875,91.09625244140625,177.5500030517578,486.1329650878906,109.48373413085938
2024-05-15,187.9285888671875,185.99000549316406,170.88392639160156,191.93414306640625,477.4778137207031,415.75115966796875,94.36095428466797,173.99000549316406,489.60479736328125,110.33042907714844
2024-05-16,188.04745483398438,183.6300048828125,172.53814697265625,192.27601623535156,469.2379150390625,413.6973571777344,94.09071350097656,174.83999633789062,493.12396240234375,109.66981506347656
2024-05-17,188.07717895507812,184.6999969482422,174.40045166015625,194.4792022705078,467.9290466308594,412.9309387207031,92.21604919433594,177.4600067138672,496.3025207519531,111.31668090820312
2024-05-20,189.2361297607422,183.5399932861328,175.25234985351562,185.73292541503906,464.8849182128906,417.9720458984375,94.5105209350586,174.9499969482422,489.30206298828125,110.4141616821289
2024-05-21,190.5337677001953,183.14999389648438,176.17359924316406,189.47457885742188,460.7104797363281,421.60797119140625,95.11478424072266,186.60000610351562,495.28082275390625,109.65119934082031
2024-05-22,189.0974578857422,183.1300048828125,174.7174530029297,188.32546997070312,463.83392333984375,423.06231689453125,94.68002319335938,180.11000061035156,493.1996154785156,107.44609832763672
2024-05-23,185.1154327392578,181.0500030517578,171.91409301757812,187.00546264648438,461.8507385253906,419.6033020019531,103.50386810302734,173.74000549316406,488.9237060546875,105.61314392089844
2024-05-24,188.1861114501953,180.75,173.340576171875,190.6046600341797,474.185791015625,422.7085266113281,106.1662826538086,179.24000549316406,480.7312316894531,105.5293960571289
2024-05-28,188.19607543945312,182.14999389648438,174.7372589111328,189.45555114746094,475.8714599609375,422.86578369140625,113.57714080810547,176.75,476.48370361328125,106.86922454833984
2024-05-29,188.49322509765625,182.02000427246094,174.24197387695312,188.1355438232422,470.35833740234375,421.7357482910156,114.49851989746094,176.19000244140625,458.5475158691406,105.72478485107422
2024-05-30,189.48374938964844,179.32000732421875,170.48770141601562,189.2941131591797,463.11004638671875,407.4869079589844,110.1858139038086,178.7899932861328,455.6432189941406,106.05975341796875
2024-05-31,190.43467712402344,176.44000244140625,170.8740234375,192.427978515625,462.891845703125,407.9389343261719,109.32128143310547,178.0800018310547,468.6223449707031,109.10225677490234
2024-06-03,192.1978759765625,178.33999633789062,171.53770446777344,191.6587371826172,473.46197509765625,406.35675048828125,114.67301177978516,176.2899932861328,470.5806579589844,106.48773956298828
2024-06-04,192.514892578125,179.33999633789062,172.15184020996094,189.1326904296875,472.9661865234375,408.8626403808594,116.10594177246094,174.77000427246094,478.1959533691406,104.83158874511719
2024-06-05,194.02052307128906,181.27999877929688,173.756591796875,187.32833862304688,490.8837890625,416.66510009765625,122.09188079833984,175.0,475.95391845703125,105.25028228759766
2024-06-06,192.64364624023438,185.0,175.06414794921875,186.9959716796875,489.59466552734375,417.1662902832031,120.65398406982422,177.94000244140625,474.8186950683594,106.04114532470703
2024-06-07,195.0308837890625,184.3000030517578,172.81552124023438,189.8828887939453,488.80145263671875,416.5078430175781,120.5442886352539,177.47999572753906,464.195068359375,104.9060287475586
2024-06-10,191.29647827148438,187.05999755859375,173.55931091308594,189.5600128173828,498.3601379394531,420.4582214355469,121.4437255859375,173.7899932861328,468.2723693847656,105.21305847167969
2024-06-11,205.19400024414062,187.22999572753906,175.15597534179688,184.5743408203125,503.1890869140625,425.1849060058594,120.57612609863281,170.66000366210938,469.426513671875,104.36636352539062
2024-06-12,211.05812072753906,186.88999938964844,176.3162841796875,181.88682556152344,504.5474853515625,433.4197692871094,124.85427856445312,177.2899932861328,466.44659423828125,103.21263885498047
2024-06-13,212.2170867919922,183.8300018310547,173.70806884765625,183.9096221923828,499.84747314453125,433.9307556152344,129.25209045410156,182.47000122070312,470.44818115234375,102.3845443725586
2024-06-14,210.483642578125,183.66000366210938,175.32456970214844,184.02354431152344,500.4033508300781,434.9035949707031,131.51585388183594,178.00999450683594,470.2779235839844,101.51924896240234
2024-06-17,214.62411499023438,184.05999755859375,175.77084350585938,185.1631317138672,502.8548889160156,440.60308837890625,130.61831665039062,187.44000244140625,464.7773132324219,100.8214340209961
2024-06-18,212.2666015625,182.80999755859375,173.63864135742188,187.08143615722656,495.7680969238281,438.6082458496094,135.2056121826172,184.86000061035156,457.00616455078125,101.77046966552734
2024-06-20,207.7001495361328,186.10000610351562,174.838623046875,188.66734313964844,497.961669921875,437.9793701171875,130.4188690185547,181.57000732421875,460.3027038574219,103.96627044677734
2024-06-21,205.5308074951172,189.0800018310547,178.14102172851562,186.4166717529297,491.09320068359375,441.9887390136719,126.22048950195312,183.00999450683594,458.4692077636719,103.0544662475586
2024-06-24,206.17465209960938,185.57000732421875,177.73443603515625,188.8667755126953,495.1924133300781,439.9152526855469,117.78385162353516,182.5800018310547,465.48980712890625,106.11559295654297
2024-06-25,207.09588623046875,186.33999633789062,182.50454711914062,188.09756469726562,506.7953796386719,443.1384582519531,125.74181365966797,187.35000610351562,460.2837829589844,106.41331481933594
2024-06-26,211.23641967773438,193.61000061035156,182.35580444335938,187.48976135253906,509.2966003417969,444.3274230957031,126.05096435546875,196.3699951171875,459.8467102050781,106.45054626464844
2024-06-27,212.07839965820312,197.85000610351562,183.87313842773438,189.1421661376953,515.6885375976562,445.0054931640625,123.64762115478516,197.4199981689453,462.12677001953125,106.90642547607422
2024-06-28,208.6312255859375,193.25,180.64013671875,192.0765838623047,500.46282958984375,439.2077331542969,123.19886779785156,197.8800048828125,483.80621337890625,107.11114501953125
2024-07-01,214.703369140625,197.1999969482422,181.47317504882812,195.10598754882812,500.9194641113281,448.81829833984375,123.95677185058594,209.86000061035156,469.9263610839844,106.96226501464844
2024-07-02,218.1901397705078,200.0,183.70448303222656,198.31582641601562,505.7035217285156,451.32415771484375,122.3312759399414,231.25999450683594,473.3369445800781,106.23652648925781
2024-07-03,219.45802307128906,197.58999633789062,184.27972412109375,198.18284606933594,506.1601257324219,452.7883605957031,127.92576599121094,246.38999938964844,465.404296875,106.77619171142578
2024-07-05,224.20281982421875,200.0,189.0200958251953,195.5568084716797,535.8869018554688,459.460693359375,125.4825439453125,251.52000427246094,463.6183166503906,105.48289489746094
2024-07-08,225.6688690185547,199.2899932861328,187.4630889892578,195.91969299316406,525.3757934570312,458.1635437011719,127.84596252441406,252.94000244140625,464.8818359375,104.37567138671875
2024-07-09,226.52069091796875,199.33999633789062,187.4135284423828,198.26881408691406,526.0507202148438,451.5796813964844,131.01722717285156,262.3299865722656,467.51336669921875,103.2219467163086
2024-07-10,230.7801055908203,199.7899932861328,189.5952606201172,198.43112182617188,530.705810546875,458.17340087890625,134.53749084472656,263.260009765625,475.8925476074219,104.13375854492188
2024-07-11,225.4212188720703,195.0500030517578,184.0317840576172,198.09689331054688,508.87969970703125,446.823486328125,127.04821014404297,241.02999877929688,479.151123046875,105.37123107910156
2024-07-12,228.36312866210938,194.49000549316406,183.53591918945312,195.70010375976562,495.1527099609375,445.69342041015625,128.88314819335938,248.22999572753906,485.9627380371094,105.38983917236328
2024-07-15,232.18670654296875,192.72000122070312,184.9838409423828,200.5797119140625,492.4629211425781,446.0962829589844,128.08531188964844,252.63999938964844,489.6108093261719,107.19487762451172
2024-07-16,232.60275268554688,193.02000427246094,182.39547729492188,203.98873901367188,486.140380859375,441.73321533203125,126.01107025146484,256.55999755859375,521.4363403320312,107.96712493896484
2024-07-17,226.71885681152344,187.92999267578125,179.51951599121094,207.09219360351562,458.5474853515625,435.8371276855469,117.66417694091797,248.5,544.6263427734375,109.45581817626953
2024-07-18,222.0631866455078,183.75,176.2171173095703,200.51283264160156,472.30426025390625,432.7416687011719,120.75563049316406,249.22999572753906,536.1331787109375,110.53512573242188
2024-07-19,222.1919708251953,183.1300048828125,176.18736267089844,200.32186889648438,473.2372741699219,429.53814697265625,117.60435485839844,239.1999969482422,537.07373046875,107.99504852294922
2024-07-22,221.84530639648438,182.5500030517578,180.1641082763672,200.79931640625,483.7681884765625,435.26715087890625,123.19886779785156,251.50999450683594,530.6135864257812,107.25069427490234
2024-07-23,222.8853759765625,186.41000366210938,180.28311157226562,200.84707641601562,485.0485534667969,437.1440734863281,122.25147247314453,246.3800048828125,526.9750366210938,105.52009582519531
2024-07-24,216.4764404296875,180.8300018310547,171.1990509033203,199.18551635742188,457.8328857421875,421.4703369140625,113.93452453613281,215.99000549316406,531.7725830078125,107.00879669189453
2024-07-25,215.43637084960938,179.85000610351562,165.89340209960938,199.2619171142578,450.0314636230469,411.1522521972656,111.9699478149414,220.25,531.7060546875,109.26042938232422
2024-07-26,215.9019317626953,182.5,165.61572265625,202.67098999023438,462.2298889160156,417.90325927734375,112.74779510498047,219.8000030517578,541.2442626953125,109.16739654541016
2024-07-29,216.17929077148438,183.1999969482422,168.12472534179688,201.3436279296875,462.2397766113281,419.3379821777344,111.28184509277344,232.10000610351562,538.4227294921875,108.02294921875
2024-07-30,216.73403930664062,181.7100067138672,168.87841796875,205.48794555664062,459.73858642578125,415.5939636230469,103.44357299804688,222.6199951171875,547.5238647460938,109.9489517211914
2024-07-31,219.98304748535156,186.97999572753906,170.11810302734375,203.2057342529297,471.2918701171875,411.1031494140625,116.69686126708984,232.07000732421875,547.3623657226562,110.3397216796875
2024-08-01,216.2981719970703,184.07000732421875,169.34454345703125,198.5839385986328,494.0310974121094,409.8845520019531,108.90843200683594,216.86000061035156,544.141845703125,108.81382751464844
2024-08-02,217.78399658203125,167.89999389648438,165.27853393554688,190.16159057617188,484.502685546875,401.41387939453125,106.97378540039062,207.6699981689453,560.3491821289062,108.74868774414062
2024-08-05,207.2940216064453,161.02000427246094,157.92996215820312,186.1127166748047,472.1851806640625,388.30499267578125,100.172607421875,198.8800048828125,541.472412109375,106.78549194335938
2024-08-06,205.2732696533203,161.92999267578125,156.97792053222656,191.30746459960938,490.4082946777344,392.687744140625,103.96212768554688,200.63999938964844,539.9427490234375,106.21793365478516
2024-08-07,207.8388214111328,162.77000427246094,157.62254333496094,191.36477661132812,485.2768249511719,391.5281982421875,98.63687133789062,191.75999450683594,537.7861938476562,107.6321792602539
2024-08-08,211.29586791992188,165.8000030517578,160.68692016601562,194.85977172851562,505.83251953125,395.71441650390625,104.68013000488281,198.83999633789062,537.9381713867188,109.68842315673828
2024-08-09,214.1981964111328,166.94000244140625,162.31333923339844,196.52133178710938,513.9118041992188,398.9867248535156,104.46075439453125,200.0,530.83203125,110.5816421508789
2024-08-12,215.72543334960938,166.8000030517578,160.9447479248047,196.89373779296875,512.1055297851562,399.76300048828125,108.71895599365234,197.49000549316406,537.03564453125,110.72120666503906
2024-08-13,219.43438720703125,170.22999572753906,162.7992401123047,198.56483459472656,524.6016235351562,406.83831787109375,115.81929016113281,207.8300018310547,545.5382690429688,109.66050720214844
2024-08-14,219.8806610107422,170.10000610351562,159.04066467285156,200.76113891601562,522.8349609375,409.6389465332031,117.7539291381836,201.3800048828125,550.6968383789062,110.6746826171875
2024-08-15,222.85577392578125,177.58999633789062,159.96295166015625,202.01206970214844,533.326171875,414.4823913574219,122.52074432373047,214.13999938964844,550.639892578125,111.359375
2024-08-16,224.1747283935547,177.05999755859375,161.60919189453125,204.3229522705078,523.489990234375,411.96221923828125,124.2359848022461,216.1199951171875,548.806396484375,110.83413696289062
2024-08-19,224.0160675048828,178.22000122070312,165.28846740722656,205.73623657226562,525.3361206054688,414.9746398925781,129.64102172851562,222.72000122070312,549.8514404296875,111.17176818847656
2024-08-20,224.6309356689453,178.8800048828125,165.79421997070312,204.84815979003906,522.8051147460938,418.19378662109375,126.89861297607422,221.10000610351562,551.6279296875,107.46697998046875
2024-08-21,224.5218048095703,180.11000061035156,164.4752655029297,204.924560546875,531.1724243164062,417.5440979003906,128.14515686035156,223.27000427246094,549.1769409179688,106.78231811523438
2024-08-22,222.66734313964844,176.1300048828125,162.44223022460938,206.86302185058594,527.9664306640625,409.087646484375,123.39830780029297,210.66000366210938,549.79443359375,107.60768127441406
2024-08-23,224.9581756591797,177.0399932861328,164.2471466064453,208.46725463867188,524.0657348632812,410.3083801269531,129.01275634765625,220.32000732421875,555.2951049804688,109.09896850585938
2024-08-26,225.2953643798828,175.5,164.78268432617188,209.2884979248047,517.2369995117188,407.0596618652344,126.11080169677734,213.2100067138672,557.7841186523438,111.43439483642578
2024-08-27,226.13832092285156,173.1199951171875,163.31494140625,210.25296020507812,515.2319946289062,407.4042663574219,127.94573211669922,209.2100067138672,557.9930419921875,110.37454986572266
2024-08-28,224.611083984375,170.8000030517578,161.50010681152344,211.3129119873047,512.9292602539062,404.2146301269531,125.26314544677734,205.75,559.1235961914062,109.28657531738281
2024-08-29,227.88369750976562,172.1199951171875,160.43898010253906,212.19143676757812,514.3585815429688,406.6954345703125,117.2652816772461,206.27999877929688,562.002197265625,110.79661560058594
2024-08-30,227.10025024414062,178.5,162.02572631835938,214.66468811035156,517.4255981445312,410.6529235839844,119.04037475585938,214.11000061035156,560.7005615234375,110.61841583251953
2024-09-03,220.9219512939453,176.25,156.0556182861328,210.36756896972656,507.9466857910156,403.0726318359375,107.70176696777344,210.60000610351562,568.7567138671875,108.3017578125
2024-09-04,219.0178680419922,173.3300018310547,155.15313720703125,209.44129943847656,508.9193420410156,402.54107666015625,105.91670989990234,219.41000366210938,573.9818725585938,106.97927856445312
2024-09-05,220.5352020263672,177.88999938964844,155.93661499023438,207.8179473876953,513.0086669921875,402.03900146484375,106.91394805908203,230.1699981689453,565.7262573242188,106.14451599121094
2024-09-06,218.98809814453125,171.38999938964844,149.66900634765625,202.8810577392578,496.54229736328125,395.4530334472656,102.54605865478516,210.72999572753906,567.046630859375,105.64742279052734
2024-09-09,219.07737731933594,175.39999389648438,147.6730194091797,207.03492736816406,501.02862548828125,399.4104919433594,106.1760025024414,216.27000427246094,564.4057006835938,107.87030792236328
2024-09-10,218.2840118408203,179.5500030517578,147.62338256835938,196.2921142578125,501.02862548828125,407.7586669921875,107.80148315429688,226.1699981689453,569.0892944335938,103.94042205810547
2024-09-11,220.8128662109375,184.52000427246094,150.10594177246094,197.88682556152344,508.0161437988281,416.461181640625,116.58717346191406,228.1300048828125,560.2731323242188,102.90869903564453
2024-09-12,220.9219512939453,187.0,153.611328125,197.28524780273438,521.6835327148438,420.3595886230469,118.82117462158203,229.80999755859375,559.009521484375,104.32496643066406
2024-09-13,220.6541748046875,186.49000549316406,156.3620147705078,195.10801696777344,520.7108764648438,423.893798828125,118.78128814697266,230.2899932861328,564.6146240234375,104.24993133544922
2024-09-16,214.5254669189453,184.88999938964844,156.9578094482422,198.48841857910156,529.8113403320312,424.632080078125,116.46749877929688,226.77999877929688,561.6783447265625,105.71308898925781
2024-09-17,214.99154663085938,186.8800048828125,158.20904541015625,199.81576538085938,532.8314819335938,428.3828430175781,115.28067016601562,227.8699951171875,551.0194091796875,107.0918197631836
2024-09-18,218.8592071533203,186.42999267578125,158.69561767578125,198.17330932617188,534.4508056640625,424.11029052734375,113.06661987304688,227.1999969482422,553.5840454101562,107.46697998046875
2024-09-19,226.97134399414062,189.8699951171875,161.00933837890625,200.9903106689453,555.4632568359375,431.8678283691406,117.55457305908203,243.9199981689453,550.1708374023438,108.79883575439453
2024-09-20,226.306884765625,191.60000610351562,162.44927978515625,201.57281494140625,557.6986694335938,428.5009765625,115.68958282470703,238.25,548.1973876953125,108.11415100097656
2024-09-23,224.59124755859375,193.8800048828125,160.7213897705078,201.90699768066406,560.73876953125,426.7683410644531,115.94888305664062,250.0,546.681396484375,110.07442474365234
2024-09-24,225.48377990722656,193.9600067138672,161.15830993652344,202.0502471923828,559.665771484375,422.4958801269531,120.54655456542969,254.27000427246094,548.3784790039062,109.7836685180664
2024-09-25,224.49209594726562,192.52999877929688,160.3638916015625,200.71340942382812,564.6134033203125,425.3901062011719,123.17948150634766,257.0199890136719,549.4462890625,107.64520263671875
2024-09-26,225.63255310058594,191.16000366210938,161.59524536132812,200.32186889648438,564.1465454101562,424.6025695800781,123.70805358886719,254.22000122070312,548.0162353515625,105.79750061035156
2024-09-27,225.90029907226562,187.97000122070312,162.8067626953125,201.00941467285156,563.6696166992188,421.36370849609375,121.07512664794922,260.4599914550781,554.7280883789062,108.6300277709961
2024-09-30,231.06707763671875,186.3300018310547,164.69349670410156,201.35317993164062,568.7166137695312,423.6082763671875,121.11502838134766,261.6300048828125,557.4261474609375,109.943115234375
2024-10-01,224.33340454101562,185.1300048828125,165.82554626464844,197.70542907714844,572.7202758789062,414.147705078125,116.68689727783203,258.0199890136719,556.1104125976562,112.48486328125
2024-10-02,224.89866638183594,184.75999450683594,164.7034454345703,197.94410705566406,569.0841064453125,410.6430969238281,118.53195190429688,249.02000427246094,564.7005615234375,113.9761734008789
2024-10-03,223.79786682128906,181.9600067138672,164.7034454345703,195.97702026367188,578.9794311523438,410.0622253417969,122.52124786376953,240.66000366210938,565.1199951171875,114.97036743164062
2024-10-04,224.91851806640625,186.50999450683594,165.89505004882812,202.93295288085938,592.0637817382812,409.5897521972656,124.58570098876953,250.0800018310547,563.6422119140625,117.08069610595703
2024-10-07,219.8509063720703,180.8000030517578,161.84349060058594,202.65432739257812,580.976318359375,403.1711120605469,127.37821197509766,240.8300018310547,556.3583984375,117.58716583251953
2024-10-08,223.8970489501953,182.72000122070312,163.2337646484375,202.48138427734375,589.0335693359375,408.26068115234375,132.5343780517578,244.5,554.470703125,114.46388244628906
2024-10-09,227.63577270507812,185.1699981689453,160.73130798339844,205.04660034179688,586.6689453125,410.96795654296875,132.29502868652344,241.0500030517578,563.6612548828125,114.51077270507812
2024-10-10,227.1399383544922,186.64999389648438,160.94981384277344,204.48939514160156,580.032470703125,409.3731384277344,134.4492645263672,238.77000427246094,569.8392333984375,115.49559783935547
2024-10-11,225.6622772216797,188.82000732421875,162.1016845703125,213.56861877441406,586.1126708984375,409.845703125,134.43927001953125,217.8000030517578,570.1729125976562,115.93641662597656
2024-10-14,229.3811798095703,187.5399932861328,163.80970764160156,212.79039001464844,586.5797119140625,412.621826171875,137.70053100585938,219.16000366210938,577.1803588867188,116.37725067138672
2024-10-15,231.9100341796875,187.69000244140625,164.3062286376953,213.66470336914062,582.4566650390625,412.22802734375,131.2478485107422,219.57000732421875,530.3594970703125,112.87879180908203
2024-10-16,229.85720825195312,186.88999938964844,164.00830078125,214.8656463623047,573.0382690429688,409.6487731933594,135.3568115234375,221.3300018310547,544.7079467773438,113.1695556640625
2024-10-17,230.22412109375,187.52999877929688,161.79385375976562,215.61505126953125,573.1773681640625,410.23944091796875,136.5635528564453,220.88999938964844,539.6455078125,112.87879180908203
2024-10-18,233.0504913330078,188.99000549316406,162.28042602539062,216.5277862548828,572.7202758789062,411.6570739746094,137.63070678710938,220.6999969482422,543.0586547851562,112.55990600585938
2024-10-21,234.51821899414062,189.07000732421875,162.92593383789062,214.25076293945312,571.4188232421875,412.2674255371094,143.32542419433594,218.85000610351562,544.831787109375,112.62555694580078
2024-10-22,233.90335083007812,189.6999969482422,163.9884490966797,215.32681274414062,578.2243041992188,420.8616638183594,143.2057647705078,217.97000122070312,543.2969360351562,113.20707702636719
2024-10-23,228.84564208984375,184.7100067138672,161.6448974609375,214.64466857910156,560.0234985351562,417.9969482421875,139.18653869628906,213.64999389648438,538.3203125,112.80376434326172
2024-10-24,228.6572265625,186.3800048828125,161.58534240722656,216.153076171875,564.0867919921875,418.1249084472656,140.03424072265625,260.4800109863281,534.6688232421875,112.16598510742188
2024-10-25,229.4902801513672,187.8300018310547,164.11753845214844,213.58782958984375,569.521240234375,421.4917297363281,141.16122436523438,269.19000244140625,538.243896484375,112.07218933105469
2024-10-28,231.46372985839844,188.38999938964844,165.5574493408203,216.65267944335938,574.3993530273438,419.9559631347656,140.14398193359375,262.510009765625,538.892333984375,111.51881408691406
2024-10-29,231.73150634765625,190.8300018310547,168.4967498779297,214.15467834472656,589.4210205078125,425.2326354980469,140.8719940185547,259.5199890136719,535.92724609375,109.99937438964844
2024-10-30,228.19114685058594,192.72999572753906,173.24346923828125,215.60546875,587.9505615234375,425.8036193847656,138.96710205078125,257.54998779296875,536.7185668945312,109.44600677490234
2024-10-31,224.035888671875,186.39999389648438,169.9168243408203,213.213134765625,563.88818359375,400.03070068359375,132.40472412109375,249.85000610351562,538.1867065429688,109.53042602539062
2024-11-01,221.06077575683594,197.92999267578125,170.0955352783203,214.19313049316406,563.4708251953125,403.9881896972656,135.0376739501953,248.97999572753906,541.104248046875,107.81401824951172
2024-11-04,220.16819763183594,195.77999877929688,168.05984497070312,211.15708923339844,557.0330200195312,402.10791015625,135.6859130859375,242.83999633789062,531.7705078125,111.24681854248047
2024-11-05,221.59628295898438,199.5,168.556396484375,212.80001831054688,568.7066040039062,405.06121826171875,139.53558349609375,251.44000244140625,540.598876953125,111.57508087158203
2024-11-06,220.8723602294922,207.08999633789062,175.2791748046875,237.36679077148438,568.3291015625,413.64569091796875,145.22036743164062,288.5299987792969,568.8763427734375,113.48844146728516
2024-11-07,225.59286499023438,210.0500030517578,179.48959350585938,227.10581970214844,587.851318359375,418.81396484375,148.48159790039062,296.9100036621094,577.2280883789062,113.62914276123047
2024-11-08,225.3248291015625,208.17999267578125,177.10633850097656,227.6822509765625,585.5066528320312,415.968994140625,147.2349395751953,321.2200012207031,587.1051025390625,113.59162902832031
2024-11-11,222.61448669433594,206.83999633789062,179.0924072265625,229.901611328125,579.3767700195312,411.5093994140625,144.8712615966797,350.0,596.1051025390625,112.9913558959961
2024-11-12,222.61448669433594,208.91000366210938,180.35353088378906,230.1610565185547,581.0160522460938,416.45135498046875,147.89315795898438,328.489990234375,586.0181884765625,112.87879180908203
2024-11-13,223.498046875,214.10000610351562,177.6326446533203,231.69830322265625,576.2274169921875,418.58758544921875,145.8785858154297,330.239990234375,577.62841796875,113.92926788330078
2024-11-14,226.5757293701172,211.47999572753906,174.3556365966797,232.38038635253906,573.40576171875,420.2513122558594,146.3672332763672,311.17999267578125,565.5014038085938,114.00492095947266
2024-11-15,223.3789520263672,202.61000061035156,171.28721618652344,235.68545532226562,550.4760131835938,408.54620361328125,141.60003662109375,320.7200012207031,564.624267578125,112.82288360595703
2024-11-18,226.37718200683594,201.6999969482422,174.0775909423828,235.4164276123047,550.7939453125,409.2944030761719,139.77493286132812,338.739990234375,562.16455078125,113.76850891113281
2024-11-19,226.63528442382812,204.61000061035156,176.8779296875,233.5525360107422,557.4404296875,411.2928466796875,146.6165771484375,346.0,550.1040649414062,112.17984771728516
2024-11-20,227.35011291503906,202.8800048828125,174.75283813476562,231.3331756591797,561.8416137695312,409.0285949707031,145.4995880126953,342.0299987792969,572.5087280273438,113.77796936035156
2024-11-21,226.87359619140625,198.3800048828125,166.46109008789062,235.15704345703125,559.4274291992188,407.26287841796875,146.2775115966797,339.6400146484375,569.6389770507812,115.30043029785156
2024-11-22,228.21383666992188,197.1199951171875,163.611083984375,238.79835510253906,555.5030517578125,411.3367919921875,141.57015991210938,352.55999755859375,563.3275146484375,115.16803741455078
2024-11-25,231.19223022460938,201.4499969482422,166.48092651367188,240.47007751464844,561.4342041015625,413.1025085449219,135.65599060058594,338.5899963378906,577.5902709960938,113.44700622558594
2024-11-26,233.366455078125,207.86000061035156,167.940673828125,240.16262817382812,569.8093872070312,422.17755126953125,136.5535888671875,338.2300109863281,578.5054321289062,111.55574798583984
2024-11-27,233.2373809814453,205.74000549316406,168.0499267578125,239.9896697998047,565.4976196289062,417.24542236328125,134.97781372070312,332.8900146484375,580.0214233398438,111.2625961303711
2024-11-29,235.62010192871094,207.88999938964844,167.77188110351562,239.9224395751953,570.5842895507812,417.70904541015625,137.88003540039062,345.1600036621094,581.7565307617188,111.54627990722656
2024-12-02,237.86380004882812,210.7100067138672,170.29420471191406,236.58859252929688,588.9739379882812,425.126953125,138.259033203125,357.0899963378906,580.1549072265625,111.44227600097656
2024-12-03,240.90176391601562,213.44000244140625,170.1451873779297,235.21469116210938,609.658447265625,425.343994140625,139.88465881347656,351.4200134277344,577.0182495117188,111.27205657958984
2024-12-04,241.25918579101562,218.16000366210938,173.15408325195312,233.85037231445312,609.7876586914062,431.4794921875,144.7515869140625,357.92999267578125,582.319091796875,108.06637573242188
2024-12-05,241.28895568847656,220.5500030517578,171.43614196777344,235.84877014160156,604.96923828125,436.6088562011719,144.68177795410156,369.489990234375,551.9822998046875,108.53919219970703
2024-12-06,241.0903778076172,227.02999877929688,173.49171447753906,237.65499877929688,619.7127685546875,437.5459899902344,142.06863403320312,389.2200012207031,524.0003662109375,107.39498138427734
2024-12-09,244.9722442626953,226.08999633789062,174.34671020507812,234.24432373046875,609.5790405273438,439.9626770019531,138.44805908203125,389.7900085449219,536.5377197265625,106.76140594482422
2024-12-10,245.98487854003906,225.0399932861328,184.08950805664062,233.3315887451172,615.2916259765625,437.3091735839844,134.71783447265625,400.989990234375,540.911376953125,106.54391479492188
2024-12-11,244.71412658691406,230.25999450683594,194.25982666015625,233.9752960205078,628.5647583007812,442.89239501953125,138.94674682617188,424.7699890136719,510.6114807128906,105.8346939086914
2024-12-12,246.17352294921875,228.97000122070312,190.83990478515625,232.0537567138672,626.6870727539062,443.4546203613281,136.98191833496094,418.1000061035156,493.6047058105469,105.7401351928711
2024-12-13,246.34228515625,227.4600067138672,188.71238708496094,230.52613830566406,616.3148803710938,441.19573974609375,133.89996337890625,436.2300109863281,498.1219177246094,104.81341552734375
2024-12-16,249.2313232421875,232.92999267578125,195.5124969482422,230.18028259277344,620.6798095703125,445.45703125,131.6558380126953,463.0199890136719,477.086181640625,102.57228088378906
2024-12-17,251.6537322998047,231.14999389648438,194.27969360351562,229.00811767578125,615.9071655273438,448.2880554199219,130.050048828125,479.8599853515625,464.6637268066406,102.13729095458984
2024-12-18,246.26287841796875,220.52000427246094,187.3006591796875,221.33160400390625,593.7841186523438,431.4498596191406,128.57388305664062,440.1300048828125,478.25372314453125,100.63373565673828
2024-12-19,247.99032592773438,223.2899932861328,187.41001892089844,223.82000732421875,592.1734008789062,431.0947570800781,130.33924865722656,436.1700134277344,468.2335205078125,99.77322387695312
2024-12-20,252.65647888183594,224.9199981689453,190.29310607910156,228.2779541015625,581.9122924804688,430.6706848144531,134.34877014160156,421.05999755859375,478.64617919921875,100.11365509033203
2024-12-23,253.4308624267578,225.05999755859375,193.49432373046875,229.03695678710938,596.4290161132812,429.3389587402344,139.3058319091797,430.6000061035156,484.58935546875,100.52027130126953
2024-12-24,256.3397521972656,229.0500030517578,194.96566772460938,232.8031463623047,604.2838745117188,433.3635559082031,139.8544158935547,462.2799987792969,484.35968017578125,100.61483001708984
2024-12-26,257.15380859375,227.0500030517578,194.4586639404297,233.6005859375,599.9090576171875,432.16009521484375,139.56515502929688,454.1300048828125,489.1927185058594,100.69993591308594
2024-12-27,253.74853515625,223.75,191.63523864746094,231.7078857421875,596.38916015625,424.68304443359375,136.6527557373047,431.6600036621094,488.08258056640625,100.69047546386719
2024-12-30,250.38296508789062,221.3000030517578,190.12413024902344,229.9304656982422,587.8681030273438,419.06048583984375,137.1315155029297,417.4100036621094,485.9866027832031,100.0096206665039
2024-12-31,248.61578369140625,219.38999938964844,188.1954345703125,230.30516052246094,582.1707763671875,415.7756652832031,133.9398651123047,403.8399963378906,484.1299743652344,101.72120666503906
2025-01-02,242.0931396484375,220.22000122070312,188.32464599609375,230.58377075195312,595.822509765625,412.89532470703125,137.9493865966797,379.2799987792969,482.8379821777344,101.47534942626953
2025-01-03,241.60665893554688,224.19000244140625,190.67088317871094,233.73509216308594,601.1817016601562,417.6005554199219,144.09332275390625,410.44000244140625,490.9632873535156,101.99544525146484
2025-01-06,243.23484802246094,227.61000061035156,195.72122192382812,232.5955352783203,626.6058959960938,422.03948974609375,149.04037475585938,411.04998779296875,491.6044616699219,101.88196563720703
2025-01-07,240.46495056152344,222.11000061035156,194.34930419921875,234.8360137939453,614.3661499023438,416.6338806152344,139.77459716796875,394.3599853515625,492.15960693359375,102.83704376220703
2025-01-08,240.951416015625,222.1300048828125,192.81829833984375,234.7974090576172,607.2369995117188,418.7940979003906,139.74468994140625,394.94000244140625,501.9884033203125,101.11601257324219
2025-01-10,235.1435546875,218.94000244140625,190.91941833496094,231.6490936279297,612.3475952148438,413.26031494140625,135.55564880371094,394.739990234375,498.3229675292969,100.7472152709961
2025-01-13,232.71121215820312,218.4600067138672,189.8954315185547,235.8403778076172,604.8605346679688,411.52423095703125,132.88262939453125,403.30999755859375,517.8944702148438,103.34769439697266
2025-01-14,231.59927368164062,217.75999450683594,188.5532989501953,238.98866271972656,590.86083984375,410.0248718261719,131.41644287109375,396.3599853515625,520.3827514648438,103.75431060791016
2025-01-15,236.15618896484375,223.35000610351562,194.40896606445312,243.70140075683594,613.6005249023438,420.5203552246094,135.88479614257812,428.2200012207031,520.0765991210938,105.44699096679688
2025-01-16,226.61544799804688,220.66000366210938,191.7843780517578,245.5556182861328,607.8136596679688,418.8138427734375,133.2217254638672,413.82000732421875,488.6568298339844,105.26731872558594
2025-01-17,228.3230438232422,225.94000244140625,194.8563232421875,250.2779998779297,609.2752075195312,423.2033996582031,137.35093688964844,426.5,487.86248779296875,106.21294403076172
2025-01-21,221.0359649658203,230.7100067138672,196.8943634033203,254.01536560058594,612.9442138671875,422.6806945800781,140.4628143310547,424.07000732421875,502.43817138671875,105.4091567993164
2025-01-22,222.21737670898438,235.00999450683594,197.21250915527344,253.8318634033203,619.9440307617188,440.1402282714844,146.68655395507812,415.1099853515625,497.3945617675781,103.57464599609375
2025-01-23,222.048583984375,235.4199981689453,196.8247528076172,256.8353576660156,632.8202514648438,440.643310546875,146.83615112304688,412.3800048828125,507.01287841796875,104.16093444824219
2025-01-24,221.17494201660156,234.85000610351562,199.04176330566406,255.76336669921875,643.7972412109375,438.0293273925781,142.24813842773438,406.5799865722656,509.63525390625,102.751953125
2025-01-27,228.20391845703125,235.4199981689453,190.69076538085938,256.73876953125,656.1165771484375,428.6583251953125,118.11123657226562,397.1499938964844,520.1722412109375,104.1798324584961
2025-01-28,236.54339599609375,238.14999389648438,194.160400390625,257.9844970703125,670.4842529296875,441.1266784667969,128.6536865234375,398.0899963378906,519.1768798828125,102.16566467285156
2025-01-29,237.63546752929688,237.07000732421875,194.26974487304688,257.4436950683594,672.6318969726562,436.32275390625,123.37747192382812,389.1000061035156,514.9849853515625,102.76140594482422
2025-01-30,235.8782196044922,234.63999938964844,199.69789123535156,259.03717041015625,683.08203125,409.3540954589844,124.32500457763672,400.2799987792969,522.13427734375,103.61246490478516
2025-01-31,234.29966735839844,237.67999267578125,202.8295135498047,258.1390380859375,685.2495727539062,409.4231872558594,119.7569351196289,404.6000061035156,519.1864624023438,101.02144622802734
2025-02-03,226.36721801757812,237.4199981689453,200.05580139160156,257.66583251953125,693.4822998046875,405.3393859863281,116.3558349609375,383.67999267578125,524.6320190429688,101.26730346679688
2025-02-04,231.1227264404297,242.05999755859375,205.17576599121094,258.757080078125,700.1739501953125,406.7696838378906,118.34063720703125,392.2099914550781,522.0194091796875,103.98126220703125
2025-02-05,230.7951202392578,236.1699981689453,190.21356201171875,261.1617736816406,700.85009765625,407.67718505859375,124.50452423095703,378.1700134277344,516.6215209960938,103.9056167602539
2025-02-06,231.53973388671875,238.8300018310547,190.4820098876953,267.4100036621094,707.929443359375,410.17279052734375,128.34449768066406,374.32000732421875,507.27130126953125,102.53446197509766
2025-02-07,225.989990234375,229.14999389648438,184.25852966308594,266.3477478027344,710.445068359375,404.18524169921875,129.50146484375,361.6199951171875,504.390625,102.96944427490234
2025-02-10,226.25833129882812,233.13999938964844,185.38194274902344,261.7508850097656,713.30859375,406.6216735839844,133.2217254638672,350.7300109863281,510.45831298828125,104.93635559082031
2025-02-11,231.19793701171875,232.75999450683594,184.2386474609375,265.5654602050781,715.6949462890625,405.8523254394531,132.45375061035156,328.5,510.98455810546875,105.5982894897461
2025-02-12,235.42196655273438,228.92999267578125,182.5386199951172,266.00970458984375,721.2431030273438,403.4848937988281,130.79806518554688,336.510009765625,504.7447509765625,102.42117309570312
2025-02-13,240.05348205566406,230.3699951171875,185.05386352539062,266.8498840332031,724.4049682617188,404.9645690917969,134.93724060058594,355.94000244140625,508.3623352050781,103.16536712646484
2025-02-14,243.10472106933594,228.67999267578125,184.14918518066406,267.1106262207031,732.4686889648438,402.8832092285156,138.48797607421875,355.8399963378906,501.0218200683594,103.27032470703125
2025-02-18,242.97549438476562,226.64999389648438,182.69766235351562,270.3554992675781,712.284423828125,404.0767517089844,139.0365447998047,354.1099853515625,479.2203369140625,105.08308410644531
2025-02-19,243.37307739257812,226.6300048828125,184.18894958496094,269.6794738769531,699.7562866210938,409.1370544433594,138.86697387695312,360.55999755859375,489.0874938964844,105.23573303222656
2025-02-20,244.32720947265625,222.8800048828125,183.48306274414062,257.65618896484375,690.8772583007812,411.30169677734375,139.74468994140625,354.3999938964844,480.8377685546875,106.85768127441406
2025-02-21,244.0489044189453,216.5800018310547,178.61167907714844,255.1839141845703,679.6516723632812,403.4735412597656,134.07948303222656,337.79998779296875,446.38421630859375,105.60782623291016
2025-02-24,245.58944702148438,212.7100067138672,178.2040557861328,252.38327026367188,664.319580078125,399.3124084472656,129.94032287597656,330.5299987792969,441.6947326660156,106.16119384765625
2025-02-25,245.52980041503906,212.8000030517578,174.3964080810547,248.5783233642578,653.7501220703125,393.2831726074219,126.2998275756836,302.79998779296875,450.174072265625,104.69190979003906
2025-02-26,238.89064025878906,214.35000610351562,171.72210693359375,249.92071533203125,669.8577880859375,395.09197998046875,130.93771362304688,290.79998779296875,443.6757507324219,104.43429565429688
2025-02-27,235.849365234375,208.74000549316406,167.51678466796875,250.1717987060547,654.4859619140625,387.97552490234375,119.83672332763672,281.95001220703125,448.43231201171875,105.09262084960938
2025-02-28,240.36160278320312,212.27999877929688,169.2864227294922,255.579833984375,664.3892211914062,392.3837890625,124.59429168701172,292.9800109863281,454.55731201171875,106.21844482421875
2025-03-03,236.57489013671875,205.02000427246094,166.0354766845703,251.68797302246094,651.314208984375,383.98236083984375,113.76260375976562,284.6499938964844,446.98712158203125,102.81236267089844
2025-03-04,234.4877166748047,203.8000030517578,169.92266845703125,241.67340087890625,636.3499755859375,384.1009826660156,115.68756866455078,272.0400085449219,454.22235107421875,102.60245513916016
2025-03-05,234.29885864257812,208.36000061035156,172.01040649414062,242.9095001220703,652.7260131835938,396.36700439453125,116.99415588378906,279.1000061035156,455.5335388183594,100.59888458251953
2025-03-06,233.89138793945312,200.6999969482422,171.3443145751953,238.09051513671875,624.3487548828125,392.2849426269531,110.28170776367188,263.45001220703125,466.7692565917969,102.67878723144531
2025-03-07,237.60853576660156,199.25,172.84552001953125,233.9765167236328,622.0917358398438,388.7464599609375,112.39617919921875,262.6700134277344,472.28179931640625,104.0145034790039
2025-03-10,226.08937072753906,194.5399932861328,165.092041015625,224.26129150390625,594.5795288085938,375.7490234375,106.70106506347656,222.14999389648438,461.5555114746094,106.66686248779297
2025-03-11,219.48995971679688,196.58999633789062,163.27059936523438,221.28688049316406,602.2555541992188,376.03564453125,108.47642517089844,230.5800018310547,467.14935302734375,104.14807891845703
2025-03-12,215.653564453125,198.88999938964844,166.32623291015625,220.08935546875,616.026611328125,378.82293701171875,115.4488525390625,248.08999633789062,462.41094970703125,104.11946105957031
2025-03-13,208.39817810058594,193.88999938964844,161.9966278076172,217.4722442626953,587.2715454101562,374.3751220703125,115.28925323486328,240.67999267578125,462.8050231933594,103.68057250976562
2025-03-14,212.18490600585938,197.9499969482422,164.71385192871094,224.47377014160156,604.6721801757812,384.05157470703125,121.36392974853516,249.97999572753906,469.6578369140625,106.76228332519531
2025-03-17,212.6917724609375,195.74000549316406,163.51947021484375,225.91268920898438,601.9852905273438,384.18994140625,119.22930908203125,238.00999450683594,479.62481689453125,108.53688049316406
2025-03-18,211.3897705078125,192.82000732421875,159.91644287109375,226.9170379638672,579.5538940429688,379.0700378417969,115.1396255493164,225.30999755859375,484.21905517578125,108.42237854003906
2025-03-19,213.92420959472656,195.5399932861328,163.12132263183594,230.91514587402344,581.2457275390625,383.3201599121094,117.22435760498047,235.86000061035156,483.6423645019531,110.11111450195312
2025-03-20,212.79116821289062,194.9499969482422,162.03643798828125,230.81858825683594,583.1763305664062,382.35150146484375,118.2318115234375,236.25999450683594,491.4275817871094,110.57861328125
2025-03-21,216.93568420410156,196.2100067138672,163.22085571289062,233.3488006591797,593.376953125,386.7202453613281,117.4039077758789,248.7100067138672,496.7618103027344,110.19698333740234
2025-03-24,219.38064575195312,203.25999450683594,166.8935546875,239.55844116210938,615.8680419921875,388.5191345214844,121.1045913696289,278.3900146484375,496.42547607421875,110.48320770263672
2025-03-25,222.38218688964844,205.7100067138672,169.76007080078125,242.5232391357422,623.2921142578125,390.57501220703125,120.38639068603516,288.1400146484375,493.4747619628906,111.23692321777344
2025-03-26,220.1757354736328,201.1300048828125,164.2858428955078,242.4266357421875,608.0359497070312,385.4452209472656,113.47382354736328,272.05999755859375,498.0593566894531,112.83980560302734
2025-03-27,222.48158264160156,201.36000061035156,161.4790802001953,239.61636352539062,599.6764526367188,386.0481262207031,111.14968872070312,273.1300048828125,495.6757507324219,112.47724914550781
2025-03-28,216.56793212890625,192.72000122070312,153.60617065429688,234.52700805664062,573.9610595703125,374.4048156738281,109.39411926269531,263.54998779296875,495.9833068847656,112.3246078491211
2025-03-31,220.7720947265625,190.25999450683594,153.91473388671875,236.89303588867188,573.5828247070312,371.0343933105469,108.10735321044922,259.1600036621094,503.3936767578125,113.46949768066406
2025-04-01,221.8256072998047,192.1699981689453,156.3333282470703,235.30921936035156,583.1763305664062,377.7554931640625,109.8729019165039,268.4599914550781,502.7881164550781,113.57445526123047
2025-04-02,222.52130126953125,196.00999450683594,156.30345153808594,237.39520263671875,581.1162719726562,377.70611572265625,110.14221954345703,282.760009765625,502.86505126953125,113.22144317626953
2025-04-03,201.9478759765625,178.41000366210938,150.01312255859375,220.852294921875,529.0584106445312,368.7808532714844,101.54391479492188,267.2799987792969,519.4349365234375,107.26793670654297
2025-04-04,187.22840881347656,171.0,144.91712951660156,204.32406616210938,502.2979431152344,355.66485595703125,94.07275390625,239.42999267578125,504.64312744140625,99.54936981201172
2025-04-07,180.35072326660156,175.25999450683594,146.06175231933594,208.36624145507812,513.762451171875,353.7077941894531,97.39436340332031,233.2899932861328,504.3067932128906,98.21365356445312
2025-04-08,171.36598205566406,170.66000366210938,144.02134704589844,210.7274169921875,507.9903869628906,350.4460754394531,96.05775451660156,221.86000061035156,531.583740234375,96.1432876586914
2025-04-09,197.6343994140625,191.10000610351562,157.9656219482422,227.7025909423828,582.9474487304688,385.95916748046875,114.04238891601562,272.20001220703125,556.0158081054688,100.94235229492188
2025-04-10,189.25595092773438,181.22000122070312,152.103271484375,220.6773681640625,543.65771484375,376.9252014160156,107.29940032958984,252.39999389648438,571.2977294921875,95.34185791015625
2025-04-11,196.93865966796875,184.8699951171875,156.40298461914062,229.50991821289062,540.9508056640625,383.9429016113281,110.65094757080078,252.30999755859375,576.170654296875,98.40447998046875
2025-04-14,201.28195190429688,182.1199951171875,158.32395935058594,228.07183837890625,528.9190673828125,383.310302734375,110.4314956665039,252.35000610351562,564.2430419921875,98.64299774169922
2025-04-15,200.90428161621094,179.58999633789062,155.57688903808594,226.52688598632812,519.007080078125,381.2544250488281,111.9177474975586,254.11000061035156,560.907958984375,98.36631774902344
2025-04-16,193.0823974609375,174.3300018310547,152.61087036132812,223.10658264160156,499.8895568847656,367.2982482910156,104.2271499633789,241.5500030517578,562.3014526367188,99.4062728881836
2025-04-17,195.7758331298828,172.61000061035156,150.4510498046875,225.38999938964844,499.06365966796875,363.5126647949219,101.23468017578125,241.3699951171875,436.4603271484375,102.01092529296875
2025-04-21,191.9791717529297,167.32000732421875,146.9774169921875,222.50413513183594,482.3246154785156,354.9531555175781,96.66622161865234,227.5,408.7989196777344,100.51300811767578
2025-04-22,198.51898193359375,173.17999267578125,150.75958251953125,228.91720581054688,497.869384765625,362.5638427734375,98.64122772216797,237.97000122070312,410.5769958496094,103.32756805419922
2025-04-23,203.3492431640625,180.60000610351562,154.6214141845703,234.05735778808594,517.7630004882812,370.0460205078125,102.45162200927734,250.74000549316406,411.3266906738281,102.44026184082031
2025-04-24,207.09619140625,186.5399932861328,158.532958984375,237.7108917236328,530.5809936523438,382.8061828613281,106.16226196289062,259.510009765625,407.7608947753906,103.64241027832031
2025-04-25,208.00062561035156,188.99000549316406,161.2003936767578,236.65174865722656,544.6329956054688,387.3033752441406,110.73075103759766,284.95001220703125,402.3689270019531,103.58516693115234
2025-04-28,208.85536193847656,187.6999969482422,159.85671997070312,236.33108520507812,547.091064453125,386.62139892578125,108.45648956298828,285.8800048828125,403.67608642578125,103.64241027832031
2025-04-29,209.91883850097656,187.38999938964844,159.4088134765625,237.69142150878906,551.7684326171875,389.4679870605469,108.7457504272461,292.0299987792969,393.32470703125,103.38481140136719
2025-04-30,211.20094299316406,184.4199981689453,158.0552215576172,237.69142150878906,546.3546752929688,390.6738586425781,108.64599609375,282.1600036621094,395.44879150390625,100.78014373779297
2025-05-01,212.01596069335938,190.1999969482422,160.54348754882812,239.8971405029297,569.4528198242188,420.4641418457031,111.32923126220703,280.5199890136719,385.10699462890625,100.92326354980469
2025-05-02,204.09466552734375,189.97999572753906,163.2606964111328,245.3579559326172,594.1432495117188,430.2294921875,114.21197509765625,287.2099914550781,384.37652587890625,101.3335189819336
2025-05-05,197.67416381835938,186.35000610351562,163.43983459472656,245.40655517578125,596.38232421875,431.1091613769531,113.53367614746094,280.260009765625,389.0764465332031,98.52849578857422
2025-05-06,197.29647827148438,185.00999450683594,162.4644317626953,242.19027709960938,584.4800415039062,428.2823486328125,113.25438690185547,275.3500061035156,379.1767578125,99.90238189697266
2025-05-07,195.05029296875,188.7100067138672,150.67001342773438,242.3263397216797,593.9342041015625,428.3218994140625,116.7655258178711,276.2200012207031,375.8608703613281,99.80697631835938
2025-05-08,196.28269958496094,192.0800018310547,153.556396484375,246.290771484375,595.1284790039062,433.08599853515625,117.07474517822266,284.82000732421875,370.5650329589844,101.199951171875
2025-05-09,197.31634521484375,193.05999755859375,152.03359985351562,245.9118194580078,589.6350708007812,433.63946533203125,116.35655975341797,298.260009765625,365.84588623046875,102.38301086425781
2025-05-12,209.776123046875,208.63999938964844,157.71682739257812,252.6843719482422,636.3489990234375,444.0472412109375,122.69058990478516,318.3800048828125,364.029296875,104.14807891845703
2025-05-13,211.9058380126953,211.3699951171875,158.7817840576172,255.560546875,652.8690185546875,443.9287109375,129.6031494140625,334.07000732421875,299.27777099609375,104.43429565429688
2025-05-14,211.3087158203125,210.25,164.59437561035156,258.1160888671875,656.1828002929688,447.6845703125,134.99952697753906,347.67999267578125,296.03875732421875,103.49930572509766
2025-05-15,210.43296813964844,205.1699981689453,163.19102478027344,259.91363525390625,640.7774047851562,448.6946105957031,134.49081420898438,342.82000732421875,263.68701171875,104.54884338378906
2025-05-16,210.24386596679688,205.58999633789062,165.41055297851562,259.98162841796875,637.2545776367188,449.82342529296875,135.0594024658203,349.9800109863281,280.564453125,104.1733169555664
2025-05-19,207.77578735351562,206.16000366210938,165.75889587402344,257.3775939941406,637.3441772460938,454.3783874511719,135.2289581298828,342.0899963378906,303.61248779296875,102.51716613769531
2025-05-20,205.8650360107422,204.07000732421875,163.21090698242188,258.1549377441406,634.0300903320312,453.6852722167969,134.04193115234375,343.82000732421875,309.081298828125,101.05359649658203
2025-05-21,201.11798095703125,201.1199951171875,167.76942443847656,253.64637756347656,632.437744140625,448.1401062011719,131.46844482421875,334.6199951171875,291.2042236328125,99.81149291992188
2025-05-22,200.39149475097656,203.10000610351562,170.068603515625,253.28684997558594,633.502685546875,450.40765380859375,132.49586486816406,341.0400085449219,285.13946533203125,99.14710998535156
2025-05-23,194.33079528808594,200.99000549316406,167.6798553466797,253.32569885253906,624.0384521484375,445.7734680175781,130.95973205566406,339.3399963378906,284.0822448730469,99.20487976074219
2025-05-27,199.24703979492188,206.02000427246094,172.08908081054688,257.7760009765625,639.2249145507812,456.1806335449219,135.1591033935547,362.8900146484375,283.53436279296875,99.67668151855469
2025-05-28,199.45599365234375,204.72000122070312,171.55162048339844,256.02691650390625,640.4789428710938,452.8831787109375,134.47088623046875,356.8999938964844,286.52349853515625,98.31903839111328
2025-05-29,198.98826599121094,205.6999969482422,171.053955078125,256.8820495605469,641.9418334960938,454.1902770996094,138.83985900878906,358.42999267578125,286.5811767578125,98.87750244140625
2025-05-30,199.88394165039062,205.00999450683594,170.9345245361328,256.5225524902344,644.3699951171875,455.8537902832031,134.7900848388672,346.4599914550781,290.1758117675781,98.50199127197266
2025-06-02,200.72984313964844,206.64999389648438,168.23719787597656,257.1637878417969,667.6672973632812,457.4480895996094,137.03440856933594,342.69000244140625,292.8765869140625,99.22415161132812
2025-06-03,202.29232788085938,205.7100067138672,165.4005889892578,258.72821044921875,663.63671875,458.4382629394531,140.86471557617188,344.2699890136719,289.51263427734375,99.94630432128906
2025-06-04,201.84446716308594,207.22999572753906,167.2618408203125,256.73626708984375,684.6351318359375,459.3294982910156,141.56298828125,332.04998779296875,288.705322265625,98.50199127197266
2025-06-05,199.6649932861328,207.91000366210938,167.4210662841797,254.5305938720703,681.3211059570312,463.1021728515625,139.6378631591797,284.70001220703125,284.3417053222656,98.04944610595703
2025-06-06,202.93919372558594,213.57000732421875,172.86541748046875,258.2035217285156,694.3480834960938,465.7757873535156,141.3634796142578,295.1400146484375,291.43487548828125,100.39884948730469
2025-06-09,200.48104858398438,216.97999572753906,175.47628784179688,259.1849060058594,690.7156982421875,468.1225891113281,142.2711944580078,308.5799865722656,291.4060974121094,101.07286071777344
2025-06-10,201.69517517089844,217.61000061035156,177.97755432128906,260.99224853515625,699.015380859375,466.31048583984375,143.5978546142578,326.0899963378906,291.98272705078125,103.23932647705078
2025-06-11,197.8238983154297,213.1999969482422,176.73190307617188,260.5549621582031,690.7952880859375,467.99383544921875,142.4805908203125,326.42999267578125,298.4896240234375,105.25172424316406
2025-06-12,198.24188232421875,213.24000549316406,175.087646484375,260.6424560546875,690.01904296875,474.1826171875,144.64529418945312,319.1099853515625,306.12103271484375,105.65614318847656
2025-06-13,195.50509643554688,212.10000610351562,174.0612335205078,257.4456481933594,679.57958984375,470.3109130859375,141.62269592285156,325.30999755859375,301.3442077636719,107.95741271972656
2025-06-16,197.46563720703125,216.10000610351562,176.15394592285156,262.702392578125,699.2744140625,474.45001220703125,144.33604431152344,329.1300048828125,297.8014831542969,108.30404663085938
2025-06-17,194.6990203857422,214.82000732421875,175.33677673339844,261.8861389160156,694.4041748046875,473.36077880859375,143.76742553710938,316.3500061035156,298.9726867675781,109.76760864257812
2025-06-18,195.6344757080078,212.52000427246094,172.71597290039062,266.20037841796875,692.9503173828125,475.5392150878906,145.1240997314453,322.04998779296875,297.3562316894531,108.98768615722656
2025-06-20,200.03323364257812,209.69000244140625,166.05923461914062,267.2109375,679.5845947265625,472.72705078125,143.4980926513672,322.1600036621094,292.3325500488281,110.44161224365234
2025-06-23,200.5308074951172,208.47000122070312,164.61427307128906,270.3883361816406,695.6990356445312,481.24285888671875,143.81732177734375,348.67999267578125,291.04510498046875,107.59150695800781
2025-06-24,199.33657836914062,212.77000427246094,166.1887969970703,273.2936706542969,709.3135986328125,485.3126220703125,147.53817749023438,340.4700012207031,295.82684326171875,104.31774139404297
2025-06-25,200.5905303955078,211.99000549316406,170.0851287841797,276.01434326171875,705.8078002929688,487.4515075683594,153.93251037597656,327.54998779296875,292.3421936035156,104.34662628173828
2025-06-26,200.03323364257812,217.1199951171875,172.93519592285156,280.5715026855469,723.1473388671875,492.5807800292969,154.64076232910156,325.7799987792969,292.9229736328125,105.90648651123047
2025-06-27,200.11285400390625,223.3000030517578,177.9077911376953,278.9779052734375,730.6568603515625,491.0855712890625,157.36407470703125,323.6300048828125,299.2049865722656,105.31912994384766
2025-06-30,204.1831512451172,219.38999938964844,175.6157989501953,281.6986389160156,735.0986938476562,492.5411682128906,157.603515625,317.6600036621094,301.973388671875,103.79779052734375
2025-07-01,206.82041931152344,220.4600067138672,175.2271728515625,282.1844787597656,716.30517578125,487.2336120605469,152.9249725341797,300.7099914550781,315.6893005371094,105.184326171875
2025-07-02,211.41819763183594,219.9199981689453,178.01739501953125,283.7294921875,710.6780395507812,486.28302001953125,156.8653106689453,315.6499938964844,297.7046813964844,106.92713928222656
2025-07-03,212.52285766601562,223.41000366210938,178.904296875,289.00177001953125,716.0960083007812,493.9571838378906,158.9501953125,315.3500061035156,298.6629333496094,108.03443908691406
2025-07-07,208.94017028808594,223.47000122070312,176.17385864257812,285.0670471191406,715.4385986328125,492.84814453125,157.85289001464844,293.94000244140625,293.97802734375,106.98490142822266
2025-07-08,208.9998779296875,219.36000061035156,173.75233459472656,276.0943298339844,717.7493286132812,491.7588806152344,159.60858154296875,297.80999755859375,297.8402099609375,109.95055389404297
2025-07-09,210.12445068359375,222.5399932861328,176.00445556640625,276.46539306640625,729.8101806640625,498.58148193359375,162.4815216064453,295.8800048828125,293.20367431640625,109.57503509521484
2025-07-10,211.3883514404297,222.25999450683594,177.00094604492188,281.37640380859375,724.2926025390625,496.5713195800781,163.6985626220703,309.8699951171875,289.9126281738281,110.6630859375
2025-07-11,210.14434814453125,225.02000427246094,179.56201171875,280.077880859375,714.6021728515625,498.393310546875,164.5165557861328,313.510009765625,294.3555908203125,111.14452362060547
2025-07-14,207.6165771484375,225.69000244140625,180.92723083496094,281.8743896484375,717.9982299804688,498.0962219238281,163.66864013671875,316.8999938964844,290.9483337402344,109.69058227539062
2025-07-15,208.1042022705078,226.35000610351562,181.36572265625,279.7751770019531,707.5109252929688,500.86883544921875,170.2824249267578,310.7799987792969,282.362548828125,108.71807861328125
2025-07-16,209.14915466308594,223.19000244140625,182.3323211669922,279.0624694824219,700.0611572265625,500.67083740234375,170.95077514648438,321.6700134277344,283.1175537109375,108.06332397460938
2025-07-17,209.0098419189453,223.8800048828125,182.94020080566406,283.0460205078125,698.5672607421875,506.6913146972656,172.5767822265625,319.4100036621094,278.8392028808594,107.51448822021484
2025-07-18,210.1642608642578,226.1300048828125,184.41502380371094,284.3835754394531,701.42578125,505.0574035644531,171.98822021484375,329.6499938964844,273.5928649902344,103.76890563964844
2025-07-21,211.4580078125,229.3000030517578,189.43746948242188,284.0906982421875,710.0803833007812,505.0673522949219,170.96075439453125,328.489990234375,273.0992431640625,104.03851318359375
2025-07-22,213.36875915527344,227.47000122070312,190.6731414794922,284.5398254394531,701.9535522460938,500.32421875,166.6213836669922,332.1099853515625,275.9934387207031,104.51032257080078
2025-07-23,213.11996459960938,228.2899932861328,189.5670166015625,289.74383544921875,710.6880493164062,500.9183349609375,170.36221313476562,332.55999755859375,283.1369323730469,105.84870910644531
2025-07-24,212.7318572998047,232.22999572753906,191.50025939941406,289.53875732421875,711.9031372070312,505.8793640136719,173.3149871826172,305.29998779296875,269.6533203125,106.6767807006836
2025-07-25,212.85128784179688,231.44000244140625,192.5067138671875,291.559814453125,709.7916259765625,508.68170166015625,173.07557678222656,316.05999755859375,272.0538024902344,106.30126190185547
2025-07-28,213.02044677734375,232.7899932861328,191.90882873535156,291.2279052734375,714.7215576171875,507.48345947265625,176.31761169433594,325.5899963378906,273.0798645019531,107.30265808105469
2025-07-29,210.2538299560547,231.00999450683594,195.06777954101562,290.0172119140625,697.1630249023438,507.55279541015625,175.0806121826172,321.20001220703125,252.7043914794922,108.68917846679688
2025-07-30,208.04449462890625,230.19000244140625,195.84506225585938,292.5459899902344,692.3924560546875,508.2161865234375,178.8314666748047,319.0400085449219,257.5151672363281,107.7455825805664
2025-07-31,206.57162475585938,234.11000061035156,191.23117065429688,289.236083984375,770.305419921875,528.2779541015625,177.4348602294922,308.2699890136719,241.56320190429688,107.4952163696289
2025-08-01,201.40658569335938,214.75,188.47085571289062,282.5285339355469,746.9703979492188,518.9797973632812,173.29501342773438,302.6300048828125,230.1510009765625,105.5694808959961
2025-08-04,202.37193298339844,211.64999389648438,194.3602294921875,287.3029479980469,773.2235107421875,530.3969116210938,179.55966186523438,309.260009765625,233.2581329345703,103.38375854492188
2025-08-05,201.94398498535156,213.75,193.9915313720703,284.48126220703125,760.3659057617188,522.5841674804688,177.8238983154297,308.7200012207031,242.9570770263672,103.25858306884766
2025-08-06,212.2242889404297,222.30999755859375,195.40658569335938,284.46173095703125,768.861328125,519.8016967773438,178.9810791015625,319.9100036621094,237.90432739257812,102.5556869506836
2025-08-07,218.97169494628906,223.1300048828125,195.83509826660156,280.1559753417969,758.7424926757812,515.7418212890625,180.32777404785156,322.2699890136719,236.8299102783203,102.01647186279297
2025-08-08,228.24688720703125,222.69000244140625,200.718017578125,281.9329833984375,766.1821899414062,516.9300537109375,182.2530517578125,329.6499938964844,242.8505859375,102.83492279052734
2025-08-11,226.34388732910156,221.3000030517578,200.29946899414062,282.7140808105469,762.76611328125,516.6627807617188,181.6146240234375,339.0299987792969,244.28314208984375,101.90093231201172
2025-08-12,228.80479431152344,221.47000122070312,202.63131713867188,285.92626953125,786.7982788085938,524.0595703125,182.71192932128906,340.8399963378906,253.1883544921875,102.18978118896484
2025-08-13,232.47125244140625,224.55999755859375,201.25613403320312,283.6611022949219,776.91845703125,515.484375,181.14576721191406,339.3800048828125,263.1002502441406,103.60520935058594
2025-08-14,231.9232940673828,230.97999572753906,202.23272705078125,287.2052917480469,778.960205078125,517.3657836914062,181.57472229003906,335.5799865722656,262.7904968261719,103.39337158203125
2025-08-15,230.73764038085938,231.02999877929688,203.18936157226562,283.6221008300781,782.047607421875,515.0784301757812,180.008544921875,330.55999755859375,294.2684326171875,103.49056243896484
2025-08-18,230.04022216796875,231.49000549316406,202.790771484375,284.637451171875,764.260009765625,512.0383911132812,181.56472778320312,335.1600036621094,298.6048889160156,103.7140884399414
2025-08-19,229.71144104003906,228.00999450683594,200.8674774169922,283.78802490234375,748.434326171875,504.7801818847656,175.2103271484375,329.30999755859375,294.49102783203125,104.39437103271484
2025-08-20,225.17819213867188,223.80999755859375,198.62533569335938,285.3306579589844,744.6896362304688,500.76983642578125,174.9709014892578,323.8999938964844,290.2320251464844,105.47309875488281
2025-08-21,224.072265625,221.9499969482422,199.0538330078125,284.5788879394531,736.1045532226562,500.1251220703125,174.55191040039062,320.1099853515625,293.6295471191406,106.15339660644531
2025-08-22,226.9217529296875,228.83999633789062,205.37173461914062,289.236083984375,751.7308959960938,503.09075927734375,177.55458068847656,340.010009765625,297.56915283203125,108.14566040039062
2025-08-25,226.323974609375,227.94000244140625,207.76336669921875,287.92779541015625,750.2470092773438,500.1449890136719,179.3701171875,346.6000061035156,295.0912170410156,108.59268951416016
2025-08-26,228.46604919433594,228.7100067138672,206.4180908203125,291.5110168457031,751.0438232421875,497.9430847167969,181.32533264160156,351.6700134277344,290.80316162109375,108.34972381591797
2025-08-27,229.64170837402344,229.1199951171875,206.75689697265625,292.2042541503906,744.3510131835938,502.6047058105469,181.15574645996094,349.6000061035156,294.142578125,109.57424926757812
2025-08-28,231.7041015625,231.60000610351562,210.90240478515625,293.9519348144531,748.0658569335938,505.4810485839844,179.72923278808594,345.9800109863281,292.60357666015625,110.1573486328125
2025-08-29,231.28562927246094,229.0,212.16796875,294.2936706542969,735.7062377929688,502.5551452636719,173.75387573242188,333.8699951171875,299.9406433105469,111.07086181640625
2025-09-02,228.8745574951172,225.33999633789062,210.6134033203125,292.61431884765625,732.1306762695312,500.9979248046875,170.36221313476562,329.3599853515625,298.9049377441406,111.45960235595703
2025-09-03,237.59234619140625,225.99000549316406,229.85610961914062,292.4288330078125,734.0628662109375,501.22607421875,170.20260620117188,334.0899963378906,298.0144348144531,108.7579116821289
2025-09-04,238.89752197265625,235.67999267578125,231.4904022216797,296.63690185546875,745.6159057617188,503.8247375488281,171.24005126953125,338.5299987792969,300.4342956542969,109.2341079711914
2025-09-05,238.80784606933594,232.3300018310547,234.18096923828125,287.42010498046875,749.4005126953125,490.9605712890625,166.61141967773438,350.8399963378906,305.2837829589844,106.15339660644531
2025-09-08,237.0045166015625,235.83999633789062,233.43289184570312,285.98486328125,749.2510986328125,494.1344299316406,167.8982696533203,346.3999938964844,309.988037109375,106.75592803955078
2025-09-09,233.4875030517578,238.24000549316406,239.0084228515625,290.8080749511719,762.5968017578125,494.34271240234375,170.34225463867188,346.9700012207031,336.77142333984375,107.53339385986328
2025-09-10,225.955322265625,230.3300018310547,238.54962158203125,293.4344482421875,748.9323120117188,496.2867431640625,176.8961944580078,347.7900085449219,335.66790771484375,109.33129119873047
2025-09-11,229.1833953857422,229.9499969482422,239.74649047851562,298.33575439453125,747.856689453125,496.9215087890625,176.74655151367188,368.80999755859375,342.279052734375,108.98143005371094
2025-09-12,233.20855712890625,228.14999389648438,240.17538452148438,299.6538391113281,752.52783203125,505.73895263671875,177.39498901367188,395.94000244140625,341.2143249511719,109.00086975097656
2025-09-15,235.82884216308594,231.42999267578125,250.95733642578125,301.5967712402344,761.600830078125,511.15435791015625,177.32518005371094,410.0400085449219,338.8668518066406,109.18551635742188
2025-09-16,237.2735137939453,234.0500030517578,250.50851440429688,301.87994384765625,775.8428344726562,504.8859558105469,174.4620361328125,421.6199951171875,330.9671630859375,111.44988250732422
2025-09-17,238.1104278564453,231.6199951171875,248.88275146484375,304.37939453125,772.5761108398438,505.8579406738281,169.8829803466797,425.8599853515625,332.74969482421875,112.0427017211914
2025-09-18,237.0045166015625,231.22999572753906,251.3762664794922,305.824462890625,777.0877685546875,504.30078125,175.81878662109375,416.8500061035156,326.1358337402344,110.72100830078125
2025-09-19,244.59645080566406,231.47999572753906,254.0592803955078,307.3377685546875,775.225341796875,513.703369140625,176.24774169921875,426.07000732421875,327.95733642578125,109.64227294921875
2025-09-22,255.13751220703125,227.6300048828125,251.8749542236328,305.0530700683594,762.5732421875,510.2518310546875,183.17115783691406,434.2099914550781,332.4477233886719,108.86479949951172
2025-09-23,253.49359130859375,220.7100067138672,251.0072021484375,305.3459777832031,752.8462524414062,505.0744323730469,178.0035400390625,425.8500061035156,338.6720275878906,110.74044036865234
2025-09-24,251.3813934326172,220.2100067138672,246.49893188476562,306.0099792480469,758.0885009765625,505.9869079589844,176.54702758789062,442.7900085449219,342.6851501464844,111.33326721191406
2025-09-25,255.9246063232422,218.14999389648438,245.15245056152344,306.0392150878906,746.3782348632812,502.8923645019531,177.2653045654297,423.3900146484375,336.5972595214844,112.3342514038086
2025-09-26,254.51980590820312,219.77999877929688,245.90048217773438,308.5874938964844,741.2357177734375,507.28619384765625,177.7641143798828,440.3999938964844,335.1556091308594,113.91834259033203
2025-09-29,253.49359130859375,222.1699981689453,243.41696166992188,308.22625732421875,740.8868408203125,510.40057373046875,181.4153594970703,443.2099914550781,336.22711181640625,111.00283813476562
2025-09-30,253.69287109375,219.57000732421875,242.4694366455078,307.972412109375,731.8973999023438,513.7232666015625,186.13406372070312,444.7200012207031,336.343994140625,109.57424926757812
2025-10-01,254.50985717773438,220.6300048828125,244.26475524902344,303.3639831542969,714.9149780273438,515.4689331054688,186.79248046875,459.4599914550781,339.2662048339844,108.83564758300781
2025-10-02,256.18365478515625,222.41000366210938,245.05270385742188,300.2786865234375,724.5921630859375,511.53131103515625,188.4385528564453,436.0,344.5456237792969,108.15536499023438
2025-10-03,257.07037353515625,219.50999450683594,244.71359252929688,302.7000732421875,708.1578369140625,513.1281127929688,187.17156982421875,429.8299865722656,350.8575744628906,110.06988525390625
2025-10-06,255.74530029296875,220.89999389648438,249.7803955078125,303.3377685546875,713.2406005859375,524.256591796875,185.09654235839844,453.25,349.46466064453125,110.9833984375
2025-10-07,255.5360565185547,221.77999877929688,245.1225128173828,301.8759765625,710.6693725585938,519.7039794921875,184.59774780273438,433.0899963378906,354.2278137207031,111.04170989990234
2025-10-08,257.1102294921875,225.22000122070312,243.9854736328125,298.2850646972656,715.4132690429688,520.5669555664062,188.6580047607422,438.69000244140625,360.3254699707031,110.8084716796875
2025-10-09,253.1050262451172,227.74000549316406,240.9034881591797,299.75677490234375,731.0302734375,518.136962890625,192.1097412109375,435.5400085449219,358.15325927734375,109.729736328125
2025-10-10,244.3673095703125,216.3699951171875,235.9563751220703,295.2044372558594,702.9157104492188,506.790283203125,182.72222900390625,413.489990234375,345.3053894042969,107.61113739013672
2025-10-13,246.74851989746094,220.07000732421875,243.51669311523438,302.1506652832031,713.280517578125,509.85504150390625,187.86990356445312,435.8999938964844,349.3575134277344,109.07861328125
2025-10-14,246.8581085205078,216.38999938964844,244.8133087158203,296.3719482421875,706.2543334960938,509.37896728515625,179.59971618652344,429.239990234375,350.59454345703125,109.127197265625
2025-10-15,248.4223175048828,215.57000732421875,250.37884521484375,299.91375732421875,715.124267578125,509.2401123046875,179.4001922607422,435.1499938964844,351.78289794921875,108.46635437011719
2025-10-16,246.53927612304688,214.47000122070312,250.8077392578125,292.8988342285156,709.6627807617188,507.4349670410156,181.3754425048828,428.75,347.4190979003906,107.52367401123047
2025-10-17,251.36146545410156,213.0399932861328,252.6429443359375,291.9373779296875,714.496337890625,509.38897705078125,182.78208923339844,439.30999755859375,347.3509216308594,109.07861328125
2025-10-20,261.27484130859375,216.47999572753906,255.884521484375,296.6466369628906,729.6947631835938,512.5726318359375,182.20346069335938,447.42999267578125,355.02655029296875,109.52565002441406
2025-10-21,261.8028869628906,222.02999877929688,249.81033325195312,291.4762268066406,730.7910766601562,513.4356079101562,180.72702026367188,442.6000061035156,355.8934631347656,109.53536987304688
2025-10-22,257.4988098144531,217.9499969482422,251.03713989257812,288.5525817871094,730.9306030273438,516.2921142578125,179.84912109375,438.9700012207031,352.11407470703125,111.47903442382812
2025-10-23,258.6246032714844,221.08999633789062,252.4235382080078,288.97442626953125,731.5186767578125,516.3118896484375,181.72463989257812,448.9800109863281,351.1010437011719,112.71327209472656
2025-10-24,261.85272216796875,224.2100067138672,259.2458190917969,294.762939453125,735.8638916015625,519.3370971679688,185.81480407714844,433.7200012207031,353.097900390625,112.13988494873047
2025-10-27,267.8206787109375,226.97000122070312,268.5715026855469,298.40283203125,748.28173828125,527.1825561523438,191.03233337402344,452.4200134277344,356.48760986328125,112.67440032958984
2025-10-28,268.0099792480469,229.25,266.7762451171875,299.5899658203125,748.899658203125,537.6464233398438,200.5495147705078,460.54998779296875,358.29937744140625,111.79002380371094
2025-10-29,268.7073974609375,230.3000030517578,273.8578186035156,299.7371826171875,749.12890625,537.130615234375,206.545166015625,461.510009765625,346.0456848144531,113.17003631591797
2025-10-30,270.401123046875,222.86000061035156,280.7498779296875,303.5928649902344,664.2169189453125,521.4695434570312,202.4050750732422,440.1000061035156,335.8082580566406,111.45960235595703
2025-10-31,269.37493896484375,244.22000122070312,280.4606018066406,305.2411193847656,646.1581420898438,513.5844116210938,202.0060272216797,456.55999755859375,332.70098876953125,111.13890075683594
2025-11-03,268.05975341796875,254.0,282.9840393066406,303.5046081542969,635.55419921875,512.810791015625,206.3855438232422,468.3699951171875,325.13250732421875,110.55579376220703
2025-11-04,269.0461730957031,249.32000732421875,276.820068359375,303.4064636230469,625.1992797851562,510.1328430175781,198.21511840820312,444.260009765625,322.24932861328125,110.92510223388672
2025-11-05,269.14581298828125,250.1999969482422,283.572509765625,305.7905578613281,633.8001708984375,503.02130126953125,194.7434539794922,462.07000732421875,319.23944091796875,110.47805786132812
2025-11-06,268.7771301269531,243.0399932861328,284.0113830566406,307.4977111816406,616.8475952148438,493.0434265136719,187.63047790527344,445.9100036621094,313.2197570800781,111.27495574951172
2025-11-07,267.48193359375,244.41000366210938,278.10675048828125,308.2727355957031,619.6082763671875,492.7657165527344,187.70030212402344,429.5199890136719,315.8009948730469,113.91834259033203
2025-11-10,268.6986083984375,248.39999389648438,289.3475036621094,310.90216064453125,629.6243286132812,501.8707580566406,198.5742645263672,445.2300109863281,313.2392272949219,114.89017486572266
2025-11-11,274.5028076171875,249.10000610351562,290.55438232421875,309.6560974121094,624.9600830078125,504.5289001464844,192.69833374023438,439.6199951171875,318.9570007324219,116.40623474121094
2025-11-12,272.7276306152344,244.1999969482422,285.9662780761719,314.3555908203125,606.9512329101562,506.9688720703125,193.33682250976562,430.6000061035156,330.2658386230469,114.7929916381836
2025-11-13,272.2090759277344,237.5800018310547,277.8474426269531,303.63214111328125,607.8281860351562,499.1828918457031,186.4133758544922,401.989990234375,323.8955078125,115.44412231445312
2025-11-14,271.6705017089844,234.69000244140625,275.6930236816406,297.873046875,607.3997192382812,506.0166320800781,189.71546936035156,404.3500061035156,313.511962890625,116.94403076171875
2025-11-17,266.73394775390625,232.8699951171875,284.2806701660156,294.6942443847656,599.9749145507812,503.34857177734375,186.1540069580078,408.9200134277344,312.20672607421875,115.36568450927734
2025-11-18,266.71405029296875,222.5500030517578,283.5425720214844,293.7524108886719,595.66943359375,489.76043701171875,180.92652893066406,401.25,305.4466857910156,116.68914794921875
2025-11-19,267.8309631347656,222.69000244140625,292.05047607421875,297.5394592285156,588.3244018554688,483.14483642578125,186.07418823242188,403.989990234375,301.0731506347656,115.04218292236328
2025-11-20,265.5272521972656,217.13999938964844,288.69921875,292.74188232421875,587.1583251953125,475.41387939453125,180.208251953125,395.2300109863281,303.45965576171875,114.71866607666016
2025-11-21,270.75299072265625,220.69000244140625,298.8827209472656,292.3886413574219,592.2410278320312,469.1436462402344,178.4524688720703,391.0899963378906,311.6709899902344,114.77749633789062
2025-11-24,275.1710205078125,226.27999877929688,317.75360107421875,292.3690490722656,610.9774169921875,471.0118103027344,182.11370849609375,417.7799987792969,310.7748718261719,113.68932342529297
2025-11-25,276.2181701660156,229.6699981689453,322.60101318359375,297.2745361328125,634.0691528320312,473.98297119140625,177.39498901367188,419.3999938964844,317.81732177734375,112.2580337524414
2025-11-26,276.79656982421875,229.16000366210938,319.1200866699219,301.826904296875,631.468017578125,482.4393310546875,179.82916259765625,426.5799865722656,321.15838623046875,112.5129165649414
2025-11-28,278.0930480957031,233.22000122070312,319.3494873046875,307.1640930175781,645.7596435546875,488.9082946777344,176.5769500732422,430.1700134277344,321.2168273925781,113.64030456542969
2025-12-01,282.3315124511719,233.8800048828125,314.0732421875,303.082763671875,638.7034912109375,483.6714782714844,179.48997497558594,430.1400146484375,314.82696533203125,114.33634185791016
2025-12-02,285.4131164550781,234.4199981689453,314.99078369140625,302.0623474121094,644.9124145507812,486.91094970703125,181.02630615234375,429.239990234375,316.1224670410156,113.11091613769531
2025-12-03,283.378662109375,232.3800048828125,318.8009033203125,306.2320556640625,637.4376831054688,474.7182922363281,179.1607666015625,446.739990234375,330.89898681640625,115.48333740234375
2025-12-04,279.9380187988281,229.11000061035156,316.796142578125,310.1270446777344,659.293701171875,477.8087158203125,182.951904296875,454.5299987792969,324.84033203125,114.83631134033203
2025-12-05,278.02325439453125,229.52999877929688,320.4366149902344,309.08709716796875,671.1433715820312,480.11407470703125,181.98416137695312,455.0,322.3272399902344,114.24811553955078
2025-12-08,277.1356506347656,226.88999938964844,313.1109313964844,309.25384521484375,664.5457763671875,487.92449951171875,185.1168212890625,439.5799865722656,317.3457336425781,113.69912719726562
2025-12-09,276.4275817871094,227.9199981689453,316.4643859863281,294.8316650390625,654.7390747070312,488.918212890625,184.53819274902344,445.1700134277344,317.32611083984375,115.92448425292969
2025-12-10,278.02325439453125,231.77999877929688,319.58831787109375,304.25018310546875,647.9321899414062,475.5430603027344,183.3509521484375,451.45001220703125,322.003662109375,117.1891098022461
2025-12-11,277.2752685546875,230.27999877929688,311.8233947753906,311.38287353515625,650.5034790039062,480.4221496582031,180.50759887695312,446.8900146484375,330.2015686035156,117.1891098022461
2025-12-12,277.5246276855469,226.19000244140625,308.68951416015625,312.50128173828125,642.0521240234375,475.5132751464844,174.6114044189453,458.9599914550781,335.2125244140625,116.48326873779297
2025-12-15,273.3658752441406,222.5399932861328,307.62158203125,313.97296142578125,645.8472900390625,471.82666015625,175.87843322753906,475.30999755859375,334.4868469238281,115.44412231445312
2025-12-16,273.8645324707031,222.55999755859375,305.97479248046875,309.58740234375,655.4625854492188,473.38677978515625,177.30511474609375,489.8800048828125,327.72064208984375,112.42469024658203
2025-12-17,271.10205078125,221.27000427246094,296.1439208984375,309.0281982421875,647.8322143554688,473.1184387207031,170.5409393310547,467.260009765625,325.2004699707031,115.10101318359375
2025-12-18,271.4511413574219,226.75999450683594,301.8727722167969,307.0856018066406,662.7438354492188,480.9289245605469,173.73345947265625,483.3699951171875,321.77813720703125,114.24811553955078
2025-12-19,272.9271240234375,227.35000610351562,306.56365966796875,311.2160339355469,657.0784912109375,482.856689453125,180.56747436523438,481.20001220703125,321.07208251953125,114.3951644897461
2025-12-22,270.23443603515625,228.42999267578125,309.1785583496094,316.9849548339844,659.8013916015625,481.86297607421875,183.2611541748047,488.7300109863281,318.85589599609375,115.82644653320312
2025-12-23,271.62066650390625,232.13999938964844,313.73968505859375,319.7712707519531,663.2325439453125,483.7807922363281,188.76829528808594,485.55999755859375,318.5028381347656,117.07147216796875
2025-12-24,273.06671142578125,232.3800048828125,313.48016357421875,322.9500732421875,665.8358764648438,484.94342041015625,188.169677734375,485.3999938964844,321.22894287109375,116.87540435791016
2025-12-26,272.6578063964844,232.52000427246094,312.9013366699219,321.7138977050781,661.5867919921875,484.6354064941406,190.08518981933594,475.19000244140625,325.39654541015625,116.76757049560547
2025-12-29,273.0168762207031,232.07000732421875,312.95123291015625,317.6324768066406,656.9986572265625,484.02923583984375,187.7805938720703,459.6400146484375,322.5625915527344,118.1596450805664
2025-12-30,272.33868408203125,232.52999877929688,313.24066162109375,317.3087158203125,664.239990234375,484.4068603515625,187.1021728515625,454.42999267578125,325.7201843261719,118.61060333251953
2025-12-31,271.12200927734375,230.82000732421875,312.3923034667969,316.13140869140625,658.3950805664062,480.5711669921875,186.0646209716797,449.7200012207031,323.70989990234375,117.97337341308594
2026-01-02,270.2743225097656,226.5,314.53814697265625,319.3298034667969,648.7398681640625,469.95849609375,188.40911865234375,438.07000732421875,329.8779602050781,120.23795318603516
2026-01-05,266.5345153808594,233.05999755859375,315.92547607421875,327.7280578613281,657.0982666015625,469.86907958984375,187.6808319091797,451.6700134277344,335.3890075683594,122.8946533203125
2026-01-06,261.6477966308594,240.92999267578125,313.7297058105469,329.76806640625,658.9237060546875,475.4933776855469,186.80288696289062,432.9599914550781,342.2042541503906,118.66941833496094
2026-01-07,259.623291015625,241.55999755859375,321.3548583984375,322.25836181640625,647.0243530273438,480.4221496582031,188.6685028076172,431.4100036621094,335.0752258300781,116.15975952148438
2026-01-08,258.3368225097656,246.2899932861328,324.80816650390625,325.01788330078125,644.4010620117188,475.0959167480469,184.60801696777344,435.79998779296875,340.1253662109375,120.49283599853516
2026-01-09,258.6659240722656,247.3800048828125,327.9320983886719,324.4265441894531,651.3831176757812,476.258544921875,184.42843627929688,445.010009765625,337.31103515625,122.1594009399414
2026-01-12,259.54351806640625,246.47000122070312,331.2156677246094,319.7945251464844,640.321533203125,474.1717529296875,184.5082550048828,448.9599914550781,333.9082946777344,121.59080505371094
2026-01-13,260.3413391113281,242.60000610351562,335.3177185058594,306.40118408203125,629.469482421875,467.70281982421875,185.376220703125,447.20001220703125,327.4558410644531,124.05145263671875
2026-01-14,259.25433349609375,236.64999389648438,335.18798828125,303.4150390625,613.9395141601562,456.4840087890625,182.7124481201172,439.20001220703125,328.46588134765625,127.63946533203125
2026-01-15,257.5090637207031,238.17999267578125,332.1338806152344,304.7849426269531,619.2058715820312,453.7811279296875,186.6133270263672,438.57000732421875,332.3883361816406,126.59052276611328
2026-01-16,254.8363494873047,239.1199951171875,329.35931396484375,307.948486328125,618.6573486328125,456.9609375,185.79522705078125,437.5,324.6022644042969,127.3355712890625
2026-01-20,246.0303192138672,231.0,321.3748474121094,298.3592529296875,602.5687255859375,451.65460205078125,177.65428161621094,419.25,331.86859130859375,127.89437103271484
2026-01-21,246.97775268554688,231.30999755859375,327.7424621582031,297.66943359375,611.3861083984375,441.3102111816406,182.8920440673828,431.44000244140625,341.0079040527344,130.982421875
2026-01-22,247.67584228515625,234.33999633789062,329.89825439453125,299.23638916015625,645.9671020507812,448.29595947265625,184.40847778320312,449.3599853515625,347.59765625,131.01182556152344
2026-01-23,247.36668395996094,239.16000366210938,327.2933044433594,293.4118957519531,657.0684814453125,463.0125732421875,187.23187255859375,449.05999755859375,349.3529052734375,132.315673828125
2026-01-26,254.7166748046875,238.4199981689453,332.61297607421875,296.683837890625,670.633544921875,467.3152770996094,186.03468322753906,435.20001220703125,344.8224792480469,132.188232421875
2026-01-27,257.5688781738281,244.67999267578125,333.90045166015625,295.96441650390625,671.2418823242188,477.5503234863281,188.07989501953125,430.8999938964844,277.2190856933594,134.1390838623047
2026-01-28,255.743896484375,243.00999450683594,335.3576354980469,296.4177551269531,667.0128173828125,478.5937194824219,191.07289123535156,431.4599914550781,288.3196105957031,134.8743438720703
2026-01-29,257.5788879394531,241.72999572753906,337.5932922363281,301.9860534667969,736.4141845703125,430.76715087890625,192.06056213378906,416.55999755859375,286.6231384277344,137.74671936035156
2026-01-30,258.775634765625,239.3000030517578,337.3437805175781,301.46368408203125,714.6602172851562,427.577392578125,190.6837921142578,430.4100036621094,281.3670654296875,138.61920166015625
2026-02-02,269.2770690917969,242.9600067138672,343.0227355957031,303.6811218261719,704.5960693359375,420.70098876953125,185.17669677734375,421.80999755859375,280.0530700683594,135.67819213867188
2026-02-03,268.7485046386719,238.6199951171875,339.0504455566406,310.29400634765625,689.9238891601562,408.61767578125,179.91897583007812,421.9599914550781,278.6703796386719,140.90338134765625
2026-02-04,275.7394104003906,232.99000549316406,332.3934020996094,312.6789855957031,667.272216796875,411.5788879394531,173.78334045410156,406.010009765625,270.5705261230469,144.68746948242188
2026-02-05,275.1610412597656,222.69000244140625,330.6068420410156,305.6719055175781,668.4890747070312,391.1882629394531,171.47872924804688,397.2099914550781,263.3434143066406,143.20718383789062
2026-02-06,277.364990234375,210.32000732421875,322.233154296875,317.73480224609375,659.7615356445312,398.6111755371094,184.97714233398438,411.1099853515625,271.286376953125,146.1187744140625
2026-02-09,274.13079833984375,208.72000122070312,323.6903381347656,317.43914794921875,675.4810180664062,410.99261474609375,189.59632873535156,417.32000732421875,270.3548278808594,148.2362823486328
2026-02-10,273.19244384765625,206.9600067138672,317.9614562988281,313.67437744140625,668.9977416992188,410.6646423339844,188.09983825683594,425.2099914550781,267.92291259765625,148.6088104248047
2026-02-11,275.00921630859375,204.0800018310547,310.35626220703125,306.3223876953125,666.9729614257812,401.8207702636719,189.60633850097656,428.2699890136719,273.5025634765625,152.500732421875
2026-02-12,261.2637634277344,199.60000610351562,308.4000549316406,298.2607116699219,648.1414794921875,399.3067626953125,186.5035858154297,417.07000732421875,278.8567199707031,147.9611358642578
2026-02-13,255.32435607910156,198.7899932861328,305.1264343261719,298.1719970703125,638.1272583007812,398.7900085449219,182.3832244873047,417.44000244140625,287.50567626953125,146.50057983398438
2026-02-17,263.4099426269531,201.14999389648438,301.43359375,302.68572998046875,637.6483764648438,394.3581237792969,184.53819274902344,410.6300048828125,283.4851989746094,144.270263671875
2026-02-18,263.8791198730469,204.7899932861328,302.7410888671875,304.3118591308594,641.5682983398438,397.0808410644531,187.5411376953125,411.32000732421875,282.61248779296875,148.7012939453125
2026-02-19,260.11578369140625,204.86000061035156,302.26202392578125,303.5924377441406,643.1243286132812,396.8517761230469,187.46133422851562,411.7099914550781,284.30889892578125,148.98748779296875
2026-02-20,264.1086730957031,210.11000061035156,314.36846923828125,306.29278564453125,653.9763793945312,395.6267395019531,189.37686157226562,411.82000732421875,284.3775634765625,145.345947265625
2026-02-23,265.705810546875,205.27000427246094,310.8852233886719,293.3626708984375,635.6137084960938,382.9182434082031,191.1028289794922,399.8299865722656,276.8660583496094,148.78024291992188
2026-02-24,271.6552429199219,208.55999755859375,310.2964172363281,292.9979553222656,637.6583862304688,387.429931640625,192.39979553222656,409.3800048828125,268.63873291015625,147.29994201660156
2026-02-25,273.74151611328125,210.63999938964844,312.29248046875,298.9111633300781,652.011474609375,398.9831237792969,195.10345458984375,417.3999938964844,278.69000244140625,147.10256958007812
2026-02-26,272.4637756347656,207.9199981689453,306.78326416015625,301.7002258300781,655.3228759765625,400.0986022949219,184.4583740234375,408.5799865722656,281.102294921875,146.5894012451172
2026-02-27,263.70941162109375,210.0,311.15472412109375,295.9545593261719,646.515625,391.15484619140625,176.77635192871094,402.510009765625,287.5841369628906,150.4973907470703
2026-03-02,264.2484130859375,208.38999938964844,305.92486572265625,293.2542419433594,651.8818359375,396.9413757324219,182.05398559570312,403.32000732421875,289.21197509765625,152.19480895996094
2026-03-03,263.2801818847656,208.72999572753906,302.9905700683594,295.9151611328125,653.3978881835938,402.2996826171875,179.62966918945312,392.42999267578125,283.6028747558594,149.83619689941406
2026-03-04,262.0523376464844,216.82000732421875,302.54150390625,295.0577392578125,666.015380859375,403.5645751953125,182.61268615722656,405.94000244140625,286.2995300292969,147.85260009765625
2026-03-05,259.8263244628906,218.94000244140625,300.29583740234375,289.30224609375,658.873779296875,409.0224304199219,182.9119873046875,405.54998779296875,283.17138671875,148.78024291992188
2026-03-06,257.0013427734375,213.2100067138672,297.9404296875,285.2911376953125,643.2041015625,407.30938720703125,177.4048614501953,396.7300109863281,280.9258117675781,149.22434997558594
2026-03-09,259.41705322265625,213.49000549316406,305.98040771484375,285.72479248046875,645.7276611328125,407.757568359375,182.2235870361328,398.67999267578125,281.81524658203125,148.46446228027344
2026-03-10,260.3653564453125,214.3300018310547,306.65960693359375,284.552001953125,652.3905029296875,404.122314453125,184.33865356445312,399.239990234375,279.01849365234375,146.18479919433594
2026-03-11,260.34539794921875,212.64999389648438,308.31756591796875,283.3594665527344,653.1784057617188,403.245849609375,185.60574340820312,407.82000732421875,281.894287109375,149.5894775390625
2026-03-12,255.3043975830078,209.52999877929688,303.1739196777344,278.7965393066406,636.5413208007812,400.2380065917969,182.7223358154297,395.010009765625,273.7907409667969,151.5138702392578
2026-03-13,249.6744384765625,207.6699981689453,301.9054870605469,279.33856201171875,612.1341552734375,393.9534912109375,179.8389434814453,391.20001220703125,278.7714538574219,154.06985473632812
2026-03-16,252.36964416503906,211.74000549316406,305.1814270019531,282.0191955566406,626.3746948242188,398.33575439453125,182.80215454101562,395.55999755859375,282.1314392089844,155.165283203125
2026-03-17,253.77711486816406,215.1999969482422,310.5347900390625,282.7386169433594,621.5928344726562,397.7979431152344,181.51510620117188,399.2699890136719,284.1869812011719,156.7245330810547
2026-03-18,249.49476623535156,209.8699951171875,307.30877685546875,283.5762939453125,614.6248168945312,390.20867919921875,179.98858642578125,392.7799987792969,280.9850769042969,155.5205535888672
2026-03-19,248.5165252685547,208.75999450683594,306.7494812011719,283.8030090332031,605.6602172851562,387.4498596191406,178.15277099609375,380.29998779296875,277.140869140625,156.0830841064453
2026-03-20,247.54823303222656,205.3699951171875,300.6270751953125,282.41339111328125,592.642578125,380.3287048339844,172.30615234375,367.9599914550781,272.3479309082031,157.5732421875
2026-03-23,251.04200744628906,210.13999938964844,301.6857604980469,285.7149353027344,603.0247802734375,381.4541931152344,175.23944091796875,380.8500061035156,266.36907958984375,159.0140838623047
2026-03-24,251.1917266845703,207.24000549316406,290.0801696777344,288.16888427734375,591.9038696289062,371.2355651855469,174.80044555664062,383.0299987792969,269.07684326171875,163.20826721191406
2026-03-25,252.16998291015625,211.7100067138672,290.5695495605469,291.14520263671875,593.8704833984375,369.5424499511719,178.2725067138672,385.95001220703125,267.3671875,161.11610412597656
2026-03-26,252.43951416015625,207.5399932861328,280.5719909667969,287.4395751953125,546.6016235351562,364.4928894042969,170.8494873046875,372.1099853515625,264.8966064453125,163.25759887695312
2026-03-27,248.35679626464844,199.33999633789062,274.0000915527344,278.7472229003906,524.8190307617188,355.3300476074219,167.13796997070312,361.8299865722656,255.97283935546875,168.74459838867188
2026-03-30,246.19065856933594,200.9499969482422,273.1611633300781,279.66375732421875,535.4607543945312,357.5111999511719,164.79331970214844,355.2799987792969,258.7102966308594,169.21829223632812
2026-03-31,253.33790588378906,208.27000427246094,287.2037353515625,289.9034118652344,571.1494750976562,368.67596435546875,174.00225830078125,371.75,267.40673828125,167.4320526123047
2026-04-01,255.1746368408203,210.57000732421875,297.0215759277344,291.10577392578125,578.2372436523438,367.8791809082031,175.34918212890625,381.260009765625,270.7568664550781,158.66867065429688
2026-04-02,255.464111328125,209.77000427246094,295.4035339355469,290.3370666503906,573.4755249023438,371.9526672363281,176.98545837402344,360.5899963378906,273.998291015625,158.57984924316406
2026-04-06,258.39886474609375,212.7899932861328,299.61834716796875,292.6649169921875,572.0380249023438,371.3750305175781,177.23487854003906,352.82000732421875,278.0500183105469,161.2246551513672
2026-04-07,253.0484161376953,213.77000427246094,305.08154296875,294.5965270996094,574.064453125,370.78741455078125,177.69383239746094,346.6499938964844,304.1098327636719,161.757568359375
2026-04-08,258.4388122558594,221.25,316.9268798828125,305.06689453125,611.3704223632812,372.8191223144531,181.66476440429688,343.25,302.3804016113281,154.16854858398438
2026-04-09,260.0259704589844,233.64999389648438,318.09539794921875,307.4046325683594,627.3130493164062,371.5642395019531,183.4906005859375,345.6199951171875,303.2994689941406,153.0040283203125
2026-04-10,260.0159912109375,238.3800048828125,316.8469543457031,306.948974609375,628.780517578125,369.37310791015625,188.1998291015625,348.95001220703125,300.7497863769531,150.50726318359375
2026-04-13,258.73828125,239.88999938964844,320.91192626953125,310.7230529785156,633.4425659179688,382.8186340332031,188.87826538085938,352.4200134277344,309.31781005859375,150.63555908203125
2026-04-14,258.3689270019531,249.02000427246094,332.49755859375,308.1871643066406,661.3546142578125,391.5233459472656,196.0618438720703,364.20001220703125,310.4938049316406,147.28021240234375
2026-04-15,265.95538330078125,248.5,336.70233154296875,303.0461120605469,670.4290771484375,409.5602722167969,198.41647338867188,391.95001220703125,310.3554382324219,147.05322265625
2026-04-16,262.9307861328125,249.6999969482422,335.6036682128906,307.0282287597656,675.7099609375,418.56378173828125,197.8976593017578,388.8999938964844,312.67779541015625,149.98422241210938
2026-04-17,269.7486267089844,250.55999755859375,341.2566833496094,307.3650207519531,687.3699340820312,421.0835876464844,201.2200469970703,400.6199951171875,320.8110046386719,144.51698303222656
2026-04-20,272.5635681152344,248.27999877929688,337.0019836425781,314.0018615722656,669.7601928710938,416.38262939453125,201.59918212890625,392.5,319.674560546875,145.7406768798828
2026-04-21,265.69586181640625,249.91000366210938,331.8783264160156,310.0494689941406,667.6937866210938,422.4480285644531,199.42417907714844,386.4200134277344,341.9394836425781,146.41177368164062
2026-04-22,272.68341064453125,255.36000061035156,338.8996276855469,310.0692443847656,673.5636596679688,431.1726989746094,202.03819274902344,387.510009765625,349.36114501953125,147.5367889404297
2026-04-23,272.9429016113281,255.0800018310547,338.47015380859375,308.7518310546875,658.0203857421875,414.0719909667969,199.18470764160156,373.7200012207031,350.3888854980469,148.5532684326172
2026-04-24,270.5771179199219,263.989990234375,343.97332763671875,305.37396240234375,673.8731689453125,422.90618896484375,207.79502868652344,376.29998779296875,350.74468994140625,146.9545440673828
2026-04-27,267.1332702636719,261.1199951171875,349.9059753417969,308.6923828125,677.4569702148438,423.1053771972656,216.1160125732422,378.6700134277344,350.5173645019531,146.24398803710938
2026-04-28,270.2277526855469,259.70001220703125,349.3466796875,308.51409912109375,670.189453125,427.5174865722656,212.68385314941406,376.0199890136719,362.45526123046875,148.58287048339844
2026-04-29,269.688720703125,263.0400085449219,349.5064392089844,306.3348388671875,667.9732666015625,422.746826171875,208.77279663085938,372.79998779296875,366.3785400390625,152.63890075683594
2026-04-30,270.86663818359375,265.05999755859375,384.3232421875,310.2773132324219,610.8612670898438,406.1341552734375,199.1148681640625,381.6300048828125,366.1216125488281,152.30337524414062
2026-05-01,279.6409912109375,268.260009765625,385.2121887207031,309.52447509765625,607.7067260742188,412.76727294921875,197.9974365234375,390.82000732421875,364.4416198730469,150.74412536621094
2026-05-04,276.3368225097656,272.04998779296875,382.7751770019531,304.7499084472656,609.3638916015625,411.9505615234375,198.02734375,392.510009765625,366.388427734375,151.67176818847656
2026-05-05,283.67376708984375,273.54998779296875,387.9487609863281,306.4833984375,603.9232177734375,409.7196044921875,196.05186462402344,389.3699951171875,359.58935546875,152.84616088867188
2026-05-06,286.99786376953125,274.989990234375,397.546875,311.9315490722656,611.8296508789062,412.2891845703125,207.3560333251953,398.7300109863281,362.9592590332031,146.73744201660156
2026-05-07,286.927978515625,271.1700134277344,397.4969177246094,303.38287353515625,615.7529296875,419.07171630859375,211.01766967773438,411.7900085449219,365.3902893066406,144.65513610839844
2026-05-08,292.7974853515625,272.67999267578125,400.3034362792969,299.2522277832031,608.5852661132812,413.44451904296875,214.709228515625,428.3500061035156,375.5098876953125,142.67153930664062
2026-05-11,292.42779541015625,268.989990234375,388.1585388183594,297.1719970703125,597.8336791992188,410.99444580078125,218.93955993652344,445.0,379.9173889160156,147.71441650390625
2026-05-12,294.54595947265625,265.82000732421875,386.8701171875,302.0060119628906,601.966552734375,406.1241760253906,220.27650451660156,433.45001220703125,391.7268371582031,148.65196228027344
2026-05-13,298.6124572753906,270.1300048828125,402.1211853027344,297.419677734375,615.5732421875,403.57452392578125,225.3149871826172,445.2699890136719,396.440673828125,149.57962036132812
2026-05-14,297.9530334472656,267.2200012207031,400.5731201171875,297.0828552246094,617.3701171875,407.7774658203125,235.202392578125,443.29998779296875,394.39501953125,150.77371215820312
2026-05-15,299.9713134765625,264.1400146484375,396.2884216308594,295.0026550292969,613.1773071289062,420.2170715332031,224.80615234375,422.239990234375,389.2167053222656,156.90402221679688
2026-05-18,297.5833435058594,264.8599853515625,396.4482421875,297.8951416015625,610.1625366210938,421.83056640625,221.81300354003906,409.989990234375,386.5286865234375,159.45748901367188
2026-05-19,298.7123718261719,259.3399963378906,387.1797180175781,292.9125671386719,601.5772094726562,415.7352600097656,220.1068878173828,404.1099853515625,384.660888671875,161.50424194335938
2026-05-20,301.98956298828125,265.010009765625,388.4281921386719,299.13336181640625,604.0230712890625,419.36053466796875,222.9603729248047,417.260009765625,378.7908020019531,155.27456665039062
2026-05-21,304.7271728515625,268.4599914550781,387.1797180175781,300.14373779296875,606.339111328125,418.3025207519531,219.0093994140625,417.8500061035156,377.9804382324219,154.2909393310547
2026-05-22,308.55389404296875,266.32000732421875,382.49554443359375,303.4918518066406,609.214111328125,417.7835388183594,214.83892822265625,426.010009765625,383.8999938964844,153.92332458496094
2026-05-26,308.0643005371094,265.2900085449219,388.3982238769531,303.8484802246094,611.2906494140625,415.248291015625,214.37001037597656,433.5899963378906,372.4265441894531,148.84619140625
2026-05-27,310.5821533203125,271.8500061035156,388.3482666015625,296.45880126953125,634.1712646484375,411.8946228027344,212.1151580810547,440.3599853515625,379.4924621582031,146.948486328125
2026-05-28,312.24072265625,274.0,389.64666748046875,293.9328308105469,634.2012329101562,426.18768310546875,213.7613983154297,442.1000061035156,378.02984619140625,146.01454162597656
2026-05-29,311.7911071777344,270.6400146484375,379.8687744140625,296.4884948730469,631.426025390625,449.3940124511719,210.6584930419922,435.7900085449219,375.8359680175781,144.32546997070312
2026-06-01,306.0460510253906,261.260009765625,375.9037170410156,293.78424072265625,599.44091796875,459.6546936035156,223.8483428955078,415.8800048828125,375.3912658691406,148.41897583007812
2026-06-02,314.92840576171875,256.5199890136719,361.4017028808594,298.1229553222656,596.6058349609375,440.48077392578125,222.3118438720703,423.739990234375,373.4740905761719,148.59780883789062
2026-06-03,309.9926452636719,250.02000427246094,358.54522705078125,298.0140075683594,621.9122924804688,426.53704833984375,214.26025390625,423.70001220703125,372.5649108886719,151.5487060546875
2026-06-04,310.9618225097656,253.7899932861328,371.7288818359375,307.9593811035156,626.4945068359375,427.2456970214844,218.4156036376953,418.45001220703125,391.8058776855469,151.0618438720703
2026-06-05,307.0751647949219,246.02999877929688,368.07342529296875,309.4254150390625,591.9837036132812,415.8870849609375,204.87075805664062,391.0,394.77056884765625,148.9554901123047
2026-06-08,301.2801818847656,245.22000122070312,363.0766296386719,308.1772766113281,584.3867797851562,410.9663391113281,208.40679931640625,408.95001220703125,401.78704833984375,150.77371215820312
2026-06-09,290.29962158203125,244.19000244140625,364.0260314941406,309.7522888183594,583.588134765625,402.6520080566406,207.95730590820312,396.67999267578125,408.14141845703125,147.95199584960938
2026-06-10,291.3287353515625,238.0,356.1510925292969,306.2258605957031,570.00146484375,396.61334228515625,200.19598388671875,381.5899963378906,402.66656494140625,149.65098571777344
2026-06-11,295.375244140625,241.50999450683594,357.5401611328125,310.53485107421875,567.455810546875,389.6065673828125,204.64100646972656,399.1499938964844,400.7790222167969,145.6568603515625
2026-06-12,290.879150390625,238.5500030517578,359.4489440917969,317.69671630859375,566.00830078125,390.00579833984375,204.96066284179688,406.42999267578125,403.714111328125,146.064208984375
2026-06-15,296.1645812988281,246.02000427246094,369.1127624511719,316.3891296386719,593.011962890625,399.0088806152344,212.21253967285156,411.1499938964844,408.52447509765625,140.01339721679688
2026-06-16,298.9821472167969,246.0,373.01025390625,328.01849365234375,599.7366943359375,393.0899963378906,207.1781768798828,404.6600036621094,405.15521240234375,140.9473419189453
2026-06-17,295.6949768066406,237.5,363.55633544921875,330.31658935546875,567.1324462890625,378.1980285644531,204.42124938964844,396.3800048828125,397.08489990234375,139.8345489501953
2026-06-18,297.7532043457031,244.38999938964844,367.7935791015625,322.154296875,576.7647705078125,378.6871032714844,210.4545135498047,400.489990234375,398.50616455078125,136.92340087890625
2026-06-22,296.75408935546875,232.7899932861328,349.45538330078125,328.3552551269531,563.4053344726562,366.6497802734375,208.41677856445312,405.04998779296875,404.191162109375,137.57916259765625
2026-06-23,294.04638671875,234.11000061035156,345.90765380859375,330.9902038574219,561.7566528320312,373.23736572265625,199.81640625,381.6099853515625,406.74542236328125,138.83103942871094
2026-06-24,292.8274230957031,234.27000427246094,345.0682067871094,330.30670166015625,557.230224609375,364.7733154296875,198.77757263183594,375.5299987792969,403.3165283203125,136.01925659179688
2026-06-25,274.91290283203125,227.00999450683594,343.48919677734375,331.9609375,542.44189453125,352.1670227050781,195.52122497558594,375.1199951171875,412.98699951171875,136.66506958007812
2026-06-26,283.53546142578125,232.69000244140625,337.17327880859375,325.9481506347656,549.8161010742188,372.2691955566406,192.31480407714844,379.7099914550781,425.2713623046875,135.66156005859375
2026-06-29,281.4972229003906,240.13999938964844,353.4228210449219,326.28497314453125,562.1563110351562,367.8774719238281,194.7520751953125,411.8399963378906,417.2507629394531,135.18466186523438
2026-06-30,289.11065673828125,238.33999633789062,357.14044189453125,324.244384765625,562.8457641601562,372.319091796875,199.86634826660156,420.6000061035156,413.0863952636719,135.8404083251953
2026-07-01,294.1263427734375,241.6999969482422,360.97796630859375,330.92083740234375,612.4266357421875,383.5579528808594,197.35916137695312,425.29998779296875,423.92962646484375,135.4032440185547
2026-07-02,308.3640441894531,242.6699981689453,359.6788024902344,331.31707763671875,582.4403686523438,389.7562561035156,194.61224365234375,393.45001220703125,422.7568359375,136.20802307128906
2026-07-06,312.3905944824219,244.16000366210938,366.2245788574219,336.0434875488281,599.8165893554688,386.0133056640625,195.33143615722656,419.7699890136719,415.4319152832031,135.5622100830078
2026-07-07,310.3923034667969,245.97999572753906,366.7942199707031,337.5360412597656,615.0946044921875,388.109375,196.7098846435547,402.8999938964844,425.56951904296875,140.7784423828125
2026-07-08,313.1199645996094,243.6199951171875,361.6875305175781,328.9787292480469,602.6444091796875,382.6197204589844,203.891845703125,394.05999755859375,422.995361328125,140.2220458984375
2026-07-09,315.947509765625,247.0399932861328,358.65948486328125,333.8046569824219,630.9819946289062,383.6377868652344,202.5533447265625,406.54998779296875,429.03814697265625,136.57565307617188
2026-07-10,315.0483093261719,245.33999633789062,356.9505615234375,334.7997131347656,668.6823120117188,384.37640380859375,210.72421264648438,407.760009765625,422.0213623046875,137.9865264892578
2026-07-13,317.03656005859375,247.30999755859375,352.2835693359375,332.86932373046875,656.2120971679688,390.2553405761719,203.30250549316406,394.760009765625,426.4640197753906,143.58029174804688
2026-07-14,314.58868408203125,247.49000549316406,359.2790832519531,341.1878356933594,660.5186767578125,384.20672607421875,211.5632781982422,396.17999267578125,422.587890625,144.15655517578125
2026-07-15,327.2178039550781,254.9600067138672,370.6817626953125,345.1878967285156,680.7727661132812,394.8866271972656,212.26248168945312,394.4599914550781,415.95867919921875,143.58029174804688
2026-07-16,332.97283935546875,249.88999938964844,354.2322998046875,341.446533203125,664.0159301757812,400.3463439941406,207.16818237304688,391.05999755859375,420.7889709472656,145.0110321044922
2026-07-17,333.452392578125,247.22999572753906,346.5472412109375,339.40673828125,645.5006103515625,393.08001708984375,202.58331298828125,380.8399963378906,423.48236083984375,146.41195678710938
2026-07-20,326.3085632324219,249.99000549316406,351.7638854980469,337.1877746582031,645.3406982421875,401.53411865234375,203.05279541015625,369.57000732421875,418.97015380859375,147.40553283691406
2026-07-21,327.45758056640625,247.5500030517578,346.927001953125,343.5162353515625,643.3023071289062,397.00262451171875,207.0583038330078,378.92999267578125,433.6795959472656,150.73397827148438
2026-07-22,325.60919189453125,244.85000610351562,341.8702392578125,346.4814147949219,626.6754150390625,389.6065673828125,211.82298278808594,374.010009765625,428.67041015625,153.4563446044922
2026-07-23,321.3828430175781,233.66000366210938,317.4859313964844,348.16302490234375,605.6220092773438,380.8630065917969,208.5266571044922,319.69000244140625,420.9678649902344,155.88064575195312
2026-07-24,332.7330322265625,232.11000061035156,319.53460693359375,351.45660400390625,594.7206420898438,380.9828186035156,206.6088104248047,313.0299987792969,418.16510009765625,155.93032836914062
