Date,AXP,BAC,BLK,C,GS,JPM,MS,SCHW,USB,WFC
2016-07-25,56.06095886230469,11.50001335144043,282.3498229980469,32.647010803222656,130.6503143310547,49.110904693603516,21.956348419189453,24.87666130065918,29.05101203918457,36.45625686645508
2016-07-26,56.0958137512207,11.628059387207031,282.7481994628906,32.728538513183594,131.17933654785156,49.31082534790039,22.031713485717773,25.219966888427734,29.05101203918457,36.34261703491211
2016-07-27,56.287540435791016,11.708084106445312,283.82635498046875,32.832332611083984,131.04100036621094,49.46461486816406,22.024126052856445,25.272785186767578,29.07870101928711,36.36534118652344
2016-07-28,56.46184539794922,11.748098373413086,283.8731994628906,32.79512023925781,130.66656494140625,49.287757873535156,21.902698516845703,25.272785186767578,29.127161026000977,36.463829040527344
2016-07-29,56.17425537109375,11.59604549407959,286.1231689453125,32.59425354003906,129.26657104492188,49.18779754638672,21.804040908813477,25.017494201660156,29.18944549560547,36.34261703491211
2016-08-01,55.88666534423828,11.467999458312988,287.74029541015625,32.304100036621094,128.75375366210938,49.05707550048828,21.629484176635742,24.94708251953125,28.850282669067383,36.22138214111328
2016-08-02,55.31150817871094,11.30794620513916,286.77154541015625,31.98418617248535,127.02812957763672,48.941749572753906,21.25002098083496,24.586166381835938,28.67722511291504,36.1380500793457
2016-08-03,55.62522888183594,11.588042259216309,287.61517333984375,32.653778076171875,128.88401794433594,49.71836471557617,21.568769454956055,24.9910945892334,29.161758422851562,36.32897186279297
2016-08-04,55.721092224121094,11.588042259216309,286.1231689453125,32.61656951904297,128.64794921875,49.64146423339844,21.46251678466797,25.079124450683594,29.092548370361328,36.535160064697266
2016-08-05,57.097999572753906,12.044201850891113,292.7635803222656,34.015281677246094,131.93637084960938,50.97938919067383,22.01653480529785,26.34672737121582,29.74319839477539,37.17668151855469
2016-08-08,57.36814498901367,12.108223915100098,290.3730773925781,34.193824768066406,132.53871154785156,50.825599670410156,22.100021362304688,26.461162567138672,29.72243309020996,37.352325439453125
2016-08-09,56.984718322753906,12.156243324279785,287.9980773925781,34.149192810058594,133.03521728515625,50.64875030517578,22.266984939575195,26.487560272216797,29.646299362182617,37.36759567260742
2016-08-10,56.418270111083984,11.852133750915527,286.27154541015625,33.81440734863281,132.01779174804688,50.19508743286133,22.092430114746094,26.081693649291992,29.417861938476562,36.794822692871094
2016-08-11,57.063133239746094,11.908156394958496,287.0137939453125,34.022708892822266,133.3771209716797,50.33348083496094,22.297340393066406,26.399333953857422,29.639375686645508,36.84065246582031
2016-08-12,56.97597885131836,11.932161331176758,286.39666748046875,33.9111213684082,132.8805389404297,50.225833892822266,22.137968063354492,26.205224990844727,29.57707405090332,36.58099365234375
2016-08-15,57.19386291503906,12.020193099975586,289.630859375,34.51374053955078,134.75270080566406,50.533416748046875,22.50984001159668,26.655210494995117,29.750118255615234,36.86355972290039
2016-08-16,56.90626525878906,12.140233993530273,286.7637634277344,34.684852600097656,134.8341064453125,50.525726318359375,22.957605361938477,26.593446731567383,29.77781105041504,36.99338912963867
2016-08-17,57.23741149902344,12.12423038482666,289.1308898925781,34.69231033325195,134.85040283203125,50.66410827636719,23.04868507385254,26.566980361938477,29.916255950927734,37.12321853637695
2016-08-18,57.19386291503906,12.132233619689941,289.6698913574219,34.595584869384766,135.16783142089844,50.71025848388672,23.185291290283203,26.637569427490234,29.916255950927734,37.062110900878906
2016-08-19,57.106719970703125,12.18025016784668,290.6543273925781,34.61791229248047,135.30621337890625,50.64104461669922,23.185291290283203,26.86697006225586,30.006229400634766,37.15376663208008
2016-08-22,56.95856475830078,12.148240089416504,290.2636413574219,34.714622497558594,135.33059692382812,50.59491729736328,23.22323226928711,26.628742218017578,30.02007293701172,37.138484954833984
2016-08-23,57.23741149902344,12.284286499023438,290.83392333984375,34.662540435791016,135.1841278076172,50.57184982299805,23.314302444458008,26.840511322021484,30.068531036376953,36.970462799072266
2016-08-24,56.784278869628906,12.324298858642578,288.365234375,34.714622497558594,134.54925537109375,50.71025848388672,23.4585018157959,26.67285919189453,29.930082321166992,37.138484954833984
2016-08-25,56.64484786987305,12.428336143493652,287.8808288574219,34.75925827026367,135.03758239746094,50.80253982543945,23.504037857055664,26.902259826660156,30.04083824157715,36.94757080078125
2016-08-26,56.46184539794922,12.636408805847168,289.9043273925781,35.04942321777344,135.09458923339844,50.917877197265625,23.648239135742188,27.30813980102539,30.04083824157715,37.04684829711914
2016-08-29,57.097999572753906,12.676422119140625,292.0214538574219,35.16102600097656,135.8271484375,51.479183197021484,23.837963104248047,27.39636993408203,30.34539794921875,37.848724365234375
2016-08-30,57.03699493408203,12.956521034240723,293.7400817871094,35.637184143066406,138.40122985839844,51.9020881652832,24.429933547973633,27.890474319458008,30.511524200439453,38.65824508666992
2016-08-31,57.1502799987793,12.9766206741333,293.0327453613281,35.51813507080078,138.47474670410156,51.9020881652832,24.331268310546875,27.75812339782715,30.559980392456055,38.79570770263672
2016-09-01,56.52283477783203,12.847980499267578,292.5296630859375,35.23542404174805,137.69842529296875,51.679100036621094,24.217430114746094,27.334598541259766,30.47690200805664,38.51314926147461
2016-09-02,56.81039810180664,12.864059448242188,293.85015869140625,35.347007751464844,138.24588012695312,51.89440155029297,24.202253341674805,27.59048843383789,30.566896438598633,38.604793548583984
2016-09-06,57.30712890625,12.687178611755371,292.0737609863281,35.183349609375,138.3684844970703,51.855953216552734,24.09600257873535,27.114025115966797,30.35924530029297,38.17711639404297
2016-09-07,57.6818733215332,12.622859954833984,293.6065368652344,35.32469940185547,138.6463165283203,51.640655517578125,24.05047035217285,27.149314880371094,30.220813751220703,38.009098052978516
2016-09-08,57.72544860839844,12.751500129699707,292.6946716308594,35.55533218383789,140.2724609375,51.70985794067383,24.316091537475586,27.281665802001953,30.34539794921875,38.10838317871094
2016-09-09,56.74942398071289,12.655019760131836,284.6773376464844,35.09407424926758,137.7474822998047,51.24850082397461,23.974576950073242,27.043437957763672,30.047761917114258,37.20722198486328
2016-09-12,57.42915725708008,12.78365707397461,289.33056640625,35.55533218383789,139.7821502685547,51.563758850097656,24.46788215637207,27.2375545501709,30.317710876464844,37.06975555419922
2016-09-13,56.087120056152344,12.638937950134277,283.67913818359375,34.9080696105957,136.46449279785156,51.156227111816406,23.875917434692383,26.858152389526367,29.923171997070312,35.86313247680664
2016-09-14,55.320213317871094,12.566577911376953,283.51409912109375,34.781578063964844,135.7781524658203,51.05628204345703,23.95180892944336,26.655210494995117,29.708580017089844,35.527103424072266
2016-09-15,55.62522888183594,12.598739624023438,287.2869567871094,35.02710723876953,137.34706115722656,51.240806579589844,24.24779510498047,27.290491104125977,29.78472900390625,35.244529724121094
2016-09-16,55.47708511352539,12.454017639160156,287.65625,34.52863311767578,135.6474151611328,50.61029815673828,23.974576950073242,26.937557220458984,29.487091064453125,34.694664001464844
2016-09-19,55.8256721496582,12.534418106079102,289.220458984375,34.662540435791016,135.81898498535156,50.894798278808594,23.98216438293457,27.255191802978516,29.667057037353516,35.137603759765625
2016-09-20,55.52937316894531,12.542458534240723,287.4519958496094,34.62535095214844,136.03143310546875,51.1024169921875,24.058053970336914,27.13166618347168,29.77781105041504,35.55764389038086
2016-09-21,56.01739501953125,12.582656860351562,291.11480712890625,34.893184661865234,136.48902893066406,51.39459991455078,24.225019454956055,27.466957092285156,29.943925857543945,35.000144958496094
2016-09-22,56.32240295410156,12.542458534240723,293.8658752441406,35.04942321777344,137.2980499267578,51.81751251220703,24.46788215637207,27.56400489807129,29.881635665893555,34.916141510009766
2016-09-23,55.64265441894531,12.478139877319336,287.4048767089844,35.07917785644531,134.93646240234375,51.70985794067383,24.217430114746094,27.06108283996582,29.736284255981445,34.931419372558594
2016-09-26,55.26792907714844,12.132414817810059,283.51409912109375,34.141761779785156,131.95384216308594,50.579551696777344,23.549577713012695,26.875789642333984,29.397113800048828,34.27463912963867
2016-09-27,56.01739501953125,12.293214797973633,284.37078857421875,34.498870849609375,133.1060333251953,51.025508880615234,23.79242515563965,27.114025115966797,29.694747924804688,34.43501281738281
2016-09-28,55.96509552001953,12.36557674407959,284.28436279296875,34.8708610534668,133.56362915039062,51.29464340209961,24.111183166503906,27.405193328857422,29.82712745666504,34.603031158447266
2016-09-29,55.22435760498047,12.18869686126709,280.78662109375,34.074806213378906,129.88645935058594,50.479591369628906,23.557165145874023,27.07872772216797,29.597204208374023,33.88514709472656
2016-09-30,55.80823516845703,12.582656860351562,284.8974914550781,35.138710021972656,131.78221130371094,51.20237350463867,24.331268310546875,27.855182647705078,29.882875442504883,33.81641387939453
2016-10-03,55.60780334472656,12.566577911376953,283.0188903808594,34.98991012573242,131.61880493164062,51.140865325927734,24.24779510498047,27.775774002075195,29.722614288330078,33.47275924682617
2016-10-04,55.6949462890625,12.703261375427246,279.84344482421875,35.52558135986328,132.599365234375,51.58232116699219,24.316091537475586,28.102235794067383,29.85498809814453,33.41166305541992
2016-10-05,56.369361877441406,12.952503204345703,281.5805358886719,36.19517135620117,135.97421264648438,52.42654037475586,24.710737228393555,28.772815704345703,30.412384033203125,34.35865020751953
2016-10-06,54.24980926513672,13.040938377380371,280.4486389160156,36.50764465332031,136.5871124267578,52.565956115722656,24.58171844482422,28.613981246948242,30.57959747314453,34.503746032714844
2016-10-07,54.09215545654297,12.96858024597168,280.7709045410156,36.66389465332031,138.77703857421875,52.7518424987793,24.52100944519043,28.58751678466797,30.447219848632812,34.61830139160156
2016-10-10,54.21477508544922,13.105259895324707,282.0207214355469,36.86475372314453,139.7657928466797,53.162322998046875,24.710737228393555,28.631628036499023,30.51688003540039,34.86267852783203
2016-10-11,53.303890228271484,12.952503204345703,276.5736083984375,36.448123931884766,138.13153076171875,52.906742095947266,24.422348022460938,28.146350860595703,30.161563873291016,34.7099494934082
2016-10-12,53.15499496459961,12.888182640075684,275.9683532714844,36.23237609863281,138.3439178466797,52.7673225402832,24.217430114746094,27.996349334716797,30.23819351196289,34.610652923583984
2016-10-13,52.90975570678711,12.72737979888916,274.5849914550781,36.061256408691406,136.80775451660156,52.46525955200195,24.08082389831543,27.731653213500977,29.875896453857422,34.17536163330078
2016-10-14,52.68204879760742,12.864059448242188,278.9630432128906,36.165401458740234,139.34091186523438,52.29486846923828,24.338857650756836,28.208106994628906,29.85498809814453,34.144805908203125
2016-10-17,52.46308898925781,12.90425968170166,278.7193908691406,36.15796661376953,138.09881591796875,52.0237922668457,24.126367568969727,27.961055755615234,29.76441764831543,33.98442840576172
2016-10-18,52.6207389831543,13.073101997375488,280.2835998535156,36.448123931884766,141.06509399414062,52.434268951416016,24.528594970703125,28.41987419128418,29.96647071838379,34.328086853027344
2016-10-19,53.64547348022461,13.241942405700684,277.24169921875,36.81268310546875,142.60134887695312,52.93771743774414,24.991539001464844,28.711042404174805,30.363618850708008,34.56483459472656
2016-10-20,58.4888916015625,13.314302444458008,274.451416015625,36.8870735168457,142.60134887695312,52.86800765991211,24.96877098083496,28.384580612182617,30.621400833129883,34.31282424926758
2016-10-21,58.996883392333984,13.402743339538574,271.6059875488281,36.87964630126953,142.73211669921875,53.046146392822266,25.37859344482422,28.47281265258789,30.551733016967773,34.43501281738281
2016-10-24,58.760398864746094,13.483142852783203,269.71173095703125,36.8870735168457,143.09976196289062,53.3404655456543,25.333059310913086,28.402225494384766,30.670167922973633,34.76339340209961
2016-10-25,58.45384979248047,13.442940711975098,268.45404052734375,36.894527435302734,143.4512176513672,53.28623580932617,25.310293197631836,27.978708267211914,30.54475975036621,34.916141510009766
2016-10-26,58.50639724731445,13.563543319702148,267.36151123046875,37.207000732421875,144.69326782226562,53.541839599609375,25.492435455322266,28.366931915283203,30.81648063659668,35.244529724121094
2016-10-27,58.620262145996094,13.595703125,267.4637451171875,37.147483825683594,145.24887084960938,53.619285583496094,25.820730209350586,28.375757217407227,31.143957138061523,35.44308853149414
2016-10-28,58.19984436035156,13.410782814025879,266.9999694824219,36.87220764160156,144.75045776367188,53.52635192871094,25.591684341430664,28.13752555847168,31.102142333984375,35.30561828613281
2016-10-31,58.17359161376953,13.266059875488281,268.2183532714844,36.56715774536133,145.64932250976562,53.64252471923828,25.629859924316406,27.96988868713379,31.18575668334961,35.137603759765625
2016-11-01,58.024696350097656,13.354503631591797,267.9981689453125,36.41093444824219,145.50225830078125,53.417911529541016,25.469524383544922,27.925771713256836,30.976734161376953,35.12234115600586
2016-11-02,57.32401657104492,13.249980926513672,266.15118408203125,36.11333084106445,144.29287719726562,53.193294525146484,25.13359832763672,27.405193328857422,30.65625,34.83742904663086
2016-11-03,57.21892166137695,13.249980926513672,268.1396789550781,35.97149658203125,143.99050903320312,52.9609489440918,25.049617767333984,27.48459815979004,30.691082000732422,34.914424896240234
2016-11-04,57.3765754699707,13.306262016296387,271.80242919921875,35.95656967163086,143.75350952148438,52.480751037597656,25.026714324951172,27.264013290405273,30.607467651367188,34.344581604003906
2016-11-07,58.68156814575195,13.676101684570312,281.10894775390625,37.18822479248047,148.2969207763672,54.122718811035156,25.958148956298828,28.508102416992188,31.29723358154297,34.96061325073242
2016-11-08,58.742897033691406,13.668060302734375,277.846923828125,37.25540542602539,148.65643310546875,54.238887786865234,26.034502029418945,28.596336364746094,31.339046478271484,35.06842803955078
2016-11-09,60.20553970336914,14.447953224182129,286.4380187988281,38.50944137573242,157.40814208984375,56.732810974121094,27.882110595703125,29.807741165161133,32.516517639160156,36.955074310302734
2016-11-10,61.40544509887695,15.083114624023438,294.7618408203125,40.01728439331055,164.14146423339844,59.36613082885742,29.027326583862305,31.178321838378906,33.17144775390625,39.758087158203125
2016-11-11,61.74703598022461,15.292153358459473,291.7593078613281,39.4350471496582,166.6501007080078,59.39714050292969,29.386154174804688,31.90340232849121,33.37350082397461,39.835086822509766
2016-11-14,63.42864227294922,16.144392013549805,293.8187561035156,40.815975189208984,170.93206787109375,61.58124542236328,30.042741775512695,32.50468826293945,33.9517936706543,40.982479095458984
2016-11-15,63.47245788574219,16.208715438842773,292.51397705078125,41.3907470703125,172.5745391845703,61.4650764465332,30.539012908935547,32.89375305175781,33.93087387084961,40.497352600097656
2016-11-16,62.780548095703125,15.879072189331055,288.8196105957031,40.778663635253906,168.54595947265625,59.947044372558594,29.92058753967285,32.45162582397461,33.35258865356445,39.79658126831055
2016-11-17,62.86811065673828,16.144392013549805,291.9008483886719,41.3907470703125,171.29977416992188,60.42722702026367,30.516096115112305,32.75227355957031,33.91694641113281,40.42033767700195
2016-11-18,62.184974670410156,16.080074310302734,293.0091247558594,41.39821243286133,171.8881072998047,60.187129974365234,30.867294311523438,33.14133071899414,34.300148010253906,40.67445373535156
2016-11-21,62.65787887573242,16.345396041870117,294.4161376953125,41.457923889160156,172.48463439941406,60.45046615600586,30.966543197631836,33.68956756591797,34.33498001098633,40.135414123535156
2016-11-22,62.81554412841797,16.32127571105957,293.2291564941406,41.875938415527344,172.50912475585938,60.82221221923828,30.951278686523438,33.8133544921875,34.160804748535156,40.21241760253906
2016-11-23,63.831546783447266,16.530317306518555,293.1741943359375,42.31634521484375,173.48968505859375,61.07780838012695,31.33301544189453,34.58265686035156,34.38374710083008,40.16621398925781
2016-11-25,63.814022064208984,16.771516799926758,293.7085876464844,42.38352584838867,172.7297821044922,61.05458450317383,31.378822326660156,34.476531982421875,34.432533264160156,40.52043533325195
2016-11-28,63.17464828491211,16.32127571105957,289.7628479003906,41.40566635131836,171.8881072998047,60.65959548950195,30.874927520751953,33.91062927246094,34.070228576660156,39.71958541870117
2016-11-29,62.61412048339844,16.3132381439209,289.684326171875,41.4429931640625,173.5684356689453,61.124290466308594,30.99709129333496,34.00789260864258,34.20957946777344,39.9351921081543
2016-11-30,63.09583282470703,17.043560028076172,291.44488525390625,42.0924186706543,179.74888610839844,62.0924186706543,31.577312469482422,34.18473815917969,34.57187271118164,40.751468658447266
2016-12-01,63.52498245239258,17.350215911865234,296.48321533203125,42.74927520751953,185.765380859375,63.34711456298828,32.188106536865234,35.0247688293457,35.10835266113281,41.84493637084961
2016-12-02,62.938175201416016,17.1323299407959,291.8929443359375,41.81622314453125,183.0849609375,63.19997024536133,31.9361629486084,34.27317810058594,34.83663558959961,41.25969696044922
2016-12-05,63.087066650390625,17.62458610534668,294.2431335449219,42.756752014160156,187.3391876220703,64.48564910888672,32.134674072265625,34.48536682128906,35.08745574951172,41.85264205932617
2016-12-06,63.33229446411133,17.882822036743164,293.9444274902344,43.23448181152344,189.65887451171875,64.81868743896484,32.455326080322266,34.72412109375,35.345245361328125,42.776710510253906
2016-12-07,65.06649017333984,18.213685989379883,298.53466796875,44.08543014526367,193.0851593017578,65.11299133300781,32.55458068847656,34.81255340576172,35.78419494628906,44.1088981628418
2016-12-08,65.60955047607422,18.52034568786621,308.66455078125,44.89906692504883,197.9130859375,65.92622375488281,33.272254943847656,34.85675048828125,36.16042709350586,44.11661911010742
2016-12-09,65.48689270019531,18.633319854736328,307.2490234375,44.816959381103516,198.24099731445312,66.21280670166016,33.38676834106445,34.768341064453125,36.25796890258789,44.0011100769043
2016-12-12,64.44465637207031,18.245967864990234,308.62506103515625,44.451194763183594,194.40487670898438,65.62417602539062,32.81415939331055,34.51190185546875,35.937469482421875,42.95382308959961
2016-12-13,64.67235565185547,18.245967864990234,310.4913330078125,44.63033676147461,195.5360565185547,65.64743041992188,32.493499755859375,34.441165924072266,36.02107238769531,43.00002670288086
2016-12-14,64.87378692626953,18.294387817382812,308.4036865234375,44.376548767089844,196.6671905517578,65.62417602539062,32.7225341796875,34.48536682128906,36.0419807434082,42.12216567993164
2016-12-15,65.63581848144531,18.689815521240234,311.3690185546875,44.95878982543945,199.1836700439453,66.60781860351562,32.83706283569336,34.85675048828125,36.21616744995117,42.49949645996094
2016-12-16,65.6883544921875,18.286317825317383,310.4754638671875,44.600486755371094,195.82293701171875,65.78682708740234,32.60801696777344,34.34390640258789,36.048954010009766,42.6150016784668
2016-12-19,65.29423522949219,18.14105987548828,308.22174072265625,44.533294677734375,195.9622802734375,66.16634368896484,32.699649810791016,34.264339447021484,36.1395263671875,42.522586822509766
2016-12-20,65.74088287353516,18.3266658782959,315.0857238769531,45.384254455566406,199.2574005126953,67.01830291748047,33.21116256713867,35.50225830078125,36.6063346862793,43.200233459472656
2016-12-21,65.96862030029297,18.262107849121094,311.1950988769531,45.3469352722168,197.90492248535156,67.18869018554688,33.11191177368164,35.35193634033203,36.34854507446289,42.89990997314453
2016-12-22,65.32046508789062,18.18947982788086,306.12615966796875,45.15285873413086,196.82296752929688,67.29713439941406,32.669097900390625,35.166255950927734,36.33461380004883,42.930721282958984
2016-12-23,65.66204833984375,18.237897872924805,305.034912109375,45.52609634399414,197.51968383789062,67.42102813720703,32.875240325927734,35.65257263183594,36.36945343017578,43.092430114746094
2016-12-27,65.6707992553711,18.245967864990234,306.41876220703125,45.600738525390625,198.00328063964844,67.48301696777344,32.92104721069336,35.78520965576172,36.44609832763672,43.084739685058594
2016-12-28,65.13655090332031,18.0200138092041,301.31036376953125,44.816959381103516,197.25732421875,66.99507904052734,32.53929901123047,35.272361755371094,36.27097702026367,42.59959030151367
2016-12-29,64.74242401123047,17.753698348999023,299.70513916015625,44.32429504394531,195.2327423095703,66.52262115478516,32.18048095703125,34.99824523925781,35.93473815917969,42.22997283935547
2016-12-30,64.88255310058594,17.834400177001953,300.92291259765625,44.36161422729492,196.27374267578125,66.83243560791016,32.25680923461914,34.90097427368164,35.98377227783203,42.437889099121094
2017-01-03,65.994873046875,18.18140411376953,305.5804748535156,45.22751235961914,198.011474609375,67.5604476928711,32.86760711669922,35.54645538330078,36.04680633544922,43.123233795166016
2017-01-04,67.07676696777344,18.52034568786621,305.762451171875,45.839595794677734,199.2902069091797,67.68505096435547,33.30279541015625,36.448394775390625,36.3129997253418,43.161746978759766
2017-01-05,66.24996185302734,18.302459716796875,302.50445556640625,45.040897369384766,197.8065643310547,67.06204223632812,32.99739074707031,36.227325439453125,35.70357131958008,42.491790771484375
2017-01-06,66.38187408447266,18.302459716796875,303.896240234375,45.19765090942383,200.74105834960938,67.06983184814453,33.478389739990234,36.457237243652344,35.93473815917969,42.38398742675781
2017-01-09,66.72492980957031,18.197547912597656,300.8280334472656,44.95131301879883,199.0934600830078,67.11656188964844,32.60801696777344,36.35995864868164,35.773624420166016,41.767948150634766
2017-01-10,67.41980743408203,18.512269973754883,300.74102783203125,44.95878982543945,198.83119201660156,67.31124114990234,32.875240325927734,36.42185974121094,35.87868881225586,42.06056213378906
2017-01-11,67.64848327636719,18.61717414855957,301.24713134765625,44.757232666015625,201.4459686279297,67.81746673583984,33.34096145629883,36.53681945800781,36.2779655456543,42.19917297363281
2017-01-12,67.6220932006836,18.496135711669922,299.14361572265625,44.21232604980469,199.87216186523438,67.16327667236328,33.31040954589844,36.4837646484375,36.02578353881836,41.9681396484375
2017-01-13,67.39342498779297,18.568763732910156,299.9818420410156,44.51091003417969,200.2491912841797,67.52152252197266,33.44784164428711,36.61639404296875,36.20793151855469,42.59190368652344
2017-01-17,67.37581634521484,17.794052124023438,296.3837585449219,43.57785415649414,193.23275756835938,65.06830596923828,32.18048095703125,35.661407470703125,35.24126434326172,41.41371536254883
2017-01-18,68.15861511230469,18.262107849121094,298.914306640625,42.83885955810547,192.0441436767578,65.37203216552734,32.7225341796875,36.342288970947266,35.4163818359375,41.791046142578125
2017-01-19,67.45500183105469,18.18140411376953,298.40032958984375,42.293949127197266,189.68348693847656,64.87361907958984,32.40951919555664,36.64293670654297,35.535457611083984,42.02975082397461
2017-01-20,67.02398681640625,18.270179748535156,301.60302734375,41.8834114074707,190.3309783935547,65.1617660522461,32.51640701293945,36.52798080444336,35.864688873291016,42.4070930480957
2017-01-23,66.82168579101562,18.205617904663086,298.9617614746094,41.56242752075195,190.71627807617188,65.19290161132812,32.03541946411133,36.42185974121094,35.70357131958008,41.775634765625
2017-01-24,68.10589599609375,18.52034568786621,301.5871276855469,42.353660583496094,191.5441436767578,65.97947692871094,32.623294830322266,36.96125411987305,36.26395797729492,42.12216567993164
2017-01-25,67.63091278076172,18.859281539916992,307.0829162597656,43.062801361083984,194.470458984375,66.99971771240234,33.48600769042969,37.39453887939453,36.74027633666992,43.600669860839844
2017-01-26,67.66605377197266,18.915769577026367,300.03729248046875,42.81646728515625,196.3802490234375,67.5604476928711,33.60818099975586,37.5360107421875,37.09052276611328,44.03190612792969
2017-01-27,67.59568786621094,18.85120964050293,296.58941650390625,42.62985610961914,194.22450256347656,67.70063781738281,33.477787017822266,37.41221618652344,37.11854553222656,43.57758331298828
2017-01-30,67.97392272949219,18.52034568786621,296.6843566894531,42.256629943847656,191.7244873046875,66.99971771240234,33.0713005065918,36.98777770996094,37.020477294921875,43.184844970703125
2017-01-31,67.18231964111328,18.270179748535156,295.73529052734375,41.67440414428711,187.9703369140625,65.90940856933594,32.5881233215332,36.46607971191406,36.88039016723633,43.37734603881836
2017-02-01,67.51656341552734,18.4719295501709,294.9604187011719,41.838619232177734,189.0768585205078,66.15861511230469,32.74917221069336,36.55448913574219,37.146568298339844,43.34634017944336
2017-02-02,67.29664611816406,18.334733963012695,293.885009765625,41.90598678588867,188.86380004882812,65.87825012207031,32.312007904052734,34.63569259643555,37.21661376953125,43.22229766845703
2017-02-03,68.64241790771484,18.79471778869629,298.914306640625,43.23848342895508,197.50326538085938,67.89534759521484,34.076019287109375,35.519935607910156,37.58787536621094,44.400733947753906
2017-02-06,68.44889831542969,18.65753746032715,298.4556579589844,43.14865493774414,196.70819091796875,67.57603454589844,34.22941589355469,35.13972473144531,37.40574264526367,43.84253692626953
2017-02-07,68.36095428466797,18.479997634887695,298.03643798828125,42.81178283691406,196.4130859375,67.5370864868164,34.41347885131836,35.086666107177734,37.265647888183594,43.67972183227539
2017-02-08,68.43130493164062,18.294387817382812,296.1939697265625,42.16050720214844,194.86386108398438,66.94520568847656,33.67719650268555,34.94489669799805,37.048492431640625,43.12926483154297
2017-02-09,68.76555633544922,18.65753746032715,299.3650817871094,42.86418533325195,197.99508666992188,67.91090393066406,34.39814758300781,35.5119514465332,37.50380325317383,43.98208236694336
2017-02-10,69.02942657470703,18.6252498626709,302.7812194824219,43.14116287231445,198.9541473388672,67.75514221191406,34.28310012817383,35.38791275024414,37.5528450012207,44.0828742980957
2017-02-13,69.40767669677734,18.883487701416016,305.1060791015625,44.12929916381836,201.86402893066406,68.6507797241211,34.71259689331055,36.079017639160156,37.91710662841797,44.253440856933594
2017-02-14,69.84742736816406,19.41609764099121,304.4339599609375,44.788063049316406,204.47882080078125,69.74889373779297,35.310821533203125,36.55746078491211,38.2113037109375,44.95119857788086
2017-02-15,70.01458740234375,19.835725784301758,310.8077392578125,45.289608001708984,205.36402893066406,70.55101776123047,35.65596008300781,37.35489273071289,38.62458038330078,45.393096923828125
2017-02-16,69.93540954589844,19.835725784301758,309.9614562988281,45.19976806640625,204.46243286132812,70.50431823730469,35.364501953125,36.81440734863281,38.53351974487305,45.05973815917969
2017-02-17,70.11131286621094,19.787321090698242,307.4231262207031,45.04256820678711,205.23297119140625,70.27064514160156,35.39518737792969,36.81440734863281,38.44245910644531,45.036468505859375
2017-02-21,70.34000396728516,19.99713134765625,308.48272705078125,45.32704162597656,206.3640594482422,70.87813568115234,35.70964431762695,37.0181999206543,38.666603088378906,45.1605224609375
2017-02-22,70.24324035644531,20.005197525024414,308.9650573730469,45.37944030761719,206.33950805664062,70.91704559326172,35.678958892822266,36.876441955566406,38.74367141723633,45.24580383300781
2017-02-23,70.41035461425781,19.835725784301758,308.8860168457031,45.37944030761719,205.8968505859375,70.97157287597656,35.72498321533203,36.53974914550781,38.80672073364258,45.346588134765625
2017-02-24,70.15531158447266,19.553295135498047,307.7393798828125,44.5859375,202.74929809570312,70.34854125976562,34.919673919677734,36.4245719909668,38.59657287597656,44.81939697265625
2017-02-27,70.51590728759766,19.827667236328125,309.1944274902344,44.9302864074707,204.37225341796875,70.42642211914062,35.15742874145508,36.97389602661133,38.729652404785156,45.01321792602539
2017-02-28,70.41915130615234,19.916433334350586,306.39508056640625,44.77307891845703,203.86270141601562,70.57440185546875,35.02705001831055,35.80434799194336,38.526519775390625,44.8736686706543
2017-03-01,72.05519104003906,20.640886306762695,314.57965087890625,46.068138122558594,207.68423461914062,72.89519500732422,35.90137481689453,38.09029769897461,39.51418685913086,46.30793762207031
2017-03-02,70.45433044433594,20.422334671020508,311.66705322265625,45.38692092895508,206.32821655273438,71.75814819335938,35.49489974975586,37.41691207885742,38.86275100708008,45.51716232299805
2017-03-03,70.26081848144531,20.592321395874023,310.4893798828125,45.66389846801758,207.83216857910156,72.27216339111328,35.91672897338867,37.611839294433594,38.91178894042969,45.65670394897461
2017-03-06,69.92658996582031,20.43852424621582,308.4918518066406,45.12492370605469,207.1089324951172,71.58683776855469,35.71731185913086,37.31058883666992,38.729652404785156,45.439632415771484
2017-03-07,69.9969482421875,20.40614891052246,306.6536865234375,45.289608001708984,206.1967010498047,71.18962097167969,35.53323745727539,36.911888122558594,38.547523498535156,45.199283599853516
2017-03-08,69.52201080322266,20.446622848510742,306.01702880859375,45.746253967285156,205.65428161621094,71.03387451171875,35.579254150390625,37.08910369873047,38.43545913696289,45.12950897216797
2017-03-09,69.75068664550781,20.519474029541016,305.79425048828125,46.07561111450195,205.60498046875,71.31426239013672,35.80168151855469,37.43462371826172,38.48448181152344,45.509403228759766
2017-03-10,69.821044921875,20.487089157104492,306.0409240722656,46.03070068359375,204.12570190429688,71.08840942382812,35.65596008300781,37.638427734375,38.48448181152344,45.625694274902344
2017-03-13,69.67150115966797,20.478992462158203,306.2875671386719,46.060646057128906,203.9449005126953,71.15069580078125,35.479557037353516,38.0814323425293,38.47047424316406,45.509403228759766
2017-03-14,70.09373474121094,20.495189666748047,305.0143737792969,45.99327850341797,203.58331298828125,71.26750183105469,35.42586135864258,37.8067626953125,38.526519775390625,45.555912017822266
2017-03-15,69.68911743164062,20.381866455078125,308.9375305175781,45.544132232666016,202.810791015625,71.43885040283203,35.16508865356445,37.85106658935547,38.49850845336914,45.51716232299805
2017-03-16,70.16407775878906,20.41423988342285,310.3541564941406,45.77619552612305,203.99420166015625,71.3687744140625,35.53323745727539,38.568748474121094,38.547523498535156,45.99006271362305
2017-03-17,69.70671081542969,20.122835159301758,304.6641540527344,45.19229507446289,200.4767608642578,70.62110137939453,34.52853012084961,37.9751091003418,38.30936813354492,45.48613357543945
2017-03-20,69.35486602783203,19.782875061035156,302.7543640136719,44.60839080810547,198.9974822998047,70.11489868164062,34.19873046875,37.43462371826172,37.99415969848633,44.679840087890625
2017-03-21,68.19381713867188,18.633455276489258,298.54461669921875,43.44809341430664,191.4859619140625,68.05888366699219,32.71849822998047,35.830928802490234,36.90840148925781,43.29982376098633
2017-03-22,68.31697845458984,18.568702697753906,298.7913818359375,43.24595260620117,189.8998260498047,68.16790771484375,32.37337112426758,35.582847595214844,36.845359802246094,42.89667510986328
2017-03-23,68.46650695800781,18.673934936523438,298.73565673828125,43.45555114746094,190.5819549560547,68.05888366699219,32.66481018066406,35.59170150756836,36.83134841918945,42.834651947021484
2017-03-24,68.78316497802734,18.714401245117188,297.9478454589844,43.470542907714844,187.7138214111328,67.98102569580078,32.56511306762695,35.45880126953125,36.82434844970703,43.28431701660156
2017-03-27,68.25540924072266,18.641551971435547,298.41741943359375,43.66517639160156,185.3058624267578,67.94204711914062,31.890180587768555,34.92717742919922,36.56516647338867,42.94319152832031
2017-03-28,69.170166015625,19.005802154541016,302.8975830078125,44.48112869262695,188.46983337402344,69.00121307373047,32.5881233215332,35.87522506713867,36.922420501708984,43.38510513305664
2017-03-29,68.82713317871094,18.90057373046875,301.9268493652344,44.45866394042969,187.7466583251953,68.74422454833984,32.82587432861328,35.83977508544922,36.443538665771484,43.16027069091797
2017-03-30,69.67150115966797,19.321487426757812,304.8154602050781,45.29709243774414,190.0231170654297,69.33610534667969,33.30905532836914,36.45115280151367,36.704105377197266,43.602195739746094
2017-03-31,69.58355712890625,19.0948486328125,305.1894836425781,44.78057098388672,188.79037475585938,68.40934753417969,32.8565559387207,36.15875244140625,36.267486572265625,43.152523040771484
2017-04-03,69.12618255615234,19.0948486328125,304.0594177246094,44.67576217651367,188.16578674316406,68.1601333618164,32.75685119628906,35.94612121582031,36.30269241333008,43.02071762084961
2017-04-04,68.8359146118164,18.97342300415039,303.0328063964844,44.67576217651367,188.41236877441406,68.38727569580078,32.603450775146484,35.64486312866211,36.23931121826172,42.79589080810547
2017-04-05,68.6769790649414,18.75487518310547,303.1203918457031,44.60839080810547,187.09744262695312,67.51000213623047,32.01290512084961,34.9803466796875,35.943546295166016,42.62533187866211
2017-04-06,68.8182601928711,18.82772445678711,305.65899658203125,44.832969665527344,187.9027862548828,67.73714447021484,32.28133773803711,35.494239807128906,36.16184997558594,42.92769241333008
2017-04-07,68.68579864501953,18.746780395507812,307.1868591308594,44.488609313964844,187.27821350097656,67.502197265625,32.173946380615234,35.35247039794922,36.0210075378418,42.516788482666016
2017-04-10,68.43849182128906,18.633455276489258,307.0833435058594,44.3763427734375,188.1082305908203,67.26722717285156,32.143272399902344,34.82085418701172,35.76044464111328,42.28419494628906
2017-04-11,68.2353515625,18.552513122558594,305.6191101074219,44.18918991088867,187.1631622314453,67.14973449707031,31.890180587768555,34.49303436279297,35.83790588378906,41.98958969116211
2017-04-12,67.72311401367188,18.333955764770508,303.54217529296875,43.79991149902344,185.52772521972656,66.89122772216797,31.4990291595459,34.0234375,35.70410919189453,41.18330001831055
2017-04-13,66.94589233398438,18.083032608032227,301.60040283203125,43.44809341430664,183.53073120117188,66.10796356201172,31.207578659057617,33.252586364746094,35.19706344604492,39.81103515625
2017-04-17,67.71424865722656,18.463476181030273,305.4202880859375,44.15924072265625,185.9468231201172,67.25153350830078,31.8211612701416,33.79306411743164,35.5914306640625,40.873172760009766
2017-04-18,66.93706512451172,18.382530212402344,305.26904296875,43.732547760009766,177.1779327392578,66.70327758789062,31.606403350830078,33.58927917480469,35.070308685302734,40.66383743286133
2017-04-19,66.72509765625,18.406816482543945,300.0885314941406,43.21602249145508,175.94522094726562,66.15494537353516,32.24298858642578,33.91712188720703,34.99283981323242,40.43125915527344
2017-04-20,70.67296600341797,18.673934936523438,303.6614990234375,43.725059509277344,179.20791625976562,67.00871276855469,32.595787048339844,34.27152633666992,35.69001770019531,41.4778938293457
2017-04-21,70.293212890625,18.382530212402344,300.8524475097656,43.208534240722656,178.22164916992188,66.20195770263672,32.05891036987305,33.96140670776367,35.570308685302734,41.090248107910156
2017-04-24,71.05272674560547,19.127220153808594,307.6882019042969,44.4961051940918,183.448486328125,68.53610229492188,33.40876007080078,34.723392486572266,36.30974197387695,41.59418487548828
2017-04-25,71.2116928100586,19.4105224609375,308.9137268066406,45.072509765625,186.25094604492188,69.13138580322266,33.95330047607422,35.10438537597656,36.711151123046875,42.29970932006836
2017-04-26,71.11455535888672,19.337682723999023,309.4548645019531,44.990177154541016,185.8975372314453,69.2645263671875,34.029991149902344,35.494239807128906,36.704105377197266,42.28419494628906
2017-04-27,70.94674682617188,19.143407821655273,310.9190979003906,44.577354431152344,185.57699584960938,68.62226867675781,33.544620513916016,34.77655792236328,36.563255310058594,42.20667266845703
2017-04-28,69.9928970336914,18.892484664916992,306.03302001953125,44.374691009521484,183.9252166748047,68.14445495605469,33.41365051269531,34.42213821411133,36.112552642822266,41.74150085449219
2017-05-01,69.97523498535156,19.111034393310547,304.7835693359375,44.629886627197266,184.7880401611328,68.19145965576172,33.69872283935547,35.20185852050781,36.40833282470703,42.22217559814453
2017-05-02,70.24903106689453,19.046279907226562,305.97723388671875,44.81753921508789,185.0099334716797,67.75286102294922,33.39824295043945,35.4676513671875,36.31678771972656,42.28419494628906
2017-05-03,69.62196350097656,19.24054527282715,305.81005859375,45.2153434753418,185.98793029785156,68.14445495605469,33.4984016418457,35.79548645019531,36.76748275756836,42.822898864746094
2017-05-04,69.18036651611328,19.305295944213867,305.0303039550781,45.19282913208008,186.21807861328125,68.22278594970703,33.34431457519531,35.582847595214844,36.837913513183594,43.080543518066406
2017-05-05,69.17152404785156,19.216259002685547,305.3883972167969,45.2153434753418,186.44818115234375,68.14445495605469,33.19021987915039,35.55625915527344,36.45762634277344,43.0258903503418
2017-05-08,69.03022003173828,19.394338607788086,304.2901611328125,45.41050338745117,184.9359893798828,68.22278594970703,33.14399719238281,35.80434799194336,36.619590759277344,42.97123336791992
2017-05-09,69.27751159667969,19.4105224609375,302.7940979003906,45.20783996582031,183.8922882080078,67.94863891601562,32.997623443603516,35.88408279418945,36.323822021484375,42.690181732177734
2017-05-10,69.46297454833984,19.548128128051758,304.2026672363281,45.31291580200195,184.812744140625,68.48127746582031,33.20563888549805,35.64439010620117,36.59846115112305,42.721412658691406
2017-05-11,68.8182601928711,19.483375549316406,304.6800842285156,45.56061935424805,184.71409606933594,68.26979064941406,33.028438568115234,35.52897262573242,36.3660774230957,41.95630645751953
2017-05-12,68.43849182128906,19.426713943481445,306.4706726074219,45.83833312988281,183.1197509765625,68.08179473876953,32.92058563232422,35.16499710083008,36.2041130065918,41.39418029785156
2017-05-15,69.18036651611328,19.475284576416016,309.8447570800781,46.101036071777344,185.0099334716797,68.41077423095703,33.45988082885742,35.990623474121094,36.45762634277344,41.628387451171875
2017-05-16,69.00373077392578,19.41861915588379,311.38861083984375,46.9041748046875,185.40444946289062,68.62226867675781,33.42135238647461,36.106040954589844,36.591434478759766,41.58154296875
2017-05-17,67.44931030273438,18.269207000732422,305.3168029785156,45.02019500732422,175.64112854003906,66.00613403320312,31.564611434936523,33.842185974121094,35.535091400146484,40.78520202636719
2017-05-18,67.4581527709961,18.406816482543945,309.1444396972656,45.09526062011719,176.82455444335938,65.76332092285156,31.826555252075195,34.028629302978516,35.732276916503906,40.89451217651367
2017-05-19,67.82907104492188,18.657739639282227,312.9959716796875,45.86085891723633,177.01358032226562,66.40560913085938,32.20407485961914,33.96647644042969,35.98579788208008,41.425411224365234
2017-05-22,67.9880599975586,18.649648666381836,315.3515319824219,45.83082962036133,177.5312957763672,66.34295654296875,32.09620666503906,34.19730758666992,36.22522735595703,41.38637161254883
2017-05-23,68.18235778808594,18.932950973510742,315.10479736328125,46.3187141418457,180.50633239746094,67.1732177734375,32.68174362182617,34.508026123046875,36.591434478759766,41.68303680419922
2017-05-24,68.11172485351562,18.908674240112305,315.37542724609375,46.739036560058594,183.94985961914062,67.13404083251953,32.84353256225586,34.632320404052734,36.471702575683594,41.448814392089844
2017-05-25,68.39431762695312,18.81963348388672,323.3730163574219,46.49885177612305,182.8321075439453,66.85208892822266,32.84353256225586,34.9874267578125,36.45762634277344,41.20679473876953
2017-05-26,68.4120101928711,18.81153678894043,323.89825439453125,46.58892822265625,183.7032928466797,66.85989379882812,33.00532531738281,35.0850830078125,36.22522735595703,40.91793441772461
2017-05-30,68.08521270751953,18.54442024230957,323.73907470703125,46.266170501708984,180.1080322265625,65.71631622314453,32.573875427246094,34.321590423583984,35.98579788208008,40.722747802734375
2017-05-31,67.9527359008789,18.19927406311035,325.66485595703125,45.44052505493164,174.20394897460938,64.34558868408203,32.15785598754883,34.40149688720703,35.83790588378906,39.92640686035156
2017-06-01,69.13619995117188,18.377941131591797,330.9812927246094,45.84584045410156,177.2961883544922,65.05838775634766,32.828121185302734,35.2448844909668,36.28860855102539,40.6602897644043
2017-06-02,69.32168579101562,18.23175811767578,332.0461730957031,45.86836242675781,175.89434814453125,64.72940826416016,32.75876998901367,34.57905960083008,36.12663650512695,40.44948959350586
2017-06-05,69.74559783935547,18.19927406311035,331.6539001464844,45.97343826293945,176.45506286621094,64.8469009399414,33.043853759765625,34.712223052978516,36.14777755737305,40.37923049926758
2017-06-06,69.63961029052734,18.05309295654297,331.341552734375,45.79330062866211,176.9003448486328,64.98004913330078,33.08235549926758,34.37486267089844,35.830875396728516,40.44948959350586
2017-06-07,70.48749542236328,18.35357093811035,331.317626953125,46.44632339477539,177.93104553222656,65.72418212890625,33.34431457519531,34.508026123046875,36.013973236083984,40.668094635009766
2017-06-08,70.61112976074219,18.654052734375,332.4624938964844,47.44459915161133,180.38836669921875,66.53874969482422,33.976051330566406,35.29814147949219,36.46466827392578,41.035037994384766
2017-06-09,70.92906951904297,19.222524642944336,335.08062744140625,48.37532043457031,183.42288208007812,68.1131362915039,34.600120544433594,36.656455993652344,37.24635696411133,42.00313949584961
2017-06-12,70.80545043945312,19.311857223510742,334.9286193847656,48.277748107910156,182.98587036132812,68.12879943847656,34.553890228271484,37.18025207519531,37.21819305419922,42.22956085205078
2017-06-13,71.17635345458984,19.303739547729492,335.7292175292969,48.55546188354492,184.8741912841797,68.35592651367188,34.7850227355957,37.33116912841797,37.28156661987305,42.5106086730957
2017-06-14,71.39716339111328,19.29561424255371,337.4747314453125,48.57797622680664,186.77902221679688,68.21493530273438,34.600120544433594,37.55311965942383,37.21113967895508,42.57306671142578
2017-06-15,71.27352142333984,19.116958618164062,338.1792907714844,48.112613677978516,184.07431030273438,67.80765533447266,34.43063735961914,37.393310546875,36.88721466064453,42.08122253417969
2017-06-16,71.93592834472656,19.027620315551758,336.69012451171875,47.954994201660156,182.9034423828125,67.502197265625,34.26883316040039,37.215763092041016,36.80973815917969,42.07341766357422
2017-06-19,72.315673828125,19.41743278503418,342.9913330078125,48.397830963134766,186.46563720703125,68.98255920410156,35.224178314208984,37.69514465332031,37.0210075378418,42.346656799316406
2017-06-20,72.87210845947266,19.076351165771484,340.0368347167969,47.97000503540039,185.61634826660156,68.55176544189453,35.05467224121094,37.41106033325195,36.859039306640625,41.73768615722656
2017-06-21,72.6071548461914,18.783992767333984,336.8742370605469,47.90996170043945,183.464111328125,68.23846435546875,34.600120544433594,37.06482696533203,36.619590759277344,41.362945556640625
2017-06-22,72.64248657226562,18.621570587158203,338.8200378417969,47.75233459472656,181.22125244140625,68.16011810302734,34.36898422241211,36.958309173583984,36.12663650512695,40.98038864135742
2017-06-23,72.6159896850586,18.532236099243164,337.57879638671875,47.59470748901367,179.0938262939453,68.03479766845703,33.660194396972656,36.94942855834961,35.75340270996094,40.94914627075195
2017-06-26,73.26953125,18.58908462524414,340.0368347167969,47.87241744995117,181.773681640625,68.33243560791016,33.89902877807617,37.15361022949219,35.92240905761719,41.30048370361328
2017-06-27,73.37554168701172,18.89768409729004,337.98712158203125,48.2101936340332,181.64178466796875,68.96688079833984,34.068511962890625,37.83720397949219,36.21115493774414,41.50346755981445
2017-06-28,74.16156768798828,19.393064498901367,341.7663269042969,48.92325210571289,184.06607055664062,70.353271484375,34.145565032958984,38.04139709472656,36.805938720703125,42.41692352294922
2017-06-29,73.86128234863281,19.75038719177246,338.8758850097656,50.27431106567383,185.04734802246094,71.3950424194336,34.47685623168945,38.18343734741211,36.66432189941406,43.548973083496094
2017-06-30,74.40003967285156,19.701669692993164,338.21142578125,50.19924545288086,182.97764587402344,71.59085083007812,34.33046340942383,38.139034271240234,36.76344680786133,43.26011276245117
2017-07-03,75.1595687866211,20.042755126953125,343.3436584472656,51.235050201416016,187.41395568847656,73.04785919189453,35.13942337036133,38.600704193115234,37.23078536987305,43.548973083496094
2017-07-05,75.257080078125,20.237651824951172,343.30352783203125,51.37767028808594,188.04058837890625,73.78034210205078,35.56315994262695,38.77824783325195,37.28742980957031,43.548973083496094
2017-07-06,74.23760223388672,20.067115783691406,340.4371643066406,50.7621955871582,186.92745971679688,73.54402160644531,35.540042877197266,38.600704193115234,36.947547912597656,43.37722396850586
2017-07-07,74.76065063476562,20.164569854736328,346.19403076171875,50.97236251831055,185.76478576660156,73.91419219970703,35.47840881347656,38.458648681640625,37.14582061767578,43.517738342285156
2017-07-10,74.73406219482422,20.213294982910156,349.2846374511719,50.77719497680664,186.2265625,73.39440155029297,35.43219757080078,38.73385238647461,37.039608001708984,43.40064239501953
2017-07-11,74.60994720458984,19.9777774810791,345.8177490234375,50.15422058105469,187.14183044433594,73.11087036132812,35.039268493652344,38.263336181640625,36.6572380065918,42.97123336791992
2017-07-12,75.19503021240234,19.774761199951172,348.5240478515625,50.229270935058594,187.50465393066406,72.85887145996094,34.63862609863281,38.218936920166016,36.74928665161133,43.07273483276367
2017-07-13,75.6825942993164,19.9940242767334,350.5976867675781,50.3043212890625,189.9866485595703,73.32352447509766,35.0700798034668,38.33436965942383,36.97587203979492,43.408451080322266
2017-07-14,75.60281372070312,19.661056518554688,350.9659729003906,50.07915496826172,188.50241088867188,72.65406799316406,34.823543548583984,38.21007537841797,36.87675094604492,42.93220901489258
2017-07-17,75.54964447021484,19.50676918029785,339.9888000488281,50.161712646484375,189.04669189453125,71.97675323486328,34.923709869384766,38.11241912841797,36.841331481933594,42.71360397338867
2017-07-18,75.81562042236328,19.409311294555664,341.79034423828125,50.206756591796875,184.1402587890625,71.72473907470703,34.77731704711914,38.05028533935547,36.55811309814453,42.78386688232422
2017-07-19,76.17908477783203,19.53924560546875,341.4541320800781,50.06413650512695,183.7774658203125,71.8271255493164,35.91755676269531,37.437705993652344,36.87675094604492,42.89316940307617
2017-07-20,75.66487121582031,19.441795349121094,342.110595703125,49.80894088745117,183.3074951171875,71.8271255493164,35.832801818847656,37.41106033325195,37.159976959228516,42.84633255004883
2017-07-21,75.87764739990234,19.328102111816406,343.2075500488281,49.53873062133789,181.559326171875,71.58296203613281,35.89444351196289,37.419952392578125,36.905067443847656,42.2920036315918
2017-07-24,75.3546142578125,19.41743278503418,342.943359375,49.61379623413086,179.91014099121094,71.89012145996094,35.98689651489258,37.25127410888672,37.379486083984375,42.37007141113281
2017-07-25,75.71808624267578,19.880332946777344,345.3692626953125,51.06241226196289,182.71377563476562,73.08724212646484,36.68028259277344,38.13017654418945,37.64854049682617,42.98685836791992
2017-07-26,75.62054443359375,19.661056518554688,346.4582824707031,51.024898529052734,183.2662353515625,72.40205383300781,36.37211608886719,37.979251861572266,37.124576568603516,42.8697395324707
2017-07-27,74.33509063720703,19.57985496520996,340.6933288574219,50.739662170410156,182.63128662109375,72.10279083251953,36.47279739379883,37.76619338989258,37.124576568603516,42.71360397338867
2017-07-28,75.17729187011719,19.514883041381836,339.4844055175781,50.612064361572266,184.38766479492188,71.89012145996094,36.13975143432617,37.775062561035156,37.22370147705078,41.612762451171875
2017-07-31,75.55852508544922,19.587976455688477,341.5101013183594,51.37767028808594,185.80596923828125,72.29967498779297,36.32563781738281,38.08578872680664,37.372398376464844,42.11244583129883
2017-08-01,75.56737518310547,19.855968475341797,344.27239990234375,52.240840911865234,187.1830291748047,73.26839447021484,36.565757751464844,38.289974212646484,37.49277114868164,42.22175216674805
2017-08-02,75.62054443359375,19.969663619995117,340.7254333496094,52.10572814941406,186.58108520507812,73.33140563964844,36.65869903564453,38.19231033325195,37.521095275878906,42.16667938232422
2017-08-03,75.83332061767578,19.791000366210938,341.0937194824219,51.374298095703125,184.70101928710938,72.85098266601562,36.60447692871094,38.06803512573242,37.30159378051758,41.99368667602539
2017-08-04,76.21453094482422,20.278263092041016,341.49407958984375,52.01525115966797,189.48370361328125,73.76457977294922,37.23958969116211,38.27220916748047,37.613136291503906,41.55331802368164
2017-08-07,76.10813903808594,20.270137786865234,342.58306884765625,52.06049346923828,192.06463623046875,74.04808807373047,37.41774368286133,38.06803512573242,37.613136291503906,41.317378997802734
2017-08-08,76.18793487548828,20.22141456604004,343.3436584472656,51.93983459472656,191.34722900390625,73.78034210205078,37.1234130859375,37.92597961425781,37.662723541259766,41.451072692871094
2017-08-09,75.96630096435547,20.091476440429688,345.361328125,51.60051727294922,190.4897003173828,73.66217041015625,36.906532287597656,37.37452697753906,37.6910285949707,41.51398468017578
2017-08-10,74.96453094482422,19.587976455688477,338.4355163574219,50.688106536865234,185.94615173339844,72.60684967041016,35.86091613769531,36.120391845703125,37.08917999267578,40.85340881347656
2017-08-11,74.72515869140625,19.3768310546875,339.61248779296875,50.371395111083984,184.83291625976562,72.00038146972656,35.35747528076172,36.15597915649414,36.85549545288086,40.84554672241211
2017-08-14,75.77128601074219,19.83160400390625,342.7351379394531,51.19333267211914,187.4799041748047,72.84310150146484,36.02356719970703,36.57403564453125,37.379486083984375,41.55331802368164
2017-08-15,76.94148254394531,19.872211456298828,342.88726806640625,51.25365447998047,187.6695556640625,73.03211975097656,35.961612701416016,36.405029296875,37.5140266418457,41.5611572265625
2017-08-16,77.4734115600586,19.64482307434082,341.9425354003906,51.057594299316406,186.03683471679688,72.528076171875,35.63630676269531,36.23604202270508,37.42196273803711,41.435340881347656
2017-08-17,76.32091522216797,19.198165893554688,336.2337341308594,50.2205810546875,182.58180236816406,71.3939437866211,34.92374038696289,35.2843132019043,36.6218376159668,40.73543930053711
2017-08-18,75.69146728515625,19.181921005249023,333.5195007324219,50.20550537109375,183.18374633789062,71.46483612060547,35.15610122680664,35.14200973510742,36.59351348876953,40.641090393066406
2017-08-21,75.62054443359375,18.987016677856445,332.57464599609375,49.730438232421875,182.06228637695312,71.37821197509766,34.606178283691406,34.928550720214844,36.586421966552734,40.75117492675781
2017-08-22,75.62054443359375,19.352466583251953,337.3786315917969,50.40909194946289,184.36289978027344,72.11064910888672,35.295509338378906,35.37327194213867,36.77760696411133,41.06574249267578
2017-08-23,75.60281372070312,19.29561424255371,334.7364807128906,50.695648193359375,183.67030334472656,72.1972885131836,35.47365951538086,35.36437225341797,36.685569763183594,40.91632080078125
2017-08-24,75.67374420166016,19.360586166381836,333.031005859375,51.042518615722656,183.87644958496094,72.07913208007812,35.62855911254883,35.257659912109375,36.71388626098633,41.018550872802734
2017-08-25,75.77128601074219,19.303739547729492,333.37530517578125,51.16315460205078,183.4476318359375,72.37056732177734,35.58209228515625,35.36437225341797,36.869659423828125,40.71185302734375
2017-08-28,75.71808624267578,19.263132095336914,331.7499084472656,51.13299560546875,181.6995086669922,72.14215087890625,35.22581100463867,35.16870880126953,36.79177474975586,40.60176467895508
2017-08-29,75.72695922851562,19.149429321289062,331.58184814453125,50.88416290283203,181.99737548828125,71.74837493896484,35.12511444091797,34.84850311279297,36.46605682373047,40.43661880493164
2017-08-30,75.96630096435547,19.484102249145508,333.2391662597656,51.28380584716797,184.03277587890625,71.91376495361328,35.3652229309082,35.19538116455078,36.529788970947266,40.38943099975586
2017-08-31,76.32978820800781,19.50042724609375,337.5164489746094,51.29887771606445,185.12501525878906,71.58296203613281,35.24128341674805,35.48890686035156,36.289039611816406,40.161380767822266
2017-09-01,76.36524963378906,19.663681030273438,339.7476806640625,51.713626861572266,186.8956756591797,72.22089385986328,35.77573013305664,35.72016525268555,36.59351348876953,40.08274459838867
2017-09-05,75.62942504882812,19.026996612548828,333.1989440917969,50.64286422729492,180.19361877441406,70.49610900878906,34.76883316040039,34.48381805419922,36.01996612548828,39.3985595703125
2017-09-06,75.55852508544922,19.108619689941406,332.0228271484375,50.76350402832031,181.06240844726562,70.96867370605469,34.908241271972656,34.62613296508789,36.04829406738281,39.22555923461914
2017-09-07,74.83157348632812,18.749469757080078,333.6820983886719,49.81338882446289,178.5884246826172,69.72429656982422,34.13372039794922,33.89678955078125,35.304805755615234,39.06828308105469
2017-09-08,74.68971252441406,18.684167861938477,335.0516052246094,49.89634323120117,179.7220001220703,69.63765716552734,34.08723831176758,34.40378189086914,35.3897705078125,38.98963928222656
2017-09-11,75.96630096435547,19.06781578063965,341.5681457519531,51.057594299316406,182.90753173828125,70.71663665771484,34.97795486450195,34.96413040161133,36.02705383300781,39.838958740234375
2017-09-12,76.7287368774414,19.549400329589844,345.2170715332031,51.87197494506836,186.95358276367188,71.58296203613281,35.4349250793457,35.4355354309082,36.515625,40.55457305908203
2017-09-13,76.80850982666016,19.859580993652344,342.76025390625,52.32441711425781,187.45828247070312,71.7877426147461,35.798954010009766,35.39995193481445,36.84842300415039,40.46807861328125
2017-09-14,76.40959930419922,19.786113739013672,342.897216796875,52.2113037109375,187.69821166992188,71.6459732055664,35.95386505126953,35.56895065307617,36.565185546875,40.33438491821289
2017-09-15,77.11878967285156,19.900394439697266,345.33795166015625,52.06049346923828,186.3495635986328,72.15789031982422,36.09328079223633,35.764644622802734,36.685569763183594,40.6253547668457
2017-09-18,77.89893341064453,20.161596298217773,345.9178771972656,53.2368278503418,188.26089477539062,73.18174743652344,36.65093994140625,36.15597915649414,37.08917999267578,41.451072692871094
2017-09-19,78.90070343017578,20.292198181152344,348.2940979003906,53.65156936645508,189.4027099609375,73.98509979248047,36.922035217285156,36.50286865234375,37.64146041870117,41.96222686767578
2017-09-20,78.39540100097656,20.45545196533203,349.6473693847656,53.88532638549805,190.1308135986328,74.50489044189453,37.092430114746094,37.009857177734375,37.89636993408203,42.26892852783203
2017-09-21,78.38652038574219,20.53707504272461,349.2929992675781,54.11156463623047,191.3719482421875,74.84356689453125,37.37901306152344,37.42789077758789,38.05215835571289,42.51270294189453
2017-09-22,78.36880493164062,20.42280387878418,350.791259765625,53.8400764465332,191.15682983398438,74.68604278564453,37.34803771972656,37.837039947509766,38.00257873535156,42.66213607788086
2017-09-25,78.2003402709961,20.210575103759766,352.51507568359375,53.41781234741211,190.5196990966797,74.12684631347656,36.97624969482422,37.801456451416016,37.9600944519043,42.4891242980957
2017-09-26,78.62591552734375,20.251384735107422,349.913330078125,53.49321746826172,190.25494384765625,73.79606628417969,36.75938415527344,38.0949821472168,37.953033447265625,42.30824661254883
2017-09-27,79.3351058959961,20.741140365600586,353.13531494140625,54.503662109375,194.2430419921875,74.96167755126953,37.231842041015625,39.171207427978516,38.34246063232422,42.63065719604492
2017-09-28,79.91133117675781,20.77379608154297,359.3458251953125,54.78266525268555,194.83047485351562,75.11917877197266,37.29380416870117,38.8065299987793,38.07901382446289,42.66213607788086
2017-09-29,80.19500732421875,20.683998107910156,360.1351318359375,54.85052490234375,196.253662109375,75.22158813476562,37.309295654296875,38.90437698364258,38.15734100341797,43.36988830566406
2017-10-02,80.26595306396484,20.912553787231445,362.4388427734375,55.64982604980469,199.11651611328125,76.2690658569336,37.89019775390625,39.171207427978516,38.050537109375,43.621524810791016
2017-10-03,81.05496215820312,21.108461380004883,363.115478515625,55.8986701965332,199.91909790039062,76.67073822021484,38.16903305053711,39.544769287109375,38.07189178466797,43.70804214477539
2017-10-04,80.68260955810547,20.986013412475586,368.8507385253906,55.84588623046875,198.83518981933594,75.89102172851562,37.959903717041016,39.38467788696289,37.84405517578125,43.22046661376953
2017-10-05,81.12760162353516,21.32884407043457,374.10260009765625,57.09762954711914,203.5928192138672,76.91293334960938,38.44011688232422,40.185176849365234,38.278385162353516,43.5586051940918
2017-10-06,81.47468566894531,21.394147872924805,373.1280212402344,57.03730773925781,203.5596923828125,76.77826690673828,38.540802001953125,40.32749938964844,38.577430725097656,43.70804214477539
2017-10-09,81.59927368164062,21.100296020507812,372.50787353515625,56.848793029785156,200.89544677734375,76.37425994873047,38.24647521972656,40.38974380493164,38.34246826171875,43.362030029296875
2017-10-10,81.77727508544922,21.165590286254883,374.95654296875,56.690433502197266,200.72996520996094,76.94464111328125,38.331687927246094,40.10512924194336,38.61302947998047,43.73162841796875
2017-10-11,81.8395767211914,21.083969116210938,381.7550354003906,56.50947570800781,200.564453125,76.7148666381836,38.09156036376953,40.300811767578125,38.6343879699707,43.770957946777344
2017-10-12,81.52808380126953,20.77379608154297,387.11968994140625,54.571529388427734,198.41319274902344,76.04154205322266,37.634605407714844,40.051753997802734,38.44215393066406,43.41706466674805
2017-10-13,82.64048767089844,21.083969116210938,383.0115661621094,54.375465393066406,197.3624267578125,75.93854522705078,37.40999221801758,39.78493118286133,38.54183578491211,42.22175598144531
2017-10-16,81.8395767211914,21.418638229370117,385.001220703125,54.119056701660156,200.57278442382812,77.50706481933594,37.905696868896484,39.55368423461914,38.6343879699707,42.30824661254883
2017-10-17,81.59927368164062,21.3859920501709,383.0599670410156,54.43578338623047,195.34347534179688,77.33279418945312,38.045108795166016,38.59306335449219,38.36383819580078,41.82854080200195
2017-10-18,81.94635772705078,21.614538192749023,384.63067626953125,55.1370849609375,200.25833129882812,77.62589263916016,38.842872619628906,38.67311477661133,37.92949676513672,42.00154495239258
2017-10-19,81.78616333007812,21.696163177490234,384.0588073730469,54.95610809326172,198.57037353515625,77.7209701538086,38.56405258178711,38.48634338378906,38.15734100341797,42.26892852783203
2017-10-20,81.95526123046875,22.17776107788086,383.9218444824219,55.44623947143555,202.49234008789062,78.83003234863281,39.25339126586914,39.74045944213867,38.51335525512695,43.18901443481445
2017-10-23,82.21333312988281,22.169599533081055,382.1255187988281,55.44623947143555,200.34103393554688,78.69534301757812,39.19916534423828,39.55368423461914,38.54183578491211,43.1811408996582
2017-10-24,83.53044128417969,22.59404754638672,381.5858459472656,55.98161697387695,202.5833740234375,79.94699096679688,39.555458068847656,40.19406509399414,38.59879684448242,43.582210540771484
2017-10-25,83.23677062988281,22.553234100341797,377.9046630859375,55.514102935791016,199.9936065673828,80.02621459960938,39.1371955871582,39.71377182006836,38.5489501953125,43.448524475097656
2017-10-26,85.1590805053711,22.643024444580078,381.3925476074219,55.64229965209961,200.00180053710938,80.59657287597656,39.32308578491211,40.33638000488281,38.662872314453125,43.73948669433594
2017-10-27,85.24806213378906,22.691999435424805,382.72161865234375,55.702606201171875,199.9936065673828,80.62035369873047,39.625160217285156,39.94502639770508,38.762569427490234,43.936092376708984
2017-10-30,84.60729217529297,22.528749465942383,380.4339904785156,55.6347541809082,199.3150634765625,80.33516693115234,39.2749137878418,39.89165115356445,38.6343879699707,43.92036437988281
2017-10-31,85.00776672363281,22.35733985900879,379.2579040527344,55.42361831665039,200.6306610107422,79.70140838623047,38.9168701171875,39.88276290893555,38.7198371887207,44.14842224121094
2017-11-01,85.24806213378906,22.47161102294922,378.0174255371094,55.823280334472656,202.10345458984375,79.94699096679688,38.628883361816406,39.349090576171875,38.79104995727539,44.20347213745117
2017-11-02,85.41714477539062,22.749141693115234,382.5524597167969,56.358646392822266,204.27125549316406,80.47775268554688,39.243770599365234,40.07844543457031,39.07584762573242,44.72610855102539
2017-11-03,85.817626953125,22.708330154418945,385.9275207519531,56.07844161987305,202.2192840576172,80.33516693115234,38.932430267333984,39.86497116088867,38.91208267211914,44.62317657470703
2017-11-06,85.69300842285156,22.651185989379883,383.1082458496094,55.889122009277344,201.46636962890625,79.83610534667969,39.025840759277344,39.71377182006836,39.054481506347656,44.48854446411133
2017-11-07,84.87427520751953,22.185924530029297,381.303955078125,55.06367492675781,198.42149353027344,78.22795867919922,38.44208908081055,39.2690544128418,38.057647705078125,43.59371566772461
2017-11-08,84.66068267822266,21.867578506469727,380.3615417480469,54.783451080322266,199.61294555664062,77.34864044189453,38.16967010498047,39.38467788696289,37.5093994140625,42.96810531616211
2017-11-09,83.43254089355469,21.622695922851562,375.8506164550781,54.85161590576172,199.2323455810547,77.34069061279297,37.99843978881836,39.206459045410156,37.103546142578125,42.76222610473633
2017-11-10,83.22786712646484,21.639028549194336,375.2303466796875,54.71529006958008,198.70278930664062,77.24565887451172,37.95172882080078,39.447044372558594,36.74753189086914,42.61175537109375
2017-11-13,83.56602478027344,21.549238204956055,374.650390625,54.518409729003906,198.8020477294922,77.5229263305664,37.850555419921875,39.74109649658203,36.79737854003906,42.54050064086914
2017-11-14,83.44145965576172,21.418638229370117,378.95184326171875,54.1700439453125,196.29505920410156,77.05553436279297,37.65596389770508,39.732177734375,36.904170989990234,42.79390335083008
2017-11-15,82.99649810791016,21.867578506469727,378.9920349121094,54.321510314941406,196.60116577148438,77.78433990478516,37.43802261352539,39.68763732910156,37.032344818115234,42.564247131347656
2017-11-16,83.26345825195312,21.843090057373047,381.8274841308594,54.27606964111328,198.05740356445312,78.00614166259766,37.82719421386719,39.7767333984375,36.88994598388672,43.23735809326172
2017-11-17,83.3791732788086,21.72881507873535,381.8033142089844,54.01858901977539,196.9403839111328,77.74473571777344,37.905029296875,39.81238555908203,36.939781188964844,42.881004333496094
2017-11-20,83.61055755615234,21.826766967773438,382.4315490722656,54.563838958740234,197.0314483642578,78.43391418457031,38.224151611328125,40.20444869995117,36.975379943847656,42.80182647705078
2017-11-21,84.0199203491211,21.818605422973633,387.73992919921875,54.813758850097656,196.9403839111328,78.37055206298828,38.43429183959961,41.05986404418945,36.9468879699707,43.17400360107422
2017-11-22,83.49485778808594,21.761463165283203,385.79058837890625,54.722869873046875,195.6248321533203,78.14083099365234,38.208595275878906,40.81036376953125,36.96113586425781,42.80973434448242
2017-11-24,83.19226837158203,21.70432472229004,386.43499755859375,54.54111862182617,195.2276611328125,77.88733673095703,38.185237884521484,40.79254150390625,36.904170989990234,42.833492279052734
2017-11-27,83.18336486816406,21.70432472229004,388.22320556640625,54.06401443481445,194.53260803222656,77.57837677001953,38.1385383605957,40.783634185791016,36.82585906982422,42.72262954711914
2017-11-28,84.79418182373047,22.5613956451416,397.1643981933594,55.813392639160156,198.0904998779297,80.29557800292969,39.22820281982422,42.004371643066406,37.75148391723633,44.00550079345703
2017-11-29,85.96890258789062,23.083805084228516,403.415283203125,56.828182220458984,200.33154296875,82.17301177978516,39.94427490234375,43.144920349121094,38.99040603637695,44.884498596191406
2017-11-30,86.9567642211914,23.09200096130371,403.7132263183594,57.17655563354492,205.54400634765625,82.79884338378906,40.16999816894531,43.4746208190918,39.26809310913086,44.718196868896484
2017-12-01,87.09022521972656,23.034616470336914,406.45758056640625,57.18410110473633,206.63134765625,83.01274108886719,40.434627532958984,44.10726547241211,39.090087890625,44.50438690185547
2017-12-04,87.73988342285156,23.821571350097656,415.7026672363281,58.38821792602539,208.0423126220703,84.72386169433594,41.002830505371094,45.93394088745117,39.6098747253418,45.446746826171875
2017-12-05,87.8466796875,23.715002059936523,414.58538818359375,57.96414566040039,206.11669921875,83.74944305419922,40.48133087158203,45.24782180786133,39.03312683105469,46.365333557128906
2017-12-06,87.40172576904297,23.477275848388672,414.34259033203125,57.1310920715332,204.14126586914062,83.1236343383789,40.232269287109375,45.03396987915039,38.86936950683594,46.38117599487305
2017-12-07,87.73100280761719,23.592039108276367,414.8201599121094,56.782745361328125,206.30764770507812,82.87805938720703,40.7459602355957,45.5151481628418,39.090087890625,47.006771087646484
2017-12-08,87.70433044433594,23.813373565673828,417.3135986328125,57.33557891845703,207.79331970214844,83.91583251953125,41.166255950927734,45.7913703918457,39.41762161254883,46.96717071533203
2017-12-11,88.10477447509766,23.72319984436035,414.59344482421875,57.44160079956055,207.61082458496094,83.67025756835938,41.07286071777344,45.194366455078125,39.353546142578125,46.61874008178711
2017-12-12,88.43406677246094,24.034700393676758,419.126953125,57.66878128051758,213.87734985351562,84.64461517333984,41.91347122192383,45.942848205566406,39.517311096191406,47.77490234375
2017-12-13,87.01904296875,23.641225814819336,414.9335021972656,56.90391540527344,212.11769104003906,83.58313751220703,41.39198684692383,44.846839904785156,38.876495361328125,47.03844451904297
2017-12-14,86.45838928222656,23.55105209350586,410.23809814453125,55.97999954223633,212.0513153076172,82.90977478027344,40.971675872802734,44.73100662231445,38.556068420410156,46.895904541015625
2017-12-15,87.6775894165039,23.805171966552734,414.3830871582031,56.62368392944336,213.4540252685547,84.08218383789062,41.3297119140625,45.69334411621094,38.8052864074707,47.41063690185547
2017-12-18,88.70994567871094,24.165861129760742,420.0417785644531,57.30528259277344,215.8195343017578,84.73177337646484,41.438682556152344,46.103233337402344,39.00464630126953,48.242122650146484
2017-12-19,88.2382583618164,24.14126205444336,417.580810546875,56.57069396972656,212.88128662109375,84.37528228759766,41.197410583496094,46.16562271118164,38.84800720214844,47.79866027832031
2017-12-20,87.66870880126953,24.165861129760742,416.5526123046875,56.54042434692383,211.80226135253906,84.08218383789062,40.87049865722656,46.16562271118164,38.6343879699707,47.624446868896484
2017-12-21,87.65982818603516,24.444562911987305,415.7755126953125,57.418880462646484,216.64125061035156,85.42096710205078,41.158477783203125,46.584407806396484,38.82664108276367,48.78852844238281
2017-12-22,87.87338256835938,24.493751525878906,414.58538818359375,57.16897201538086,214.9480743408203,85.11993408203125,41.03394317626953,46.40620040893555,38.776798248291016,48.74101638793945
2017-12-26,87.72210693359375,24.411781311035156,415.8807373046875,56.63128662109375,213.91053771972656,84.77931213378906,40.839351654052734,46.219058990478516,38.45638656616211,48.40842819213867
2017-12-27,88.22047424316406,24.37079429626465,416.36639404296875,56.714595794677734,212.4413604736328,84.9377212524414,40.91720199584961,46.20124435424805,38.499107360839844,48.2658805847168
2017-12-28,88.72775268554688,24.428173065185547,419.329345703125,56.85846710205078,212.89794921875,85.38928985595703,40.979461669921875,46.37055206298828,38.627994537353516,48.54304885864258
2017-12-29,88.38065338134766,24.198652267456055,415.8725891113281,56.351078033447266,211.45367431640625,84.7159194946289,40.839351654052734,45.77354431152344,38.363075256347656,48.04413986206055
2018-01-02,88.0513916015625,24.51014518737793,412.03533935546875,56.313209533691406,212.2090301513672,85.5160140991211,40.62143325805664,45.83591079711914,38.68527603149414,48.37675094604492
2018-01-03,88.5942611694336,24.428173065185547,416.3825988769531,56.48739242553711,210.23358154296875,85.60318756103516,40.730403900146484,45.90721130371094,39.06475067138672,48.748931884765625
2018-01-04,90.06785583496094,24.747873306274414,421.8794860839844,57.18410110473633,213.17176818847656,86.82948303222656,41.353065490722656,46.16562271118164,39.36547088623047,49.35870361328125
2018-01-05,90.27326202392578,24.862632751464844,425.4737854003906,57.10838317871094,212.08450317382812,86.2720718383789,41.337493896484375,46.34381866455078,39.60892105102539,49.691280364990234
2018-01-08,89.44268798828125,24.69049072265625,428.64715576171875,56.44195556640625,209.00514221191406,86.39949035644531,41.166255950927734,46.548763275146484,39.66619873046875,49.12904739379883
2018-01-09,89.77310943603516,24.813447952270508,432.24969482421875,57.03265380859375,210.77310180664062,86.83746337890625,41.48539733886719,47.5289306640625,39.93825912475586,49.30324172973633
2018-01-10,90.39828491210938,25.042972564697266,430.3310546875,57.290122985839844,211.0968017578125,87.79301452636719,41.97573471069336,47.72496795654297,40.23897933959961,49.984291076660156
2018-01-11,89.960693359375,25.133148193359375,435.47174072265625,57.22196960449219,211.76083374023438,88.2628173828125,42.185882568359375,48.26850509643555,40.582664489746094,49.89717483520508
2018-01-12,90.1750259399414,25.56760597229004,449.7279357910156,58.19133758544922,213.33782958984375,89.72008514404297,42.901954650878906,49.3555908203125,40.79746627807617,49.53290557861328
2018-01-16,89.61238861083984,25.60859489440918,455.7751770019531,58.39581298828125,214.5247039794922,89.40156555175781,42.497215270996094,49.48033142089844,40.93349075317383,49.49331283569336
2018-01-17,89.9874496459961,25.55941390991211,466.71221923828125,58.66843795776367,210.53236389160156,89.97489929199219,43.080970764160156,49.97933578491211,40.33921813964844,50.58612060546875
2018-01-18,89.1837158203125,25.805330276489258,468.9060363769531,58.60784149169922,208.3079833984375,90.18992614746094,43.462371826171875,49.302120208740234,40.20320129394531,50.641563415527344
2018-01-19,87.54934692382812,26.00206756591797,477.843505859375,59.296993255615234,212.5824737548828,89.99083709716797,44.7232666015625,49.435787200927734,40.42514419555664,50.85536575317383
2018-01-22,87.80833435058594,26.18241310119629,480.27203369140625,59.51662826538086,217.06460571289062,91.04195404052734,44.64542770385742,49.400150299072266,40.99794006347656,51.259239196777344
2018-01-23,87.50469970703125,26.166015625,477.3736877441406,59.4863166809082,215.87762451171875,90.94639587402344,44.29518508911133,49.293209075927734,40.940670013427734,51.06917953491211
2018-01-24,88.68355560302734,26.305376052856445,475.74658203125,60.167903900146484,220.5174560546875,92.10900115966797,44.552032470703125,49.3555908203125,41.34877014160156,51.85314178466797
2018-01-25,89.03187561035156,26.305376052856445,465.89447021484375,60.16031265258789,223.29798889160156,92.13290405273438,44.217350006103516,48.277408599853516,41.513458251953125,51.9877815246582
2018-01-26,88.97826385498047,26.39554786682129,475.04241943359375,60.64500045776367,222.55926513671875,92.6266098022461,44.832237243652344,48.35761260986328,41.60653305053711,52.20950698852539
2018-01-29,88.78180694580078,26.46112060546875,465.0202331542969,60.554134368896484,226.16146850585938,92.53105926513672,44.71548843383789,48.16157913208008,41.5206184387207,52.122398376464844
2018-01-30,88.15663146972656,26.13321876525879,455.20037841796875,59.53932189941406,223.22323608398438,91.6630859375,44.24644470214844,47.404178619384766,41.09818649291992,51.69477462768555
2018-01-31,88.77288818359375,26.23159408569336,454.8036804199219,59.43330383300781,222.3517608642578,92.10900115966797,44.20735168457031,47.5289306640625,40.912025451660156,52.09073257446289
2018-02-01,89.30872344970703,26.64146614074707,457.5480651855469,59.978553771972656,225.95404052734375,93.06459045410156,44.91092300415039,48.92788314819336,41.141136169433594,52.18632888793945
2018-02-02,86.34367370605469,26.190610885620117,443.8909912109375,58.564266204833984,215.83612060546875,91.00212860107422,43.37089920043945,47.5289306640625,40.74018096923828,51.03919219970703
2018-02-05,82.17295837402344,24.805253982543945,424.9880676269531,55.71285629272461,206.7641143798828,86.63838195800781,41.08039855957031,45.702247619628906,39.10770797729492,46.3311882019043
2018-02-06,84.1109390258789,25.5758056640625,433.28607177734375,56.89142990112305,214.72393798828125,89.27418518066406,42.471900939941406,47.101219177246094,39.10770797729492,45.630165100097656
2018-02-07,83.60189819335938,25.616796493530273,430.8897399902344,57.02069854736328,213.39593505859375,89.87934875488281,42.64387893676758,46.361637115478516,39.2365837097168,45.83728790283203
2018-02-08,78.89531707763672,24.378986358642578,412.3673095703125,54.64832305908203,204.47329711914062,85.9057846069336,40.486270904541016,43.65653610229492,37.697200775146484,44.13252258300781
2018-02-09,81.9139404296875,24.862632751464844,422.1871337890625,56.02462387084961,206.92185974121094,87.62578582763672,40.7598762512207,44.745723724365234,38.48479461669922,44.71405029296875
2018-02-12,84.57535552978516,25.51022720336914,425.320068359375,56.84581756591797,210.1256561279297,88.97950744628906,41.7683219909668,45.47779083251953,38.64230728149414,45.008811950683594
2018-02-13,84.45032501220703,25.55941390991211,421.9927978515625,57.16516876220703,212.0928192138672,89.52896881103516,41.7370491027832,45.665283203125,38.7640266418457,46.20374298095703
2018-02-14,85.9417724609375,26.23159408569336,437.10693359375,58.32855224609375,217.9443817138672,91.5993881225586,43.034732818603516,46.78123474121094,39.601741790771484,47.43848419189453
2018-02-15,86.23651123046875,26.40374183654785,437.68182373046875,58.60988235473633,222.1774444580078,91.98161315917969,43.3083610534668,46.71875,39.45138931274414,47.81290054321289
2018-02-16,86.44190979003906,26.207006454467773,438.0459899902344,58.412200927734375,222.12765502929688,91.32067108154297,43.1051025390625,46.57590103149414,39.81655502319336,47.757137298583984
2018-02-20,86.79914855957031,26.17421531677246,439.2603759765625,58.13844299316406,219.86170959472656,91.34455108642578,43.04256820678711,46.72767639160156,39.31535339355469,47.757137298583984
2018-02-21,87.07601165771484,26.125030517578125,440.03753662109375,58.549049377441406,218.625,91.726806640625,43.07383346557617,46.69196319580078,39.45138931274414,47.581878662109375
2018-02-22,86.94203186035156,25.97748565673828,436.77508544921875,57.99398422241211,216.98988342285156,91.5595703125,42.88621139526367,46.45090866088867,38.85710906982422,46.84897994995117
2018-02-23,88.23701477050781,26.25618553161621,445.0487365722656,58.60988235473633,221.422119140625,93.41495513916016,43.83211135864258,47.08479690551758,39.73063278198242,47.13576889038086
2018-02-26,90.77339172363281,26.57588005065918,456.56036376953125,59.04330062866211,225.14894104003906,94.57756805419922,44.56694412231445,47.9686393737793,39.98121643066406,47.773067474365234
2018-02-27,88.93363952636719,26.502111434936523,447.4935607910156,58.077632904052734,222.38491821289062,93.45477294921875,44.34024429321289,48.03112030029297,39.38693618774414,47.167640686035156
2018-02-28,87.08495330810547,26.313573837280273,444.78961181640625,57.4008903503418,218.84750366210938,91.9736328125,43.793025970458984,47.334774017333984,38.92155075073242,46.53034973144531
2018-03-01,84.96832275390625,25.902164459228516,433.57745361328125,56.0093879699707,213.72860717773438,90.3252944946289,42.59697341918945,46.46876907348633,38.06951141357422,45.65407180786133
2018-03-02,85.37914276123047,26.025585174560547,435.1964416503906,56.02462387084961,214.84396362304688,90.2376937866211,42.79240036010742,46.98657989501953,38.241355895996094,45.73373794555664
2018-03-05,86.32582092285156,26.43699073791504,441.4137268066406,56.5872917175293,219.005615234375,91.6232681274414,43.378719329833984,47.86150360107422,38.64230728149414,45.87712478637695
2018-03-06,85.79888153076172,26.4205379486084,446.52471923828125,56.31356430053711,222.1768035888672,91.70291137695312,44.21516799926758,48.861412048339844,38.78550720214844,45.46288299560547
2018-03-07,85.41483306884766,26.478130340576172,445.5238037109375,56.20710372924805,220.86172485351562,91.36048126220703,44.465328216552734,49.4863395690918,38.42034912109375,45.08846664428711
2018-03-08,86.26329803466797,26.494590759277344,450.374267578125,56.351566314697266,221.68572998046875,91.36843872070312,44.527862548828125,49.91487121582031,38.620826721191406,45.18405532836914
2018-03-09,88.46029663085938,26.922460556030273,469.7356872558594,57.87233352661133,225.37303161621094,93.99625396728516,45.86463928222656,51.51294708251953,39.58027267456055,46.38694381713867
2018-03-12,87.22785186767578,27.021196365356445,465.3489990234375,57.803897857666016,227.54544067382812,93.69366455078125,46.0522575378418,51.56650161743164,39.38693618774414,46.21966552734375
2018-03-13,85.17373657226562,26.62624168395996,459.0578918457031,56.959861755371094,223.50860595703125,92.57087707519531,45.36433029174805,50.602317810058594,38.771183013916016,45.85321807861328
2018-03-14,84.42352294921875,26.445220947265625,454.9074401855469,55.86492919921875,220.09597778320312,91.53567504882812,44.55131530761719,49.941650390625,38.141117095947266,45.112369537353516
2018-03-15,84.29851531982422,26.412309646606445,454.069091796875,55.76607894897461,221.9104461669922,91.7665786743164,44.73113250732422,49.629180908203125,38.20555114746094,45.27169418334961
2018-03-16,85.38806915283203,26.46990203857422,458.7323913574219,55.86492919921875,222.73452758789062,91.92584991455078,44.95782470703125,49.736324310302734,38.13396072387695,44.53084945678711
2018-03-19,84.70040130615234,26.313573837280273,450.7322692871094,55.2794303894043,218.51454162597656,91.20123291015625,44.52005386352539,49.700599670410156,37.804603576660156,44.196258544921875
2018-03-20,84.79862976074219,26.313573837280273,453.7354736328125,55.44672775268555,219.0638885498047,91.288818359375,44.92655944824219,49.968441009521484,37.66139602661133,43.73421859741211
2018-03-21,84.611083984375,26.223058700561523,459.1392822265625,55.75086212158203,217.9486083984375,91.36843872070312,44.645118713378906,49.85237121582031,37.62559509277344,43.646602630615234
2018-03-22,81.6371078491211,25.136947631835938,439.0049133300781,53.46213150024414,210.24942016601562,87.55412292480469,42.7142333984375,47.67401123046875,36.26519775390625,41.84624099731445
2018-03-23,80.77973175048828,24.001462936401367,424.11968994140625,51.629634857177734,204.13999938964844,85.21297454833984,40.705162048339844,45.81704330444336,35.2628173828125,40.611480712890625
2018-03-26,82.71775817871094,25.04643440246582,440.0627746582031,53.05913162231445,212.14715576171875,87.84082794189453,42.44844055175781,47.28119659423828,36.723453521728516,41.65505599975586
2018-03-27,81.64600372314453,24.289451599121094,433.0556945800781,51.918575286865234,205.8046875,86.1366958618164,41.549442291259766,46.00453186035156,35.69956970214844,40.70707702636719
2018-03-28,82.35157775878906,24.182483673095703,429.73504638671875,51.90336990356445,207.56092834472656,86.00132751464844,41.361820220947266,45.44209289550781,36.06692123413086,41.00978469848633
2018-03-29,83.30717468261719,24.676172256469727,440.8765869140625,51.325469970703125,209.63348388671875,87.57006072998047,42.18265151977539,46.62054443359375,36.376678466796875,41.75065612792969
2018-04-02,81.27094268798828,24.11665916442871,422.3861389160156,51.48515701293945,205.8795928955078,85.88185119628906,41.213287353515625,45.00461959838867,35.78600311279297,40.906246185302734
2018-04-03,82.82490539550781,24.347049713134766,430.3048095703125,52.07065200805664,208.56805419921875,87.06041717529297,41.56508255004883,45.665283203125,36.210994720458984,41.48776626586914
2018-04-04,83.57508850097656,24.585664749145508,436.4737854003906,52.701759338378906,210.26602172851562,88.38228607177734,41.95595169067383,46.20094680786133,36.5063362121582,42.14896011352539
2018-04-05,84.44464111328125,24.94770050048828,438.1747131347656,53.39371109008789,212.92123413085938,89.54280090332031,42.88621139526367,46.73660659790039,36.794471740722656,42.427772521972656
2018-04-06,82.39178466796875,24.379953384399414,423.1348571777344,52.161895751953125,208.0603485107422,87.30982971191406,41.46344757080078,44.73680114746094,36.218204498291016,41.60725402832031
2018-04-09,82.59799194335938,24.577434539794922,424.1277770996094,52.800601959228516,209.90814208984375,88.3582763671875,41.70579147338867,44.82607650756836,36.441505432128906,41.62318420410156
2018-04-10,83.36892700195312,25.079349517822266,434.56121826171875,53.61421585083008,213.55377197265625,90.04701232910156,42.3233642578125,45.98667526245117,36.794471740722656,41.917930603027344
2018-04-11,82.1139144897461,24.602115631103516,427.5215148925781,53.14279556274414,210.53240966796875,88.53436279296875,41.228939056396484,45.459938049316406,36.412689208984375,41.3682746887207
2018-04-12,83.68267059326172,25.219226837158203,433.7880554199219,54.84601974487305,216.06744384765625,90.73531341552734,42.09666061401367,46.18309783935547,36.90972137451172,41.981666564941406
2018-04-13,83.39582061767578,24.51983642578125,427.0820617675781,53.99440383911133,213.0127716064453,88.27823638916016,41.41654586791992,45.567073822021484,36.70083236694336,40.53977966308594
2018-04-16,83.90676879882812,24.626800537109375,427.1471252441406,53.279659271240234,214.6442108154297,88.20621490478516,41.74488067626953,47.388343811035156,37.032188415527344,40.46809387207031
2018-04-17,84.13986206054688,24.717313766479492,428.7667236328125,53.028724670410156,211.1067352294922,88.20621490478516,41.61979675292969,47.86150360107422,36.751243591308594,40.284873962402344
2018-04-18,85.2962646484375,24.29767608642578,425.8205261230469,52.45083999633789,211.41468811035156,87.4939193725586,41.635440826416016,46.584842681884766,36.01651382446289,40.14149475097656
2018-04-19,91.76856231689453,24.832508087158203,427.3180236816406,53.43931198120117,211.55618286132812,89.41471099853516,42.761146545410156,47.92398452758789,36.52074432373047,41.05759048461914
2018-04-20,90.35218048095703,24.898330688476562,426.7970886230469,53.22643280029297,209.71669006347656,89.21465301513672,42.573524475097656,49.0935173034668,36.326255798339844,41.870140075683594
2018-04-23,90.19084930419922,24.94770050048828,423.07781982421875,52.83101272583008,205.3136444091797,88.78247833251953,41.932491302490234,49.432769775390625,36.405487060546875,41.90996551513672
2018-04-24,90.03844451904297,24.84073829650879,418.0727233886719,52.55727767944336,201.83444213867188,88.36627960205078,41.48690414428711,48.64712905883789,36.319053649902344,41.8303108215332
2018-04-25,88.55035400390625,24.799596786499023,416.8682556152344,52.739768981933594,199.1209716796875,88.03013610839844,40.68171691894531,48.74534606933594,36.5855827331543,42.30827713012695
2018-04-26,89.85018920898438,24.74199867248535,425.4135437011719,52.60292053222656,199.83680725097656,88.11817169189453,40.80678939819336,49.6827507019043,36.578369140625,41.77455139160156
2018-04-27,89.29439544677734,24.807823181152344,426.9842834472656,52.458438873291016,199.595458984375,87.55793762207031,40.73609161376953,49.98630142211914,36.91692352294922,41.710819244384766
2018-04-30,88.52344512939453,24.618572235107422,424.42071533203125,51.91096115112305,198.37191772460938,87.06169891357422,40.547576904296875,49.70954513549805,36.34064865112305,41.392173767089844
2018-05-01,88.3710708618164,24.64325523376465,421.5478515625,51.89577102661133,196.990234375,87.06169891357422,40.69682312011719,49.64705276489258,36.5351448059082,41.870140075683594
2018-05-02,87.5194320678711,24.338821411132812,418.95977783203125,51.698055267333984,194.80946350097656,86.37342071533203,40.61042404174805,49.6827507019043,35.91566848754883,41.57538986206055
2018-05-03,87.08018493652344,24.026153564453125,416.42059326171875,51.66004180908203,194.27671813964844,85.82918548583984,40.12340545654297,49.10244369506836,36.002105712890625,41.36671829223633
2018-05-04,88.16486358642578,24.108428955078125,423.525390625,51.904502868652344,195.5502471923828,86.78158569335938,40.37476348876953,50.07558059692383,36.26142883300781,42.06498336791992
2018-05-07,88.3710708618164,24.38818359375,426.12982177734375,52.33233642578125,197.43133544921875,87.53390502929688,41.152408599853516,50.861209869384766,36.27582550048828,42.26564407348633
2018-05-08,89.4109115600586,24.626800537109375,423.1429138183594,54.242279052734375,197.26486206054688,88.83047485351562,41.930057525634766,51.155826568603516,36.25422668457031,42.6910285949707
2018-05-09,90.09221649169922,25.276824951171875,432.4371032714844,54.968048095703125,201.20187377929688,90.76731872558594,42.527034759521484,52.43248748779297,36.61439514160156,43.14850616455078
2018-05-10,90.881103515625,25.416702270507812,436.43304443359375,55.44173049926758,202.62513732910156,91.47162628173828,43.23398208618164,52.76338195800781,36.85929489135742,43.86283874511719
2018-05-11,90.91693878173828,25.44138526916504,439.8268127441406,55.663272857666016,202.19229125976562,91.12747955322266,43.359676361083984,53.17475891113281,37.097015380859375,43.70232391357422
2018-05-14,90.80039978027344,25.60594940185547,439.2815856933594,55.479915618896484,203.01634216308594,91.15951538085938,43.37538528442383,52.70077133178711,36.86650085449219,43.72639465332031
2018-05-15,90.30736541748047,25.688232421875,433.9508972167969,55.5257568359375,201.0603485107422,90.46316528320312,43.084739685058594,52.60240173339844,36.82327651977539,43.94309616088867
2018-05-16,90.17288970947266,25.55658531188965,434.512451171875,54.968048095703125,200.5609588623047,90.71128845214844,43.17900848388672,52.65605926513672,36.72964096069336,44.17585754394531
2018-05-17,90.73766326904297,25.350879669189453,435.8796081542969,54.670101165771484,199.01280212402344,90.40714263916016,43.100467681884766,53.049564361572266,36.84489822387695,43.51772689819336
2018-05-18,90.53146362304688,24.898330688476562,438.2480163574219,53.4477424621582,197.26486206054688,88.94253540039062,42.35422897338867,52.888587951660156,36.412689208984375,43.100345611572266
2018-05-21,91.47272491455078,25.136947631835938,442.3089904785156,53.80681610107422,197.84750366210938,89.75889587402344,42.69984817504883,53.15687561035156,36.52074432373047,43.77455139160156
2018-05-22,92.06437683105469,25.416702270507812,445.07611083984375,54.30339813232422,198.0972137451172,90.4471664428711,43.10830307006836,53.291011810302734,36.780059814453125,44.35243606567383
2018-05-23,91.3741455078125,25.04643440246582,441.6416931152344,53.661659240722656,197.93907165527344,90.0309829711914,42.69199752807617,52.70077133178711,36.69361114501953,45.09083938598633
2018-05-24,91.44586181640625,24.857187271118164,440.15234375,52.95116424560547,196.51576232910156,89.02255249023438,42.41706848144531,51.994285583496094,36.49912643432617,43.87888717651367
2018-05-25,90.63011932373047,24.81605339050293,439.1594543457031,52.2864875793457,195.60848999023438,88.56636810302734,41.6394157409668,51.24307632446289,36.405487060546875,44.06349182128906
2018-05-29,87.60013580322266,23.828672409057617,426.6669921875,50.20084762573242,188.96644592285156,84.78072357177734,39.24363327026367,49.311405181884766,35.195343017578125,42.49839782714844
2018-05-30,88.73860931396484,24.264766693115234,434.82965087890625,50.94191360473633,191.41380310058594,86.7175521850586,40.03700256347656,50.08944320678711,35.90126419067383,43.52574920654297
2018-05-31,88.12007904052734,23.992130279541016,434.781005859375,50.949554443359375,188.6741180419922,85.64511108398438,39.38502883911133,49.740665435791016,36.009307861328125,43.33311462402344
2018-06-01,88.07522583007812,24.28955078125,438.7117614746094,51.40030288696289,190.7372589111328,86.75757598876953,40.22550582885742,50.73332214355469,36.56396484375,43.894954681396484
2018-06-04,89.1509780883789,24.28955078125,440.02215576171875,51.44612503051758,192.0235595703125,86.79759216308594,40.49258804321289,50.84959030151367,36.67201614379883,44.00730514526367
2018-06-05,89.02542877197266,24.05821990966797,434.903076171875,51.003021240234375,190.7288818359375,86.30939483642578,39.88774871826172,50.34878921508789,36.89531707763672,43.7424430847168
2018-06-06,90.5135498046875,24.818302154541016,451.5628356933594,52.126068115234375,193.97813415527344,88.3262710571289,40.775367736816406,51.82437515258789,37.2914924621582,44.609256744384766
2018-06-07,90.97071838378906,24.859607696533203,449.3371887207031,52.29414367675781,194.99717712402344,88.67842864990234,40.956031799316406,51.27885055541992,37.33470916748047,44.64939498901367
2018-06-08,90.54045104980469,24.793514251708984,449.5581359863281,52.30942916870117,194.9470977783203,88.92652893066406,40.775367736816406,51.627620697021484,37.49318313598633,44.68953323364258
2018-06-11,90.71973419189453,24.83482551574707,449.2716369628906,52.034393310546875,195.53172302246094,88.70242309570312,40.67324447631836,51.34145736694336,37.061004638671875,44.5531005859375
2018-06-12,90.29840850830078,24.702638626098633,447.676025390625,51.65239715576172,194.3123016357422,88.1902084350586,40.311927795410156,51.25202178955078,36.902523040771484,44.44874954223633
2018-06-13,89.66194152832031,24.653066635131836,435.45123291015625,51.40793991088867,195.31459045410156,88.01412963867188,40.5318603515625,51.2967414855957,36.794471740722656,44.27217102050781
2018-06-14,89.42884826660156,24.37216567993164,428.24249267578125,50.54463577270508,195.1642303466797,86.4614486694336,40.30406188964844,50.62602615356445,36.68642044067383,43.93507766723633
2018-06-15,88.31727600097656,24.19040870666504,429.1916809082031,50.682159423828125,193.71914672851562,86.35741424560547,40.18624496459961,50.16098403930664,37.01057052612305,44.12770462036133
2018-06-18,88.27243041992188,24.28955078125,431.6628112792969,50.995384216308594,193.2765350341797,86.5815200805664,39.87989807128906,49.615474700927734,36.93852615356445,44.20796585083008
2018-06-19,87.08018493652344,24.173887252807617,430.9017639160156,51.018306732177734,190.7122039794922,86.07728576660156,39.212215423583984,49.42766571044922,37.20506286621094,44.20796585083008
2018-06-20,86.43474578857422,24.15736198425293,430.87725830078125,51.4766845703125,190.2945556640625,86.06930541992188,39.18864822387695,49.669124603271484,36.931339263916016,43.72639465332031
2018-06-21,86.62300872802734,24.198671340942383,429.5680847167969,51.66767883300781,189.59292602539062,86.0452651977539,39.110111236572266,49.463436126708984,36.72964096069336,43.63810729980469
2018-06-22,87.1608657836914,23.950815200805664,427.7350769042969,51.339168548583984,188.79103088378906,84.63665008544922,38.40314483642578,49.096771240234375,36.56396484375,43.29298782348633
2018-06-25,88.33518981933594,23.529470443725586,421.516357421875,50.23139190673828,185.0489501953125,83.86833953857422,37.649078369140625,47.76427459716797,36.43429946899414,43.30903625488281
2018-06-26,88.03936767578125,23.579036712646484,418.0060729980469,50.65922546386719,185.08233642578125,83.92435455322266,37.53909683227539,47.4602165222168,36.16057586669922,42.88365936279297
2018-06-27,86.91880798339844,23.33118438720703,412.0164489746094,50.009849548339844,183.91299438476562,82.62779235839844,37.06779861450195,46.41388702392578,35.89405822753906,42.76326370239258
2018-06-28,86.92777252197266,23.686443328857422,410.5763244628906,51.09469223022461,186.6193084716797,83.9803695678711,37.931846618652344,46.243980407714844,35.95927810668945,43.044185638427734
2018-06-29,87.85111999511719,23.28987693786621,408.3423767089844,51.12525939941406,184.23870849609375,83.39613342285156,37.23276138305664,45.698448181152344,36.2491569519043,44.49690628051758
2018-07-02,88.74755859375,23.364234924316406,408.7351379394531,51.30860900878906,186.4856414794922,84.10044860839844,37.48412322998047,45.8773078918457,36.53178024291992,45.20319366455078
2018-07-03,87.70767211914062,22.95114517211914,402.0009460449219,50.46823501586914,184.08004760742188,82.92393493652344,36.934268951416016,44.92935562133789,36.212928771972656,44.59321594238281
2018-07-05,88.6433334350586,23.06681251525879,402.5655212402344,50.85022735595703,184.38072204589844,83.46305084228516,36.68291091918945,44.24968719482422,36.18393325805664,44.33638000488281
2018-07-06,88.63433074951172,23.157691955566406,402.3282165527344,51.293331146240234,185.25778198242188,83.73664855957031,36.98925018310547,45.2960205078125,36.386844635009766,44.85808563232422
2018-07-09,89.8848648071289,24.00038719177246,412.48284912109375,52.66849899291992,190.43650817871094,86.3277816772461,38.0261116027832,46.41388702392578,37.22748947143555,45.564369201660156
2018-07-10,89.8848648071289,23.81862449645996,413.1619873046875,52.126068115234375,189.48434448242188,85.79669952392578,37.7826042175293,45.707393646240234,37.2130012512207,45.443992614746094
2018-07-11,90.2357406616211,23.694704055786133,411.50091552734375,51.88159942626953,188.49038696289062,85.61161041259766,37.50767517089844,45.13505554199219,37.14777374267578,45.0025520324707
2018-07-12,91.00045776367188,23.769058227539062,414.58575439453125,52.33999252319336,189.79339599609375,85.98175811767578,37.71977233886719,45.385459899902344,37.220237731933594,44.97045135498047
2018-07-13,90.41565704345703,23.58730697631836,414.92950439453125,51.18637466430664,189.11679077148438,85.58747100830078,37.76689529418945,45.26918411254883,36.89412307739258,44.432701110839844
2018-07-16,90.58663177490234,24.603498458862305,412.3681945800781,53.06574630737305,193.3182373046875,88.9832992553711,38.411006927490234,45.66267776489258,37.17676544189453,45.74094009399414
2018-07-17,91.00045776367188,24.793514251708984,413.1210632324219,52.9817008972168,192.9674835205078,88.91891479492188,38.630943298339844,47.2902946472168,37.17676544189453,45.39582824707031
2018-07-18,92.64682006835938,24.892656326293945,418.0060729980469,53.36370086669922,193.15126037597656,89.74774932861328,39.71494674682617,48.4886474609375,36.75644302368164,45.40386199951172
2018-07-19,90.1187744140625,24.512617111206055,413.1293029785156,52.70668411254883,191.80641174316406,88.42802429199219,39.1572265625,47.2902946472168,37.220237731933594,45.21123504638672
2018-07-20,90.10078430175781,24.892656326293945,411.4027099609375,52.882408142089844,193.52708435058594,89.54658508300781,39.48714065551758,46.63745880126953,37.00283432006836,45.27544403076172
2018-07-23,91.06342315673828,25.404888153076172,416.0913391113281,53.63874435424805,195.2561492919922,91.2122802734375,39.8563346862793,47.04883575439453,37.589847564697266,46.55159378051758
2018-07-24,91.50423431396484,25.470979690551758,416.40234375,54.29576110839844,197.0269012451172,91.85604858398438,40.04484939575195,47.27241897583008,37.4304084777832,46.832515716552734
2018-07-25,92.3319320678711,25.66926383972168,419.3480224609375,54.7923469543457,197.7035369873047,92.68488311767578,40.09197235107422,47.34395980834961,37.408660888671875,46.73619842529297
2018-07-26,92.21499633789062,25.561861038208008,413.30926513671875,54.50203323364258,198.05435180664062,92.4193344116211,40.052711486816406,47.084617614746094,37.944942474365234,46.8004035949707
2018-07-27,93.42952728271484,25.66099739074707,411.517333984375,54.76942443847656,198.49696350097656,93.36886596679688,40.0998420715332,46.99517822265625,38.11886215209961,47.0572395324707
2018-07-30,90.73054504394531,25.867542266845703,409.2752380371094,55.227813720703125,199.59127807617188,93.93214416503906,40.21836471557617,45.895198822021484,38.39425277709961,46.944881439208984
2018-07-31,89.53399658203125,25.512292861938477,411.3863220214844,54.922203063964844,198.32164001464844,92.49978637695312,39.949710845947266,45.66267776489258,38.415992736816406,45.981746673583984
2018-08-01,89.4710464477539,25.817975997924805,392.3127746582031,54.95278549194336,197.1605682373047,93.07113647460938,39.64945983886719,45.50170135498047,38.126121520996094,46.27068328857422
2018-08-02,89.72291564941406,25.842763900756836,388.92529296875,54.884033203125,195.44822692871094,93.46543884277344,39.35710906982422,44.830989837646484,38.082637786865234,46.78435516357422
2018-08-03,90.67656707763672,26.032785415649414,394.7267150878906,55.652801513671875,195.53172302246094,94.22184753417969,39.43611526489258,44.97407150268555,38.34352111816406,47.21775817871094
2018-08-06,90.79351806640625,26.041038513183594,395.5940856933594,55.6605110168457,197.0686798095703,94.2459945678711,39.499332427978516,45.07245635986328,38.358009338378906,47.26592254638672
2018-08-07,91.73817443847656,26.032785415649414,398.86700439453125,55.66818618774414,198.65577697753906,94.5920181274414,39.609947204589844,45.421226501464844,38.62614822387695,47.20974349975586
2018-08-08,92.46688842773438,26.27237319946289,398.53155517578125,56.037208557128906,197.4362030029297,94.78514099121094,39.602054595947266,45.16187286376953,38.785579681396484,47.50670623779297
2018-08-09,92.65581512451172,26.107135772705078,396.1177978515625,55.33759307861328,195.27285766601562,94.05287170410156,39.06475067138672,45.48464584350586,38.756587982177734,47.247989654541016
2018-08-10,91.38729858398438,25.768404006958008,391.9037170410156,54.015281677246094,191.78968811035156,93.12748718261719,38.23509216308594,45.37705612182617,38.4812126159668,46.93267822265625
2018-08-13,91.59420013427734,25.181819915771484,388.99072265625,53.169620513916016,189.49267578125,91.6468505859375,37.41335678100586,44.928768157958984,37.95219039916992,46.57694625854492
2018-08-14,91.92707824707031,25.43793487548828,390.47998046875,53.82307815551758,191.7479248046875,92.25839233398438,37.81631851196289,45.30533218383789,38.53193664550781,46.9488525390625
2018-08-15,91.3243408203125,25.08267593383789,385.2511901855469,52.77752685546875,191.48898315429688,91.49392700195312,37.49236297607422,45.04531478881836,38.11161804199219,46.884178161621094
2018-08-16,92.34992218017578,25.380102157592773,388.3525085449219,53.47713088989258,194.62130737304688,92.3549575805664,38.16399002075195,45.843299865722656,38.524688720703125,47.42586135864258
2018-08-17,92.69178771972656,25.39662742614746,387.97601318359375,53.561702728271484,194.938720703125,92.3549575805664,38.219303131103516,45.63707733154297,38.618900299072266,47.58755874633789
2018-08-20,93.41153717041016,25.504032135009766,389.1297912597656,54.22285842895508,196.94342041015625,92.2342529296875,38.15608215332031,46.103309631347656,39.00300216674805,47.72499465942383
2018-08-21,94.29319763183594,25.627952575683594,388.6142883300781,54.768699645996094,199.34068298339844,92.79754638671875,38.353633880615234,44.98255157470703,39.2711181640625,47.66840362548828
2018-08-22,95.2108383178711,25.594907760620117,391.14276123046875,54.67644119262695,199.9169921875,92.5158920288086,38.40102767944336,45.66397476196289,39.08994674682617,47.838172912597656
2018-08-23,94.79700469970703,25.4792423248291,384.9566650390625,54.43811798095703,197.41114807128906,92.3227767944336,38.02965545654297,44.98255157470703,38.988487243652344,47.393524169921875
2018-08-24,95.14787292480469,25.52054786682129,390.7253723144531,54.33049011230469,196.38380432128906,92.28251647949219,38.03756332397461,45.32326126098633,39.14067840576172,47.45010757446289
2018-08-27,96.30843353271484,25.867542266845703,395.7167053222656,55.652801513671875,202.6400604248047,93.91608428955078,39.420318603515625,46.05847930908203,39.466793060302734,47.78158950805664
2018-08-28,96.51536560058594,25.83449935913086,395.5040588378906,55.64512634277344,202.4479217529297,93.4573974609375,39.507225036621094,45.94193649291992,39.27837371826172,47.75733184814453
2018-08-29,96.0025405883789,25.72709846496582,397.0342102050781,55.76042938232422,202.30543518066406,93.15161895751953,39.46772766113281,46.02262496948242,39.37259292602539,47.66840362548828
2018-08-30,95.57071685791016,25.619693756103516,388.8924865722656,54.93781661987305,200.62933349609375,92.69292449951172,38.954132080078125,45.33223342895508,39.16242980957031,47.264163970947266
2018-08-31,95.34577178955078,25.553598403930664,391.99371337890625,54.768699645996094,199.29684448242188,92.20205688476562,38.58277130126953,45.53844451904297,39.21314239501953,47.28033447265625
2018-09-04,96.27244567871094,25.72709846496582,389.30987548828125,54.8917121887207,199.17117309570312,92.66075134277344,38.487937927246094,46.013648986816406,39.307369232177734,47.539039611816406
2018-09-05,95.07588958740234,25.760143280029297,391.32269287109375,54.714874267578125,199.08731079101562,92.2101058959961,38.49583435058594,45.29637145996094,39.37259292602539,47.66031265258789
2018-09-06,94.82400512695312,25.61071014404297,388.72821044921875,53.89997100830078,196.53964233398438,91.8158187866211,37.87163543701172,44.39079284667969,39.37259292602539,46.83566665649414
2018-09-07,95.43577575683594,25.619009017944336,388.29998779296875,53.53863525390625,196.0284881591797,91.99285888671875,38.10077667236328,44.97359848022461,39.2711181640625,46.407161712646484
2018-09-10,96.52433776855469,25.585803985595703,390.20263671875,53.53095245361328,194.3523712158203,91.50201416015625,37.87953186035156,45.38602066040039,39.227657318115234,46.45567321777344
2018-09-11,97.44200897216797,25.61071014404297,388.044677734375,53.377193450927734,192.92764282226562,92.08135986328125,37.81631851196289,45.70880889892578,39.27837371826172,46.390987396240234
2018-09-12,97.05514526367188,25.262039184570312,387.12213134765625,54.207481384277344,191.20127868652344,90.99503326416016,37.51606750488281,45.46672439575195,38.80732727050781,45.22677230834961
2018-09-13,97.75691223144531,25.021291732788086,386.2738037109375,53.93072509765625,191.3521270751953,91.34908294677734,37.70569610595703,45.206703186035156,39.14793395996094,44.466796875
2018-09-14,98.5665512084961,25.212236404418945,392.1052551269531,54.23054504394531,192.11480712890625,91.3329849243164,38.077056884765625,45.87019729614258,39.234886169433594,44.248497009277344
2018-09-17,98.2426986694336,25.137516021728516,387.855224609375,54.491939544677734,190.98338317871094,91.60661315917969,37.674095153808594,45.117042541503906,39.227657318115234,43.908939361572266
2018-09-18,98.63854217529297,25.07940101623535,388.92596435546875,54.860958099365234,191.8214569091797,91.97674560546875,37.80841827392578,45.38602066040039,39.24213790893555,44.06254196166992
2018-09-19,99.0523910522461,25.7352352142334,398.2661437988281,56.67530059814453,197.42799377441406,94.64834594726562,38.79610061645508,46.61436462402344,39.800148010253906,44.644657135009766
2018-09-20,99.9610366821289,25.89296531677246,401.2312927246094,57.4979133605957,198.9532470703125,95.4610824584961,39.412410736083984,46.686100006103516,40.11176681518555,44.91147232055664
2018-09-21,99.7720947265625,25.760143280029297,401.61834716796875,57.00587844848633,197.22686767578125,94.83342742919922,39.041038513183594,46.47987747192383,39.95957946777344,44.458709716796875
2018-09-24,98.82746887207031,25.519393920898438,397.0553283691406,56.767555236816406,195.18203735351562,93.92411804199219,38.369422912597656,46.22883224487305,39.43779754638672,43.86850357055664
2018-09-25,98.845458984375,25.461278915405273,394.6008605957031,56.513851165771484,194.8468017578125,93.65857696533203,38.14817810058594,46.28261947631836,39.32185363769531,43.844268798828125
2018-09-26,97.17211151123047,25.012990951538086,391.0921325683594,55.698951721191406,191.81307983398438,92.5561294555664,37.689903259277344,45.475685119628906,38.850807189941406,42.97918701171875
2018-09-27,97.02816009521484,24.855253219604492,393.6124572753906,56.083335876464844,190.85769653320312,92.1537857055664,37.74521255493164,45.29637145996094,38.62458419799805,42.70429229736328
2018-09-28,95.80462646484375,24.456771850585938,388.20941162109375,55.153106689453125,187.9244842529297,90.80191040039062,36.79703903198242,44.068023681640625,38.53702163696289,42.49408721923828
2018-10-01,97.07315063476562,24.6145076751709,389.9719543457031,55.29917907714844,188.83798217773438,91.3329849243164,36.84445571899414,44.426658630371094,38.551612854003906,42.24345397949219
2018-10-02,97.51396179199219,24.556398391723633,393.0524597167969,55.19922637939453,189.4581756591797,91.71119689941406,36.84445571899414,44.69564437866211,38.485939025878906,42.146427154541016
2018-10-03,97.56796264648438,24.905061721801758,390.7132873535156,55.62976837158203,190.89117431640625,92.57221221923828,37.22371292114258,45.54741668701172,38.989444732666016,42.56684875488281
2018-10-04,97.27901458740234,25.262039184570312,390.531982421875,55.82962417602539,190.63980102539062,93.40687561035156,37.35013198852539,46.33642578125,39.171875,43.262149810791016
2018-10-05,96.81853485107422,25.09600257873535,387.8222351074219,55.675880432128906,189.15650939941406,92.8801498413086,36.93926239013672,46.15711212158203,39.025936126708984,43.00343704223633
2018-10-08,96.60183715820312,25.129213333129883,388.3164367675781,55.806575775146484,188.85475158691406,93.44737243652344,37.1525993347168,46.327457427978516,39.354312896728516,43.391510009765625
2018-10-09,96.30387878417969,24.888460159301758,378.6385803222656,55.268394470214844,186.80990600585938,92.79911041259766,36.47307586669922,46.7757682800293,39.368919372558594,43.278316497802734
2018-10-10,93.51390838623047,24.274141311645508,351.4993896484375,53.77695846557617,180.0886993408203,90.32760620117188,35.256248474121094,44.46253204345703,38.91648864746094,42.38898468017578
2018-10-11,91.71712493896484,23.543590545654297,344.0207214355469,52.569969177246094,178.47967529296875,87.62110137939453,34.3633918762207,43.15348434448242,37.8145866394043,41.58857727050781
2018-10-12,92.99925994873047,23.626604080200195,352.2735900878906,53.692378997802734,179.2339324951172,86.66492462158203,34.31597900390625,43.9424934387207,37.06296920776367,42.13026428222656
2018-10-15,92.65615844726562,23.178314208984375,351.6476745605469,53.20805740356445,180.3652801513672,86.17060852050781,34.347591400146484,42.714149475097656,36.858646392822266,43.04385757446289
2018-10-16,94.14594268798828,23.684717178344727,336.0477600097656,53.59244155883789,185.7958526611328,88.01817321777344,36.299232482910156,43.24314880371094,37.19432067871094,43.44002151489258
2018-10-17,94.2091293334961,23.991884231567383,339.2189025878906,53.692378997802734,191.31024169921875,88.9986572265625,37.28693389892578,43.072792053222656,38.602699279785156,44.03021240234375
2018-10-18,92.85478210449219,23.452268600463867,329.3515319824219,52.75448226928711,188.51953125,87.58869934082031,36.37035369873047,41.871337890625,38.040809631347656,42.9306640625
2018-10-19,96.3670883178711,23.5103816986084,330.81768798828125,52.93898391723633,190.2040252685547,87.44284057617188,36.67851257324219,41.9879035949707,38.3108024597168,42.76089096069336
2018-10-22,94.36263275146484,22.730030059814453,323.16595458984375,51.193817138671875,185.7121124267578,86.18681335449219,35.6434211730957,40.88507843017578,37.52998733520508,41.758358001708984
2018-10-23,94.24526977539062,22.43115997314453,319.1547546386719,50.532657623291016,183.1643524169922,85.28734588623047,35.17723846435547,39.93468475341797,37.4862060546875,41.685604095458984
2018-10-24,91.95189666748047,21.742122650146484,311.88201904296875,49.04889678955078,175.3034210205078,83.6990966796875,34.3633918762207,38.168373107910156,36.6908073425293,40.577972412109375
2018-10-25,93.5409927368164,22.074190139770508,322.8365173339844,49.94837951660156,179.35122680664062,84.97132873535156,35.20094299316406,38.71530532836914,37.413238525390625,41.92813491821289
2018-10-26,91.41914367675781,21.908159255981445,318.693603515625,49.364097595214844,177.96852111816406,83.804443359375,34.742652893066406,38.724281311035156,37.15052795410156,41.43497848510742
2018-10-29,91.36497497558594,22.09079360961914,321.7575988769531,49.47172927856445,179.75347900390625,84.96320343017578,34.72685241699219,39.18153762817383,37.62485885620117,42.227291107177734
2018-10-30,92.16856384277344,22.231929779052734,332.6131896972656,49.6101188659668,183.7677764892578,86.46232604980469,35.40309524536133,40.858177185058594,38.17945861816406,42.59919357299805
2018-10-31,92.7554702758789,22.829641342163086,338.8646545410156,50.32508087158203,188.87144470214844,88.34227752685547,36.32595443725586,41.45891571044922,38.142967224121094,43.0357666015625
2018-11-01,93.93827819824219,23.08699607849121,340.15777587890625,50.60954284667969,190.21238708496094,88.30989074707031,36.50893783569336,41.59339904785156,38.040809631347656,43.302574157714844
2018-11-02,93.64030456542969,23.153413772583008,337.4974670410156,51.02754211425781,192.4918975830078,87.82367706298828,36.556678771972656,41.76375198364258,37.99702072143555,43.342987060546875
2018-11-05,94.9946517944336,23.294536590576172,338.51873779296875,52.09577941894531,191.6790313720703,88.39903259277344,36.4532585144043,42.39136505126953,38.194053649902344,43.38343048095703
2018-11-06,94.78702545166016,23.419063568115234,340.52020263671875,51.615848541259766,191.24317932128906,88.81230926513672,36.373687744140625,42.82174301147461,38.4129638671875,43.294498443603516
2018-11-07,96.8907470703125,23.693017959594727,349.827392578125,52.838905334472656,193.8243865966797,90.33573913574219,37.08175277709961,43.55696105957031,38.36919021606445,43.31874084472656
2018-11-08,97.9652328491211,23.966970443725586,347.07647705078125,52.46733856201172,194.1344451904297,91.06501007080078,36.93855285644531,43.718772888183594,38.62458419799805,43.326900482177734
2018-11-09,97.7665786743164,23.67641830444336,340.9485168457031,50.903690338134766,186.5919952392578,90.18175506591797,36.381649017333984,42.828758239746094,38.78514099121094,43.229095458984375
2018-11-12,96.15039825439453,23.037185668945312,333.9228515625,49.70386505126953,172.68040466308594,88.28557586669922,35.10872268676758,42.01067352294922,38.61729431152344,42.66671371459961
2018-11-13,97.3873519897461,23.045490264892578,335.4795227050781,50.14509201049805,171.84234619140625,88.80419921875,35.54629898071289,42.2983512878418,39.179176330566406,42.98457717895508
2018-11-14,97.30609893798828,22.588895797729492,331.0894470214844,49.15426254272461,169.69686889648438,86.97281646728516,34.88596725463867,42.12752914428711,39.405391693115234,42.50371170043945
2018-11-15,98.95841979980469,23.161714553833008,335.1253662109375,50.0057487487793,170.74449157714844,89.19314575195312,35.24398422241211,42.541072845458984,39.887027740478516,43.04977798461914
2018-11-16,98.83202362060547,23.037185668945312,338.51873779296875,50.27668380737305,169.38685607910156,89.1283187866211,35.10872268676758,42.217437744140625,40.076744079589844,43.1475830078125
2018-11-19,97.7394790649414,23.037185668945312,335.8666076660156,50.02122497558594,166.11837768554688,89.80897521972656,35.331485748291016,41.32740783691406,40.135128021240234,43.45728302001953
2018-11-20,95.78923797607422,22.730030059814453,331.8636779785156,48.40340042114258,160.35264587402344,87.88040924072266,34.28928756713867,40.032840728759766,39.48565673828125,42.821571350097656
2018-11-21,96.15943145751953,22.638704299926758,335.7347717285156,48.66659164428711,161.40858459472656,87.22404479980469,34.790496826171875,40.3385124206543,39.171875,42.73192596435547
2018-11-23,95.47320556640625,22.389652252197266,334.90289306640625,47.79962921142578,158.47540283203125,86.42181396484375,34.273380279541016,39.628292083740234,39.05512237548828,42.242919921875
2018-11-26,99.0306625366211,22.879453659057617,344.6878356933594,49.332305908203125,162.86683654785156,88.53679656982422,35.22806930541992,40.53628921508789,39.52216720581055,43.09868240356445
2018-11-27,99.41889953613281,23.02889060974121,343.5923767089844,49.12330627441406,162.28855895996094,88.90955352783203,35.045082092285156,40.75204849243164,39.20108413696289,43.351341247558594
2018-11-28,101.92898559570312,23.601707458496094,351.9194641113281,50.76435852050781,166.22740173339844,89.89812469482422,36.04750061035156,41.0487174987793,39.61701965332031,44.29677963256836
2018-11-29,100.50240325927734,23.277938842773438,348.35308837890625,50.23798751831055,163.9554901123047,89.1850357055664,35.411041259765625,39.70021057128906,39.43459701538086,44.044124603271484
2018-11-30,101.36918640136719,23.576797485351562,352.529052734375,50.15283966064453,160.4550323486328,90.10071563720703,35.315574645996094,40.275569915771484,39.74106979370117,44.23973083496094
2018-12-03,101.450439453125,23.693017959594727,358.1791076660156,50.43925094604492,161.24598693847656,90.95156860351562,36.1270637512207,40.86893081665039,39.697288513183594,44.207130432128906
2018-12-04,97.18872833251953,22.40625762939453,336.6656494140625,48.194400787353516,155.0866241455078,86.89181518554688,34.305206298828125,38.66635513305664,38.3837776184082,42.202152252197266
2018-12-06,97.7394790649414,21.938764572143555,332.1918029785156,46.49142074584961,154.90150451660156,85.23873138427734,33.89945983886719,38.29774856567383,38.194053649902344,41.63978958129883
2018-12-07,96.32195281982422,21.22917938232422,326.2739562988281,45.1677360534668,151.1823272705078,83.6990966796875,32.87316131591797,37.281883239746094,37.77079391479492,40.963314056396484
2018-12-10,95.51837158203125,20.669862747192383,326.4067687988281,44.17691421508789,150.47552490234375,82.13516998291016,32.38785934448242,36.949241638183594,36.90971755981445,39.77337646484375
2018-12-11,95.16624450683594,20.51958656311035,320.0986633300781,43.518951416015625,148.76739501953125,81.33293151855469,32.31625747680664,37.08409881591797,36.57405090332031,38.925743103027344
2018-12-12,97.0442886352539,20.469501495361328,323.7590026855469,43.33315658569336,148.6833038330078,81.85966491699219,32.46741485595703,37.650482177734375,36.58134078979492,38.9094352722168
2018-12-13,96.33999633789062,20.36932945251465,321.43499755859375,43.17059326171875,148.0269317626953,81.94068145751953,32.300357818603516,37.245914459228516,35.8953971862793,38.33076477050781
2018-12-14,95.43709564208984,20.436107635498047,317.3098449707031,42.59004592895508,145.3763427734375,81.26810455322266,31.53660774230957,37.030174255371094,35.5743293762207,37.93140411376953
2018-12-17,91.35596466064453,20.427762985229492,313.9483337402344,41.99399948120117,141.37110900878906,80.23089599609375,31.504758834838867,36.58964920043945,34.98324203491211,37.988460540771484
2018-12-18,91.21149444580078,20.427762985229492,318.1813659667969,41.746299743652344,144.3077392578125,79.85001373291016,31.735488891601562,36.36489486694336,34.48701858520508,37.91511154174805
2018-12-19,89.17994689941406,20.185670852661133,308.9185485839844,40.88705825805664,142.41448974609375,78.83711242675781,31.26610565185547,35.708621978759766,33.72810363769531,37.22232437133789
2018-12-20,86.47123718261719,20.127229690551758,308.48699951171875,40.461307525634766,141.70770263671875,78.15644073486328,30.95583152770996,35.61871337890625,33.399723052978516,37.52388381958008
2018-12-21,82.46236419677734,19.509471893310547,306.40362548828125,38.88993453979492,134.67318725585938,76.30886840820312,29.977264404296875,35.187191009521484,32.5532341003418,36.77406311035156
2018-12-24,80.81004333496094,18.97519302368164,300.26995849609375,38.131324768066406,131.55987548828125,74.66390228271484,29.444231033325195,34.38706970214844,31.932960510253906,35.53522491455078
2018-12-26,84.72865295410156,20.127229690551758,316.4217529296875,39.818824768066406,137.0965576171875,77.7593765258789,31.26610565185547,36.46377944946289,33.12242889404297,37.157135009765625
2018-12-27,85.48709869384766,20.344282150268555,321.87493896484375,40.074283599853516,139.1833953857422,78.63452911376953,31.55251121520996,36.91329574584961,33.312156677246094,37.10822677612305
2018-12-28,85.25231170654297,20.36097526550293,322.2318115234375,40.120723724365234,137.1807098388672,78.46434783935547,31.321792602539062,36.91329574584961,33.26065444946289,37.31197738647461
2018-12-31,86.06492614746094,20.569679260253906,326.04150390625,40.29875183105469,140.5633087158203,79.10452270507812,31.544553756713867,37.335819244384766,33.62113952636719,37.5565071105957
2019-01-02,86.3899917602539,20.836816787719727,323.2195739746094,41.436649322509766,144.75367736816406,80.47398376464844,32.1412353515625,37.380767822265625,34.09934997558594,38.257423400878906
2019-01-03,84.70369720458984,20.502893447875977,313.7242736816406,40.68579864501953,142.6332550048828,79.33030700683594,31.568424224853516,36.607627868652344,33.62113952636719,37.95586395263672
2019-01-04,88.52049255371094,21.354400634765625,325.2115173339844,42.67519760131836,147.2948455810547,82.25485229492188,32.85725402832031,38.15392303466797,34.45248031616211,39.080589294433594
2019-01-07,89.00099182128906,21.337703704833984,326.1163024902344,43.04674530029297,148.11106872558594,82.31202697753906,33.183441162109375,38.42361831665039,34.290626525878906,38.82793426513672
2019-01-08,89.4361572265625,21.295957565307617,330.2661437988281,42.930641174316406,147.56411743164062,82.15681457519531,32.976585388183594,38.90908432006836,34.51133346557617,38.74644088745117
2019-01-09,89.5993423461914,21.504669189453125,332.1586608886719,43.642799377441406,148.4897003173828,82.01795196533203,33.207298278808594,39.403533935546875,34.87916946411133,38.958335876464844
2019-01-10,89.08259582519531,21.479616165161133,331.5859069824219,43.68924331665039,148.09422302246094,82.009765625,33.14366149902344,39.29566192626953,34.80561828613281,38.91759490966797
2019-01-11,89.34552001953125,21.730060577392578,330.2661437988281,43.882755279541016,148.87673950195312,81.61766052246094,33.207298278808594,39.394535064697266,34.901248931884766,39.0153923034668
2019-01-14,89.24577331542969,22.013898849487305,329.0295715332031,45.61670684814453,150.38299560546875,82.45907592773438,33.7960319519043,39.37657165527344,35.15874481201172,39.463661193847656
2019-01-15,88.8377914428711,22.16416358947754,332.5902404785156,47.51321029663086,151.38427734375,83.0635986328125,34.114253997802734,39.781124114990234,35.291168212890625,38.85238265991211
2019-01-16,90.12518310546875,23.75030517578125,342.8241271972656,48.14021682739258,165.83189392089844,83.73345184326172,35.395145416259766,41.98368453979492,36.12985610961914,39.88747787475586
2019-01-17,90.19771575927734,24.20109748840332,342.39251708984375,48.356956481933594,167.523193359375,84.07656860351562,33.8358039855957,42.18147277832031,36.60070037841797,40.12384033203125
2019-01-18,91.0952377319336,24.45988655090332,348.1445007324219,48.86011505126953,170.42616271972656,85.44078826904297,34.7586669921875,43.13442611694336,36.94647216796875,40.75956726074219
2019-01-22,90.5059585571289,24.284576416015625,343.2889709472656,47.87702178955078,166.33676147460938,84.0929183959961,33.74034881591797,42.675941467285156,36.88761901855469,40.63730239868164
2019-01-23,90.39717864990234,24.142662048339844,339.039306640625,48.093772888183594,165.68043518066406,83.8804931640625,33.53350067138672,42.541072845458984,37.17454147338867,40.84920883178711
2019-01-24,90.4062271118164,24.276229858398438,337.4456481933594,48.5427360534668,166.437744140625,83.92950439453125,33.45393753051758,42.59501647949219,37.439388275146484,40.735111236572266
2019-01-25,91.35814666748047,24.693634033203125,340.2593994140625,49.556793212890625,168.9115753173828,84.46050262451172,34.193817138671875,43.125431060791016,37.792518615722656,40.857357025146484
2019-01-28,91.00457000732422,24.735370635986328,336.4496765136719,49.4251823425293,168.05328369140625,84.86078643798828,33.93129348754883,42.72087860107422,37.71895980834961,40.604698181152344
2019-01-29,91.53040313720703,24.535022735595703,338.3255310058594,48.929779052734375,168.70965576171875,85.09768676757812,33.80399703979492,42.90067672729492,37.557098388671875,40.629150390625
2019-01-30,93.08068084716797,24.267885208129883,338.914794921875,49.71160125732422,170.37567138671875,85.29374694824219,34.284725189208984,42.13651657104492,37.54974365234375,40.82475662231445
2019-01-31,93.10789489746094,23.76699447631836,344.5173645019531,49.897377014160156,166.61444091796875,84.55038452148438,33.89211654663086,42.04661560058594,37.63803482055664,40.224388122558594
2019-02-01,93.43427276611328,23.691864013671875,345.9532470703125,49.63233947753906,165.37750244140625,84.86078643798828,33.50754165649414,42.28036117553711,37.733665466308594,40.224388122558594
2019-02-04,93.76062774658203,24.10926628112793,346.9244689941406,49.93635940551758,166.37042236328125,85.16304016113281,34.02031707763672,42.433197021484375,37.93967056274414,40.34775924682617
2019-02-05,94.1958236694336,24.025785446166992,346.57574462890625,49.741477966308594,166.61444091796875,84.78728485107422,34.01232147216797,41.884803771972656,37.873451232910156,40.52046203613281
2019-02-06,95.15681457519531,23.98404312133789,345.6046447753906,49.803836822509766,165.44483947753906,84.7464370727539,33.95623016357422,41.453285217285156,37.84402084350586,40.479339599609375
2019-02-07,94.64005279541016,23.574989318847656,344.459228515625,48.961952209472656,162.4576416015625,83.63542938232422,33.23511505126953,40.61720275878906,37.48352813720703,39.54179382324219
2019-02-08,94.75790405273438,23.616731643676758,341.7617492675781,48.33832931518555,161.27967834472656,82.80218505859375,32.69828414916992,40.23961639404297,37.211334228515625,39.18815231323242
2019-02-11,95.56477355957031,23.71690559387207,342.5420227050781,48.026527404785156,160.99356079101562,82.4100570678711,32.217552185058594,40.22164535522461,37.18925476074219,39.18815231323242
2019-02-12,97.00629425048828,23.950654983520508,353.1742858886719,48.85281753540039,163.65255737304688,83.81514739990234,32.970703125,41.24650573730469,37.67481231689453,40.33952713012695
2019-02-13,97.51395416259766,23.958999633789062,354.7845458984375,49.14125442504883,163.82083129882812,84.21544647216797,33.00274658203125,41.490142822265625,37.4541130065918,40.31486129760742
2019-02-14,96.66177368164062,23.700210571289062,351.4063720703125,48.657936096191406,162.00331115722656,83.66809844970703,32.62617492675781,40.86751174926758,37.123046875,39.903648376464844
2019-02-15,97.35076904296875,24.30127716064453,358.5195007324219,50.10004806518555,167.0267333984375,86.22503662109375,33.64374923706055,41.833045959472656,37.748382568359375,40.479339599609375
2019-02-19,96.552978515625,24.317970275878906,357.7891540527344,50.1858024597168,167.16976928710938,85.92277526855469,33.77994918823242,42.46468734741211,37.748382568359375,40.61092758178711
2019-02-20,96.80682373046875,24.551712036132812,362.8936462402344,50.388492584228516,167.1109161376953,86.33940124511719,33.98827362060547,41.91425704956055,37.96173858642578,40.96457290649414
2019-02-21,96.65269470214844,24.4515380859375,361.0674743652344,50.13903045654297,165.22605895996094,86.15969848632812,33.61970138549805,41.25553894042969,37.557098388671875,40.75896072387695
2019-02-22,97.40516662597656,24.276229858398438,362.4785461425781,49.99871826171875,164.92312622070312,85.77574157714844,33.48350143432617,41.661590576171875,37.72631072998047,40.31486129760742
2019-02-25,96.94281768798828,24.434846878051758,364.31292724609375,50.3027458190918,167.1529083251953,86.67435455322266,33.803977966308594,41.51720428466797,37.969093322753906,40.84120178222656
2019-02-26,96.9518814086914,24.4515380859375,365.6408386230469,49.98313522338867,167.36334228515625,86.01264190673828,33.98026657104492,42.01349639892578,37.74102783203125,40.78363800048828
2019-02-27,97.38703155517578,24.651891708374023,366.8693542480469,50.20139694213867,167.3633270263672,85.90644073486328,34.10044860839844,42.022525787353516,37.91758728027344,41.0385856628418
2019-02-28,97.6771469116211,24.40017318725586,367.87359619140625,49.874000549316406,166.18052673339844,85.2529296875,33.63572311401367,41.51720428466797,38.027950286865234,41.03036117553711
2019-03-01,98.72882843017578,24.593158721923828,368.3300476074219,50.25596237182617,167.4478302001953,85.31011199951172,34.052364349365234,42.239078521728516,38.050018310546875,41.1454963684082
2019-03-04,98.81948852539062,24.358217239379883,362.9849548339844,49.694705963134766,165.57223510742188,85.11405944824219,33.65176010131836,41.19236373901367,38.01323699951172,41.21129608154297
2019-03-05,98.68347930908203,24.40017318725586,361.7220458984375,49.05549240112305,165.5891571044922,85.04866027832031,33.571632385253906,41.39991760253906,37.91758728027344,41.03036117553711
2019-03-06,98.80134582519531,24.19879150390625,359.4974365234375,48.72808837890625,164.524658203125,84.7300796508789,33.347286224365234,40.84046173095703,37.5938835144043,40.9727897644043
2019-03-07,97.78594970703125,23.955459594726562,353.9193115234375,48.252586364746094,162.8603515625,84.1174087524414,32.986724853515625,39.72153091430664,37.2849006652832,40.857666015625
2019-03-08,97.8947525024414,24.039371490478516,352.3470153808594,48.37731170654297,164.94705200195312,84.15008544921875,33.13896942138672,39.20719528198242,37.4246711730957,40.95635223388672
2019-03-11,99.32715606689453,24.28270149230957,358.02557373046875,48.57218551635742,165.5637969970703,85.2447509765625,33.53156280517578,39.51398849487305,37.858741760253906,40.923458099365234
2019-03-12,100.11591339111328,24.28270149230957,357.80810546875,48.961952209472656,166.12139892578125,84.99151611328125,33.6757926940918,39.694461822509766,37.557098388671875,40.83298873901367
2019-03-13,101.66619873046875,24.576374053955078,361.15338134765625,49.61676025390625,166.6451873779297,85.27743530273438,33.98026657104492,40.073448181152344,37.94702911376953,41.055030822753906
2019-03-14,101.85661315917969,24.71902084350586,362.65045166015625,49.97532653808594,166.8311004638672,86.05349731445312,34.2046012878418,40.87653350830078,38.04265594482422,41.40867233276367
2019-03-15,102.91732025146484,24.584766387939453,362.5835266113281,50.81722640991211,167.4984893798828,87.04194641113281,34.71738815307617,41.01189422607422,38.30751419067383,41.66361999511719
2019-03-18,102.94450378417969,25.021080017089844,368.3791198730469,51.39407730102539,171.0552978515625,87.56478118896484,35.278263092041016,41.41796112060547,38.587074279785156,42.54362869262695
2019-03-19,102.14671325683594,24.878440856933594,363.4365234375,51.16020584106445,169.91476440429688,87.24620056152344,35.21415710449219,41.273582458496094,38.20451354980469,42.28043746948242
2019-03-20,100.42414855957031,24.03097915649414,359.54766845703125,50.123443603515625,164.16986083984375,85.38362884521484,34.477020263671875,40.208805084228516,37.05683898925781,41.44979476928711
2019-03-21,101.37609100341797,23.645004272460938,359.91558837890625,49.81943130493164,164.38946533203125,84.03572845458984,34.55714797973633,39.532039642333984,36.53449249267578,41.00568771362305
2019-03-22,99.23650360107422,22.66329002380371,349.0435485839844,47.53542709350586,159.6414794921875,81.49513244628906,33.42741012573242,37.71831130981445,35.519229888916016,39.73094940185547
2019-03-25,98.8557357788086,22.520658493041992,347.4126892089844,47.02873229980469,159.2612762451172,80.81708526611328,33.05083465576172,37.745391845703125,35.386810302734375,39.54179382324219
2019-03-26,99.27278900146484,22.83110237121582,353.48443603515625,47.722511291503906,161.10299682617188,81.62582397460938,33.55560302734375,38.39507293701172,35.688438415527344,40.30663299560547
2019-03-27,98.80134582519531,22.680076599121094,350.9503173828125,47.340545654296875,160.54544067382812,81.34808349609375,33.1469841003418,37.817569732666016,35.408870697021484,40.1092529296875
2019-03-28,98.96453857421875,22.931800842285156,355.4079284667969,48.3149528503418,161.5170135498047,82.27120208740234,33.595672607421875,38.521400451660156,35.616477966308594,40.37242889404297
2019-03-29,99.09147644042969,23.149951934814453,357.4150390625,48.50202941894531,162.2013397216797,82.69598388671875,33.81200408935547,38.58456802368164,35.72768020629883,39.73917007446289
2019-04-01,101.26730346679688,23.947071075439453,366.6312255859375,50.17021560668945,166.21434020996094,85.48163604736328,34.87763977050781,39.8207893371582,36.38010787963867,40.14215087890625
2019-04-02,100.63267517089844,24.223966598510742,365.0087890625,50.21697235107422,166.8563690185547,85.89012145996094,35.01384353637695,40.04637908935547,36.432003021240234,39.64870834350586
2019-04-03,100.23377227783203,24.19879150390625,367.1999816894531,50.71588134765625,169.69505310058594,86.0616455078125,35.55868911743164,40.27196502685547,36.63959503173828,40.18327331542969
2019-04-04,100.18830108642578,24.458911895751953,369.5164489746094,51.30832290649414,170.85252380371094,86.89305114746094,35.99935531616211,40.488525390625,36.91390609741211,40.438228607177734
2019-04-05,100.95252227783203,24.40017318725586,372.242919921875,51.09785842895508,170.979248046875,86.68726348876953,35.97532653808594,40.19976806640625,36.84717559814453,40.11747360229492
2019-04-08,100.71597290039062,24.475685119628906,373.11273193359375,51.503211975097656,171.1143798828125,86.96713256835938,36.0394287109375,40.40733337402344,36.98064041137695,40.19972229003906
2019-04-09,99.94263458251953,24.24074363708496,367.81884765625,50.82501220703125,169.49234008789062,86.3250961303711,35.462528228759766,40.10954284667969,36.49131393432617,39.59113693237305
2019-04-10,100.22470092773438,24.391780853271484,370.2859802246094,51.07445526123047,171.4861297607422,86.71194458007812,35.61477279663086,39.947120666503906,36.55062484741211,39.303287506103516
2019-04-11,99.94263458251953,24.391780853271484,373.08758544921875,51.378482818603516,171.35943603515625,87.44457244873047,35.895198822021484,39.9380989074707,36.780460357666016,39.262168884277344
2019-04-12,100.90703582763672,25.314756393432617,379.97882080078125,52.55556106567383,175.5920867919922,91.54391479492188,37.40952682495117,40.92165756225586,37.23270034790039,38.23413848876953
2019-04-15,100.56130981445312,25.03786277770996,377.8963928222656,52.524383544921875,168.8924560546875,90.49850463867188,36.9207878112793,40.632904052734375,36.98804473876953,38.46442413330078
2019-04-16,101.78955841064453,25.071430206298828,390.17340087890625,54.02886962890625,170.52301025390625,91.453369140625,37.6739387512207,41.201385498046875,37.277191162109375,39.18815231323242
2019-04-17,101.68037414550781,25.19729232788086,390.9679260253906,54.83958053588867,175.64276123046875,94.0875015258789,38.66746520996094,41.598419189453125,37.56633377075195,39.10590744018555
2019-04-18,103.41812133789062,25.19729232788086,389.4625549316406,54.30949401855469,173.96156311035156,93.39606475830078,38.09858322143555,41.10212707519531,37.9666862487793,39.13057327270508
2019-04-22,102.19898986816406,25.214067459106445,388.06591796875,53.857364654541016,172.8547821044922,93.51129150390625,37.89027786254883,41.01189422607422,37.95927429199219,38.867408752441406
2019-04-23,103.69105529785156,25.23084831237793,396.4372863769531,53.943111419677734,172.46615600585938,93.62651062011719,37.93836212158203,41.111148834228516,38.32255172729492,38.94143295288086
2019-04-24,103.73655700683594,25.18889808654785,401.572509765625,53.65468215942383,169.42474365234375,93.47012329101562,37.962379455566406,40.66899490356445,38.31513977050781,39.04833984375
2019-04-25,105.42877197265625,25.239238739013672,396.7886962890625,53.57674026489258,170.15130615234375,93.51952362060547,37.89027786254883,40.88557434082031,38.43376541137695,39.0730094909668
2019-04-26,106.99366760253906,25.465789794921875,400.57720947265625,54.18477249145508,171.57061767578125,94.22744750976562,38.371009826660156,40.515602111816406,38.8044548034668,39.44309997558594
2019-04-29,106.22942352294922,25.818204879760742,401.2963562011719,55.36964416503906,174.81480407714844,95.58567810058594,39.07247543334961,41.41796112060547,39.29377365112305,39.69805908203125
2019-04-30,106.65704345703125,25.658775329589844,405.8125305175781,55.11240005493164,173.969970703125,95.52801513671875,38.90316390991211,41.30966567993164,39.531009674072266,39.81317901611328
2019-05-01,106.46598815917969,25.390274047851562,400.70257568359375,54.53555679321289,172.96461486816406,94.7954330444336,38.354881286621094,41.111148834228516,39.375335693359375,39.6651496887207
2019-05-02,106.67521667480469,25.591659545898438,398.4278869628906,54.84735870361328,173.1842803955078,95.00120544433594,38.548397064208984,41.39991760253906,39.42723083496094,39.72273254394531
2019-05-03,108.5858383178711,25.767854690551758,403.52099609375,55.443626403808594,175.3217315673828,95.58567810058594,38.74996566772461,41.72475051879883,39.64963150024414,40.01057815551758
2019-05-06,108.57672119140625,25.56648063659668,398.3944396972656,55.23964309692383,174.40086364746094,94.73779296875,38.467769622802734,41.742794036865234,39.54585266113281,39.82963562011719
2019-05-07,107.55773162841797,25.104991912841797,387.85693359375,53.474422454833984,171.19049072265625,93.19025421142578,37.66147994995117,41.21943664550781,38.967567443847656,38.793392181396484
2019-05-08,106.89358520507812,25.004301071166992,389.2785949707031,53.52150344848633,169.7711181640625,92.69635009765625,37.5163459777832,41.129207611083984,38.715492248535156,38.6535758972168
2019-05-09,106.68434143066406,24.928791046142578,388.233154296875,53.05861282348633,170.3456268310547,92.62226104736328,37.451839447021484,41.345760345458984,38.64134979248047,38.811344146728516
2019-05-10,107.7761001586914,24.819704055786133,387.21295166015625,53.270442962646484,170.700439453125,92.6140365600586,37.363155364990234,41.372833251953125,38.67841720581055,39.15180587768555
2019-05-13,105.44697570800781,23.7037410736084,370.30267333984375,50.50884246826172,164.71896362304688,90.09516143798828,35.62158203125,39.532039642333984,37.67012405395508,38.47089385986328
2019-05-14,106.45689392089844,24.014198303222656,372.87847900390625,51.19923782348633,165.82569885253906,90.8113021850586,35.48451232910156,40.1661376953125,37.848060607910156,38.60375213623047
2019-05-15,107.04825592041016,23.737306594848633,371.6239929199219,50.893272399902344,165.9270782470703,90.46559143066406,35.39582443237305,38.716758728027344,37.65530776977539,38.06401824951172
2019-05-16,109.03163146972656,23.989032745361328,374.0325927734375,51.76411819458008,168.241943359375,91.6262435913086,35.702213287353516,39.622623443603516,38.18169021606445,38.11384201049805
2019-05-17,108.3310775756836,23.82960319519043,369.2823486328125,51.05017852783203,166.79727172851562,91.18172454833984,35.37969970703125,39.142520904541016,38.226173400878906,37.9477653503418
2019-05-20,109.03163146972656,23.82960319519043,366.3803405761719,50.96388626098633,166.63673400878906,91.65914154052734,35.37163543701172,39.450523376464844,38.344783782958984,37.740169525146484
2019-05-21,109.67759704589844,24.072935104370117,369.36602783203125,51.84257125854492,168.21661376953125,91.97195434570312,35.7909049987793,39.87627410888672,38.47824478149414,38.47089385986328
2019-05-22,109.1863021850586,23.905120849609375,367.258544921875,50.72852325439453,165.18362426757812,91.22289276123047,35.06525421142578,39.4686164855957,38.44116973876953,38.27991485595703
2019-05-23,107.74880981445312,23.29259490966797,362.8678894042969,50.132266998291016,162.18447875976562,89.42839813232422,34.436344146728516,38.535579681396484,37.93702697753906,37.83150100708008
2019-05-24,108.73139953613281,23.645004272460938,364.4317626953125,50.51669692993164,163.0546112060547,90.30917358398438,34.637908935546875,39.17874526977539,38.05564880371094,38.338043212890625
2019-05-28,107.51226806640625,23.410066604614258,359.03753662109375,50.04597091674805,160.04696655273438,89.32959747314453,34.000946044921875,38.76205062866211,37.56633377075195,37.85643005371094
2019-05-29,106.45689392089844,23.284208297729492,357.8833923339844,49.98320007324219,159.5886993408203,89.08267211914062,34.01707458496094,38.74393844604492,37.51443099975586,37.765079498291016
2019-05-30,106.21124267578125,22.789155960083008,356.7627258300781,49.904747009277344,159.01162719726562,88.12781524658203,33.72682571411133,38.544647216796875,37.36616134643555,37.40802764892578
2019-05-31,104.36430358886719,22.319276809692383,347.5382385253906,48.75932693481445,154.87020874023438,87.22232055664062,32.807640075683594,37.69313430786133,37.21787643432617,36.843379974365234
2019-06-03,104.28244018554688,22.386402130126953,351.1678771972656,49.12021255493164,155.46432495117188,87.63390350341797,32.839908599853516,37.71124267578125,37.610816955566406,36.96793746948242
2019-06-04,106.31130981445312,23.426856994628906,363.4031066894531,51.68565368652344,161.14173889160156,90.3338623046875,34.25090408325195,39.71320724487305,38.70806884765625,37.931156158447266
2019-06-05,107.46676635742188,23.418460845947266,369.2345275878906,51.60720443725586,159.91969299316406,90.65489196777344,34.21057891845703,39.65885925292969,38.93049240112305,38.080631256103516
2019-06-06,108.65862274169922,23.519689559936523,370.144775390625,52.1485481262207,161.08233642578125,90.8524398803711,34.51698303222656,39.794734954833984,39.123252868652344,38.13045120239258
2019-06-07,110.1871109008789,23.22443199157715,374.25714111328125,51.536590576171875,161.08233642578125,89.85641479492188,34.428279876708984,38.95228576660156,39.04910659790039,37.88963317871094
2019-06-10,111.59732055664062,23.67997169494629,374.00445556640625,52.65849685668945,164.74002075195312,90.8277816772461,34.903987884521484,39.23310470581055,39.219635009765625,38.42108154296875
2019-06-11,112.11587524414062,23.82339096069336,373.4229431152344,53.2547492980957,165.25772094726562,91.1076431274414,35.21038055419922,38.81640625,39.42723083496094,38.41277313232422
2019-06-12,111.02413177490234,23.578746795654297,376.0606689453125,52.415283203125,161.43031311035156,89.9469985961914,34.36378479003906,38.13700485229492,39.06394577026367,37.291778564453125
2019-06-13,110.86945343017578,23.570308685302734,377.7713623046875,52.627113342285156,162.47413635253906,90.16922760009766,34.62986755371094,38.37252426147461,39.06394577026367,37.60731506347656
2019-06-14,110.99681854248047,23.6546688079834,376.6673278808594,52.94093322753906,162.65234375,90.39971923828125,34.5250358581543,37.14960479736328,39.01203536987305,37.85643005371094
2019-06-17,110.49642944335938,23.56187629699707,370.8947448730469,52.203460693359375,161.94798278808594,89.90580749511719,34.275089263916016,36.78726577758789,38.1890983581543,37.5907096862793
2019-06-18,112.2978744506836,24.143957138061523,378.63934326171875,53.333213806152344,165.46986389160156,91.13235473632812,34.94430160522461,37.059017181396484,38.69324493408203,38.27991485595703
2019-06-19,113.43511962890625,23.89087677001953,383.3922424316406,53.027225494384766,166.02999877929688,90.47382354736328,34.78304672241211,36.135040283203125,38.64134979248047,37.90625
2019-06-20,113.65348052978516,23.848695755004883,392.3501892089844,53.427337646484375,166.08090209960938,90.70429229736328,35.041053771972656,36.261863708496094,38.67101287841797,38.080631256103516
2019-06-21,113.48063659667969,23.722152709960938,394.5918884277344,53.32536315917969,166.2845458984375,90.08692169189453,35.137821197509766,36.80538558959961,38.745147705078125,38.9359016418457
2019-06-24,112.94381713867188,23.604053497314453,390.51318359375,52.886016845703125,167.60000610351562,89.44486999511719,34.72660446166992,35.46469497680664,38.77479553222656,38.42108154296875
2019-06-25,112.05221557617188,23.41845703125,386.2658386230469,52.203460693359375,166.38641357421875,88.70401763916016,34.39603805541992,35.53716278076172,38.582035064697266,38.313133239746094
2019-06-26,112.44342041015625,23.545000076293945,388.4568786621094,52.736942291259766,167.19264221191406,89.29669189453125,34.662105560302734,35.93574523925781,38.53755569458008,38.03080368041992
2019-06-27,112.7618637084961,23.798076629638672,391.42327880859375,53.46657180786133,169.1529998779297,89.593017578125,35.06525421142578,36.415855407714844,38.81383514404297,38.437679290771484
2019-06-28,112.30696868896484,24.464527130126953,395.48516845703125,54.9415168762207,173.63389587402344,92.02960968017578,35.32325744628906,36.406795501708984,39.1274528503418,39.29296112060547
2019-07-01,113.65348052978516,24.81884002685547,398.544189453125,55.49852752685547,175.55181884765625,93.57714080810547,35.43614196777344,36.92313766479492,39.58293914794922,39.600189208984375
2019-07-02,113.81723022460938,24.591075897216797,395.96551513671875,55.2631721496582,174.80503845214844,93.67591094970703,35.33937454223633,36.406795501708984,39.523216247558594,39.218231201171875
2019-07-03,114.86678314208984,24.5067081451416,400.58355712890625,55.584835052490234,174.8559112548828,93.52668762207031,35.46840286254883,36.64232635498047,39.76215744018555,39.575294494628906
2019-07-05,114.44697570800781,24.683866500854492,403.3981628417969,56.01634216308594,176.4344024658203,94.0821304321289,35.64577102661133,37.013729095458984,40.0832405090332,39.66663360595703
2019-07-08,113.94502258300781,24.633243560791016,398.1312561035156,55.80451202392578,174.6098175048828,93.56814575195312,35.06525421142578,36.225624084472656,39.650142669677734,39.46733474731445
2019-07-09,114.90330505371094,24.75979232788086,399.2941589355469,56.14186096191406,176.32408142089844,93.9660415649414,35.299076080322266,36.47926712036133,39.82936477661133,39.71644973754883
2019-07-10,115.80682373046875,24.481399536132812,400.74365234375,55.80451202392578,174.79656982421875,93.69249725341797,34.92011260986328,35.92668151855469,39.709877014160156,39.15180587768555
2019-07-11,116.16277313232422,24.768230438232422,404.5611267089844,56.18108367919922,179.3622589111328,94.58782196044922,35.62158203125,36.65137481689453,39.92641830444336,39.14349365234375
2019-07-12,116.78335571289062,24.84415054321289,406.57513427734375,56.306610107421875,181.56027221679688,95.58259582519531,36.17791748046875,36.352447509765625,40.023502349853516,39.326171875
2019-07-15,117.34008026123047,24.650115966796875,405.9347839355469,56.259552001953125,179.55747985839844,94.42201232910156,35.823150634765625,36.50644302368164,39.66508102416992,38.78642654418945
2019-07-16,116.8746337890625,24.45609474182129,402.1172790527344,55.953582763671875,182.9011688232422,95.43338775634766,35.823150634765625,37.71124267578125,39.60533905029297,37.61561965942383
2019-07-17,115.98023223876953,24.62481117248535,396.9176940917969,55.56129837036133,181.01712036132812,94.49662017822266,35.291015625,37.33078384399414,40.48646545410156,37.540889739990234
2019-07-18,117.18492126464844,24.869462966918945,400.4065856933594,56.32230758666992,182.052490234375,95.06034088134766,35.823150634765625,37.57535934448242,41.210777282714844,38.04741668701172
2019-07-19,113.9176254272461,24.801973342895508,398.805419921875,55.6397590637207,181.20384216308594,94.12355041503906,35.7909049987793,38.698646545410156,41.06888961791992,38.22178268432617
2019-07-22,114.99456787109375,24.945383071899414,399.0667419433594,55.7888298034668,181.61123657226562,94.72872924804688,35.87958908081055,39.097232818603516,41.31529998779297,38.59545135498047
2019-07-23,117.00241088867188,25.51903533935547,402.36163330078125,56.47923278808594,186.21937561035156,96.4613265991211,36.36335754394531,39.43238067626953,41.83799743652344,39.19330978393555
2019-07-24,116.77423095703125,25.873350143432617,402.1004333496094,57.27946853637695,188.4258575439453,96.8509521484375,36.68587875366211,40.11179733276367,42.256168365478516,40.23127746582031
2019-07-25,116.04411315917969,25.594961166381836,399.33636474609375,56.00848388671875,186.68612670898438,95.92249298095703,36.17791748046875,39.92156219482422,42.233760833740234,39.932342529296875
2019-07-26,115.7064208984375,25.957712173461914,402.96002197265625,56.61259460449219,188.51918029785156,96.34526824951172,36.87937927246094,39.9034423828125,42.8460578918457,40.93708419799805
2019-07-29,116.08062744140625,25.746809005737305,403.07794189453125,56.29878234863281,186.97470092773438,96.03852844238281,36.46818923950195,39.59545135498047,42.607112884521484,40.090110778808594
2019-07-30,115.42352294921875,26.058937072753906,403.1622009277344,56.259552001953125,187.89122009277344,95.82300567626953,36.29753494262695,38.970401763916016,42.666847229003906,40.31431198120117
2019-07-31,113.5069351196289,25.88178253173828,394.1199035644531,55.828060150146484,186.8134307861328,96.16288757324219,36.20814895629883,39.15157699584961,42.67430877685547,40.19805908203125
2019-08-01,113.25137329101562,24.87789535522461,380.8641357421875,53.62347412109375,179.57443237304688,93.62619018554688,34.883663177490234,37.40325927734375,41.58411407470703,39.07707214355469
2019-08-02,113.45217895507812,24.78509521484375,377.7207336425781,53.44168472290039,177.68191528320312,93.61788940429688,34.225486755371094,36.91407775878906,41.38997268676758,39.392608642578125
2019-08-05,110.1757583618164,23.68841552734375,363.4789733886719,51.520904541015625,171.1558380126953,90.83248901367188,32.900997161865234,35.183876037597656,39.61281204223633,38.313133239746094
2019-08-06,111.84589385986328,23.975238800048828,367.17840576171875,52.3666877746582,174.83047485351562,91.54540252685547,33.494171142578125,35.70022201538086,39.993629455566406,38.96912384033203
2019-08-07,112.74944305419922,23.528133392333984,362.6951599121094,51.48928451538086,174.60133361816406,89.55582427978516,32.9578742980957,34.04248809814453,39.284263610839844,38.03910827636719
2019-08-08,114.34656524658203,23.941495895385742,368.7879638671875,52.753990173339844,175.67063903808594,91.07288360595703,33.53480529785156,34.07888412475586,39.54560852050781,38.96279525756836
2019-08-09,115.14971923828125,23.89931297302246,359.2737121582031,52.20859146118164,175.58575439453125,90.97339630126953,33.72169494628906,33.551082611083984,39.418663024902344,38.878822326660156
2019-08-12,113.12361145019531,23.317222595214844,350.9393615722656,50.77790069580078,171.02001953125,89.26567077636719,32.79536056518555,33.13249969482422,39.00798416137695,38.148277282714844
2019-08-13,115.2865982055664,23.384714126586914,358.4309997558594,51.24425506591797,173.21800231933594,90.64179229736328,33.06351089477539,34.288169860839844,39.448543548583984,38.593318939208984
2019-08-14,111.93716430664062,22.288026809692383,346.6667785644531,48.540950775146484,165.96206665039062,86.87818145751953,31.958404541015625,33.296287536621094,38.00740432739258,36.922279357910156
2019-08-15,111.69075012207031,22.14461326599121,344.92236328125,48.46980667114258,166.48825073242188,87.20977020263672,31.771520614624023,33.26900100708008,38.29113006591797,36.42686080932617
2019-08-16,113.74423217773438,22.802631378173828,353.4843444824219,50.17716979980469,169.2378692626953,89.29884338378906,32.45408630371094,33.79677963256836,39.0378532409668,37.274967193603516
2019-08-19,113.53430938720703,23.005094528198242,358.62481689453125,50.833213806152344,171.59710693359375,90.10295867919922,32.80348587036133,34.3063850402832,39.32905960083008,37.99713134765625
2019-08-20,110.81461334228516,22.541107177734375,352.49835205078125,50.12972640991211,169.7130889892578,88.95894622802734,32.42158126831055,33.96059036254883,38.55248260498047,37.51847839355469
2019-08-21,111.80027770996094,22.71826934814453,354.7231750488281,49.995357513427734,170.30718994140625,89.20764923095703,32.45408630371094,34.2244758605957,38.7242317199707,37.787193298339844
2019-08-22,111.5903549194336,22.937606811523438,353.0966796875,50.517051696777344,171.7838134765625,90.12786865234375,32.72224044799805,34.461082458496094,38.86610412597656,38.30781173706055
2019-08-23,107.47428894042969,22.33020782470703,343.1947937011719,48.96778869628906,166.50523376464844,87.8895492553711,31.958404541015625,33.28720474243164,38.04472732543945,37.30015563964844
2019-08-26,108.17703247070312,22.59173011779785,341.69476318359375,49.57642364501953,169.43304443359375,88.59420776367188,32.632850646972656,33.36909103393555,38.298614501953125,37.77040100097656
2019-08-27,107.46516418457031,22.33020782470703,345.942138671875,48.73855972290039,168.0922393798828,87.6574478149414,32.33219909667969,32.86860656738281,38.11193084716797,37.5772590637207
2019-08-28,108.68812561035156,22.650781631469727,348.74822998046875,49.29185485839844,170.08653259277344,88.53619384765625,32.81161880493164,33.4236946105957,38.51515579223633,38.18185806274414
2019-08-29,110.19398498535156,23.05571174621582,355.65850830078125,50.50914764404297,173.7329864501953,90.54231262207031,33.55105209350586,34.36097717285156,39.1199836730957,38.78645324707031
2019-08-30,109.85631561279297,23.207563400268555,356.0967712402344,50.864845275878906,174.13436889648438,91.07288360595703,33.71356964111328,34.825069427490234,39.343994140625,39.10555648803711
2019-09-03,107.3282699584961,22.819496154785156,350.41680908203125,50.12972640991211,169.91571044921875,89.99517822265625,33.307281494140625,34.54296875,38.84369659423828,38.702484130859375
2019-09-04,108.0583724975586,23.190685272216797,353.06707763671875,50.80950927734375,172.27268981933594,91.08118438720703,33.746063232421875,35.189056396484375,39.17225646972656,39.046756744384766
2019-09-05,110.13011169433594,23.878511428833008,360.7801818847656,52.43782424926758,176.81591796875,93.1536636352539,34.509883880615234,36.05354690551758,39.7770881652832,39.987247467041016
2019-09-06,109.6920394897461,23.54733657836914,360.0240783691406,52.14535903930664,176.9524688720703,93.35260772705078,34.27423858642578,36.308345794677734,39.881629943847656,39.592586517333984
2019-09-09,109.44563293457031,24.311582565307617,365.98736572265625,54.37439727783203,181.02598571777344,95.66548919677734,35.029930114746094,37.40031814575195,41.00169372558594,40.6506233215332
2019-09-10,107.06359100341797,24.92298698425293,363.8551940917969,54.524593353271484,184.1429443359375,96.88411712646484,35.41183853149414,38.17380905151367,41.7110595703125,40.566654205322266
2019-09-11,107.69331359863281,25.016386032104492,367.6691589355469,54.46135711669922,185.1421661376953,97.14939880371094,35.70435333251953,38.9109001159668,41.778263092041016,41.02009582519531
2019-09-12,108.62422180175781,25.194719314575195,369.3002014160156,54.77753829956055,186.7988739013672,97.74625396728516,36.01314163208008,39.19300079345703,41.613983154296875,40.85216522216797
2019-09-13,108.78849792480469,25.619293212890625,376.2742614746094,55.639102935791016,187.7894744873047,99.66950988769531,36.695701599121094,39.69347381591797,41.875343322753906,41.078880310058594
2019-09-16,107.3647689819336,25.585329055786133,370.1156921386719,55.19647216796875,185.5007781982422,98.78250885009766,36.362548828125,39.675289154052734,41.7110595703125,41.12926483154297
2019-09-17,108.65160369873047,25.423988342285156,373.0632629394531,54.919803619384766,184.38209533691406,98.29339599609375,35.92375183105469,39.22938919067383,41.740928649902344,40.944522857666016
2019-09-18,108.36869812011719,25.474939346313477,376.444091796875,55.40196990966797,185.38128662109375,99.27987670898438,36.04564666748047,39.33858871459961,41.74839401245117,41.08728790283203
2019-09-19,107.50166320800781,25.32208824157715,377.14068603515625,55.117427825927734,183.8013916015625,98.96485900878906,35.769371032714844,39.05649185180664,41.666263580322266,41.070472717285156
2019-09-20,106.59813690185547,25.126779556274414,377.4889831542969,54.81702423095703,182.5289764404297,98.56695556640625,35.48497009277344,38.92909240722656,41.39744567871094,40.83536148071289
2019-09-23,107.912353515625,25.067340850830078,379.0265197753906,54.97513961791992,182.2898406982422,98.55038452148438,35.395591735839844,38.747108459472656,41.5766487121582,41.11246871948242
2019-09-24,107.84848022460938,24.5748233795166,375.56072998046875,53.67091369628906,177.41368103027344,97.26545715332031,34.566768646240234,38.0282096862793,41.31529998779297,40.85216522216797
2019-09-25,108.71549224853516,24.83806610107422,378.1685485839844,54.84075164794922,179.36070251464844,97.82086944580078,34.973045349121094,38.037315368652344,41.62145233154297,41.3643798828125
2019-09-26,108.52383422851562,24.736160278320312,378.85662841796875,54.62733840942383,177.81503295898438,97.01673126220703,34.63177490234375,37.209228515625,41.49451446533203,41.03689193725586
2019-09-27,108.2317886352539,24.92298698425293,378.96697998046875,54.903987884521484,178.4554901123047,97.5887451171875,34.81053161621094,37.68241500854492,41.70518493652344,42.58197784423828
2019-09-30,107.94886016845703,24.770132064819336,378.55078125,54.603633880615234,176.96958923339844,97.56389617919922,34.67239761352539,38.06461715698242,41.637481689453125,42.355247497558594
2019-10-01,106.50685119628906,24.150239944458008,368.3998718261719,53.8685188293457,173.09249877929688,95.78984069824219,33.624183654785156,34.36097717285156,40.4637336730957,41.196434020996094
2019-10-02,103.00225830078125,23.640737533569336,357.0765075683594,52.37459182739258,169.30087280273438,93.88318634033203,32.689727783203125,33.2234992980957,39.786582946777344,40.70100402832031
2019-10-03,103.11221313476562,23.615270614624023,356.43951416015625,52.72237014770508,168.43832397460938,93.74945831298828,32.70598220825195,31.940425872802734,39.91448974609375,40.70940399169922
2019-10-04,104.81625366210938,24.090801239013672,363.0907287597656,53.89223861694336,171.478515625,95.78004455566406,33.136634826660156,32.45912551879883,40.69696807861328,41.32239532470703
2019-10-07,104.11997985839844,24.039846420288086,359.4635314941406,53.8685188293457,171.1368865966797,95.57113647460938,33.05538558959961,32.2589111328125,40.57659149169922,40.98651123046875
2019-10-08,103.1030502319336,23.462417602539062,350.96051025390625,52.48524475097656,168.54928588867188,93.44026947021484,32.35657501220703,32.05872344970703,39.41038513183594,40.155189514160156
2019-10-09,104.3673324584961,23.683202743530273,354.3668212890625,53.29939651489258,168.10528564453125,94.11713409423828,32.86037063598633,32.45912551879883,39.583431243896484,40.43230056762695
2019-10-10,105.37509155273438,24.158733367919922,357.0935363769531,54.24004364013672,170.68434143066406,95.43742370605469,33.35603713989258,32.88680648803711,39.89192581176758,40.85216522216797
2019-10-11,106.63935852050781,24.54935073852539,368.66314697265625,55.40988540649414,174.79188537597656,97.05020904541016,34.07109069824219,33.924171447753906,40.23049545288086,41.32239532470703
2019-10-14,106.63019561767578,24.744659423828125,368.8414611816406,55.52054214477539,175.76548767089844,97.30926513671875,34.33112335205078,34.32456970214844,40.07249069213867,41.37278366088867
2019-10-15,107.7295913696289,25.24566078186035,377.5400085449219,56.295169830322266,176.31199645996094,100.2423095703125,34.55863571166992,36.16274642944336,40.44868850708008,42.07814407348633
2019-10-16,107.56468200683594,25.619293212890625,379.1963195800781,54.93562316894531,177.13182067871094,100.00834655761719,34.76991271972656,35.507564544677734,41.058135986328125,41.64149475097656
2019-10-17,109.11296844482422,25.695722579956055,382.82354736328125,55.014652252197266,176.31199645996094,100.5682144165039,35.29808044433594,35.89884948730469,41.16345977783203,41.65827941894531
2019-10-18,106.96917724609375,25.77215003967285,378.0411071777344,55.125328063964844,176.36325073242188,100.7436752319336,35.47685623168945,36.34475326538086,41.434322357177734,41.9605827331543
2019-10-21,109.06715393066406,26.34108543395996,385.35491943359375,56.761531829833984,178.69459533691406,103.24224090576172,36.54944610595703,37.21833419799805,42.27700424194336,42.37204360961914
2019-10-22,108.6640625,26.493938446044922,382.5262145996094,56.95914840698242,178.99351501464844,104.27842712402344,36.87446212768555,37.23653030395508,42.62310791015625,42.50638961791992
2019-10-23,106.72180938720703,26.680749893188477,388.25152587890625,57.267417907714844,180.4623565673828,104.55419158935547,37.30512619018555,37.646018981933594,42.5704345703125,42.76670837402344
2019-10-24,106.64852905273438,26.629802703857422,386.2128601074219,57.14884567260742,180.23175048828125,104.47896575927734,37.18324279785156,37.30022048950195,42.36729049682617,42.90945816040039
2019-10-25,108.34341430664062,26.935503005981445,390.57904052734375,57.836524963378906,182.9473876953125,105.3145980834961,37.67891311645508,37.2911262512207,42.690826416015625,43.30412292480469
2019-10-28,108.6365737915039,27.037399291992188,396.3213806152344,58.168514251708984,185.9534149169922,105.71569061279297,38.060821533203125,37.746116638183594,42.901493072509766,43.37130355834961
2019-10-29,107.57384490966797,27.23270606994629,395.98150634765625,57.7733039855957,185.8594970703125,105.64884948730469,38.052696228027344,37.2729377746582,43.14226150512695,43.807945251464844
2019-10-30,108.16934967041016,26.850587844848633,396.6441650390625,57.67845153808594,184.29669189453125,105.06391906738281,37.872581481933594,37.58232116699219,42.97671890258789,43.69038772583008
2019-10-31,107.4455795288086,26.55337905883789,392.1930236816406,56.801063537597656,182.22154235839844,104.38703918457031,37.700660705566406,37.04542922973633,42.901493072509766,43.35450744628906
2019-11-01,109.14960479736328,27.003429412841797,398.5384216308594,58.7833137512207,185.6459503173828,106.79364776611328,38.74858474731445,38.01911163330078,43.32283020019531,43.816349029541016
2019-11-04,109.58935546875,27.51293182373047,404.79046630859375,59.82620620727539,187.76385498046875,107.64601135253906,39.976619720458984,39.329490661621094,43.74417495727539,44.269798278808594
2019-11-05,108.81065368652344,27.869579315185547,409.8106994628906,59.57145309448242,186.71347045898438,107.8799819946289,39.9111213684082,39.51148223876953,44.0827522277832,44.7568359375
2019-11-06,109.65350341796875,27.84410858154297,415.841796875,59.24504852294922,186.52552795410156,108.047119140625,39.75556945800781,39.20209503173828,44.21065902709961,45.17668533325195
2019-11-07,111.11017608642578,28.217741012573242,416.368408203125,60.35162353515625,190.6844024658203,108.63204956054688,39.83743667602539,39.74110794067383,44.46646499633789,45.778594970703125
2019-11-08,111.28423309326172,28.243215560913086,416.410888671875,60.598392486572266,190.35992431640625,108.94959259033203,40.238609313964844,39.777652740478516,44.31599044799805,45.863372802734375
2019-11-11,110.76203155517578,28.1752872467041,413.50579833984375,60.184444427490234,187.04652404785156,108.565185546875,40.18947219848633,39.494441986083984,44.120365142822266,45.820980072021484
2019-11-12,110.75289154052734,28.098859786987305,413.50579833984375,59.76250457763672,188.2250213623047,107.93013763427734,40.12397384643555,39.722843170166016,43.99998474121094,45.9650993347168
2019-11-13,110.17571258544922,27.84410858154297,412.4695129394531,58.83906173706055,187.2941436767578,107.36190795898438,39.61638641357422,39.11072540283203,44.09779357910156,45.17668533325195
2019-11-14,110.78950500488281,27.767681121826172,411.63702392578125,58.7833137512207,187.38807678222656,107.46217346191406,39.7965087890625,39.63147735595703,44.06770324707031,45.34624481201172
2019-11-15,110.6337890625,27.962989807128906,417.04803466796875,59.22913360595703,188.08834838867188,108.23930358886719,40.10759735107422,40.517662048339844,44.458946228027344,45.609039306640625
2019-11-18,109.62601470947266,27.988460540771484,417.7105712890625,59.22913360595703,187.644287109375,109.150146484375,40.140342712402344,40.36235046386719,44.81257629394531,45.778594970703125
2019-11-19,109.9375228881836,27.97148323059082,418.6109924316406,59.563472747802734,187.9090118408203,109.11673736572266,40.38595199584961,40.56334686279297,44.70722579956055,45.80402374267578
2019-11-20,109.29618072509766,27.759185791015625,415.2217712402344,58.83906173706055,186.09005737304688,108.32288360595703,40.197662353515625,40.883094787597656,44.473995208740234,45.38862991333008
2019-11-21,108.83811950683594,27.886566162109375,411.96832275390625,58.83107376098633,186.36331176757812,108.57353210449219,39.984806060791016,43.879661560058594,44.75990676879883,45.405582427978516
2019-11-22,109.07630157470703,28.1752872467041,411.98529052734375,59.603275299072266,188.11398315429688,109.29219818115234,40.32046127319336,44.03497314453125,45.181243896484375,46.01596450805664
2019-11-25,110.48717498779297,28.421541213989258,417.8125,60.24810791015625,190.22328186035156,109.87716674804688,40.9017333984375,45.04905319213867,45.00819778442383,45.95662307739258
2019-11-26,109.7450942993164,28.31963539123535,416.988525390625,60.072967529296875,189.96714782714844,110.02754211425781,40.45145034790039,44.985111236572266,45.083431243896484,45.617523193359375
2019-11-27,110.23985290527344,28.379077911376953,419.80877685546875,60.27997970581055,190.3940887451172,110.35343170166016,40.754371643066406,45.533260345458984,45.28657913208008,46.066829681396484
2019-11-29,110.04743194580078,28.294166564941406,420.4033203125,59.802310943603516,190.09352111816406,110.10275268554688,40.508766174316406,45.222652435302734,45.16619110107422,46.16856002807617
2019-12-02,107.42727661132812,28.387571334838867,415.977783203125,59.32466125488281,186.90737915039062,109.86042785644531,40.18128967285156,45.28658676147461,44.96303939819336,45.45644760131836
2019-12-03,106.79512786865234,27.886566162109375,412.6308898925781,58.377315521240234,182.26991271972656,108.4482192993164,39.387168884277344,44.4552116394043,44.33856201171875,44.57479476928711
2019-12-04,108.05021667480469,28.149808883666992,413.4208679199219,59.09379959106445,185.4474334716797,110.5874252319336,39.984806060791016,44.79324722290039,44.624473571777344,45.13429641723633
2019-12-05,108.36173248291016,28.25226593017578,419.33062744140625,59.47590255737305,186.47796630859375,111.18907165527344,40.173091888427734,44.52831268310547,44.842674255371094,45.12583541870117
2019-12-06,110.4963607788086,28.747467041015625,424.00042724609375,60.35162353515625,192.89317321777344,112.84364318847656,40.77074432373047,44.72016525268555,45.24896240234375,46.09226608276367
2019-12-09,110.35891723632812,28.61085319519043,425.1206970214844,59.9694938659668,190.4885711669922,112.31718444824219,40.60700988769531,44.72016525268555,45.14362335205078,45.710777282714844
2019-12-10,110.76203155517578,28.6279354095459,422.5207214355469,60.32773971557617,190.5486297607422,112.39237976074219,40.664310455322266,44.939422607421875,45.10600280761719,45.51579284667969
2019-12-11,110.5238265991211,28.72184944152832,422.4181823730469,60.14460754394531,189.95611572265625,112.1249771118164,40.48419952392578,45.314002990722656,44.57932662963867,45.07496643066406
2019-12-12,112.35614013671875,29.60980987548828,429.4397277832031,61.33876037597656,194.12985229492188,115.33381652832031,41.4993782043457,46.65697479248047,45.55744171142578,46.08379364013672
2019-12-13,114.26171112060547,29.404891967773438,426.4378356933594,60.81333923339844,193.22804260253906,114.32268524169922,41.13096237182617,45.633758544921875,45.346771240234375,45.60056686401367
2019-12-16,113.30892181396484,29.62687873840332,429.3798828125,61.227317810058594,195.8388214111328,114.76558685302734,41.52393341064453,45.42363739013672,45.64020919799805,45.9650993347168
2019-12-17,114.47242736816406,29.91717529296875,429.58514404296875,61.888065338134766,198.50967407226562,115.46752166748047,41.671302795410156,45.21350860595703,45.65525436401367,46.066829681396484
2019-12-18,113.84029388427734,29.976945877075195,427.1904602050781,62.031375885009766,197.90855407714844,115.35050201416016,41.47480773925781,44.4552116394043,45.211341857910156,45.49882888793945
2019-12-19,114.36248779296875,29.840328216552734,429.6278991699219,62.2542839050293,197.4705352783203,114.77393341064453,41.6385498046875,44.03497314453125,45.15114974975586,45.46492385864258
2019-12-20,115.22364807128906,29.848878860473633,427.2759094238281,62.50107192993164,196.6031494140625,114.68206024169922,41.4993782043457,43.961891174316406,44.970577239990234,45.210601806640625
2019-12-23,114.05099487304688,30.02817153930664,427.3358154296875,62.70008850097656,196.74057006835938,114.64859771728516,41.52393341064453,44.50090026855469,44.8276252746582,45.617523193359375
2019-12-24,114.28003692626953,30.07086181640625,427.3188171386719,62.564727783203125,197.44476318359375,114.96614074707031,41.4993782043457,44.50090026855469,44.89533233642578,45.6259880065918
2019-12-26,114.89385223388672,30.32699966430664,430.3977355957031,63.551910400390625,198.56118774414062,116.18611907958984,41.84321975708008,44.373008728027344,45.2564811706543,45.90575408935547
2019-12-27,114.69230651855469,30.181854248046875,430.2009582519531,63.424522399902344,198.08883666992188,116.26973724365234,41.82685089111328,44.162879943847656,44.940486907958984,45.710777282714844
2019-12-30,113.87691497802734,30.011093139648438,428.3450622558594,63.297149658203125,197.35031127929688,115.84356689453125,41.720420837402344,43.687808990478516,44.83439254760742,45.43949508666992
2019-12-31,114.05099487304688,30.07086181640625,429.9358215332031,63.59965896606445,197.4619140625,116.48697662353516,41.85141372680664,43.450286865234375,44.925315856933594,45.609039306640625
2020-01-02,115.69657897949219,30.42945671081543,435.3067932128906,64.66645050048828,201.23204040527344,117.899169921875,42.60460662841797,44.062381744384766,44.85712432861328,45.56665802001953
2020-01-03,114.54742431640625,29.797645568847656,430.6799011230469,63.44841766357422,198.87896728515625,116.34333801269531,41.91690444946289,42.947792053222656,44.33430099487305,45.286895751953125
2020-01-06,114.05098724365234,29.75495147705078,431.0477294921875,63.249393463134766,200.9142608642578,116.25083923339844,41.76955032348633,43.24928665161133,43.72812271118164,45.01561737060547
2020-01-07,113.45344543457031,29.558570861816406,433.80157470703125,62.70008850097656,202.23680114746094,114.27450561523438,41.68767166137695,43.50508117675781,43.31136703491211,44.64261245727539
2020-01-08,115.41159057617188,29.857402801513672,433.6988220214844,63.17774963378906,204.18624877929688,115.16595458984375,42.21982192993164,43.77003479003906,43.2204475402832,44.77824401855469
2020-01-09,117.4984359741211,29.908634185791016,438.83038330078125,63.75091552734375,208.3428192138672,115.58647155761719,42.6209831237793,43.95274353027344,43.235599517822266,44.701942443847656
2020-01-10,117.01119995117188,29.66103744506836,438.0437316894531,63.09017562866211,207.92205810546875,114.43433380126953,42.743778228759766,43.669532775878906,42.94007873535156,44.5069694519043
2020-01-13,118.16954803466797,29.934247970581055,447.3915100097656,64.20470428466797,210.5842742919922,115.38462829589844,43.21044158935547,43.87053298950195,42.97039794921875,44.17634201049805
2020-01-14,118.40857696533203,30.15622901916504,443.29486083984375,65.20777893066406,210.9707794189453,116.7302017211914,43.27592468261719,43.587310791015625,42.87947082519531,41.794166564941406
2020-01-15,119.34630584716797,29.60127067565918,453.50665283203125,64.67436981201172,210.5842742919922,114.98094940185547,43.3414306640625,43.04829788208008,41.65195846557617,40.96335983276367
2020-01-16,120.01738739013672,29.643962860107422,457.5604553222656,64.48333740234375,214.45742797851562,115.42666625976562,46.20683670043945,44.76585006713867,41.81867218017578,41.75178527832031
2020-01-17,120.90913391113281,29.63541603088379,457.76580810546875,64.57882690429688,214.23414611816406,116.22563171386719,47.08284378051758,44.162879943847656,41.93989944458008,41.69242858886719
2020-01-21,119.99899291992188,29.251201629638672,452.54876708984375,63.60762023925781,211.0050811767578,115.08185577392578,45.78112030029297,44.26337432861328,41.2352180480957,41.488975524902344
2020-01-22,120.88156127929688,29.336585998535156,459.1512756347656,63.7668342590332,212.16445922851562,114.947265625,45.731998443603516,44.701900482177734,41.62923049926758,41.166831970214844
2020-01-23,120.77123260498047,29.131685256958008,463.4959716796875,63.52803421020508,210.90206909179688,114.82955169677734,45.46183395385742,44.23596954345703,41.583778381347656,40.87858200073242
2020-01-24,124.20950317382812,28.636474609375,459.1341857910156,62.42940139770508,207.75885009765625,111.97859954833984,44.659523010253906,43.075721740722656,40.795738220214844,40.32755661010742
2020-01-27,120.10011291503906,28.047346115112305,447.9902648925781,61.068092346191406,204.5126190185547,111.03666687011719,43.48060989379883,41.80581283569336,40.56842041015625,39.929107666015625
2020-01-28,121.76406860351562,28.38033103942871,453.2585754394531,61.49003219604492,208.32568359375,113.05506896972656,44.22561264038086,42.29916763305664,40.810890197753906,40.15800857543945
2020-01-29,121.05622863769531,28.1839599609375,458.8348083496094,60.88499069213867,206.21307373046875,112.8868637084961,43.947269439697266,41.97941207885742,40.61387634277344,40.073219299316406
2020-01-30,122.47197723388672,28.585243225097656,461.5716247558594,61.641292572021484,209.6567840576172,114.28291320800781,44.35104751586914,43.112239837646484,41.10641098022461,40.61579132080078
2020-01-31,119.39225006103516,28.03028106689453,451.017822265625,59.629852294921875,204.17770385742188,111.3142318725586,43.06550979614258,41.61396026611328,40.32595443725586,39.79346466064453
2020-02-03,120.43107604980469,28.14980697631836,453.3527526855469,60.20682907104492,205.25975036621094,112.16361236572266,43.34568786621094,41.732730865478516,40.68207931518555,39.946067810058594
2020-02-04,121.2125244140625,28.70477294921875,457.76580810546875,61.30470657348633,207.7760467529297,113.77831268310547,44.51586151123047,43.011756896972656,41.08366775512695,40.06474304199219
2020-02-05,122.82129669189453,29.63541603088379,464.81304931640625,63.187904357910156,209.8027801513672,115.71257781982422,45.3151969909668,44.11719512939453,41.82624053955078,40.95488357543945
2020-02-06,122.49956512451172,29.60127067565918,474.38330078125,63.28409194946289,207.6730194091797,115.72940826416016,45.33168029785156,43.69694900512695,41.52315139770508,41.10910415649414
2020-02-07,121.1849365234375,29.550039291381836,475.2983093261719,63.059715270996094,204.39239501953125,115.35939025878906,45.348175048828125,43.221885681152344,41.38676071166992,40.98915481567383
2020-02-10,121.57106018066406,29.618337631225586,479.882568359375,62.891414642333984,203.84278869628906,115.83877563476562,45.61185836791992,42.72854232788086,41.40192413330078,40.92918395996094
2020-02-11,121.9295883178711,29.6866512298584,487.87060546875,63.38025665283203,203.06982421875,116.05740356445312,45.96620178222656,43.55077362060547,41.62165451049805,41.117679595947266
2020-02-12,122.4903793334961,29.814712524414062,489.6153259277344,63.57258224487305,204.9506378173828,116.05740356445312,46.295841217041016,43.660404205322266,41.530723571777344,40.94632339477539
2020-02-13,123.61190795898438,29.806184768676758,486.2541198730469,63.30813217163086,204.69297790527344,115.95649719238281,46.08982849121094,43.366947174072266,41.81108093261719,41.22906494140625
2020-02-14,124.90817260742188,29.75495147705078,484.0220642089844,63.13983917236328,203.602294921875,115.6032943725586,46.015655517578125,43.31192398071289,41.75804138183594,41.31474685668945
2020-02-18,124.6599349975586,29.259748458862305,483.05560302734375,62.17020797729492,200.27879333496094,114.07266998291016,45.75196075439453,42.853416442871094,41.2352180480957,40.26088333129883
2020-02-19,125.88268280029297,29.643962860107422,489.26470947265625,62.54682159423828,203.81703186035156,115.62850189208984,46.40296936035156,43.50450897216797,41.485267639160156,40.346561431884766
2020-02-20,125.56088256835938,29.75495147705078,484.8601989746094,62.68304443359375,199.86656188964844,115.62850189208984,44.293365478515625,44.5499382019043,41.52315139770508,40.560768127441406
2020-02-21,124.01640319824219,29.336585998535156,476.37603759765625,61.25661849975586,198.05453491210938,114.21564483642578,43.19735336303711,42.35820007324219,41.33372116088867,40.86920928955078
2020-02-24,117.84779357910156,27.94489097595215,451.57373046875,58.12327575683594,192.8330535888672,111.14601135253906,40.939430236816406,40.16646957397461,40.219879150390625,39.746803283691406
2020-02-25,111.14594268798828,26.53612518310547,432.7581481933594,55.6390266418457,186.8816680908203,106.18412780761719,39.57972717285156,38.14897918701172,38.43164825439453,38.658668518066406
2020-02-26,108.9395751953125,26.151912689208984,434.87060546875,54.637332916259766,185.30999755859375,106.50370788574219,38.92872619628906,37.98390579223633,37.62847137451172,37.81901550292969
2020-02-27,103.7086181640625,24.87120819091797,406.9466857910156,51.64820861816406,176.64480590820312,102.07164764404297,37.420677185058594,38.433258056640625,36.00694274902344,36.388160705566406
2020-02-28,101.06098937988281,24.33331298828125,395.9908447265625,50.8548583984375,173.47381591796875,97.64802551269531,37.107540130615234,37.36949157714844,35.1885986328125,35.00014114379883
2020-03-02,104.68309783935547,25.07613182067871,417.3122253417969,54.16450500488281,180.990966796875,102.19780731201172,38.30243682861328,38.49745559692383,36.49187469482422,36.2082405090332
2020-03-03,99.29591369628906,23.69296646118164,412.29193115234375,52.1290397644043,175.77215576171875,98.36286926269531,36.588375091552734,35.12273406982422,34.93097686767578,34.725975036621094
2020-03-04,106.36549377441406,24.239402770996094,426.8294982910156,54.004234313964844,180.3602294921875,100.79334259033203,37.28059005737305,34.077308654785156,35.35528564453125,35.47140121459961
2020-03-05,101.98948669433594,23.01067543029785,407.1473083496094,50.87889862060547,171.76296997070312,95.8482894897461,35.09682846069336,31.913084030151367,33.17304611206055,33.32939147949219
2020-03-06,99.5073471069336,22.091276168823242,388.1372985839844,49.107879638671875,166.63058471679688,90.89482116699219,34.478782653808594,31.298664093017578,32.16529846191406,31.778593063354492
2020-03-09,90.3600845336914,18.84331703186035,361.07861328125,41.16630935668945,149.31515502929688,78.5826644897461,30.902347564697266,27.758886337280273,27.520456314086914,27.82875633239746
2020-03-10,94.96588897705078,20.286853790283203,395.53973388671875,44.540077209472656,159.28623962402344,84.68828582763672,32.55046844482422,30.20738983154297,29.278366088867188,30.056438446044922
2020-03-11,87.68486022949219,19.479162216186523,371.3849792480469,40.70151901245117,148.52027893066406,80.70196533203125,30.383193969726562,29.73969268798828,27.437105178833008,27.700239181518555
2020-03-12,76.79090118408203,17.623184204101562,332.82208251953125,34.667205810546875,130.19390869140625,74.04969024658203,25.80140495300293,26.071523666381836,23.951583862304688,23.304872512817383
2020-03-13,91.56438446044922,20.759437561035156,356.5716857910156,40.90185546875,153.08238220214844,87.38788604736328,30.902347564697266,31.060232162475586,28.111469268798828,26.466447830200195
2020-03-16,78.94212341308594,17.56303596496582,307.88323974609375,33.00837326049805,133.63279724121094,74.31039428710938,26.081579208374023,28.024822235107422,24.67899513244629,22.705114364624023
2020-03-17,79.59481811523438,18.886281967163086,333.2874450683594,32.255096435546875,137.09762573242188,78.85175323486328,27.845075607299805,30.885997772216797,25.550376892089844,25.38689422607422
2020-03-18,67.79994201660156,17.8637752532959,321.7401123046875,29.19386863708496,120.98320007324219,70.5511245727539,25.339927673339844,29.73052406311035,25.00482177734375,24.09312629699707
2020-03-19,70.85209655761719,18.216066360473633,342.421875,31.766254425048828,129.1656951904297,71.73694610595703,25.48002052307129,29.180294036865234,25.163942337036133,24.238780975341797
2020-03-20,68.14010620117188,16.90141487121582,305.6772155761719,30.500099182128906,119.59210205078125,70.22315979003906,24.44993782043457,28.199064254760742,24.67899513244629,22.705114364624023
2020-03-23,63.39638900756836,15.535209655761719,282.15167236328125,28.36043930053711,116.61979675292969,66.4638900756836,22.91718101501465,26.135719299316406,21.9208927154541,21.634124755859375
2020-03-24,77.26895141601562,18.069995880126953,320.3096008300781,32.58365249633789,132.71690368652344,74.36927032470703,27.37535858154297,28.171546936035156,23.640914916992188,24.778562545776367
2020-03-25,82.89520263671875,18.130146026611328,345.8861083984375,33.54530334472656,134.0388946533203,77.1445541381836,28.009889602661133,31.335342407226562,24.26982307434082,24.821401596069336
2020-03-26,85.76346588134766,19.522125244140625,389.4213562011719,36.87898635864258,143.24960327148438,82.51850891113281,29.42728042602539,31.326183319091797,27.414377212524414,26.47502326965332
2020-03-27,81.57136535644531,18.55977439880371,374.28912353515625,35.09994125366211,136.8124542236328,76.63995361328125,28.026369094848633,30.82181167602539,27.103708267211914,25.943805694580078
2020-03-30,82.98712158203125,18.937835693359375,392.3943176269531,35.32433319091797,137.91844177246094,78.63310241699219,28.710336685180664,31.482084274291992,27.50240707397461,25.635364532470703
2020-03-31,78.70308685302734,18.24184226989746,379.14068603515625,33.75364303588867,133.5723114013672,75.71485137939453,28.01813316345215,30.830974578857422,26.413654327392578,24.590070724487305
2020-04-01,71.55998229980469,16.98734474182129,352.91790771484375,30.860700607299805,125.53675079345703,70.94640350341797,26.056856155395508,30.225725173950195,24.481510162353516,22.765092849731445
2020-04-02,70.86663818359375,17.67473793029785,367.558837890625,31.43769073486328,129.5458984375,73.59555053710938,27.935726165771484,31.537094116210938,25.04888153076172,23.322004318237305
2020-04-03,68.03789520263672,17.210750579833984,360.26861572265625,30.043306350708008,126.9537582397461,71.42021179199219,27.8945255279541,30.812625885009766,23.91413688659668,22.47378158569336
2020-04-06,77.53177642822266,18.379323959350586,387.3703308105469,32.95227813720703,136.71743774414062,76.01729583740234,30.49855613708496,33.0869026184082,26.35232162475586,24.530094146728516
2020-04-07,80.96138763427734,19.02376365661621,381.85516357421875,33.056453704833984,143.4483642578125,77.01998138427734,30.440874099731445,32.041473388671875,26.413654327392578,24.650049209594727
2020-04-08,85.121337890625,20.14937400817871,388.61993408203125,35.46856689453125,152.9009552001953,80.12998962402344,32.44334411621094,33.462890625,27.333730697631836,25.943805694580078
2020-04-09,87.65425109863281,21.360919952392578,406.2424011230469,37.992897033691406,159.20846557617188,87.31879425048828,33.85249328613281,33.50873947143555,29.173866271972656,28.445655822753906
2020-04-13,83.50359344482422,20.55322265625,389.843505859375,37.407894134521484,154.81910705566406,83.43547821044922,32.61639404296875,31.885578155517578,28.207796096801758,26.92912483215332
2020-04-14,81.71017456054688,20.389963150024414,394.7038269042969,36.39817428588867,153.99826049804688,81.14969635009766,32.847137451171875,33.206119537353516,27.448740005493164,25.858129501342773
2020-04-15,77.45782470703125,19.066726684570312,381.8121032714844,34.34666442871094,154.2488250732422,77.1474380493164,31.644004821777344,31.79387092590332,25.554929733276367,24.3673038482666
2020-04-16,75.20220947265625,18.40510368347168,395.53106689453125,32.47145462036133,152.97007751464844,74.20736694335938,31.61104393005371,31.72966957092285,24.366500854492188,23.039268493652344
2020-04-17,80.7857666015625,20.003307342529297,410.9389953613281,36.422210693359375,158.5431365966797,80.87779235839844,32.21260070800781,32.820953369140625,26.88136100769043,24.315889358520508
2020-04-20,77.66119384765625,19.333086013793945,405.7081298828125,35.26823806762695,155.87322998046875,77.92918395996094,31.61104393005371,33.554588317871094,26.260311126708984,23.716135025024414
2020-04-21,75.3593521118164,18.594133377075195,408.78466796875,33.31290817260742,150.1792449951172,75.66891479492188,30.449115753173828,32.958518981933594,25.094894409179688,22.996423721313477
2020-04-22,76.3022689819336,18.731613159179688,414.49798583984375,33.84981918334961,152.05418395996094,75.9153060913086,31.157804489135742,32.894325256347656,25.49358367919922,22.962156295776367
2020-04-23,76.22834014892578,18.791763305664062,406.0529479980469,34.0261116027832,151.25062561035156,75.95779418945312,30.877628326416016,32.68339538574219,25.58559226989746,22.730819702148438
2020-04-24,76.8846664428711,19.058130264282227,409.4482421875,34.53898620605469,152.9355010986328,77.07942962646484,31.289655685424805,32.46331024169922,26.068632125854492,23.064970016479492
2020-04-27,78.6318359375,20.166561126708984,427.9842224121094,37.31172561645508,158.58631896972656,80.40191650390625,32.39389419555664,33.783851623535156,27.510074615478516,24.341594696044922
2020-04-28,81.52530670166016,20.52744483947754,428.94940185546875,37.83261489868164,161.58456420898438,80.97122955322266,33.069637298583984,34.003944396972656,28.1004581451416,24.735721588134766
2020-04-29,88.85600280761719,21.29217529296875,440.6863708496094,40.276790618896484,164.19398498535156,83.15506744384766,33.90925598144531,35.57209014892578,29.488218307495117,25.70390510559082
2020-04-30,84.35405731201172,20.664926528930664,432.62908935546875,38.91447448730469,158.48263549804688,81.37060546875,32.77867889404297,34.590843200683594,27.985441207885742,24.889949798583984
2020-05-01,81.64546203613281,19.831453323364258,417.2211608886719,36.865482330322266,153.0219268798828,79.23774719238281,31.92241859436035,33.426212310791016,26.78935432434082,23.639020919799805
2020-05-04,79.85208129882812,19.70256805419922,414.9375,36.541526794433594,152.09738159179688,78.29456329345703,31.664722442626953,32.67423629760742,26.428993225097656,23.433391571044922
2020-05-05,80.18489074707031,19.470571517944336,418.3672790527344,35.59397506713867,154.0587921142578,78.17561340332031,31.573265075683594,32.00479507446289,25.715938568115234,22.55088996887207
2020-05-06,77.6519546508789,19.204206466674805,416.5661315917969,34.78410720825195,152.86643981933594,76.70558166503906,31.00796890258789,31.70216941833496,25.462919235229492,21.942569732666016
2020-05-07,80.17562866210938,19.625232696533203,428.6219482421875,36.15279769897461,157.53225708007812,77.50432586669922,32.26326370239258,32.421199798583984,26.221975326538086,22.056209564208984
2020-05-08,82.73631286621094,20.25248908996582,429.81976318359375,37.51337814331055,160.18478393554688,78.77041625976562,33.31901931762695,33.65646743774414,26.6436767578125,22.231056213378906
2020-05-11,78.88143920898438,19.401830673217773,424.9336853027344,35.691162109375,158.25804138183594,76.45064544677734,33.11119842529297,33.03883361816406,25.570255279541016,21.662824630737305
2020-05-12,76.85693359375,18.791763305664062,391.610107421875,34.29817199707031,153.11700439453125,73.95242309570312,31.939041137695312,31.637643814086914,24.266822814941406,21.01590919494629
2020-05-13,72.13309478759766,17.932519912719727,418.6343688964844,32.88090896606445,148.44248962402344,71.4032211303711,30.750267028808594,30.559083938598633,22.580039978027344,19.695859909057617
2020-05-14,77.4762954711914,18.654287338256836,429.3199462890625,34.06330871582031,150.73216247558594,74.36878967285156,31.431947708129883,30.78954315185547,23.898799896240234,21.033390045166016
2020-05-15,76.00646209716797,18.42228889465332,442.7027893066406,33.94993209838867,148.5029754638672,72.99222564697266,30.999656677246094,30.015186309814453,23.523103713989258,20.421449661254883
2020-05-18,81.72868347167969,19.70256805419922,445.02947998046875,36.98696517944336,157.15200805664062,76.85851287841797,33.48529052734375,31.53623390197754,25.271230697631836,22.21356964111328
2020-05-19,80.66558837890625,19.08390998840332,431.9052429199219,35.982723236083984,153.65272521972656,75.34600067138672,32.69553756713867,30.411588668823242,24.527509689331055,20.937227249145508
2020-05-20,83.87335205078125,19.68538475036621,438.4027404785156,36.824989318847656,156.77186584472656,77.6063003540039,34.13370895385742,31.05687141418457,25.347911834716797,21.435527801513672
2020-05-21,83.04137420654297,19.67679214477539,438.20458984375,36.4443473815918,155.614013671875,76.62059020996094,33.50191116333008,30.623613357543945,25.24056625366211,21.383071899414062
2020-05-22,82.57913970947266,19.470571517944336,442.3322448730469,35.71546173095703,155.46710205078125,76.02578735351562,33.360591888427734,30.264097213745117,25.248233795166016,21.129552841186523
2020-05-26,87.1920394897461,20.8625545501709,451.2341003417969,39.011653900146484,169.40419006347656,81.4216079711914,36.320064544677734,31.803579330444336,27.47174072265625,22.956645965576172
2020-05-27,93.57984161376953,22.323274612426758,462.23858642578125,42.32404327392578,181.15518188476562,86.13763427734375,38.9553337097168,34.19113540649414,28.84416961669922,24.43405532836914
2020-05-28,90.6494140625,21.360919952392578,462.6177062988281,39.813419342041016,173.86260986328125,84.85453033447266,36.91029739379883,33.19554138183594,27.993114471435547,23.795881271362305
2020-05-29,87.8853759765625,20.72507667541504,455.5514831542969,38.801082611083984,170.8369598388672,82.68769836425781,36.74403762817383,33.103363037109375,27.264720916748047,23.140228271484375
2020-06-01,89.43839263916016,21.14610481262207,463.8155822753906,40.04829406738281,173.8278350830078,83.78385925292969,37.159698486328125,33.65646743774414,28.131118774414062,23.68223762512207
2020-06-02,91.58306884765625,21.34372901916504,466.4956359863281,41.174007415771484,177.4882049560547,84.06426239013672,37.89125442504883,34.23723220825195,28.07744789123535,23.953237533569336
2020-06-03,97.43472290039062,22.331865310668945,471.98486328125,43.19869613647461,183.0787353515625,88.60185241699219,38.996891021728516,36.42200469970703,29.656902313232422,25.203353881835938
2020-06-04,98.48857116699219,23.171154022216797,473.8153076171875,45.06950759887695,186.7738494873047,90.44579315185547,40.476627349853516,38.42240524291992,30.72264289855957,26.418500900268555
2020-06-05,101.43749237060547,24.321922302246094,482.7850646972656,47.66920471191406,189.4691162109375,94.5159912109375,41.1749382019043,39.47329330444336,32.48610305786133,27.68609619140625
2020-06-08,105.07972717285156,24.69397735595703,483.4790344238281,49.596710205078125,191.98182678222656,96.40242004394531,41.69034194946289,38.551456451416016,33.36017608642578,29.128543853759766
2020-06-09,102.11229705810547,24.41710090637207,484.1123352050781,48.187530517578125,189.62562561035156,93.92970275878906,41.898170471191406,37.03963088989258,32.27909469604492,28.525341033935547
2020-06-10,98.13727569580078,23.01540756225586,484.1123352050781,45.239585876464844,185.64356994628906,90.12287902832031,40.476627349853516,35.1406364440918,30.14760398864746,25.972654342651367
2020-06-11,91.14859008789062,20.705215454101562,455.61529541015625,39.189823150634766,168.7850799560547,82.60273742675781,37.05162048339844,33.333831787109375,27.70941734313965,23.41997718811035
2020-06-12,93.99581146240234,21.440670013427734,457.2027587890625,42.31593704223633,175.43629455566406,84.86302947998047,38.47316360473633,33.70256805419922,28.759824752807617,24.451536178588867
2020-06-15,96.09428405761719,21.760807037353516,471.0740661621094,42.907142639160156,179.37489318847656,86.03565979003906,39.404232025146484,33.7855224609375,29.733579635620117,24.66134262084961
2020-06-16,97.63809204101562,22.323219299316406,477.4674072265625,44.0976676940918,182.22666931152344,86.72394561767578,40.368568420410156,34.034427642822266,30.16293716430664,24.93235206604004
2020-06-17,96.10353088378906,21.631023406982422,481.6573181152344,42.92333221435547,179.27053833007812,84.53163146972656,39.7035026550293,33.8039665222168,29.52654457092285,23.996952056884766
2020-06-18,94.4395523071289,21.665632247924805,482.9932861328125,42.955745697021484,177.22738647460938,84.07276916503906,39.55388259887695,33.99755859375,29.57256317138672,24.08437156677246
2020-06-19,93.311767578125,21.847335815429688,481.77880859375,42.858551025390625,175.30592346191406,83.1125717163086,39.013511657714844,33.8039665222168,29.80257225036621,24.128080368041992
2020-06-22,91.92510986328125,21.302236557006836,479.9051208496094,42.16205978393555,176.86219787597656,82.21186065673828,39.387611389160156,33.57350540161133,29.304203033447266,23.909530639648438
2020-06-23,91.9066390991211,21.449321746826172,481.1543884277344,42.882843017578125,178.044677734375,83.21453857421875,39.81157302856445,33.08492660522461,29.595569610595703,23.804624557495117
2020-06-24,88.2643814086914,20.601388931274414,467.20489501953125,41.149715423583984,172.1671905517578,80.43589782714844,39.03014373779297,31.15828514099121,28.269121170043945,22.834260940551758
2020-06-25,90.45526123046875,21.388755798339844,474.491943359375,42.664180755615234,180.06175231933594,83.24002838134766,40.55976867675781,31.416393280029297,29.173866271972656,23.927013397216797
2020-06-26,86.36006164550781,20.030324935913086,463.97784423828125,40.1535758972168,164.49000549316406,78.67695617675781,39.11326599121094,29.26850128173828,27.648086547851562,22.152372360229492
2020-06-29,87.37692260742188,20.237985610961914,462.26019287109375,40.72859191894531,168.2112579345703,79.02537536621094,39.27123260498047,30.190343856811523,28.198867797851562,22.467086791992188
2020-06-30,88.00553131103516,20.549467086791992,471.99359130859375,41.384578704833984,171.81942749023438,79.92608642578125,40.152408599853516,31.102962493896484,28.5634822845459,22.379667282104492
2020-07-01,87.33692932128906,20.125503540039062,472.193115234375,40.77716827392578,171.7760009765625,79.24628448486328,39.57880783081055,30.439237594604492,27.91183853149414,21.933822631835938
2020-07-02,87.59693908691406,20.151464462280273,478.6557922363281,40.939144134521484,171.62814331054688,79.5036849975586,39.728458404541016,30.78032875061035,27.842018127441406,22.152372360229492
2020-07-06,89.68634796142578,20.471599578857422,483.66986083984375,42.08917236328125,180.28782653808594,81.5114517211914,40.58470153808594,31.53623390197754,28.571231842041016,22.283504486083984
2020-07-07,86.37114715576172,19.909194946289062,476.452392578125,40.75287628173828,173.332275390625,79.21198272705078,39.479061126708984,31.241249084472656,27.601531982421875,21.383071899414062
2020-07-08,86.2690200805664,19.98706817626953,483.7220153808594,41.20641326904297,175.8449249267578,80.05281829833984,40.65951919555664,31.73904037475586,27.54722785949707,21.461753845214844
2020-07-09,84.10533142089844,19.701536178588867,476.63458251953125,40.04829406738281,171.13253784179688,78.31964111328125,39.495689392089844,31.23202896118164,26.5465030670166,21.01590919494629
2020-07-10,86.57546997070312,20.783082962036133,480.6596374511719,42.63988494873047,178.72280883789062,82.60114288330078,41.39938735961914,32.08012008666992,28.268688201904297,22.26601791381836
2020-07-13,86.88191986083984,20.930179595947266,479.3412780761719,42.27545166015625,181.60935974121094,83.78517150878906,41.7485466003418,31.73904037475586,28.571231842041016,22.21356964111328
2020-07-14,88.070556640625,20.88691520690918,486.9491271972656,40.61520004272461,186.06961059570312,84.26567077636719,41.98131561279297,31.84966468811035,28.15232276916504,21.199493408203125
2020-07-15,90.41065979003906,21.28492546081543,493.2471008300781,41.98388671875,188.58230590820312,85.56986236572266,42.68791961669922,32.87290573120117,29.19960594177246,22.16111946105957
2020-07-16,89.44490051269531,20.705215454101562,491.8330993652344,41.67613983154297,186.64344787597656,85.81008911132812,43.76031494140625,32.19074249267578,29.137540817260742,22.25727653503418
2020-07-17,88.38626098632812,20.090896606445312,509.84210205078125,40.671897888183594,183.80906677246094,84.22276306152344,43.569122314453125,30.826416015625,27.950624465942383,21.81143569946289
2020-07-20,87.29049682617188,20.402381896972656,502.7981872558594,40.60710906982422,184.0699005126953,83.4848861694336,43.11188888549805,31.19515609741211,27.593778610229492,21.479238510131836
2020-07-21,89.45417785644531,21.129180908203125,503.1451721191406,41.894798278808594,184.33941650390625,85.29529571533203,43.5441780090332,32.48573303222656,28.392818450927734,22.904193878173828
2020-07-22,89.6491928100586,21.034008026123047,505.3484802246094,41.838104248046875,179.10536193847656,84.67752838134766,42.39696502685547,32.13542938232422,28.129047393798828,22.956645965576172
2020-07-23,89.76991271972656,21.233016967773438,501.54034423828125,42.178260803222656,176.514404296875,84.92633819580078,42.03118133544922,32.45807647705078,28.524690628051758,23.03531837463379
2020-07-24,88.52557373046875,21.06861686706543,495.0081481933594,41.84621047973633,175.16680908203125,84.3257064819336,41.715293884277344,32.20917892456055,28.641048431396484,22.956645965576172
2020-07-27,88.95272827148438,20.88691520690918,499.09393310546875,41.53845977783203,176.514404296875,83.14169311523438,42.662986755371094,31.19515609741211,28.05147361755371,22.283504486083984
2020-07-28,87.68051147460938,21.0772647857666,495.0775146484375,41.52226257324219,175.29722595214844,83.50202941894531,41.78179168701172,31.02922248840332,28.175596237182617,22.3184814453125
2020-07-29,89.78849792480469,21.86463737487793,501.0630798339844,42.534603118896484,176.13189697265625,85.52696228027344,42.05613708496094,31.416393280029297,29.25390625,22.537029266357422
2020-07-30,87.89409637451172,21.492584228515625,497.1507263183594,41.198307037353516,173.4800567626953,83.24462890625,40.976261138916016,30.95547866821289,28.633291244506836,21.549175262451172
2020-07-31,86.65904998779297,21.527198791503906,498.8163757324219,40.91196823120117,172.1150360107422,82.91858673095703,40.91766357421875,30.559083938598633,28.578990936279297,21.20823097229004
2020-08-03,86.86333465576172,21.622373580932617,503.10174560546875,41.22285079956055,173.35836791992188,82.45525360107422,41.40318298339844,30.734233856201172,28.547962188720703,21.234460830688477
2020-08-04,86.5383071899414,21.63967514038086,495.3724060058594,41.01832962036133,175.31460571289062,81.98334503173828,41.23576736450195,31.296552658081055,28.105777740478516,21.17327117919922
2020-08-05,88.5812759399414,21.968463897705078,505.01031494140625,41.754600524902344,177.81861877441406,83.40766906738281,41.66268539428711,31.52701759338379,28.594507217407227,21.33062744140625
2020-08-06,89.07347106933594,22.037683486938477,505.0796813964844,41.63188934326172,177.58383178710938,83.43339538574219,41.39480972290039,30.71150016784668,28.540210723876953,21.277950286865234
2020-08-07,92.08218383789062,22.591442108154297,510.2499084472656,42.63813018798828,181.07899475097656,85.26953887939453,42.1482048034668,31.545547485351562,29.059953689575195,22.00653076171875
2020-08-10,94.3666000366211,22.980796813964844,503.3187561035156,43.243507385253906,182.04409790039062,86.35064697265625,42.34074401855469,31.32314109802246,29.06772804260254,21.681745529174805
2020-08-11,95.88953399658203,23.29228401184082,508.9052429199219,43.97977066040039,183.50473022460938,89.07913208007812,43.34526062011719,32.398136138916016,29.688335418701172,22.22597885131836
2020-08-12,94.42229461669922,23.127885818481445,512.0281982421875,43.64435958862305,184.43505859375,88.3240966796875,43.8475341796875,32.28692626953125,29.33148193359375,22.111867904663086
2020-08-13,93.25224304199219,22.79909896850586,511.4385070800781,43.268043518066406,181.18328857421875,87.83502197265625,43.68011474609375,32.07377624511719,28.990140914916992,21.962636947631836
2020-08-14,93.24297332763672,22.902925491333008,510.4841003417969,43.30076599121094,180.81817626953125,87.86932373046875,43.78057098388672,32.481544494628906,29.30820655822754,22.20842170715332
2020-08-17,90.58710479736328,22.409744262695312,513.5811157226562,42.06546401977539,176.55789184570312,85.55269622802734,42.92671203613281,32.08305358886719,28.648815155029297,21.479848861694336
2020-08-18,89.76991271972656,22.089599609375,511.1347351074219,41.181949615478516,175.02764892578125,84.36005401611328,42.625362396240234,32.388858795166016,28.18335723876953,21.102392196655273
2020-08-19,89.9742202758789,22.063648223876953,511.6033630371094,41.14105224609375,176.514404296875,84.5573959350586,43.002052307128906,33.093162536621094,28.05147361755371,21.128726959228516
2020-08-20,89.81635284423828,21.717546463012695,506.0599060058594,40.56021499633789,175.4971923828125,83.54496765136719,42.524906158447266,32.018184661865234,27.62480926513672,20.847829818725586
2020-08-21,89.28704833984375,21.613718032836914,506.6497497558594,40.33115005493164,176.00146484375,83.50202941894531,42.77603530883789,31.925500869750977,27.314504623413086,20.751272201538086
2020-08-24,92.24006652832031,22.22804069519043,513.077880859375,41.77096176147461,180.27041625976562,85.85299682617188,43.83916091918945,32.5463981628418,28.509174346923828,21.49740219116211
2020-08-25,91.98004150390625,22.496265411376953,512.8175659179688,42.253631591796875,179.10536193847656,86.23052978515625,43.571292877197266,32.94490432739258,28.40057373046875,21.60274314880371
2020-08-26,91.37644958496094,22.115564346313477,513.6417846679688,41.59917449951172,180.1660919189453,85.02073669433594,43.28666687011719,32.82442092895508,28.0980224609375,21.102392196655273
2020-08-27,94.28302001953125,22.539522171020508,516.1401977539062,42.310890197753906,182.7135467529297,87.81785583496094,44.04005813598633,33.436058044433594,28.65656852722168,21.585186004638672
2020-08-28,95.2209243774414,22.755834579467773,521.4144287109375,42.769012451171875,180.5921173095703,88.17819213867188,44.27445983886719,33.62141036987305,28.858261108398438,21.672962188720703
2020-08-31,94.3387451171875,22.27130126953125,515.4549560546875,41.82004928588867,179.2013397216797,85.96454620361328,43.7470703125,32.92634963989258,28.237659454345703,21.198949813842773
2020-09-01,95.15592193603516,22.24534034729004,517.2332763671875,41.88549041748047,179.71743774414062,85.92164611816406,44.01494598388672,33.17656326293945,28.462629318237305,21.111173629760742
2020-09-02,96.94818115234375,22.513566970825195,527.434814453125,42.499061584472656,183.7235870361328,87.21724700927734,44.575809478759766,33.3341064453125,29.17633056640625,21.567630767822266
2020-09-03,97.00389099121094,22.356740951538086,505.3991394042969,42.13091278076172,181.55429077148438,86.94269561767578,44.157257080078125,32.79661178588867,29.059953689575195,21.523740768432617
2020-09-04,98.12751007080078,23.123458862304688,492.7537536621094,42.96535110473633,184.51084899902344,88.82172393798828,44.123775482177734,33.547271728515625,29.71936798095703,21.7607479095459
2020-09-08,96.27027130126953,22.199914932250977,482.2027587890625,41.754600524902344,177.11077880859375,85.7328872680664,41.997520446777344,32.1201171875,28.48590660095215,21.04094886779785
2020-09-09,96.37242126464844,22.226045608520508,488.87005615234375,42.04911422729492,176.8833465576172,86.54801177978516,42.742557525634766,32.46299743652344,28.33850860595703,20.926830291748047
2020-09-10,95.43450927734375,21.903682708740234,474.14776611328125,41.68096923828125,174.9502716064453,85.6556625366211,42.09798049926758,32.1201171875,27.756685256958008,21.023393630981445
2020-09-11,95.98240661621094,22.21734046936035,472.306396484375,41.72187805175781,175.74623107910156,86.7195816040039,42.1482048034668,32.65761184692383,28.45486831665039,21.30428695678711
2020-09-14,99.6133041381836,22.435155868530273,477.6996154785156,39.39036560058594,176.1136016845703,87.92082214355469,42.817901611328125,33.11170196533203,29.378021240234375,21.778303146362305
2020-09-15,99.06543731689453,22.025659561157227,478.38031005859375,36.65799331665039,173.19207763671875,85.18375396728516,42.18169403076172,32.20352554321289,28.951358795166016,21.839750289916992
2020-09-16,98.41539001464844,22.304460525512695,490.222900390625,37.64786148071289,175.53631591796875,85.54410552978516,42.817901611328125,33.11170196533203,29.60300064086914,22.568326950073242
2020-09-17,97.18961334228516,22.086652755737305,478.5984802246094,37.24700927734375,170.4192657470703,84.56597137451172,42.06449508666992,33.18585205078125,29.393543243408203,22.041641235351562
2020-09-18,96.05668640136719,21.964672088623047,486.0252685546875,36.69889831542969,170.4455108642578,84.38579559326172,41.92219543457031,33.38972473144531,29.184083938598633,22.05919647216797
2020-09-21,91.16283416748047,21.319934844970703,482.2464904785156,35.938087463378906,169.69322204589844,81.77742004394531,40.482364654541016,32.65761184692383,28.05147361755371,21.102392196655273
2020-09-22,91.45072937011719,20.858158111572266,480.6842346191406,35.414512634277344,167.61143493652344,80.88511657714844,39.871280670166016,32.40739822387695,27.609294891357422,20.760047912597656
2020-09-23,88.73915100097656,20.26569366455078,469.9848937988281,34.236488342285156,162.800537109375,79.57233428955078,38.85838317871094,32.231327056884766,26.763723373413086,20.040254592895508
2020-09-24,88.63700103759766,20.335399627685547,466.9391784667969,34.514625549316406,170.6641845703125,79.5036849975586,39.01743698120117,31.842098236083984,26.942140579223633,20.470373153686523
2020-09-25,89.38917541503906,20.466089248657227,478.0749206542969,34.37554931640625,170.52423095703125,80.19869232177734,39.37739562988281,32.379600524902344,27.27571678161621,20.751272201538086
2020-09-28,91.76646423339844,20.988853454589844,487.53497314453125,35.45541000366211,174.12806701660156,82.50672912597656,40.49911880493164,33.547271728515625,28.00493049621582,20.90927505493164
2020-09-29,90.77283477783203,20.710044860839844,484.1750183105469,34.70279312133789,172.13365173339844,81.81175231933594,39.5448112487793,33.158050537109375,27.706668853759766,20.417709350585938
2020-09-30,93.09436798095703,20.988853454589844,491.8111267089844,35.26726150512695,175.7899627685547,82.60114288330078,40.473995208740234,33.57505798339844,28.138362884521484,20.63715934753418
2020-10-01,94.09732055664062,20.997562408447266,495.6162414550781,35.53722381591797,173.6731719970703,83.20173645019531,39.561553955078125,34.96514129638672,28.256099700927734,20.68104362487793
2020-10-02,94.3573226928711,21.093402862548828,497.5448303222656,35.717201232910156,174.85401916503906,83.99110412597656,40.15590286254883,34.9095458984375,28.860464096069336,21.05850601196289
2020-10-05,96.47457885742188,21.450626373291016,507.0224304199219,36.73979949951172,176.51597595214844,85.76637268066406,40.68327331542969,34.2330436706543,29.61396026611328,21.462291717529297
2020-10-06,94.49661254882812,21.232805252075195,506.3677978515625,36.330753326416016,175.8949432373047,84.883056640625,39.96336364746094,34.05696105957031,29.37063980102539,21.22528648376465
2020-10-07,96.00099182128906,21.677152633666992,516.6832885742188,36.68252944946289,178.09048461914062,86.3638916015625,40.77535629272461,35.011478424072266,30.445947647094727,21.778303146362305
2020-10-08,98.90104675292969,21.99081039428711,527.4960327148438,36.584354400634766,181.92164611816406,88.13915252685547,41.01811599731445,34.97441864013672,31.003219604492188,22.20842170715332
2020-10-09,99.16213989257812,22.095355987548828,533.7184448242188,36.75615692138672,181.5368194580078,87.6368637084961,40.87580871582031,35.42850875854492,30.74420928955078,22.20842170715332
2020-10-12,99.41393280029297,22.374164581298828,536.61572265625,37.5333366394043,187.29237365722656,88.710693359375,42.47468566894531,35.650917053222656,31.19942855834961,22.541994094848633
2020-10-13,97.92193603515625,21.738140106201172,557.6216430664062,35.73355484008789,184.39706420898438,87.27317810058594,42.22354507446289,34.853939056396484,30.155527114868164,21.716856002807617
2020-10-14,97.73543548583984,20.57935333251953,558.3983764648438,35.20181655883789,184.76446533203125,86.78822326660156,42.39934539794922,34.39984893798828,30.022104263305664,20.408926010131836
2020-10-15,97.38106536865234,21.04113006591797,563.9749755859375,35.676300048828125,182.46400451660156,88.08718872070312,42.968570709228516,36.16987609863281,30.720651626586914,20.145587921142578
2020-10-16,97.82868194580078,21.119537353515625,573.6968994140625,35.332706451416016,180.37344360351562,87.90532684326172,43.40385818481445,36.410831451416016,30.720651626586914,20.06658935546875
2020-10-19,95.5533676147461,20.66647720336914,554.06982421875,35.09546661376953,179.9185791015625,86.42449951171875,42.65047836303711,36.04014205932617,30.58722686767578,19.785690307617188
2020-10-20,96.17816162109375,21.03241539001465,562.953857421875,35.6026725769043,181.96542358398438,86.91810607910156,43.08576583862305,36.262550354003906,30.775598526000977,20.02269172668457
2020-10-21,94.58358764648438,20.953998565673828,554.1569213867188,35.185455322265625,177.48692321777344,86.05213165283203,42.17332077026367,36.077213287353516,30.4694881439209,19.926136016845703
2020-10-22,97.71678924560547,21.668437957763672,554.3228149414062,35.954444885253906,179.6649169921875,89.09170532226562,43.3369026184082,37.18928146362305,31.772403717041016,20.408926010131836
2020-10-23,94.16395568847656,21.694578170776367,556.1817626953125,35.954444885253906,179.3500213623047,89.8970718383789,43.42060089111328,37.39315414428711,31.9136905670166,20.43526268005371
2020-10-26,90.34069061279297,21.38092803955078,542.9865112304688,35.389976501464844,175.93865966796875,87.67150115966797,42.12309646606445,36.28108596801758,31.364267349243164,19.926136016845703
2020-10-27,88.5223159790039,20.77974510192871,536.3016967773438,34.26103591918945,171.16275024414062,86.01748657226562,40.674903869628906,35.650917053222656,30.147682189941406,19.153667449951172
2020-10-28,85.41710662841797,20.44866371154785,524.240966796875,33.64746856689453,165.9932403564453,83.6014175415039,39.821048736572266,35.354366302490234,29.276447296142578,18.59187126159668
2020-10-29,84.92286682128906,20.509653091430664,525.6546630859375,34.081050872802734,166.14195251464844,84.14697265625,40.58002853393555,37.35608673095703,29.880826950073242,18.5567626953125
2020-10-30,85.08139038085938,20.64905548095703,522.931884765625,34.30466842651367,165.35470581054688,84.900390625,40.6053352355957,38.09745788574219,30.5715274810791,18.828882217407227
2020-11-02,87.09559631347656,20.980140686035156,536.5982666015625,34.95895004272461,166.36935424804688,86.8141860961914,41.642608642578125,38.23646545410156,31.191593170166016,19.223894119262695
2020-11-03,89.7905044555664,21.511615753173828,549.1564331054688,36.05220031738281,173.130859375,89.55069732666016,43.160560607910156,39.441200256347656,32.03927230834961,19.39067840576172
2020-11-04,89.89309692382812,20.63163185119629,568.6526489257812,34.851295471191406,173.07835388183594,86.8141860961914,43.37138748168945,37.84724426269531,30.61076545715332,19.206342697143555
2020-11-05,91.4876708984375,21.441905975341797,583.1307373046875,35.67121887207031,177.5306396484375,90.36469268798828,44.02073669433594,38.41254806518555,31.756710052490234,19.691347122192383
2020-11-06,90.16352081298828,21.180530548095703,571.532470703125,35.37306594848633,176.04364013671875,89.1609878540039,43.599082946777344,38.115997314453125,30.74420928955078,19.320974349975586
2020-11-09,109.44761657714844,24.186405181884766,581.237060546875,39.4561653137207,188.00086975097656,101.23271942138672,47.2421760559082,41.66533660888672,34.66080093383789,21.35801124572754
2020-11-10,108.12348937988281,24.099281311035156,576.5070190429688,39.464447021484375,190.22262573242188,100.90365600585938,47.01448059082031,43.018333435058594,34.64510726928711,21.331554412841797
2020-11-11,103.61952209472656,23.820472717285156,585.2513427734375,40.524559020996094,190.72996520996094,99.39684295654297,47.51204299926758,42.842262268066406,34.33900833129883,21.331554412841797
2020-11-12,103.6008529663086,23.254148483276367,575.800048828125,39.98622512817383,187.6334991455078,98.17581939697266,46.84581756591797,41.60490798950195,33.6011962890625,20.996458053588867
2020-11-13,107.2282943725586,23.52423858642578,584.509765625,40.30095291137695,191.63088989257812,98.7906723022461,47.73973083496094,42.79574203491211,33.993656158447266,21.225732803344727
2020-11-16,110.65990447998047,24.029577255249023,590.3218383789062,41.74203872680664,194.5174102783203,101.57910919189453,49.004695892333984,43.623756408691406,34.75499725341797,21.957658767700195
2020-11-17,108.61772155761719,24.003440856933594,582.5198974609375,42.01534652709961,196.50303649902344,100.548583984375,49.59502029418945,45.493743896484375,34.55876922607422,22.081117630004883
2020-11-18,106.52891540527344,23.506816864013672,584.6144409179688,42.28037643432617,196.19691467285156,99.80384063720703,49.59502029418945,44.37733459472656,33.954402923583984,22.0987548828125
2020-11-19,106.43566131591797,23.506816864013672,587.7474365234375,43.18313980102539,196.4330291748047,100.07228088378906,49.44321060180664,43.80051803588867,33.938716888427734,23.068769454956055
2020-11-20,104.98095703125,23.358699798583984,587.0753784179688,42.77730178833008,195.3659210205078,99.21498107910156,48.7516975402832,43.36326217651367,33.48347854614258,22.469120025634766
2020-11-23,108.2540512084961,23.864036560058594,595.9420166015625,44.143863677978516,200.15931701660156,102.07270812988281,50.82624053955078,44.87971878051758,33.82097625732422,23.192222595214844
2020-11-24,112.26380920410156,25.249353408813477,610.280517578125,47.257957458496094,207.74302673339844,106.79229736328125,53.63446044921875,46.321746826171875,35.63407516479492,25.229265213012695
2020-11-25,112.44097137451172,25.292917251586914,614.0416870117188,47.257957458496094,206.9033203125,105.6751708984375,53.53327178955078,46.28452682495117,35.0689582824707,25.21162223815918
2020-11-27,112.45030212402344,25.258068084716797,624.0778198242188,46.93494415283203,205.90614318847656,104.97372436523438,53.836849212646484,46.23801803588867,34.7000617980957,25.09698486328125
2020-11-30,110.58528137207031,24.534912109375,609.451416015625,45.60980224609375,201.69007873535156,102.08135223388672,52.141807556152344,45.382102966308594,33.915157318115234,24.118152618408203
2020-12-01,111.83485412597656,24.996681213378906,624.1826171875,45.94109344482422,204.10861206054688,103.69208526611328,53.36460876464844,46.53572463989258,34.731449127197266,24.744251251220703
2020-12-02,114.07286071777344,25.31905174255371,626.9141235351562,47.37390899658203,209.00726318359375,105.68382263183594,53.988643646240234,47.31721496582031,35.0689582824707,25.45853614807129
2020-12-03,114.80951690673828,25.345352172851562,627.5194091796875,46.86041259765625,207.0900115966797,104.99103546142578,54.02238464355469,47.51259231567383,35.29658126831055,25.714265823364258
2020-12-04,116.59991455078125,25.67849349975586,617.03759765625,48.54995346069336,210.70465087890625,105.94363403320312,54.81509017944336,47.43815994262695,35.61053466796875,26.058181762695312
2020-12-07,115.57417297363281,25.50316047668457,622.3179931640625,48.14414596557617,209.71087646484375,105.54528045654297,54.19104766845703,47.22417449951172,35.16313934326172,25.87299919128418
2020-12-08,115.18250274658203,25.362890243530273,626.2036743164062,48.33462142944336,210.05384826660156,105.64917755126953,53.89588165283203,47.02880859375,35.304420471191406,25.520267486572266
2020-12-09,113.47604370117188,25.248912811279297,615.4675903320312,48.82328414916992,213.55419921875,104.8265151977539,54.283817291259766,47.02880859375,35.98728561401367,25.617265701293945
2020-12-10,113.61589813232422,25.52069854736328,612.5992431640625,50.10700607299805,214.94375610351562,104.15104675292969,54.342838287353516,46.61014938354492,36.19919967651367,26.005271911621094
2020-12-11,112.11459350585938,25.047273635864258,609.78369140625,48.80672073364258,211.06529235839844,103.53622436523438,53.3983268737793,45.986820220947266,35.97943115234375,25.643718719482422
2020-12-14,109.43831634521484,24.740434646606445,599.8897094726562,48.64935302734375,209.1304168701172,102.44508361816406,52.18397521972656,46.368263244628906,35.17099380493164,25.255714416503906
2020-12-15,111.06086730957031,25.108642578125,612.3975830078125,49.419593811035156,213.211181640625,104.19435119628906,53.92961883544922,47.49397659301758,35.46924591064453,26.216920852661133
2020-12-16,110.96760559082031,25.17877960205078,612.5643310546875,49.48584747314453,214.38970947265625,104.4974365234375,54.16575241088867,48.08008575439453,35.59484100341797,26.1463680267334
2020-12-17,110.9489517211914,25.27521514892578,619.265625,49.73432159423828,214.97012329101562,103.6314697265625,54.536800384521484,48.17313766479492,35.539894104003906,25.987638473510742
2020-12-18,109.57818603515625,25.134944915771484,612.9414672851562,48.91437530517578,212.94735717773438,103.12054443359375,54.12358474731445,48.35919952392578,35.21023941040039,25.58199119567871
2020-12-21,108.55244445800781,26.07301139831543,612.9678955078125,50.711605072021484,226.00755310058594,106.99147033691406,57.20165252685547,48.14521408081055,35.579132080078125,26.058181762695312
2020-12-22,106.8179931640625,25.608362197875977,608.3101196289062,49.080013275146484,219.94796752929688,105.3634262084961,56.19812774658203,48.042877197265625,35.783203125,25.53790283203125
2020-12-23,109.05599212646484,26.344785690307617,617.186767578125,50.338905334472656,225.5414276123047,108.30775451660156,57.522125244140625,48.70342254638672,36.677982330322266,26.76365089416504
2020-12-24,109.42900848388672,26.265880584716797,620.2918090820312,50.16498565673828,225.28636169433594,107.83146667480469,57.4209098815918,48.43362808227539,36.48960876464844,26.313913345336914
2020-12-28,110.37081909179688,26.4149227142334,622.9231567382812,50.62879943847656,228.30296325683594,108.54155731201172,57.3871955871582,49.2523193359375,36.6230354309082,26.393285751342773
2020-12-29,110.16565704345703,26.309722900390625,619.5025024414062,50.44658279418945,226.9134063720703,108.25577545166016,57.1004638671875,48.880191802978516,36.20704650878906,26.26100730895996
2020-12-30,111.36859130859375,26.283418655395508,621.8357543945312,50.40516662597656,228.17984008789062,108.55885314941406,57.21010208129883,48.75925064086914,36.55556869506836,26.23455238342285
2020-12-31,112.74868774414062,26.572731018066406,632.8875122070312,51.06773376464844,231.9264373779297,110.0396957397461,57.79196548461914,49.345359802246094,36.90409469604492,26.613740921020508
2021-01-04,110.07242584228516,26.327259063720703,623.4846801757812,49.80885314941406,233.0609130859375,109.00053405761719,57.62331771850586,49.084861755371094,36.53181076049805,26.190460205078125
2021-01-05,110.65990447998047,26.52889633178711,626.7825927734375,51.100868225097656,238.27622985839844,109.59364318847656,58.60154724121094,49.09416580200195,36.650630950927734,26.922378540039062
2021-01-06,114.75354766845703,28.18585777282715,644.6588134765625,54.04103469848633,251.13414001464844,114.73970031738281,62.135013580322266,53.41094970703125,38.820987701416016,28.827136993408203
2021-01-07,113.84587860107422,28.808311462402344,658.21923828125,54.67875289916992,256.4989318847656,118.50765228271484,63.197574615478516,54.94601821899414,39.597251892089844,29.47970199584961
2021-01-08,113.95816040039062,28.51900291442871,663.5082397460938,54.14041519165039,255.1182098388672,118.63848114013672,63.45899963378906,54.871585845947266,39.06653594970703,29.268056869506836
2021-01-11,113.28439331054688,28.992422103881836,672.4813842773438,55.0266227722168,258.41619873046875,120.40907287597656,64.14208984375,56.05313491821289,39.08238220214844,29.312150955200195
2021-01-12,113.80842590332031,29.509672164916992,682.1826171875,55.21709060668945,265.7862243652344,122.30177307128906,63.922821044921875,56.93695831298828,39.327938079833984,29.929433822631836
2021-01-13,114.53834533691406,29.334333419799805,683.9454956054688,55.37446594238281,266.42816162109375,122.41515350341797,63.7204475402832,55.36467361450195,39.21704864501953,29.80597686767578
2021-01-14,115.8296890258789,29.798978805541992,652.1493530273438,57.15512466430664,270.7640075683594,123.1303939819336,64.48785400390625,55.19721603393555,39.034854888916016,30.643712997436523
2021-01-15,114.30438995361328,28.939815521240234,638.3433837890625,53.196258544921875,264.7308349609375,120.92366790771484,63.45057678222656,54.657615661621094,38.337806701660156,28.253952026367188
2021-01-19,118.60895538330078,28.729408264160156,643.5094604492188,52.7490234375,258.7416076660156,120.40032958984375,63.2397575378418,55.104183197021484,38.076412200927734,28.774234771728516
2021-01-20,120.65828704833984,28.352432250976562,650.4300537109375,52.384605407714844,255.46119689941406,118.5948486328125,63.113250732421875,54.527366638183594,36.10407638549805,28.62432289123535
2021-01-21,119.24526977539062,27.85270881652832,651.0092163085938,51.241661071777344,254.49378967285156,117.60054779052734,62.99520492553711,54.61109924316406,36.17537307739258,28.218679428100586
2021-01-22,118.03810119628906,27.659835815429688,644.7376098632812,50.794437408447266,254.51132202148438,116.6934585571289,62.514503479003906,54.331993103027344,36.325862884521484,28.130489349365234
2021-01-25,113.3686294555664,27.31792640686035,634.1505737304688,50.15669631958008,248.92666625976562,115.23682403564453,61.038700103759766,53.10394287109375,36.24665069580078,28.43031883239746
2021-01-26,108.68975830078125,27.12505531311035,633.1595458984375,50.44658279418945,247.80091857910156,114.76586151123047,60.052040100097656,52.29453659057617,35.7951545715332,27.671939849853516
2021-01-27,106.76206970214844,26.151914596557617,612.0555419921875,49.19597244262695,240.386962890625,111.52122497558594,57.699195861816406,49.577938079833984,33.90994644165039,26.604923248291016
2021-01-28,111.3286361694336,26.581499099731445,631.4577026367188,49.974483489990234,241.87330627441406,113.48368072509766,58.758766174316406,49.99659729003906,34.67036437988281,27.169296264648438
2021-01-29,108.79270935058594,25.994108200073242,615.0992431640625,48.437599182128906,238.48731994628906,112.22769927978516,56.83460998535156,47.94985580444336,33.94163131713867,26.34918975830078
2021-02-01,109.51323699951172,26.265880584716797,625.545654296875,48.805110931396484,241.61822509765625,113.05631256103516,57.36014938354492,49.652374267578125,33.8624267578125,26.44618797302246
2021-02-02,112.9475326538086,27.203956604003906,639.8695068359375,49.76567459106445,252.38299560546875,116.53643798828125,60.14041519165039,50.74087142944336,35.05057907104492,27.116382598876953
2021-02-03,112.70423889160156,27.686132431030273,635.1155395507812,51.0352897644043,253.77259826660156,117.87091827392578,59.843746185302734,49.73609924316406,35.4307861328125,27.954124450683594
2021-02-04,116.87776184082031,28.492698669433594,642.45703125,52.12950897216797,258.34588623046875,120.5835189819336,61.27627944946289,51.35489273071289,36.68231964111328,28.891828536987305
2021-02-05,118.16911315917969,28.37872886657715,637.0889282226562,52.27150344848633,258.1260070800781,120.34803009033203,62.064579010009766,51.85727310180664,36.71400451660156,28.80336570739746
2021-02-08,119.769287109375,29.00995635986328,637.1943359375,53.165252685546875,263.9744567871094,122.23200225830078,62.920711517333984,51.959617614746094,37.54570770263672,29.54645347595215
2021-02-09,118.54342651367188,28.88722038269043,639.2554321289062,52.72255325317383,264.2471008300781,121.74356079101562,62.92913818359375,52.35036849975586,37.71204376220703,29.422603607177734
2021-02-10,119.99388885498047,28.91351318359375,634.3172607421875,53.14018249511719,267.6067199707031,121.8133316040039,63.00547790527344,51.820072174072266,37.50608444213867,29.369525909423828
2021-02-11,120.0687484741211,28.825849533081055,632.791015625,52.78937530517578,265.8829650878906,121.47318267822266,62.488407135009766,52.20274353027344,37.42688751220703,28.94491195678711
2021-02-12,121.29459381103516,29.25542449951172,634.1505737304688,53.1485481262207,269.40081787109375,123.20018005371094,63.24281311035156,54.3121337890625,37.735809326171875,29.66145133972168
2021-02-16,122.28652954101562,30.044462203979492,640.5799560546875,53.557830810546875,274.361083984375,126.1656723022461,64.46342468261719,56.88819885253906,38.53583526611328,30.776081085205078
2021-02-17,120.30268859863281,30.167205810546875,632.7559814453125,54.09239959716797,275.0470886230469,126.55817413330078,63.954830169677734,57.21488571166992,39.05070114135742,32.36840057373047
2021-02-18,120.2371826171875,29.974321365356445,617.0904541015625,53.02325439453125,272.5493469238281,126.98556518554688,63.42928695678711,57.80290222167969,38.860599517822266,32.69571304321289
2021-02-19,123.25035858154297,30.28116798400879,622.8618774414062,54.944366455078125,277.5799865722656,129.1050567626953,64.42102813720703,57.78422927856445,39.62102127075195,33.465335845947266
2021-02-22,127.2180404663086,30.815942764282227,616.7482299804688,54.727210998535156,278.6793518066406,130.3174591064453,65.60772705078125,58.754920959472656,40.34974670410156,32.961097717285156
2021-02-23,128.1444549560547,31.140329360961914,616.7658081054688,55.74624252319336,280.7372741699219,131.3640594482422,65.69249725341797,58.49358367919922,40.88045120239258,32.85493469238281
2021-02-24,130.9049835205078,31.8942928314209,624.6072387695312,57.29985809326172,290.7897033691406,133.67543029785156,67.70989990234375,60.1456298828125,41.83097839355469,33.87227249145508
2021-02-25,128.27545166015625,31.499774932861328,609.4241333007812,56.305877685546875,288.2568054199219,131.86123657226562,66.48081970214844,58.894927978515625,40.89630126953125,33.22649002075195
2021-02-26,126.57235717773438,30.430198669433594,609.1697998046875,55.02790451049805,280.9747619628906,128.36366271972656,65.15850067138672,57.60689163208008,39.605167388916016,31.996858596801758
2021-03-01,129.8007354736328,31.377038955688477,630.8351440429688,58.085018157958984,291.29620361328125,131.2681427001953,67.09961700439453,59.828285217285156,40.52401351928711,32.81071472167969
2021-03-02,130.30609130859375,31.149089813232422,628.3001098632812,57.55879592895508,292.19677734375,130.84072875976562,68.48125457763672,59.54827880859375,40.12004470825195,32.85493469238281
2021-03-03,133.43154907226562,31.929363250732422,615.3009643554688,58.78663635253906,295.27825927734375,133.37020874023438,69.55775451660156,60.63097381591797,40.52401351928711,33.34149169921875
2021-03-04,133.51576232910156,32.15842819213867,602.81591796875,58.3105354309082,290.7399597167969,131.3204803466797,68.75250244140625,60.45362854003906,40.413124084472656,32.872642517089844
2021-03-05,137.8671417236328,32.53728103637695,619.6420288085938,58.66135787963867,289.0447692871094,131.625732421875,68.54906463623047,60.68697738647461,41.56167221069336,33.111480712890625
2021-03-08,140.61827087402344,32.7135009765625,616.7128295898438,60.323551177978516,295.0662841796875,133.37020874023438,68.7440414428711,60.1642951965332,42.813194274902344,34.20840835571289
2021-03-09,135.78033447265625,31.999845504760742,637.0415649414062,59.296165466308594,291.88775634765625,132.42820739746094,68.5321044921875,59.501617431640625,41.90226364135742,33.7307243347168
2021-03-10,137.32435607910156,32.924949645996094,642.7765502929688,61.60151672363281,301.9796142578125,135.30648803710938,70.43085479736328,60.69630432128906,42.599327087402344,35.01343536376953
2021-03-11,138.26011657714844,32.8104133605957,637.1474609375,61.2339973449707,302.0502624511719,134.60000610351562,70.56645965576172,61.984352111816406,42.258724212646484,34.394203186035156
2021-03-12,138.99937438964844,33.42715072631836,631.9152221679688,62.79594421386719,307.97479248046875,136.1961669921875,71.49038696289062,63.1417121887207,43.28053283691406,35.358428955078125
2021-03-15,137.5489501953125,33.25975799560547,634.4033813476562,61.994110107421875,305.5378112792969,135.5158233642578,71.08352661132812,61.919002532958984,42.75775146484375,35.11958312988281
2021-03-16,134.095947265625,33.1628303527832,637.9856567382812,61.25071334838867,301.7058410644531,133.8934783935547,69.96464538574219,61.106990814208984,42.646846771240234,34.809974670410156
2021-03-17,135.3872833251953,33.43595886230469,642.5296020507812,61.47623062133789,304.5666198730469,135.2715606689453,71.08352661132812,61.32164764404297,43.161720275878906,35.243431091308594
2021-03-18,133.42222595214844,34.30820846557617,638.5679931640625,61.67668533325195,307.25958251953125,137.5044403076172,71.15135192871094,61.6670036315918,44.57166290283203,36.10150909423828
2021-03-19,131.6722869873047,33.94696807861328,643.782470703125,60.98342514038086,303.9044494628906,135.31520080566406,70.3036880493164,61.64834213256836,43.73202896118164,35.057655334472656
2021-03-22,130.96112060546875,33.18046188354492,644.911865234375,60.10637283325195,299.6045837402344,131.67808532714844,69.43910217285156,60.45362854003906,42.96369552612305,34.47381591796875
2021-03-23,127.33966827392578,32.51085662841797,632.25048828125,59.22935485839844,292.9295654296875,130.36105346679688,67.06568908691406,59.137603759765625,42.44091033935547,33.82802963256836
2021-03-24,129.52938842773438,32.51085662841797,637.7031860351562,58.53606414794922,290.1748352050781,131.37277221679688,67.24366760253906,59.846954345703125,42.35377502441406,33.72187423706055
2021-03-25,133.1414794921875,33.18046188354492,641.8944091796875,59.90592575073242,291.8523864746094,133.05618286132812,67.92181396484375,60.789634704589844,43.478553771972656,34.7657356262207
2021-03-26,134.4983367919922,34.079132080078125,667.8348999023438,60.991756439208984,289.0625,135.2715606689453,67.79467010498047,61.330997467041016,44.52412796020508,35.17266082763672
2021-03-29,133.2256317138672,33.753150939941406,668.6819458007812,59.788978576660156,287.5967712402344,133.16958618164062,66.01461791992188,59.83761978149414,44.040950775146484,34.00495529174805
2021-03-30,134.2737579345703,34.352256774902344,661.0938110351562,60.941650390625,293.14154052734375,134.73951721191406,67.0402603149414,60.444313049316406,44.59165954589844,34.84535217285156
2021-03-31,132.75323486328125,34.08794021606445,665.2407836914062,60.76625061035156,288.71807861328125,132.77706909179688,65.82814025878906,60.836307525634766,44.144710540771484,34.56227111816406
2021-04-01,135.6910400390625,34.792789459228516,676.5963745117188,61.092010498046875,289.28314208984375,134.0679473876953,66.30280303955078,62.01234817504883,44.55972671508789,35.057655334472656
2021-04-05,137.08950805664062,35.065914154052734,691.7635498046875,60.76625061035156,285.66314697265625,134.7786102294922,66.11632537841797,63.60839080810547,44.99072265625,34.924964904785156
2021-04-06,137.1739501953125,34.968997955322266,689.7254028320312,60.64094543457031,288.7710266113281,133.83103942871094,67.0402603149414,62.815025329589844,44.878990173339844,35.25227737426758
2021-04-07,138.09381103515625,35.286163330078125,695.275146484375,60.71613311767578,288.3207092285156,135.92791748046875,66.99788665771484,62.581695556640625,45.3419075012207,35.376129150390625
2021-04-08,138.00930786132812,34.977806091308594,706.3925170898438,60.415435791015625,292.3733825683594,136.09461975097656,67.98112487792969,62.38569641113281,45.31795883178711,35.41150665283203
2021-04-09,138.70384216308594,35.23331069946289,713.2305297851562,60.4906005859375,292.0820617675781,137.11231994628906,68.42192840576172,63.06703567504883,45.72500991821289,35.8272819519043
2021-04-12,138.5067596435547,35.294979095458984,712.9041748046875,60.71613311767578,292.99139404296875,136.8227996826172,67.96419525146484,63.197696685791016,46.03628921508789,36.066131591796875
2021-04-13,137.02378845214844,34.643001556396484,708.0601196289062,60.189918518066406,289.3184509277344,135.1909637451172,67.41322326660156,62.16168975830078,45.1982307434082,35.199195861816406
2021-04-14,138.36595153808594,35.13639450073242,706.807373046875,60.89990234375,296.090576171875,132.6641845703125,68.48125457763672,62.945709228515625,45.95646286010742,37.14537048339844
2021-04-15,139.4077606201172,34.13199996948242,721.6038818359375,60.5908317565918,298.9158630371094,133.50643920898438,68.50669860839844,61.134986877441406,44.95880889892578,37.36652374267578
2021-04-16,140.77813720703125,34.493228912353516,715.9658813476562,60.515663146972656,302.2357482910156,134.49783325195312,66.6164321899414,60.425628662109375,46.17994689941406,38.781925201416016
2021-04-19,139.41717529296875,34.510841369628906,715.6482543945312,60.24836730957031,302.9244079589844,133.92758178710938,67.83704376220703,61.48965835571289,46.06821060180664,38.81732177734375
2021-04-20,136.18844604492188,33.55050277709961,710.2395629882812,58.29384994506836,293.0267333984375,130.96212768554688,65.5145034790039,59.44561004638672,44.87100601196289,37.63191223144531
2021-04-21,138.14071655273438,34.11437225341797,716.03662109375,59.012168884277344,296.0198974609375,132.07638549804688,67.17588806152344,61.041656494140625,45.485565185546875,38.25115203857422
2021-04-22,138.12191772460938,33.79718780517578,701.73388671875,58.3105354309082,292.1172790527344,129.29515075683594,66.36212921142578,60.48163604736328,44.8231201171875,37.77345657348633
2021-04-23,135.46572875976562,34.51966094970703,717.4834594726562,59.621910095214844,299.6221923828125,131.76930236816406,68.61687469482422,62.66569519042969,45.6771240234375,38.79961395263672
2021-04-26,141.10662841796875,34.722293853759766,722.0274658203125,60.30683898925781,303.3039855957031,132.09390258789062,69.10005950927734,63.253700256347656,46.12407684326172,39.04731750488281
2021-04-27,141.1254119873047,35.13639450073242,723.9598999023438,60.966705322265625,306.0499267578125,132.6992950439453,69.4729995727539,64.99909973144531,46.547080993652344,39.88771438598633
2021-04-28,143.17156982421875,35.2685546875,720.2274780273438,60.89990234375,307.356689453125,133.55908203125,70.12569427490234,65.2044448852539,47.065879821777344,39.87886428833008
2021-04-29,145.1331787109375,36.2200927734375,729.968505859375,61.67668533325195,311.64776611328125,136.15602111816406,71.19825744628906,66.93114471435547,47.91189193725586,40.905025482177734
2021-04-30,143.93174743652344,35.709068298339844,722.89208984375,59.9188232421875,307.6568603515625,134.94529724121094,70.2704086303711,65.70845031738281,47.36915969848633,39.852317810058594
2021-05-03,145.292724609375,35.735511779785156,728.468505859375,60.31413650512695,309.16668701171875,134.5504913330078,70.19379425048828,66.21245574951172,47.32128143310547,40.23271179199219
2021-05-04,145.039306640625,36.1231689453125,738.0064086914062,60.835628509521484,308.88421630859375,136.41049194335938,70.34701538085938,65.41909790039062,48.36682891845703,40.46271896362305
2021-05-05,146.78506469726562,36.46678924560547,750.870849609375,61.99631881713867,315.7532653808594,138.2002716064453,71.93883514404297,66.24978637695312,48.19921875,40.63964080810547
2021-05-06,147.24497985839844,37.01303482055664,765.0675048828125,62.89625930786133,323.1258239746094,140.98147583007812,73.91372680664062,66.7538070678711,49.03725814819336,41.34000778198242
2021-05-07,149.21595764160156,37.162811279296875,771.0054931640625,63.14859390258789,327.46990966796875,141.4640350341797,74.6543197631836,66.96849822998047,48.98138427734375,41.260231018066406
2021-05-10,148.93438720703125,37.04827880859375,756.5528564453125,63.190643310546875,325.51849365234375,141.44642639160156,73.6072769165039,66.3617935180664,48.82175827026367,41.313411712646484
2021-05-11,144.94546508789062,36.62537384033203,744.7738037109375,62.97196960449219,317.7840881347656,139.09515380859375,72.28787231445312,65.92312622070312,48.00766372680664,40.53325271606445
2021-05-12,142.94625854492188,36.28176498413086,726.5978393554688,62.433677673339844,312.9103088378906,138.1388702392578,71.23230743408203,64.51375579833984,47.53676986694336,40.46232604980469
2021-05-13,144.61692810058594,36.863258361816406,740.2652587890625,63.325218200683594,316.8041076660156,141.692138671875,72.23677825927734,65.90809631347656,48.76588821411133,41.1361083984375
2021-05-14,147.49839782714844,37.321407318115234,756.041259765625,64.39340209960938,325.5980224609375,143.89427185058594,74.35639953613281,68.5470199584961,49.412376403808594,41.63257598876953
2021-05-17,147.2261962890625,37.65620803833008,749.503173828125,65.11672973632812,326.0218505859375,144.47329711914062,74.98628997802734,68.3130874633789,49.651824951171875,42.465938568115234
2021-05-18,145.4710235595703,37.14518737792969,741.2799682617188,64.4438705444336,321.88092041015625,142.43785095214844,74.03289031982422,66.3479232788086,48.56636047363281,41.54393005371094
2021-05-19,145.2270050048828,36.97779083251953,739.850341796875,64.30928039550781,316.42437744140625,141.34994506835938,73.24977111816406,66.63798522949219,47.943824768066406,40.93219757080078
2021-05-20,145.97789001464844,36.889686584472656,745.4620971679688,64.0905990600586,317.6604919433594,141.10426330566406,73.6072769165039,66.19817352294922,47.59264373779297,40.54212188720703
2021-05-21,147.23556518554688,37.356651306152344,759.4823608398438,65.31018829345703,323.38189697265625,142.70985412597656,75.19912719726562,67.53638458251953,48.18324661254883,40.67510223388672
2021-05-24,148.89688110351562,37.55929183959961,769.70849609375,65.6297836303711,325.1741943359375,143.48190307617188,76.34832763671875,67.9481201171875,48.22315979003906,40.9942626953125
2021-05-25,148.30557250976562,37.01303482055664,771.3939208984375,64.9990005493164,321.83673095703125,141.9991912841797,75.64176940917969,67.0310287475586,47.60860824584961,40.86127471923828
2021-05-26,148.84054565429688,37.039466857910156,773.5643310546875,65.20085144042969,324.38836669921875,141.98167419433594,76.0588607788086,66.93743896484375,47.672454833984375,41.1361083984375
2021-05-27,149.92935180664062,37.488800048828125,773.2996215820312,66.24378204345703,327.89361572265625,144.19253540039062,76.86756896972656,69.1084976196289,48.47856521606445,41.45526885986328
2021-05-28,150.2953643798828,37.347835540771484,773.837890625,66.20172119140625,329.57684326171875,144.09608459472656,77.42088317871094,69.1084976196289,48.51049041748047,41.4198112487793
2021-06-01,153.70237731933594,37.81478500366211,773.7232055664062,67.08486938476562,338.8080749511719,145.68402099609375,78.4083251953125,69.84778594970703,48.67810821533203,41.89854049682617
2021-06-02,154.0403289794922,37.8324089050293,782.996337890625,67.16899108886719,339.6940002441406,145.69285583496094,78.96162414550781,70.11915588378906,48.422691345214844,41.499595642089844
2021-06-03,154.4157257080078,38.26594924926758,780.9752807617188,66.97553253173828,344.3716125488281,145.78933715820312,79.46385955810547,71.12980651855469,48.39875411987305,41.189308166503906
2021-06-04,154.86627197265625,38.28363800048828,786.152099609375,66.85777282714844,346.7901306152344,146.0262451171875,79.9831314086914,70.85844421386719,48.50251388549805,41.63257598876953
2021-06-07,155.72975158691406,38.15092468261719,784.476806640625,66.70638275146484,343.8754577636719,145.34190368652344,79.34469604492188,69.93199157714844,48.318939208984375,41.765560150146484
2021-06-08,156.28350830078125,37.93857955932617,784.0867919921875,66.51295471191406,340.8102722167969,144.76284790039062,78.9871597290039,70.29695892333984,48.119407653808594,41.32229232788086
2021-06-09,154.01214599609375,37.443115234375,772.0487060546875,65.72230529785156,339.1092529296875,142.95550537109375,78.88502502441406,68.1727066040039,47.28934860229492,40.710567474365234
2021-06-10,152.26641845703125,36.885719299316406,768.9461059570312,64.67095184326172,331.27783203125,140.72703552246094,78.04227447509766,67.95748138427734,46.77854919433594,39.9747200012207
2021-06-11,154.40635681152344,37.03612518310547,780.6650390625,64.32612609863281,334.9189758300781,140.63052368164062,78.35726165771484,69.17399597167969,47.20155334472656,40.49779510498047
2021-06-14,153.74935913085938,36.59375762939453,777.2255859375,63.215877532958984,330.3741760253906,138.2441864013672,77.22509765625,67.38665771484375,46.41938400268555,40.027931213378906
2021-06-15,156.05828857421875,36.62028884887695,780.9752807617188,62.088829040527344,328.93902587890625,136.14724731445312,77.2080307006836,67.88261413574219,46.69873809814453,40.30274200439453
2021-06-16,154.56591796875,36.823787689208984,770.63916015625,60.10386276245117,328.6732177734375,137.1035919189453,77.54856872558594,69.0149154663086,46.642860412597656,40.4002685546875
2021-06-17,152.1725311279297,35.21352005004883,770.1693115234375,57.91705322265625,320.257080078125,133.146728515625,74.83309173583984,67.50831604003906,44.471946716308594,37.93564987182617
2021-06-18,148.45570373535156,34.311058044433594,745.313232421875,56.865699768066406,309.0325622558594,129.77769470214844,71.58131408691406,65.34659576416016,43.68976593017578,37.01363754272461
2021-06-21,154.77239990234375,35.169281005859375,763.4678344726562,57.57219696044922,316.7489013671875,131.9798583984375,73.15612030029297,68.06977081298828,44.6794548034668,38.370059967041016
2021-06-22,154.39698791503906,35.363929748535156,766.5703735351562,58.001155853271484,316.7399597167969,131.78684997558594,72.95182037353516,67.84516906738281,44.64753341674805,38.60056686401367
2021-06-23,155.82362365722656,35.56742477416992,767.1553955078125,58.581504821777344,319.8584289550781,132.585205078125,73.0965347290039,68.21014404296875,44.80716323852539,38.972923278808594
2021-06-24,157.87913513183594,36.12483215332031,768.8573608398438,59.986106872558594,326.679931640625,133.8047637939453,74.12654113769531,68.67803955078125,45.397769927978516,40.05451965332031
2021-06-25,159.0429229736328,36.823787689208984,774.7879028320312,60.1795768737793,326.6976013183594,135.15585327148438,75.25018310546875,69.04299926757812,46.17196273803711,41.11837387084961
2021-06-28,154.65977478027344,36.77070236206055,778.9630126953125,60.145931243896484,326.64447021484375,135.40155029296875,74.6543197631836,68.57508850097656,45.924537658691406,40.59531784057617
2021-06-29,154.162353515625,36.17791748046875,774.3444213867188,58.606727600097656,330.1084289550781,135.23480224609375,77.15699768066406,68.5189437866211,45.55470275878906,39.7087516784668
2021-06-30,155.08212280273438,36.478721618652344,775.6210327148438,59.5067024230957,336.22998046875,136.4630889892578,78.0508041381836,68.13528442382812,45.8039436340332,40.152042388916016
2021-07-01,157.095947265625,36.75300598144531,779.3973999023438,59.725372314453125,332.2080078125,137.81422424316406,78.33170318603516,68.84647369384766,46.294376373291016,40.258419036865234
2021-07-02,158.56398010253906,36.40793991088867,792.162353515625,59.220733642578125,331.4726867675781,137.68186950683594,78.34021759033203,68.12593078613281,46.286338806152344,39.95699691772461
2021-07-06,159.5614776611328,35.452396392822266,791.3201904296875,57.3703498840332,327.6632995605469,135.3699951171875,76.79095458984375,66.22624206542969,45.03209686279297,38.556236267089844
2021-07-07,160.89772033691406,35.169281005859375,798.6422729492188,57.134849548339844,325.72314453125,135.52879333496094,76.63773345947266,65.5711898803711,45.016021728515625,38.4764518737793
2021-07-08,157.62289428710938,34.311058044433594,776.9774169921875,56.12554168701172,317.9891662597656,133.1904754638672,74.60325622558594,63.57795333862305,44.25222396850586,37.518959045410156
2021-07-09,161.8011474609375,35.425865173339844,798.9703369140625,57.57219696044922,329.3465576171875,137.4524383544922,76.89309692382812,66.02037811279297,45.8039436340332,38.928585052490234
2021-07-12,163.36318969726562,35.947879791259766,811.9213256835938,58.40487289428711,337.0893859863281,139.4202117919922,78.95310974121094,67.10590362548828,46.294376373291016,39.150238037109375
2021-07-13,162.44097900390625,35.266605377197266,804.9627685546875,57.50493240356445,333.0851135253906,137.34654235839844,79.34469604492188,67.2088394165039,45.76374053955078,38.32573318481445
2021-07-14,162.346923828125,34.381839752197266,780.3635864257812,57.33670425415039,331.68536376953125,136.87889099121094,78.70625305175781,65.6928482055664,45.82002258300781,39.85060501098633
2021-07-15,162.65745544433594,34.35530090332031,780.0799560546875,57.57219696044922,330.7552185058594,137.1789093017578,78.85095977783203,66.02037811279297,47.291343688964844,39.894935607910156
2021-07-16,159.98492431640625,33.550167083740234,775.66552734375,56.26852035522461,323.1805725097656,134.04637145996094,77.67623901367188,64.46695709228516,45.96473693847656,39.256614685058594
2021-07-19,153.20948791503906,32.674259185791016,749.1957397460938,54.737754821777344,314.25067138671875,129.68728637695312,76.0588607788086,62.398841857910156,43.82609558105469,38.1661491394043
2021-07-20,158.91212463378906,33.3466682434082,779.0516967773438,55.755462646484375,323.14520263671875,132.10504150390625,78.58708953857422,63.57795333862305,45.09642028808594,39.753082275390625
2021-07-21,162.33749389648438,34.027931213378906,782.4557495117188,57.1011962890625,330.8879699707031,134.8846435546875,81.447265625,65.09394073486328,45.988861083984375,40.60417175292969
2021-07-22,160.8224334716797,33.58555603027344,768.431884765625,56.29375457763672,330.1880798339844,133.18157958984375,81.35363006591797,62.9322509765625,44.87129592895508,39.92152786254883
2021-07-23,162.96800231933594,33.35551071166992,770.2846069335938,56.10871887207031,331.375244140625,132.92572021484375,80.48535919189453,63.54989242553711,44.79894256591797,39.53144836425781
2021-07-26,162.4315948486328,33.7359733581543,772.5361328125,57.0002555847168,333.01422119140625,133.81692504882812,82.17933654785156,63.67151641845703,45.16878890991211,39.9037971496582
2021-07-27,162.74212646484375,33.60324478149414,764.0173950195312,57.176902770996094,332.0751953125,133.64044189453125,82.1282730102539,63.04456329345703,45.14466094970703,40.0190544128418
2021-07-28,159.9943084716797,33.7359733581543,762.9801635742188,57.277828216552734,331.5347595214844,133.86099243164062,81.77925872802734,63.49372100830078,45.05622100830078,40.347076416015625
2021-07-29,161.8105010986328,34.22258377075195,770.6746826171875,57.874996185302734,334.47589111328125,135.0081787109375,82.55958557128906,64.1675033569336,45.37781524658203,41.224769592285156
2021-07-30,160.4742431640625,33.939456939697266,768.7066650390625,57.29879379272461,332.110595703125,133.93165588378906,82.3023452758789,63.58730697631836,44.65421676635742,40.72829055786133
2021-08-02,159.28857421875,33.58555603027344,774.1051635742188,57.39200210571289,335.0429382324219,133.39341735839844,82.51671600341797,63.39080047607422,44.324581146240234,40.59531784057617
2021-08-03,159.0721435546875,34.107566833496094,780.26611328125,58.3664665222168,336.96533203125,134.91107177734375,82.8339614868164,63.08198165893555,44.93561935424805,41.51732635498047
2021-08-04,158.14991760253906,33.85982894897461,781.8617553710938,58.06142807006836,334.7506408691406,133.45510864257812,82.56814575195312,63.32528305053711,44.2682991027832,40.914466857910156
2021-08-05,159.62733459472656,34.523406982421875,788.3062133789062,59.05283737182617,340.45587158203125,135.14053344726562,83.88868713378906,64.85062408447266,44.87129592895508,41.84049606323242
2021-08-06,161.25535583496094,35.52318572998047,794.343017578125,60.222198486328125,352.4954528808594,138.97903442382812,85.51793670654297,67.311767578125,45.828060150146484,43.42543411254883
2021-08-09,160.70950317382812,35.98325729370117,799.5552368164062,60.60350036621094,354.2584228515625,138.8290252685547,86.38401794433594,68.70609283447266,45.8602294921875,43.31858825683594
2021-08-10,159.49560546875,36.65568161010742,808.9429931640625,61.840660095214844,361.4254455566406,140.53201293945312,87.49874877929688,69.74484252929688,46.366737365722656,44.19118881225586
2021-08-11,160.60601806640625,37.11575698852539,812.9585571289062,62.95918655395508,366.67010498046875,142.20858764648438,89.07655334472656,70.00685119628906,47.26722717285156,45.108306884765625
2021-08-12,158.5828399658203,37.29270935058594,814.2438354492188,62.81513977050781,367.6533203125,142.7645263671875,89.75395202636719,70.7479248046875,47.31546401977539,45.544612884521484
2021-08-13,156.2866973876953,36.83263397216797,812.7545776367188,61.950828552246094,363.91485595703125,141.1673583984375,89.12799835205078,69.42528533935547,46.8089485168457,44.850101470947266
2021-08-16,155.97613525390625,36.53181838989258,819.8729858398438,61.09498596191406,361.7620544433594,140.2408447265625,88.9393310546875,68.72174072265625,46.286338806152344,43.995304107666016
2021-08-17,154.94100952148438,36.3548698425293,806.3367309570312,60.68824768066406,358.7677001953125,138.546630859375,88.21048736572266,68.00879669189453,45.635101318359375,43.37200927734375
2021-08-18,152.56959533691406,36.08943176269531,799.5020751953125,60.26457595825195,353.3016052246094,137.28482055664062,86.82990264892578,67.53980255126953,45.06425857543945,42.71310806274414
2021-08-19,149.65237426757812,35.55857467651367,801.1597900390625,59.17995071411133,348.6683044433594,136.1376495361328,85.51793670654297,66.65803527832031,44.49341583251953,42.0720100402832
2021-08-20,150.32994079589844,35.71783447265625,813.0294799804688,59.5273551940918,350.70587158203125,136.52590942382812,86.3154067993164,67.51165008544922,44.76677322387695,42.22336959838867
2021-08-23,150.9886474609375,36.19560241699219,822.5056762695312,60.06967544555664,355.6493225097656,138.2730712890625,87.60165405273438,67.82121276855469,45.16073226928711,42.39255142211914
2021-08-24,151.6944122314453,36.69991683959961,823.6846313476562,61.04413986206055,361.9480895996094,139.12901306152344,88.39910888671875,69.55661010742188,45.6753044128418,43.06036376953125
2021-08-25,156.38076782226562,37.29270935058594,832.8417358398438,62.0101318359375,365.98779296875,141.99685668945312,89.25659942626953,69.9599609375,46.34262466430664,43.888450622558594
2021-08-26,155.75027465820312,37.19538116455078,829.6150512695312,61.383087158203125,365.35882568359375,142.72921752929688,89.04222869873047,69.08757019042969,46.021018981933594,43.67474365234375
2021-08-27,158.705078125,37.59352493286133,846.5108032226562,61.84912872314453,371.8082275390625,143.87640380859375,90.42279815673828,71.14191436767578,46.87326431274414,44.351463317871094
2021-08-30,154.57398986816406,36.859169006347656,840.4296875,60.73063278198242,366.4130859375,141.57325744628906,89.25659942626953,68.89058685302734,45.89238357543945,43.104888916015625
2021-08-31,156.1737518310547,36.938804626464844,836.1835327148438,60.933998107910156,368.11346435546875,141.14089965820312,89.54815673828125,68.33712768554688,46.14161682128906,40.691864013671875
2021-09-01,154.74339294433594,36.44334030151367,836.6535034179688,60.42555618286133,368.24688720703125,140.93792724609375,89.44527435302734,68.66545867919922,45.16073226928711,38.68844223022461
2021-09-02,152.49429321289062,36.47891616821289,842.7257690429688,60.58656311035156,368.9947509765625,141.59095764160156,89.89114379882812,68.39344024658203,45.37781524658203,39.685699462890625
2021-09-03,149.9064483642578,36.505584716796875,834.4813232421875,60.30693054199219,366.1549072265625,140.7349853515625,89.3938217163086,67.62420654296875,45.14466094970703,39.32954025268555
2021-09-07,150.30169677734375,36.745704650878906,823.3967895507812,60.01035690307617,365.27362060546875,140.48794555664062,89.33377838134766,67.61483001708984,44.88737869262695,39.454193115234375
2021-09-08,149.55825805664062,36.265472412109375,822.9605102539062,59.34941101074219,360.5377197265625,139.86143493652344,88.81069946289062,67.12702941894531,44.49341583251953,39.01789093017578
2021-09-09,149.99114990234375,36.39887619018555,821.0018310546875,59.70529556274414,360.16375732421875,140.47027587890625,89.04222869873047,67.84934997558594,44.879337310791016,39.49871826171875
2021-09-10,149.36065673828125,35.81193542480469,816.0872802734375,58.951141357421875,359.1845703125,138.85548400878906,88.85357666015625,67.01449584960938,44.58185958862305,39.47200012207031
2021-09-13,151.92970275878906,36.40776062011719,815.7667846679688,59.75614929199219,364.33001708984375,141.0614471435547,89.5224380493164,67.43660736083984,45.458221435546875,40.74528121948242
2021-09-14,150.07582092285156,35.42955017089844,803.0261840820312,58.28171920776367,359.3714599609375,138.599609375,87.38728332519531,65.41041564941406,44.95170211791992,41.00350570678711
2021-09-15,151.82614135742188,35.69633483886719,809.8816528320312,59.69683837890625,357.8225402832031,139.56138610839844,88.35623931884766,66.74243927001953,46.471256256103516,41.52886199951172
2021-09-16,153.04010009765625,35.972015380859375,792.778564453125,59.31552505493164,353.131103515625,139.4996337890625,87.86746978759766,66.3953628540039,45.90846633911133,41.20830535888672
2021-09-17,154.25405883789062,36.0164794921875,780.483154296875,59.28163146972656,348.48419189453125,139.13783264160156,87.25008392333984,66.06704711914062,45.83610153198242,41.377479553222656
2021-09-20,151.1016082763672,34.780357360839844,763.2466430664062,57.02763366699219,336.61749267578125,134.972900390625,84.57469940185547,64.53804016113281,44.76677322387695,40.789817810058594
2021-09-21,153.64236450195312,34.79813766479492,752.5360107421875,56.72258377075195,334.5789794921875,134.9905242919922,84.2917251586914,64.2003173828125,45.90846633911133,40.82542419433594
2021-09-22,157.61351013183594,35.69633483886719,757.7088012695312,57.82414245605469,343.1517333984375,137.5759735107422,86.43546295166016,66.03890991210938,46.56773376464844,41.9206428527832
2021-09-23,163.1373748779297,37.07474136352539,780.0736694335938,60.061195373535156,348.84014892578125,142.22625732421875,88.7935562133789,69.69731140136719,47.669227600097656,42.561729431152344
2021-09-24,165.35821533203125,37.47491455078125,778.6936645507812,60.315406799316406,347.94110107421875,143.86749267578125,88.24475860595703,70.90739440917969,48.071224212646484,42.668582916259766
2021-09-27,166.34629821777344,38.4709358215332,779.450439453125,61.230567932128906,355.9173889160156,147.34423828125,90.12267303466797,72.58651733398438,49.12446212768555,42.34803771972656
2021-09-28,162.93035888671875,38.381996154785156,766.1846923828125,60.476417541503906,346.7392883300781,146.55006408691406,87.49874877929688,71.46084594726562,48.5777473449707,40.887760162353516
2021-09-29,161.42469787597656,38.30196762084961,762.6233520507812,60.611976623535156,342.635498046875,146.4353790283203,85.36357879638672,70.71040344238281,48.820796966552734,41.8761100769043
2021-09-30,157.6511688232422,37.75060272216797,746.6776123046875,59.468040466308594,336.5285339355469,144.4411163330078,83.44278717041016,68.3277359008789,48.15645980834961,41.324058532714844
2021-10-01,163.6831817626953,38.31085968017578,749.5533447265625,60.315406799316406,338.2822570800781,147.47662353515625,84.93485260009766,69.80987548828125,49.22587203979492,41.867218017578125
2021-10-04,162.47866821289062,38.542083740234375,735.0144653320312,60.40861892700195,333.0745544433594,147.31776428222656,83.30559539794922,68.693603515625,49.039546966552734,41.867218017578125
2021-10-05,164.454833984375,39.32466125488281,746.7845458984375,61.459346771240234,343.4543762207031,149.7234649658203,85.06346130371094,71.19820404052734,49.65526580810547,42.70420455932617
2021-10-06,163.17498779296875,39.342437744140625,745.6893920898438,61.36613464355469,345.44842529296875,150.04306030273438,84.97769927978516,71.01997375488281,49.78489303588867,42.624061584472656
2021-10-07,164.42025756835938,39.23572540283203,749.9629516601562,61.171260833740234,347.7363586425781,150.99293518066406,84.72044372558594,71.6578369140625,50.13327407836914,42.5261116027832
2021-10-08,165.2315673828125,39.43137741088867,751.7882080078125,61.306819915771484,349.6858825683594,151.10833740234375,85.78377532958984,72.54900360107422,50.49784469604492,42.73982238769531
2021-10-11,163.6372833251953,38.93336868286133,747.6302490234375,60.739097595214844,342.9469909667969,147.93026733398438,83.4256591796875,71.86420440673828,50.10897445678711,42.098716735839844
2021-10-12,165.00518798828125,38.71993637084961,744.478515625,59.85783004760742,344.0953674316406,146.7939910888672,83.84581756591797,72.48332977294922,49.955039978027344,41.53776550292969
2021-10-13,159.1656951904297,38.36421585083008,772.630615234375,59.53583908081055,343.89947509765625,142.92349243164062,84.52323913574219,71.54527282714844,49.79299545288086,41.00350570678711
2021-10-14,161.7976531982422,40.0805549621582,794.6215209960938,59.993412017822266,348.252685546875,145.1162109375,86.61552429199219,73.27128601074219,48.67497253417969,40.344608306884766
2021-10-15,165.85418701171875,41.23664855957031,807.7537841796875,61.25597381591797,361.4902038574219,147.9036407470703,87.5844955444336,75.88847351074219,48.79649353027344,43.07817840576172
2021-10-18,166.80699157714844,41.15660858154297,798.0047607421875,60.67976760864258,368.27362060546875,147.8503875732422,86.95852661132812,75.56014251708984,49.08005905151367,44.01310729980469
2021-10-19,167.26925659179688,41.334468841552734,802.7590942382812,60.80687713623047,366.91162109375,149.64356994628906,87.25008392333984,76.48882293701172,49.70388412475586,44.823387145996094
2021-10-20,169.4296112060547,41.87693405151367,803.898681640625,60.857723236083984,363.1103515625,151.65872192382812,86.3154067993164,76.53571319580078,50.70039367675781,44.663108825683594
2021-10-21,167.42018127441406,41.64572525024414,804.6021118164062,59.7476806640625,362.8433532714844,150.46914672851562,85.98954010009766,77.14546203613281,50.37632751464844,44.81447219848633
2021-10-22,176.4859619140625,42.303802490234375,814.6181030273438,60.476417541503906,368.83447265625,152.49317932128906,87.29293823242188,78.37430572509766,50.830013275146484,45.108306884765625
2021-10-25,171.98611450195312,42.25044250488281,823.3165283203125,60.01884078979492,369.2173156738281,151.7474822998047,87.38728332519531,77.75518035888672,50.65177917480469,45.072689056396484
2021-10-26,170.70314025878906,42.65061950683594,829.406494140625,59.86630630493164,371.7633056640625,152.15585327148438,88.72496795654297,77.9146499633789,50.58695983886719,45.081607818603516
2021-10-27,167.948486328125,41.83246994018555,816.6659545898438,59.578208923339844,365.8699951171875,148.98666381835938,87.35296630859375,76.12296295166016,48.83699417114258,44.565155029296875
2021-10-28,164.72216796875,42.49054718017578,832.8785400390625,60.061195373535156,369.2796325683594,151.2325897216797,88.50133514404297,76.91093444824219,49.36360549926758,45.731605529785156
2021-10-29,163.93914794921875,42.49054718017578,839.9835205078125,59.02845764160156,367.9710388183594,150.81541442871094,88.74308013916016,76.94847106933594,48.909912109375,45.553524017333984
2021-11-01,164.34481811523438,42.55280303955078,833.5464477539062,59.41253662109375,370.95318603515625,150.73548889160156,89.79647827148438,76.79837036132812,49.24208450317383,46.043251037597656
2021-11-02,163.36366271972656,42.57947540283203,843.8920288085938,58.55049514770508,377.31829833984375,151.3302459716797,90.36634063720703,76.70455932617188,49.30690383911133,45.67816925048828
2021-11-03,162.83538818359375,43.01523208618164,847.3197021484375,58.89189910888672,372.02142333984375,151.38351440429688,88.59629821777344,78.16793060302734,50.09275436401367,46.30147171020508
2021-11-04,162.75991821289062,42.09035873413086,849.4031982421875,57.18488311767578,363.2706604003906,149.39500427246094,86.16143798828125,76.40438079833984,48.83699417114258,45.24671936035156
2021-11-05,166.68435668945312,41.77021408081055,850.355712890625,57.17633819580078,362.3892822265625,149.18197631835938,86.23051452636719,76.12296295166016,49.16917419433594,45.08583450317383
2021-11-08,169.85409545898438,42.09925842285156,859.9356689453125,58.42245864868164,363.5110778808594,150.0785675048828,86.40319061279297,76.62014770507812,49.16917419433594,45.470184326171875
2021-11-09,169.67486572265625,41.690189361572266,860.7191162109375,58.02985382080078,360.8492126464844,148.94224548339844,86.09236907958984,75.77589416503906,48.66686248779297,44.594215393066406
2021-11-10,171.1181640625,42.001441955566406,854.0059814453125,58.217628479003906,355.3032531738281,148.80023193359375,84.41731262207031,75.91690826416016,49.007137298583984,45.01432418823242
2021-11-11,171.0333251953125,42.2326545715332,859.6951293945312,58.78093719482422,358.16961669921875,148.79136657714844,85.37570190429688,76.52802276611328,49.24208450317383,45.21991729736328
2021-11-12,171.58993530273438,41.71686553955078,864.9391479492188,59.02845764160156,360.45758056640625,148.12559509277344,86.21324157714844,77.19550323486328,49.015235900878906,45.55063247680664
2021-11-15,172.75967407226562,41.841365814208984,848.6907958984375,58.66996765136719,360.3685607910156,147.85922241210938,86.52407836914062,77.01687622070312,48.98283004760742,45.657901763916016
2021-11-16,170.6748046875,41.868045806884766,844.871337890625,57.81647872924805,358.8373718261719,146.7939910888672,86.93851470947266,76.91346740722656,49.03144073486328,45.02326202392578
2021-11-17,169.43899536132812,41.36114501953125,829.3707885742188,57.056861877441406,348.5641784667969,146.00392150878906,84.3396224975586,76.54680633544922,48.05923080444336,44.549522399902344
2021-11-18,166.23153686523438,41.192169189453125,821.5628051757812,57.27875900268555,348.40399169921875,144.7433624267578,84.3396224975586,76.82884979248047,47.51642990112305,44.603153228759766
2021-11-19,163.71273803710938,40.374027252197266,814.6004028320312,56.62156677246094,344.8609924316406,142.85247802734375,83.67476654052734,75.37161254882812,46.65764617919922,43.637794494628906
2021-11-22,161.22225952148438,41.15660858154297,818.4998779296875,57.219024658203125,352.66815185546875,145.89736938476562,85.7556381225586,77.01687622070312,47.78377914428711,44.9964485168457
2021-11-23,161.1750946044922,42.241546630859375,832.8342895507812,58.0981330871582,361.73052978515625,149.38612365722656,87.94873809814453,77.97584533691406,48.66686248779297,45.943931579589844
2021-11-24,161.89202880859375,42.357154846191406,828.6407470703125,57.42387008666992,355.36541748046875,148.2144012451172,87.30979919433594,78.16387176513672,48.48052215576172,45.863487243652344
2021-11-26,147.93955993652344,40.69417190551758,802.7501220703125,55.90462112426758,346.64141845703125,143.74911499023438,84.55545806884766,74.41268920898438,46.5847282409668,43.289188385009766
2021-11-29,148.92068481445312,40.54299545288086,826.2191162109375,55.51200866699219,344.1043701171875,143.12767028808594,83.95108032226562,75.3058090209961,46.50370788574219,43.94169998168945
2021-11-30,143.675537109375,39.54698944091797,805.394287109375,54.36832046508789,339.1635437011719,140.9971466064453,81.87020874023438,72.75801086425781,44.83475875854492,42.708187103271484
2021-12-01,141.56236267089844,38.986732482910156,801.5838623046875,53.36117172241211,336.9173583984375,140.16270446777344,82.2501220703125,71.94949340820312,44.43777084350586,42.198692321777344
2021-12-02,147.89239501953125,40.112632751464844,818.0725708007812,54.46220016479492,346.81512451171875,143.1099395751953,85.35843658447266,75.32462310791016,45.8555793762207,43.71824264526367
2021-12-03,147.10943603515625,39.20118713378906,800.9073486328125,53.56601333618164,342.51055908203125,140.51776123046875,84.7972183227539,73.77338409423828,45.03730773925781,42.68138122558594
2021-12-06,151.58099365234375,39.451385498046875,802.0343017578125,53.36117172241211,348.39013671875,142.17779541015625,85.71246337890625,75.55965423583984,46.08242416381836,43.62885665893555
2021-12-07,157.49591064453125,39.9517822265625,823.6971435546875,53.68551254272461,358.064208984375,144.31723022460938,88.50133514404297,76.4433822631836,46.73866271972656,44.91600036621094
2021-12-08,159.36378479003906,39.460323333740234,826.3267822265625,53.30996322631836,355.5674133300781,142.66610717773438,87.42203521728516,76.33998107910156,46.2120475769043,44.165164947509766
2021-12-09,158.50534057617188,39.75519943237305,822.0515747070312,53.036842346191406,354.8246154785156,142.4441680908203,86.84355926513672,75.8322982788086,46.34977722167969,44.415443420410156
2021-12-10,157.5714111328125,39.782005310058594,827.4895629882812,51.81633758544922,349.9651794433594,141.87600708007812,84.98719024658203,75.97332763671875,46.803462982177734,44.87130355834961
2021-12-13,154.05262756347656,38.942047119140625,820.781494140625,51.36397171020508,344.2198791503906,140.18931579589844,83.89926147460938,74.62889862060547,46.0338134765625,43.4053955078125
2021-12-14,153.62811279296875,39.43351364135742,807.114501953125,51.7565803527832,347.9605407714844,141.2634735107422,85.32392120361328,75.95451354980469,46.4307975769043,43.70036315917969
2021-12-15,153.05264282226562,39.263729095458984,818.32177734375,51.41518783569336,348.93609619140625,140.2071075439453,85.8506088256836,76.71602630615234,45.968994140625,43.745059967041016
2021-12-16,153.7695770263672,40.21091842651367,824.2608032226562,52.12359619140625,355.61212158203125,142.3997802734375,86.60179138183594,78.86897277832031,46.528018951416016,44.960693359375
2021-12-17,150.94891357421875,39.21012496948242,817.1232299804688,50.81772232055664,341.6782531738281,139.15956115722656,83.86471557617188,77.9852294921875,45.150726318359375,42.86014175415039
2021-12-20,147.06224060058594,38.566741943359375,802.5618896484375,49.74231719970703,332.55914306640625,136.65621948242188,82.3450927734375,75.8510971069336,44.453975677490234,41.87690734863281
2021-12-21,151.79795837402344,39.48713302612305,814.708251953125,50.6811637878418,340.3538818359375,138.56480407714844,84.41731262207031,78.21086883544922,45.23984146118164,42.73501205444336
2021-12-22,153.26963806152344,39.567543029785156,815.3075561523438,50.86893844604492,342.1526184082031,139.1063232421875,84.87493896484375,79.32965087890625,45.42619323730469,42.93164825439453
2021-12-23,154.89222717285156,39.692649841308594,817.4363403320312,51.38957977294922,344.5777893066406,139.60340881347656,85.77289581298828,80.03475952148438,45.62062454223633,43.226627349853516
2021-12-27,155.0808868408203,39.88922882080078,825.173095703125,51.76512145996094,347.2625732421875,140.40237426757812,86.68814086914062,80.6834487915039,45.968994140625,43.59309768676758
2021-12-28,155.09976196289062,39.942848205566406,824.5023803710938,51.73950958251953,346.87774658203125,140.8284912109375,86.31684875488281,80.38261413574219,45.97710418701172,43.28024673461914
2021-12-29,154.55259704589844,39.88029479980469,813.6797485351562,51.67123794555664,345.61590576171875,140.75747680664062,85.24620819091797,79.87492370605469,45.8555793762207,43.30706787109375
2021-12-30,154.86392211914062,39.79094314575195,817.293212890625,51.57734298706055,345.00732421875,140.6864471435547,85.306640625,79.42366027832031,45.863746643066406,42.994224548339844
2021-12-31,154.33563232421875,39.75519943237305,818.9031982421875,51.543209075927734,342.3494567871094,140.57106018066406,84.7540512084961,79.06642150878906,45.88007736206055,42.88695526123047
2022-01-03,158.68460083007812,41.26533889770508,815.4773559570312,53.8562126159668,353.7865295410156,143.544921875,86.5068359375,80.6270523071289,46.778568267822266,45.34505081176758
2022-01-04,163.77879333496094,42.882720947265625,820.3876953125,54.274436950683594,364.65972900390625,148.98666381835938,90.02098083496094,84.57566833496094,48.003787994384766,47.150630950927734
2022-01-05,162.03355407714844,42.15892791748047,797.6246337890625,53.6428337097168,356.7397155761719,146.26287841796875,87.79331970214844,83.96458435058594,47.750572204589844,46.739463806152344
2022-01-06,163.5183563232422,43.00782012939453,800.9518432617188,55.40105438232422,355.2183837890625,147.8167724609375,89.29568481445312,85.30899047851562,49.04929733276367,47.93721389770508
2022-01-07,164.9180450439453,43.94607925415039,798.0719604492188,56.14359664916992,355.7374267578125,149.2813720703125,89.83964538574219,86.24913787841797,49.825260162353516,48.956207275390625
2022-01-10,164.31280517578125,43.72267532348633,781.1404418945312,56.356990814208984,357.2229309082031,149.42428588867188,89.90869903564453,86.16452026367188,50.11931228637695,49.474639892578125
2022-01-11,165.86378479003906,43.97288131713867,794.4226684570312,57.27875900268555,360.6952209472656,149.57611083984375,91.4542465209961,88.28927612304688,50.74008560180664,50.10927200317383
2022-01-12,165.00314331054688,43.660125732421875,791.6676635742188,57.42387008666992,349.2940368652344,150.4244842529297,88.97622680664062,89.14479064941406,51.04230499267578,50.41318893432617
2022-01-13,163.88719177246094,43.57075881958008,775.9884643554688,57.85061264038086,349.7325134277344,150.23695373535156,88.54451751708984,87.79096984863281,51.61407470703125,50.05563735961914
2022-01-14,159.26251220703125,42.811222076416016,759.0122680664062,57.1251335144043,340.90863037109375,141.00283813476562,85.37570190429688,89.8122787475586,51.6630744934082,51.896976470947266
2022-01-18,157.1535186767578,41.336830139160156,744.1646118164062,55.733924865722656,317.15753173828125,135.09091186523438,81.17083740234375,86.6440200805664,50.79726791381836,50.672401428222656
2022-01-19,152.6328887939453,41.497676849365234,738.3508911132812,54.82920455932617,310.8216552734375,133.0011444091797,82.65592956542969,86.03291320800781,46.8602409362793,49.67129135131836
2022-01-20,152.18838500976562,40.881107330322266,739.2900390625,55.016971588134766,311.51971435546875,131.8669891357422,86.19597625732422,85.95768737792969,46.50902557373047,49.16179656982422
2022-01-21,150.12667846679688,40.13943099975586,716.365966796875,54.00130844116211,307.77001953125,129.5629425048828,85.35843658447266,83.86116027832031,45.006103515625,47.97296905517578
2022-01-24,150.3063507080078,39.80881118774414,703.75439453125,53.514808654785156,307.30462646484375,129.4468231201172,84.68498229980469,83.4004898071289,46.4028434753418,47.66012191772461
2022-01-25,163.7169647216797,40.59516525268555,714.2459716796875,54.71824645996094,305.6579895019531,130.85787963867188,85.5138931274414,83.23125457763672,46.89292526245117,47.90146255493164
2022-01-26,165.80706787109375,41.015140533447266,711.4911499023438,55.264495849609375,306.6692810058594,132.09918212890625,86.48953247070312,84.6226806640625,47.01544189453125,48.3930778503418
2022-01-27,162.57266235351562,40.63090515136719,704.7740478515625,54.75239944458008,305.1926574707031,129.7683563232422,87.33570861816406,84.33122253417969,46.91742706298828,48.05342102050781
2022-01-28,167.45262145996094,40.98833084106445,722.8236083984375,55.213294982910156,310.54425048828125,130.92929077148438,88.50946044921875,83.58851623535156,47.440189361572266,48.437774658203125
2022-01-31,170.0628662109375,41.2296028137207,736.0611572265625,55.580291748046875,317.408203125,132.70648193359375,89.15284729003906,82.45094299316406,47.530029296875,48.08917236328125
2022-02-01,173.58102416992188,41.944454193115234,738.7532958984375,56.809329986572266,325.802490234375,134.98370361328125,90.37874603271484,84.66967010498047,48.41218185424805,49.69810485839844
2022-02-02,174.16737365722656,41.899776458740234,735.676513671875,56.52769088745117,324.9075622558594,133.9031219482422,90.35267639160156,84.95173645019531,48.82058334350586,49.993080139160156
2022-02-03,174.0538787841797,41.48873519897461,720.7037963867188,55.69977951049805,321.1669006347656,132.7957763671875,88.93547821044922,83.56970977783203,48.31416702270508,49.5351676940918
2022-02-04,175.76568603515625,43.14185333251953,724.326416015625,56.84388732910156,328.9704895019531,136.24295043945312,90.51789093017578,86.3995590209961,48.76342010498047,50.57667922973633
2022-02-07,177.67605590820312,43.347373962402344,730.6766967773438,57.084754943847656,329.462646484375,136.69837951660156,91.44817352294922,87.56534576416016,48.66539764404297,51.47454833984375
2022-02-08,183.4734344482422,44.12479019165039,722.15283203125,57.738525390625,331.2077941894531,139.27032470703125,92.4654312133789,89.27640533447266,48.66539764404297,52.74951934814453
2022-02-09,185.7432403564453,44.03542709350586,727.1703491210938,58.35787582397461,335.1722717285156,139.85084533691406,94.53469848632812,88.86273956298828,48.804256439208984,53.02785110473633
2022-02-10,184.9015350341797,43.82990646362305,696.0355224609375,58.065399169921875,331.62841796875,139.27032470703125,93.52615356445312,87.47779846191406,48.36317443847656,53.01887893676758
2022-02-11,181.4022979736328,42.82017135620117,690.9371948242188,57.764320373535156,324.9075622558594,137.4574737548828,90.91780853271484,83.95418548583984,47.82408905029297,52.354454040527344
2022-02-14,181.91299438476562,42.373374938964844,680.0431518554688,57.17076873779297,322.3839111328125,136.18038940429688,89.1789321899414,82.66346740722656,47.268653869628906,51.941436767578125
2022-02-15,187.2374725341797,42.704002380371094,698.7186889648438,57.63529968261719,325.69512939453125,138.17190551757812,89.92665100097656,84.45352172851562,47.87309265136719,52.41731262207031
2022-02-16,187.61581420898438,42.605709075927734,700.7133178710938,57.592281341552734,322.2138977050781,138.4219512939453,87.94432067871094,84.1614761352539,47.86492156982422,52.201820373535156
2022-02-17,185.09066772460938,41.16704177856445,682.0018920898438,55.66537094116211,312.3788146972656,135.2337646484375,83.59709167480469,81.04296875,46.66421890258789,50.415077209472656
2022-02-18,184.30575561523438,41.068756103515625,676.2061157226562,55.17504119873047,309.6761169433594,135.86782836914062,82.96238708496094,80.65670013427734,46.639713287353516,49.94818878173828
2022-02-22,181.99810791015625,40.711334228515625,666.7786865234375,54.959991455078125,308.0921630859375,135.62669372558594,82.37987518310547,79.67687225341797,47.21147155761719,49.63392639160156
2022-02-23,178.6974639892578,40.01433181762695,655.16015625,54.383628845214844,305.3358154296875,132.78683471679688,81.33653259277344,77.77372741699219,46.27214813232422,48.43976974487305
2022-02-24,178.13003540039062,38.95990753173828,654.533935546875,52.19004821777344,304.44091796875,129.08961486816406,79.8237075805664,77.50994873046875,45.193965911865234,47.32642364501953
2022-02-25,183.19920349121094,40.228797912597656,671.5997314453125,53.31694412231445,313.327392578125,132.14385986328125,82.20597076416016,80.78861236572266,46.83575439453125,48.58342361450195
2022-02-28,183.98414611816406,39.496063232421875,665.3566284179688,50.95132064819336,305.4252624511719,126.63373565673828,78.89339447021484,79.57323455810547,46.18229293823242,47.91900634765625
2022-03-01,168.3983612060547,37.95017623901367,639.346435546875,50.40077209472656,295.44219970703125,121.8559799194336,76.1894302368164,73.35511779785156,43.993247985839844,45.15359115600586
2022-03-02,170.52627563476562,38.566741943359375,660.1240844726562,51.235191345214844,302.8057556152344,124.38330078125,76.84150695800781,77.0765609741211,45.92908477783203,46.8864631652832
2022-03-03,170.1290740966797,38.1536865234375,659.8290405273438,49.56635284423828,300.14117431640625,123.49913787841797,76.3198471069336,76.04022216796875,45.99443054199219,46.00655746459961
2022-03-04,163.5656280517578,36.77084732055664,627.1991577148438,48.680320739746094,296.7654724121094,120.02521514892578,75.08524322509766,74.64583587646484,45.12861633300781,43.80678939819336
2022-03-07,150.49549865722656,34.42721939086914,609.6234741210938,47.785682678222656,289.76202392578125,115.39033508300781,72.55514526367188,71.9419174194336,43.37248229980469,41.13115692138672
2022-03-08,151.36561584472656,34.651702880859375,596.838134765625,47.20072937011719,289.29388427734375,114.57765197753906,72.43341827392578,71.31065368652344,43.4950065612793,41.71476745605469
2022-03-09,159.49893188476562,36.851661682128906,624.1917724609375,48.12977600097656,300.2942199707031,119.16789245605469,75.98945617675781,74.79656982421875,44.524173736572266,44.13899612426758
2022-03-10,160.39744567871094,36.51942825317383,627.7482299804688,47.209320068359375,296.9725036621094,117.75688934326172,74.65050506591797,75.04154968261719,43.28263473510742,44.00431823730469
2022-03-11,158.78964233398438,36.21412658691406,618.6004028320312,46.589962005615234,294.3619079589844,115.10454559326172,74.05929565429688,75.59740447998047,43.004913330078125,43.519466400146484
2022-03-14,163.41432189941406,36.99534225463867,628.04541015625,46.650177001953125,292.5435791015625,116.24763488769531,73.65934753417969,78.44266510009766,44.066768646240234,44.76750564575195
2022-03-15,166.48797607421875,37.26471710205078,637.1753540039062,47.40718460083008,296.306396484375,118.31058502197266,75.05915069580078,78.35785675048828,44.43433380126953,44.99197769165039
2022-03-16,170.80999755859375,38.43205261230469,658.2803344726562,48.860965728759766,306.74853515625,123.59739685058594,79.78022003173828,83.79402160644531,45.969932556152344,46.32978057861328
2022-03-17,176.82492065429688,38.638580322265625,667.1221313476562,49.28247833251953,309.008056640625,125.16020965576172,81.60606384277344,84.58541870117188,46.27214813232422,46.222042083740234
2022-03-18,180.37139892578125,38.52184295654297,665.0151977539062,49.3340950012207,310.907470703125,125.1155776977539,82.44073486328125,84.79269409179688,46.174129486083984,46.16816329956055
2022-03-21,178.82986450195312,38.46797561645508,660.7293701171875,49.01580810546875,305.16424560546875,124.71370697021484,80.5192642211914,83.8599853515625,45.87191390991211,45.916770935058594
2022-03-22,180.94833374023438,39.67121505737305,672.4703979492188,49.463130950927734,308.7740173339844,127.36605072021484,81.9190673828125,86.86539459228516,46.574371337890625,47.93696212768555
2022-03-23,175.9264678955078,38.69245910644531,663.0974731445312,48.4738655090332,302.1126708984375,124.82979583740234,80.31928253173828,84.55716705322266,45.61869812011719,45.89881134033203
2022-03-24,178.64073181152344,38.674503326416016,664.7361450195312,48.534080505371094,302.6707458496094,125.64247131347656,80.10189819335938,85.66887664794922,45.78205490112305,46.08736801147461
2022-03-25,179.955322265625,39.26713943481445,667.2212524414062,48.80935287475586,303.80499267578125,126.74092102050781,80.31928253173828,86.07402038574219,46.656044006347656,47.19173812866211
2022-03-28,179.40675354003906,39.105506896972656,675.1806640625,48.103965759277344,301.8335266113281,125.80321502685547,79.35419464111328,86.48855590820312,46.3211555480957,46.518341064453125
2022-03-29,180.57949829101562,39.00673294067383,696.213623046875,48.577091217041016,305.7583312988281,126.08002471923828,79.84979248046875,85.94212341308594,46.45184326171875,46.32978057861328
2022-03-30,179.46353149414062,38.611637115478516,699.923095703125,47.28675079345703,302.09454345703125,125.50852966308594,78.48473358154297,83.62443542480469,45.43898391723633,44.99197769165039
2022-03-31,176.853271484375,37.0132942199707,688.0469970703125,45.93619155883789,297.152587890625,121.73986053466797,75.98945617675781,79.43191528320312,43.76734161376953,43.5104866027832
2022-04-01,177.0140380859375,36.7259521484375,693.0802612304688,45.015743255615234,297.2606201171875,120.83788299560547,75.63296508789062,78.70646667480469,43.56147003173828,43.73495864868164
2022-04-04,177.4774932861328,36.66310119628906,704.30810546875,45.420047760009766,295.4512023925781,121.37373352050781,75.88510131835938,77.53822326660156,43.36384201049805,43.5104866027832
2022-04-05,175.34011840820312,36.043514251708984,688.2811279296875,44.37057876586914,291.6253662109375,119.96125793457031,74.146240234375,77.12366485595703,43.64382553100586,43.20521545410156
2022-04-06,173.74179077148438,35.64842224121094,670.9937133789062,43.46733856201172,284.69390869140625,118.29686737060547,72.27692413330078,76.19095611572266,43.61912155151367,42.99870681762695
2022-04-07,172.98306274414062,35.37004852294922,674.2891235351562,43.03721237182617,282.7945556640625,117.93700408935547,72.27692413330078,75.3995361328125,43.2979621887207,42.86403274536133
2022-04-08,174.22549438476562,35.62147903442383,662.7733154296875,43.76841735839844,289.3118896484375,120.09619903564453,73.08550262451172,76.9635009765625,43.026222229003906,43.7529182434082
2022-04-11,168.4116973876953,35.54964828491211,655.8223266601562,43.48453903198242,288.7447814941406,119.6553726196289,73.05072784423828,76.85986328125,42.589778900146484,44.29164123535156
2022-04-12,166.4863739013672,35.17251205444336,645.4229125976562,43.303897857666016,287.8625793457031,118.34184265136719,72.97248077392578,75.43722534179688,41.84864807128906,43.474571228027344
2022-04-13,170.32745361328125,34.85822677612305,644.44140625,43.140445709228516,289.8339538574219,114.52729034423828,73.14636993408203,78.97968292236328,41.67573547363281,43.58232116699219
2022-04-14,171.8164825439453,33.735801696777344,619.61767578125,43.81141662597656,289.5369873046875,113.46569061279297,73.69412994384766,77.96216583251953,43.40501403808594,41.615997314453125
2022-04-18,174.96527099609375,34.88517761230469,612.2616577148438,44.99853515625,296.9544677734375,115.57089233398438,75.1895523071289,70.60404968261719,43.42972183227539,42.35224533081055
2022-04-19,177.51651000976562,35.53169250488281,631.6829223632812,45.523284912109375,302.4186706542969,117.9639892578125,77.30231475830078,72.45063781738281,43.54500198364258,42.94484329223633
2022-04-20,178.74000549316406,35.61250305175781,629.3689575195312,45.678123474121094,307.01861572265625,118.37785339355469,78.78036499023438,72.02670288085938,43.684993743896484,43.68109130859375
2022-04-21,176.16029357910156,34.93904495239258,613.5762939453125,45.273807525634766,300.9333190917969,117.4601821899414,77.30231475830078,69.03068542480469,43.34737014770508,42.89994430541992
2022-04-22,171.2284698486328,33.7268180847168,596.9010620117188,44.06949234008789,287.8536376953125,114.08644104003906,73.67672729492188,66.25135803222656,41.85689926147461,41.60702133178711
2022-04-25,174.6049041748047,33.484378814697266,601.7091064453125,43.98347473144531,289.3389587402344,114.05045318603516,73.94625854492188,66.241943359375,41.865135192871094,41.14911651611328
2022-04-26,169.43594360351562,32.73009490966797,582.593994140625,43.209266662597656,281.8673400878906,110.67671966552734,71.61614227294922,64.5743408203125,41.1981201171875,40.02678298950195
2022-04-27,168.4685516357422,32.55051040649414,578.96533203125,42.667320251464844,281.96636962890625,109.23725891113281,71.4770278930664,64.61205291748047,40.87696075439453,40.02678298950195
2022-04-28,172.59423828125,33.0533561706543,586.1233520507812,43.02861022949219,286.6293029785156,110.96460723876953,73.1343994140625,65.12079620361328,41.20634460449219,40.556522369384766
2022-04-29,165.6991424560547,32.03868865966797,562.4524536132812,41.89879608154297,274.9989318847656,107.38391876220703,70.67028045654297,62.49222183227539,39.98762512207031,39.1738166809082
2022-05-02,162.76853942871094,32.45172882080078,562.5603637695312,42.33333969116211,279.43682861328125,108.36456298828125,71.87163543701172,63.96195983886719,40.22642517089844,39.20972442626953
2022-05-03,163.23326110839844,33.340702056884766,568.1967163085938,43.5413703918457,283.2536315917969,110.68572235107422,73.44131469726562,65.44113159179688,40.73698043823242,39.649688720703125
2022-05-04,168.64878845214844,34.67863845825195,598.9628295898438,45.392539978027344,291.7603759765625,114.34733581542969,76.48419952392578,67.23118591308594,41.60985565185547,41.283782958984375
2022-05-05,162.19000244140625,33.708858489990234,570.6727905273438,44.592979431152344,281.8222961425781,111.48641204833984,74.4848403930664,65.80854797363281,40.54758834838867,40.40809631347656
2022-05-06,158.5290985107422,33.62804412841797,565.9998168945312,44.862403869628906,281.7233581542969,111.30647277832031,73.86223602294922,63.51914978027344,40.5887565612793,40.21852111816406
2022-05-09,152.7152557373047,32.65825271606445,545.237060546875,43.35887145996094,278.0595397949219,109.63311004638672,71.1613540649414,60.41950607299805,40.7122688293457,39.685890197753906
2022-05-10,153.4834747314453,32.11052322387695,549.4418334960938,42.36810302734375,274.61181640625,106.96109771728516,70.38089752197266,60.84347152709961,40.646392822265625,38.89144515991211
2022-05-11,151.1693115234375,31.939899444580078,540.5459594726562,41.420799255371094,271.45208740234375,106.2863540649414,69.17951202392578,61.35222244262695,39.905269622802734,38.4310302734375
2022-05-12,145.36492919921875,31.490928649902344,540.591064453125,40.464805603027344,269.5257263183594,106.19637298583984,68.91645812988281,61.38056945800781,40.0123291015625,37.74491882324219
2022-05-13,150.56231689453125,31.580724716186523,554.03369140625,41.40342330932617,276.34912109375,107.14102172851562,70.62643432617188,62.00429916381836,40.02055358886719,38.49422073364258
2022-05-16,148.3619842529297,31.257463455200195,538.97021484375,41.24699020385742,273.15350341796875,106.39431762695312,70.065185546875,60.52058792114258,39.748809814453125,38.10602951049805
2022-05-17,153.50242614746094,32.317047119140625,550.7833862304688,44.36701583862305,281.7323303222656,109.9209976196289,72.72224426269531,61.61684036254883,40.88520431518555,39.46018600463867
2022-05-18,148.0489959716797,31.32032012939453,532.9019165039062,42.86349105834961,276.1151123046875,108.04069519042969,70.75796508789062,59.79290008544922,40.432289123535156,38.01575469970703
2022-05-19,146.05731201171875,30.9342098236084,534.0004272460938,43.263275146484375,277.4384460449219,106.43928527832031,70.1178207397461,59.216434478759766,40.54758834838867,37.91645050048828
2022-05-20,145.33653259277344,30.404422760009766,540.6270141601562,43.237205505371094,276.1781005859375,105.56661224365234,69.60045623779297,59.802364349365234,40.52288055419922,37.6185302734375
2022-05-23,150.83737182617188,32.209285736083984,550.5943603515625,45.86185073852539,285.0089111328125,112.09818267822266,72.17855834960938,61.68297576904297,41.791011810302734,39.55949401855469
2022-05-24,147.6032257080078,32.011749267578125,556.7529907226562,45.783634185791016,282.6144714355469,113.68158721923828,71.87163543701172,60.42608642578125,42.02982711791992,39.08102798461914
2022-05-25,152.23153686523438,32.18235397338867,564.1810913085938,45.80101013183594,283.4696350097656,114.4732894897461,72.10840606689453,62.18387222290039,42.15333938598633,39.830326080322266
2022-05-26,156.84091186523438,32.927650451660156,587.4469604492188,47.00905227661133,291.3283386230469,116.45255279541016,74.5374526977539,65.03790283203125,42.93563461303711,41.16643142700195
2022-05-27,160.8527374267578,33.24192428588867,600.13330078125,46.600582122802734,295.7843017578125,118.09894561767578,75.8089599609375,66.71061706542969,43.232086181640625,41.4282341003418
2022-05-31,160.11294555664062,33.40355682373047,602.429443359375,46.41806411743164,296.02880859375,118.96260833740234,75.5371322631836,66.24754333496094,43.70146179199219,41.31990432739258
2022-06-01,157.2107696533203,32.927650451660156,594.7131958007812,45.53159713745117,291.50030517578125,116.87539672851562,74.5374526977539,65.74667358398438,42.61448287963867,40.76921081542969
2022-06-02,160.41644287109375,33.14439010620117,618.1051025390625,45.56635665893555,293.67401123046875,118.75569152832031,74.71283721923828,67.73127746582031,42.96858215332031,40.92268371582031
2022-06-03,158.2255859375,32.683799743652344,609.1546630859375,44.61036682128906,288.6292419433594,117.1003189086914,73.7657699584961,66.21919250488281,42.77094650268555,40.46227264404297
2022-06-06,158.40577697753906,32.647674560546875,612.4193725585938,44.67119598388672,290.2866516113281,116.71346282958984,74.42345428466797,64.31966400146484,43.026222229003906,40.73309326171875
2022-06-07,159.98963928222656,32.828304290771484,616.29150390625,45.27955627441406,291.1923828125,117.01935577392578,74.82684326171875,63.7809944152832,43.281494140625,41.04906463623047
2022-06-08,157.4004669189453,32.41286849975586,600.6939697265625,44.67988967895508,285.00640869140625,115.15704345703125,72.95902252197266,62.117706298828125,42.6885986328125,40.290740966796875
2022-06-09,152.6773223876953,31.16656494140625,598.3724975585938,43.428401947021484,275.5327453613281,112.73695373535156,71.17012023925781,60.71904754638672,41.44515609741211,38.52130889892578
2022-06-10,146.45562744140625,29.956384658813477,560.122314453125,41.46426010131836,259.95465087890625,107.55488586425781,67.87293243408203,58.80061340332031,40.11937713623047,36.183135986328125
2022-06-13,138.7449493408203,28.91780662536621,542.93798828125,39.70869445800781,256.6036376953125,104.3520736694336,65.92620086669922,56.92942810058594,38.75242233276367,35.199100494384766
2022-06-14,137.14210510253906,28.412059783935547,536.145751953125,39.9433479309082,255.8971710205078,102.61572265625,65.73326873779297,57.751609802246094,37.64897537231445,33.79077911376953
2022-06-15,138.67857360839844,28.944902420043945,544.008056640625,41.351280212402344,262.7171325683594,103.83026885986328,66.66279602050781,58.1296272277832,38.17599105834961,34.458831787109375
2022-06-16,130.40834045410156,28.764278411865234,531.1945190429688,40.75160598754883,258.1070861816406,102.04894256591797,64.84757995605469,57.515357971191406,37.393699645996094,33.98939514160156
2022-06-17,136.74375915527344,28.82749366760254,528.0114135742188,40.4300422668457,253.4063720703125,101.68905639648438,63.92683029174805,56.69316482543945,37.393699645996094,34.738685607910156
2022-06-21,137.2938690185547,29.667390823364258,557.2840576171875,41.6815299987793,257.953125,104.20812225341797,65.44388580322266,58.95182418823242,38.15128707885742,35.199100494384766
2022-06-22,136.9429473876953,29.441612243652344,552.51416015625,41.02101516723633,257.70855712890625,103.62334442138672,65.24219512939453,59.008522033691406,38.29127883911133,34.84702682495117
2022-06-23,134.34423828125,28.971994400024414,566.5065307617188,40.28229904174805,259.18487548828125,102.48976135253906,64.86512756347656,58.62105178833008,37.64897537231445,34.215087890625
2022-06-24,138.61216735839844,29.179712295532227,587.4271850585938,41.59461975097656,274.2013854980469,105.54861450195312,68.24124908447266,60.889156341552734,39.13121795654297,36.79701232910156
2022-06-27,136.84811401367188,29.215831756591797,577.5789794921875,41.56855010986328,272.4171447753906,104.70294952392578,67.90800476074219,60.62454605102539,38.90888214111328,36.32757568359375
2022-06-28,134.85641479492188,29.134552001953125,570.505615234375,41.02971267700195,271.2487487792969,104.19912719726562,68.53937530517578,60.64344024658203,38.61243438720703,36.27340316772461
2022-06-29,132.27667236328125,28.7733097076416,560.3854370117188,40.934104919433594,274.681396484375,103.73131561279297,68.56568908691406,60.12366485595703,38.35462188720703,35.84909439086914
2022-06-30,131.9625244140625,28.114030838012695,552.2962646484375,39.96942138671875,269.01177978515625,101.31120300292969,66.6978759765625,59.707847595214844,38.271461486816406,35.36160659790039
2022-07-01,133.65708923339844,28.502370834350586,559.2427368164062,40.734222412109375,271.0133361816406,102.60672760009766,67.30292510986328,60.40718078613281,38.7454948425293,36.03867721557617
2022-07-05,132.9430694580078,28.21337127685547,562.8880615234375,40.50825119018555,269.1747741699219,102.2164306640625,66.74171447753906,59.90631103515625,38.63738250732422,36.20117950439453
2022-07-06,131.51512145996094,27.978565216064453,557.46533203125,40.108482360839844,266.05914306640625,101.55389404296875,66.16294860839844,59.95355987548828,38.6706428527832,35.659515380859375
2022-07-07,134.25680541992188,28.7733097076416,565.5906982421875,40.7863655090332,270.4427490234375,104.12245178222656,67.51337432861328,60.7095947265625,38.886863708496094,36.21923065185547
2022-07-08,134.9517364501953,28.71009063720703,561.8363037109375,40.690773010253906,268.5135803222656,103.79570770263672,67.28539276123047,60.82300567626953,38.695587158203125,36.27340316772461
2022-07-11,133.82843017578125,28.412059783935547,548.6328735351562,40.14324188232422,265.5337829589844,102.43428802490234,66.4874038696289,59.48104476928711,38.5458984375,35.92131423950195
2022-07-12,132.4956512451172,28.321748733520508,547.0821533203125,40.09109878540039,264.9450988769531,102.53411865234375,66.5926284790039,58.82896423339844,38.4211540222168,35.74979782104492
2022-07-13,132.705078125,27.852130889892578,540.81591796875,39.5435791015625,262.78955078125,101.57203674316406,65.75081634521484,58.16743087768555,37.689327239990234,35.27132034301758
2022-07-14,129.92530822753906,27.210912704467773,533.7880859375,38.361610412597656,255.0367431640625,98.02323913574219,65.49649047851562,57.24128723144531,36.79948043823242,34.973411560058594
2022-07-15,135.63717651367188,29.12552261352539,544.434326171875,43.43708419799805,266.15875244140625,102.5159683227539,68.44293212890625,58.76280975341797,38.728858947753906,37.13103485107422
2022-07-18,135.49440002441406,29.134552001953125,541.8588256835938,43.51530838012695,272.8519287109375,101.4631118774414,69.15322875976562,57.87446975708008,38.82033920288086,37.18519592285156
2022-07-19,140.68263244628906,30.118953704833984,569.7982788085938,45.30562973022461,288.05859375,103.97724151611328,71.59981536865234,59.72675323486328,39.46900177001953,38.72894287109375
2022-07-20,141.7773895263672,30.12797737121582,575.5928955078125,45.583740234375,291.13800048828125,103.95907592773438,71.74008178710938,59.37709045410156,39.1280403137207,38.56645202636719
2022-07-21,142.9673614501953,30.389890670776367,579.7461547851562,45.705413818359375,295.748046875,104.66700744628906,72.8011703491211,59.66060256958008,39.59375,39.07199478149414
2022-07-22,145.6614532470703,30.191198348999023,574.6044921875,45.11442947387695,293.3841857910156,104.15876007080078,72.2837905883789,59.52829360961914,39.676910400390625,38.972686767578125
2022-07-25,146.40399169921875,30.46213722229004,576.8805541992188,45.331703186035156,293.5562438964844,104.57628631591797,72.38903045654297,60.16147232055664,39.95966720581055,39.270606994628906
2022-07-26,142.6341552734375,29.8480167388916,564.9014892578125,44.67119598388672,288.511474609375,102.94255828857422,70.84566497802734,57.80830764770508,39.43573760986328,38.72894287109375
2022-07-27,144.34774780273438,30.33570671081543,583.382568359375,45.4968376159668,293.9366149902344,104.59442138671875,72.35394287109375,59.07467269897461,40.09272384643555,39.46018600463867
2022-07-28,144.83323669433594,30.091859817504883,598.4902954101562,45.392539978027344,298.07568359375,104.20413970947266,73.42949676513672,63.979454040527344,38.35462188720703,39.10810852050781
2022-07-29,146.62295532226562,30.534387588500977,606.833251953125,45.550506591796875,301.9521484375,104.70333099365234,74.62454986572266,65.25525665283203,39.252784729003906,39.604637145996094
2022-08-01,145.96607971191406,30.444076538085938,608.83740234375,45.56806945800781,300.76556396484375,103.6595687866211,74.43863677978516,64.9433822631836,39.51058578491211,39.30672073364258
2022-08-02,144.31915283203125,29.838991165161133,604.0946044921875,44.54121398925781,296.9617004394531,102.04399871826172,73.94292449951172,63.83769226074219,39.02824020385742,38.71089172363281
2022-08-03,147.96522521972656,30.3808536529541,626.2031860351562,45.29600143432617,301.75286865234375,103.11500549316406,75.28845977783203,65.1891098022461,39.63533020019531,39.622684478759766
2022-08-04,149.33609008789062,30.16411018371582,631.16357421875,44.98881912231445,300.5755310058594,101.98047637939453,75.56288146972656,65.20801544189453,39.14467239379883,38.8773193359375
2022-08-05,149.94532775878906,30.66985321044922,631.0910034179688,45.33987808227539,303.1114807128906,105.06639862060547,76.2445068359375,65.50096130371094,39.410797119140625,39.77721405029297
2022-08-08,149.72634887695312,30.245389938354492,631.3992919921875,45.173126220703125,303.1204833984375,103.78662872314453,76.1559829711914,64.68821716308594,39.04487609863281,39.259098052978516
2022-08-09,151.17337036132812,30.633726119995117,631.616943359375,45.71727752685547,304.8775634765625,104.72148132324219,76.44813537597656,65.24580383300781,39.236148834228516,39.449981689453125
2022-08-10,154.63856506347656,31.672313690185547,657.6430053710938,46.682701110839844,315.1029052734375,107.45342254638672,78.68773651123047,66.09634399414062,39.80997085571289,40.29534149169922
2022-08-11,155.162109375,32.43093490600586,660.762451171875,47.39360809326172,318.5174255371094,109.0417709350586,79.84737396240234,68.7982177734375,40.283992767333984,41.13160705566406
2022-08-12,157.87525939941406,32.78315734863281,681.7827758789062,47.72712326049805,320.4556579589844,110.8479232788086,81.13982391357422,71.1019058227539,40.558433532714844,41.7588005065918
2022-08-15,157.45640563964844,32.73798751831055,685.401123046875,47.455047607421875,322.294189453125,111.1474609375,81.45848846435547,71.917236328125,40.816246032714844,41.58609390258789
2022-08-16,157.40884399414062,33.09020233154297,686.5346069335938,47.55158996582031,321.4971618652344,112.20936584472656,81.28144073486328,73.16862487792969,40.999183654785156,41.86788558959961
2022-08-17,156.02845764160156,32.882484436035156,673.9751586914062,47.18296813964844,320.3831787109375,111.26546478271484,80.86540222167969,71.53801727294922,40.77466583251953,41.94060134887695
2022-08-18,156.74244689941406,32.76509094238281,675.7886352539062,46.9986572265625,321.0895690917969,110.4031753540039,81.20177459716797,71.81293487548828,40.75802993774414,41.94060134887695
2022-08-19,154.44818115234375,32.0426025390625,647.3414916992188,46.17365264892578,316.33465576171875,107.67127227783203,79.67919921875,70.02116394042969,40.425376892089844,41.22249984741211
2022-08-22,150.12619018554688,31.356220245361328,630.2929077148438,44.980037689208984,310.1306457519531,105.89231872558594,78.30709838867188,68.77925109863281,39.5854377746582,40.36805725097656
2022-08-23,149.77395629882812,31.07625389099121,632.0341186523438,44.71674346923828,308.10186767578125,104.8485336303711,78.16545867919922,69.00679016113281,39.42742919921875,40.331703186035156
2022-08-24,151.48756408691406,31.175601959228516,635.1627197265625,44.7693977355957,309.69586181640625,105.10269165039062,78.43102264404297,69.50923156738281,39.24446487426758,40.577117919921875
2022-08-25,154.43862915039062,31.73552703857422,644.3941650390625,45.690948486328125,313.8167724609375,107.59864807128906,79.5906753540039,70.15389251708984,39.71848678588867,41.25886154174805
2022-08-26,149.7549285888672,30.733070373535156,613.4169311523438,43.689884185791016,304.6783142089844,104.07706451416016,76.84646606445312,68.15355682373047,38.66232681274414,39.968109130859375
2022-08-29,147.1179656982422,30.61566925048828,612.9181518554688,43.33004379272461,302.43212890625,103.82294464111328,75.55404663085938,68.20096588134766,38.337989807128906,39.92264938354492
2022-08-30,147.232177734375,30.787256240844727,610.0433959960938,43.075523376464844,302.16949462890625,103.8410873413086,74.73963928222656,68.73187255859375,38.17998504638672,40.12263870239258
2022-08-31,144.69996643066406,30.353761672973633,604.3032836914062,42.83855438232422,303.57476806640625,103.22392272949219,75.43893432617188,67.26241302490234,37.93049621582031,39.73176193237305
2022-09-01,143.85267639160156,30.42648696899414,602.9065551757812,42.785892486572266,304.33221435546875,103.9318618774414,76.27991485595703,67.99239349365234,38.14671325683594,39.72267532348633
2022-09-02,142.5961151123047,30.390125274658203,596.7491455078125,42.8648796081543,302.4888916015625,103.20576477050781,76.48352813720703,66.68409729003906,37.88059616088867,39.431800842285156
2022-09-06,141.46324157714844,30.053773880004883,604.4692993164062,42.32073211669922,297.9352111816406,103.23298645019531,75.35929107666016,66.807373046875,37.689327239990234,38.97731018066406
2022-09-07,144.93792724609375,30.51738739013672,615.9716186523438,42.68057632446289,301.6492919921875,105.19344329833984,76.8907241821289,68.05875396728516,38.17998504638672,39.84992980957031
2022-09-08,146.14695739746094,31.49918556213379,632.1424560546875,43.795204162597656,306.0477600097656,107.64403533935547,78.28939056396484,69.35757446289062,39.1280403137207,41.113426208496094
2022-09-09,150.83067321777344,31.762815475463867,635.3765258789062,44.47100067138672,310.35498046875,108.16136932373047,79.19232177734375,70.66583251953125,39.56880187988281,41.20432662963867
2022-09-12,154.6480712890625,32.062808990478516,636.6099853515625,44.64652633666992,312.6180114746094,109.44112396240234,79.8031234741211,71.02607727050781,39.55216979980469,41.3861198425293
2022-09-13,147.8890838623047,30.90829086303711,589.1937866210938,43.005306243896484,299.66912841796875,105.63817596435547,77.0589370727539,69.158447265625,37.57290267944336,39.286354064941406
2022-09-14,148.7934112548828,30.790111541748047,587.9786376953125,42.50505065917969,298.6379699707031,105.39314270019531,77.17400360107422,68.96886444091797,37.50636672973633,39.34090042114258
2022-09-15,148.63160705566406,31.371919631958008,577.7097778320312,42.513816833496094,302.61663818359375,106.9814682006836,78.13005065917969,68.80770111083984,38.14671325683594,40.12263870239258
2022-09-16,145.72805786132812,31.017383575439453,572.593505859375,42.22419738769531,297.6797790527344,106.26443481445312,77.39530181884766,68.13459777832031,38.14671325683594,39.940834045410156
2022-09-19,147.89859008789062,31.535551071166992,579.8931884765625,42.338287353515625,299.9154968261719,107.24467468261719,78.53723907470703,69.87896728515625,38.37957763671875,40.2862434387207
2022-09-20,146.10887145996094,31.062829971313477,568.5462036132812,41.46940231323242,294.98779296875,105.12991333007812,77.18284606933594,69.53766632080078,37.414894104003906,39.459068298339844
2022-09-21,141.56796264648438,30.13558006286621,555.5547485351562,40.66195297241211,292.6607971191406,102.09844970703125,76.44813537597656,69.12055206298828,36.533363342285156,38.422828674316406
2022-09-22,136.16078186035156,29.544692993164062,548.6204223632812,40.003719329833984,285.5520935058594,100.93669891357422,75.04060363769531,68.31474304199219,35.78489685058594,37.741092681884766
2022-09-23,133.52377319335938,28.844707489013672,540.297607421875,38.8452033996582,275.559814453125,99.05792236328125,72.15475463867188,67.20553588867188,35.028114318847656,36.73210906982422
2022-09-26,130.8487548828125,28.208362579345703,534.1398315429688,37.73057556152344,268.85260009765625,96.92500305175781,70.6056137084961,67.20553588867188,34.14659881591797,36.36852264404297
2022-09-27,130.88682556152344,27.790191650390625,528.612548828125,37.3795166015625,265.8960266113281,96.07183074951172,70.35774993896484,67.9070816040039,34.06343078613281,36.386695861816406
2022-09-28,133.8093719482422,28.24472999572754,534.8525390625,38.090415954589844,274.4830322265625,98.01416778564453,72.11935424804688,69.44288635253906,34.44597625732422,37.09571075439453
2022-09-29,131.17239379882812,27.87200927734375,515.2008666992188,37.20397186279297,270.2123107910156,96.35319519042969,70.69413757324219,68.86457824707031,34.269287109375,36.81391906738281
2022-09-30,128.43075561523438,27.45383644104004,502.7391357421875,36.57206726074219,267.4199523925781,94.84652709960938,69.94171142578125,68.13459777832031,33.924320220947266,36.55940628051758
2022-10-03,133.2953338623047,28.262908935546875,523.2404174804688,37.35319137573242,272.9864807128906,97.7781753540039,71.15444946289062,69.40496063232422,34.97604751586914,37.795631408691406
2022-10-04,138.4740447998047,29.43560218811035,540.2152099609375,38.97684860229492,287.3315734863281,102.35259246826172,74.33241271972656,72.2585220336914,35.867916107177734,39.577239990234375
2022-10-05,137.43637084960938,29.017433166503906,532.7694091796875,38.47658157348633,281.9749755859375,101.0888671875,73.57112884521484,71.98359680175781,35.50611877441406,39.3681755065918
2022-10-06,135.5419464111328,28.599262237548828,522.2264404296875,37.79201126098633,278.0236511230469,99.02845764160156,71.97770690917969,72.04047393798828,34.56377410888672,38.39555740356445
2022-10-07,132.3242950439453,27.95382308959961,502.848876953125,37.028446197509766,274.74761962890625,97.05044555664062,69.87089538574219,70.44778442382812,33.8233642578125,37.986515045166016
2022-10-10,130.90585327148438,27.87200927734375,498.40869140625,36.51062774658203,274.2548828125,96.14385223388672,69.41056823730469,69.73677825927734,33.512046813964844,37.67746353149414
2022-10-11,130.75350952148438,27.06294059753418,485.2528381347656,35.501319885253906,268.4784851074219,93.369140625,68.16239929199219,67.98291778564453,32.637020111083984,36.56850051879883
2022-10-12,130.17283630371094,27.144756317138672,485.2162780761719,35.843605041503906,269.48236083984375,94.880126953125,67.80831146240234,68.15355682373047,32.90625762939453,36.82301330566406
2022-10-13,135.2662353515625,28.8083438873291,517.1285400390625,37.69547653198242,280.2137451171875,100.15482330322266,70.21612548828125,70.22025299072266,34.80776596069336,38.522823333740234
2022-10-14,130.73663330078125,28.81743812561035,503.3512878417969,37.94121170043945,273.7529296875,101.82146453857422,66.65751647949219,65.39480590820312,35.9772834777832,39.240909576416016
2022-10-17,135.2566680908203,30.56285285949707,520.0703735351562,38.257171630859375,279.88525390625,106.09797668457031,68.28631591796875,63.92538833618164,35.87632369995117,39.95901870727539
2022-10-18,139.50912475585938,31.708276748657227,530.8599853515625,38.748653411865234,286.4008483886719,108.82688903808594,70.3223648071289,65.04403686523438,36.01094055175781,40.60439682006836
2022-10-19,137.57879638671875,30.8355655670166,527.9730224609375,38.037757873535156,284.4935607910156,106.6932144165039,68.72894287109375,65.13883209228516,34.7152099609375,39.64995574951172
2022-10-20,136.0976104736328,30.635570526123047,522.9115600585938,37.66913986206055,283.6266784667969,106.34523010253906,67.80831146240234,64.46574401855469,33.66349792480469,39.67723846435547
2022-10-21,133.8232421875,31.771909713745117,545.660400390625,38.8452033996582,296.6668701171875,111.93126678466797,70.12759399414062,66.66517639160156,34.084190368652344,40.74983215332031
2022-10-24,135.34268188476562,31.881006240844727,558.6154174804688,38.97684860229492,299.9520263671875,112.0686264038086,70.3134994506836,67.0254135131836,34.60584259033203,41.08615493774414
2022-10-25,140.49339294433594,32.17189025878906,580.9985961914062,39.77552032470703,303.3283386230469,112.36166381835938,71.26953887939453,68.69395446777344,35.346256256103516,41.24068832397461
2022-10-26,140.35960388183594,32.453704833984375,582.697998046875,39.85450744628906,306.3306884765625,113.65287017822266,71.62362670898438,69.158447265625,35.66597366333008,41.540645599365234
2022-10-27,140.4456024169922,32.60824966430664,592.9120483398438,39.880836486816406,307.6903381347656,114.1015853881836,71.42888641357422,73.31082153320312,35.405155181884766,41.49520492553711
2022-10-28,143.7615966796875,32.89006042480469,606.4060668945312,40.486427307128906,311.92449951171875,115.45686340332031,73.4891128540039,76.02218627929688,36.061424255371094,42.13148880004883
2022-10-31,141.85992431640625,32.76279067993164,590.1074829101562,40.24945831298828,314.3793029785156,115.27371978759766,73.44441986083984,75.5291748046875,35.716461181640625,41.804256439208984
2022-11-01,140.5507354736328,32.90824508666992,595.6712036132812,40.56541442871094,318.09332275390625,117.35246276855469,74.829833984375,75.73777770996094,36.078250885009766,42.676876068115234
2022-11-02,137.12965393066406,32.80824279785156,583.6207275390625,39.97738265991211,319.1974792480469,116.27189636230469,75.41082000732422,74.82765197753906,35.127498626708984,42.61325454711914
2022-11-03,133.1256561279297,32.626434326171875,579.0526733398438,39.12605667114258,318.3579406738281,116.48251342773438,74.74046325683594,74.84661102294922,34.91715621948242,41.66182327270508
2022-11-04,138.29550170898438,33.44459533691406,599.4627685546875,40.067134857177734,326.6073303222656,119.6692886352539,75.8398208618164,74.94143676757812,36.03618240356445,42.75962829589844
2022-11-07,140.45513916015625,33.64457702636719,617.871826171875,40.59982681274414,330.8505859375,120.3011474609375,76.48338317871094,75.51023864746094,36.62514877319336,43.061519622802734
2022-11-08,143.53219604492188,33.735496520996094,627.035400390625,40.946067810058594,332.1828918457031,120.37440490722656,76.22416687011719,75.49128723144531,37.163631439208984,43.16216278076172
2022-11-09,139.3848876953125,33.199134826660156,611.7689208984375,40.27134323120117,330.339599609375,118.80850982666016,74.5885009765625,74.40754699707031,36.38114929199219,42.05521011352539
2022-11-10,147.88021850585938,34.66274642944336,694.1670532226562,42.98805618286133,345.22308349609375,123.69857788085938,79.37039184570312,74.6832275390625,37.75259017944336,43.8665885925293
2022-11-11,148.0140380859375,34.91727828979492,707.81640625,44.559486389160156,351.483154296875,123.90003204345703,81.14012908935547,74.49309539794922,37.79465866088867,43.500648498535156
2022-11-14,147.2877655029297,34.326385498046875,677.1192016601562,43.52074432373047,348.9189453125,122.62714385986328,80.27312469482422,72.69636535644531,36.89439010620117,42.87855911254883
2022-11-15,147.05841064453125,34.271846771240234,676.3519287109375,43.52961730957031,349.3934631347656,121.7388687133789,80.8898696899414,74.4360580444336,36.82707977294922,42.732181549072266
2022-11-16,145.79702758789062,33.96276092529297,664.2191772460938,42.94366455078125,348.8916320800781,121.90371704101562,80.2820816040039,73.5899887084961,36.12031173706055,42.27476119995117
2022-11-17,143.9527130126953,33.790042877197266,658.9932250976562,42.837127685546875,346.5645446777344,121.37257385253906,79.50444793701172,74.05579376220703,35.98569869995117,42.07350540161133
2022-11-18,145.73011779785156,33.8082160949707,658.3536987304688,43.201133728027344,346.0353088378906,122.56301879882812,79.7279052734375,75.87153625488281,36.49893569946289,42.54006576538086
2022-11-21,146.02633666992188,33.91731262207031,661.1769409179688,43.39645004272461,346.9569396972656,121.83961486816406,79.62065124511719,76.05216217041016,36.507354736328125,42.85110855102539
2022-11-22,147.71780395507812,34.08094024658203,670.0843505859375,43.79596710205078,350.29681396484375,123.6619644165039,80.14801025390625,77.24998474121094,36.94486999511719,43.098114013671875
2022-11-23,147.09661865234375,34.190025329589844,672.7064208984375,42.82825469970703,352.4687194824219,124.9806137084961,80.38040161132812,77.39259338378906,37.11314392089844,43.29939270019531
2022-11-25,147.30686950683594,34.271846771240234,674.0403442382812,42.87263870239258,354.85040283203125,125.21869659423828,81.25633239746094,77.58271026611328,37.23935317993164,43.400020599365234
2022-11-28,144.17247009277344,33.50823211669922,658.8652954101562,41.931549072265625,348.9189453125,123.03006744384766,80.34463500976562,75.89055633544922,36.80182647705078,42.979183197021484
2022-11-29,147.5648956298828,33.635494232177734,652.3147583007812,42.23341369628906,350.1508483886719,125.05384826660156,81.40827178955078,76.42292022705078,37.51700973510742,43.518943786621094
2022-11-30,150.5941619873047,34.408199310302734,654.14208984375,42.97917175292969,354.6883544921875,126.53736114501953,83.18696594238281,78.46682739257812,38.19010543823242,43.8665885925293
2022-12-01,150.50816345214844,33.42067337036133,659.7880249023438,42.41985321044922,352.5390319824219,124.76083374023438,83.12439727783203,77.6968002319336,38.15645217895508,42.87855911254883
2022-12-02,149.79144287109375,32.99091720581055,651.3828735351562,41.940433502197266,349.5721740722656,123.77182006835938,82.3199691772461,78.3907699584961,38.40045166015625,42.027748107910156
2022-12-05,149.15121459960938,31.518760681152344,651.1818237304688,40.51992416381836,341.2686767578125,120.3011474609375,80.27312469482422,77.23096466064453,36.94486999511719,39.94191360473633
2022-12-06,147.83245849609375,30.17461395263672,653.3988647460938,39.933963775634766,333.34185791015625,120.50263214111328,78.21737670898438,76.61304473876953,36.12873077392578,39.704063415527344
2022-12-07,147.89935302734375,29.93687629699707,652.359375,39.65874481201172,330.595458984375,120.42021942138672,78.01178741455078,76.2327880859375,36.650390625,38.83496856689453
2022-12-08,147.2781982421875,29.66255760192871,647.0975952148438,39.67650604248047,328.9053649902344,121.68392181396484,79.27207946777344,76.28983306884766,36.650390625,38.953895568847656
2022-12-09,147.06796264648438,29.60769271850586,650.3264770507812,39.82742691040039,329.8789978027344,121.02460479736328,79.96924591064453,75.88105773925781,36.27177810668945,38.88069534301758
2022-12-12,150.32659912109375,29.92772674560547,652.423828125,40.63533401489258,333.5898742675781,122.90187072753906,81.44404602050781,76.3278579711914,36.566246032714844,39.21004867553711
2022-12-13,150.5272674560547,29.94601821899414,666.1487426757812,41.36334991455078,338.65087890625,122.7828140258789,82.86518859863281,73.91321563720703,37.23093795776367,38.99048614501953
2022-12-14,147.26864624023438,29.51625633239746,654.5303955078125,40.821781158447266,331.0179748535156,122.16928100585938,80.8898696899414,73.50442504882812,36.423221588134766,38.587955474853516
2022-12-15,143.5513458251953,29.0499210357666,642.2588500976562,39.614349365234375,321.32745361328125,119.13816833496094,78.46764373779297,73.25724029541016,36.04459762573242,37.84693908691406
2022-12-16,139.8053741455078,28.985918045043945,644.1353149414062,39.374629974365234,318.131103515625,118.39640808105469,77.63639068603516,74.33148956298828,35.46405029296875,37.68226623535156
2022-12-19,138.57264709472656,29.315099716186523,637.006103515625,39.00175857543945,316.53277587890625,119.10152435302734,76.46552276611328,74.39804077148438,35.295772552490234,38.25861740112305
2022-12-20,139.2320098876953,29.4339656829834,636.1691284179688,38.89521789550781,316.4225769042969,119.6784439086914,76.11691284179688,75.63387298583984,35.27893829345703,37.490142822265625
2022-12-21,140.56983947753906,29.88201332092285,655.8365478515625,39.78303909301758,321.6306457519531,121.02460479736328,77.64532470703125,77.24049377441406,35.935218811035156,37.61821746826172
2022-12-22,138.8592987060547,29.616838455200195,646.996337890625,39.055030822753906,317.42376708984375,119.6509780883789,77.19842529296875,76.81268310546875,36.053009033203125,37.215694427490234
2022-12-23,140.49339294433594,29.689992904663086,647.5575561523438,39.294742584228516,317.3594970703125,120.21873474121094,76.96604919433594,77.73482513427734,36.347503662109375,37.490142822265625
2022-12-27,139.891357421875,29.74485206604004,646.931884765625,39.410152435302734,314.1079406738281,120.63996887207031,76.02753448486328,78.16261291503906,36.726112365722656,37.54503631591797
2022-12-28,137.61700439453125,29.96430778503418,644.2366943359375,39.614349365234375,313.0975036621094,121.29932403564453,75.49124145507812,78.28620147705078,36.473697662353516,37.61821746826172
2022-12-29,140.7800750732422,30.30262565612793,658.78955078125,40.093780517578125,315.4489440917969,121.99530029296875,76.18842315673828,78.58090209960938,37.06925964355469,37.810340881347656
2022-12-30,141.19097900390625,30.28434181213379,651.871826171875,40.15592575073242,315.403076171875,122.80113983154297,75.99177551269531,79.15129089355469,37.103294372558594,37.77375030517578
2023-01-03,140.5889129638672,30.64095115661621,655.0086669921875,40.64421844482422,318.01165771484375,123.73517608642578,76.61743927001953,77.89643096923828,37.979610443115234,38.231170654296875
2023-01-04,143.85711669921875,31.217004776000977,664.0789794921875,41.691837310791016,319.3710632324219,124.88904571533203,77.44869995117188,79.23685455322266,39.16221237182617,39.0179328918457
2023-01-05,140.41461181640625,31.152999877929688,645.0736694335938,41.505401611328125,315.7521057128906,124.86135864257812,76.79620361328125,79.00869750976562,38.855934143066406,38.80751419067383
2023-01-06,144.0009765625,31.463891983032227,678.8894653320312,42.00258255004883,319.7201232910156,127.25067138671875,78.2620620727539,80.36813354492188,39.40044403076172,39.15515899658203
2023-01-09,144.22154235839844,30.9884090423584,692.6787719726562,42.2067756652832,324.2392272949219,126.72480773925781,78.33357238769531,81.2142105102539,39.655677795410156,38.78007507324219
2023-01-10,145.75579833984375,31.19872283935547,696.6251831054688,42.78385543823242,328.2440490722656,127.85950469970703,79.47764587402344,81.39482116699219,39.69822311401367,38.752628326416016
2023-01-11,147.59693908691406,31.43646240234375,695.3740844726562,43.245521545410156,334.78387451171875,128.80967712402344,79.93348693847656,79.30339050292969,40.081077575683594,39.10026550292969
2023-01-12,148.5558319091797,31.518760681152344,693.5711059570312,43.5828857421875,339.7991027832031,128.68051147460938,80.91667938232422,79.36043548583984,40.48946762084961,39.18260192871094
2023-01-13,149.361328125,32.21368408203125,693.5986328125,44.319766998291016,343.5282897949219,131.927734375,81.92669677734375,78.88511657714844,40.26826477050781,40.45423126220703
2023-01-17,147.4339141845703,31.564472198486328,689.679931640625,44.66603088378906,321.41021728515625,129.88902282714844,86.77114868164062,79.36993408203125,40.36184310913086,40.36274719238281
2023-01-18,144.24070739746094,30.832969665527344,687.499755859375,43.884742736816406,320.6478271484375,125.98684692382812,86.32423400878906,77.36407470703125,38.97504425048828,39.68576431274414
2023-01-19,140.81736755371094,30.38492202758789,671.41064453125,43.83147430419922,322.17254638671875,124.30786895751953,84.15227508544922,72.55377197265625,38.8218994140625,39.29238510131836
2023-01-20,145.37222290039062,30.951839447021484,682.3023681640625,45.3585205078125,313.988525390625,124.61225891113281,86.02033996582031,73.22872924804688,39.52806091308594,40.179779052734375
2023-01-23,147.6736297607422,31.38159942626953,688.10693359375,46.1486701965332,320.6937561035156,126.6325912475586,86.81582641601562,73.89419555664062,40.557525634765625,41.19524383544922
2023-01-24,148.94898986816406,31.61019515991211,691.8324584960938,45.6515007019043,319.94970703125,127.72112274169922,85.36786651611328,75.33918762207031,39.70673370361328,40.664642333984375
2023-01-25,150.32986450195312,31.884510040283203,691.078125,46.07765197753906,321.14385986328125,128.33920288085938,85.48405456542969,75.3011474609375,41.81671142578125,41.47884750366211
2023-01-26,149.47640991210938,32.31427001953125,698.115478515625,46.33512496948242,326.0487365722656,129.13253784179688,86.25273132324219,74.1983871459961,41.43385314941406,41.9088249206543
2023-01-27,165.2314453125,32.414852142333984,698.3729248046875,46.042144775390625,324.88226318359375,129.44619750976562,86.57450103759766,71.00421142578125,41.56998062133789,42.192420959472656
2023-01-30,165.5670623779297,32.27769088745117,687.9596557617188,45.94447708129883,328.33587646484375,128.3484344482422,86.46186828613281,71.77421569824219,41.51892852783203,42.34794616699219
2023-01-31,167.7437744140625,32.44228744506836,698.400634765625,46.36175537109375,336.0055236816406,129.11410522460938,87.69627380371094,73.5994873046875,42.369728088378906,42.87855911254883
2023-02-01,166.4780731201172,32.8446044921875,701.5466918945312,46.29961395263672,335.9137268066406,128.77276611328125,88.47114562988281,74.3885269165039,41.87627029418945,43.29939270019531
2023-02-02,166.0177764892578,33.0366325378418,708.997802734375,46.36175537109375,339.3673400878906,128.1731414794922,89.39018249511719,72.8389663696289,41.81671142578125,43.4835205078125
2023-02-03,171.5123748779297,33.31094741821289,696.514892578125,45.680362701416016,339.80828857421875,130.15650939941406,89.58842468261719,75.12051391601562,41.9443244934082,43.805755615234375
2023-02-06,169.2301483154297,33.256080627441406,682.9185791015625,45.599666595458984,340.5890197753906,130.92221069335938,89.11087799072266,75.91907501220703,41.646541595458984,43.897823333740234
2023-02-07,171.3589630126953,33.62184143066406,681.4835205078125,45.84174346923828,343.8957214355469,132.51812744140625,89.39920043945312,77.1834487915039,42.259117126464844,44.31212615966797
2023-02-08,171.64662170410156,33.37495422363281,671.4014282226562,45.85968017578125,344.53863525390625,131.58642578125,89.16493225097656,76.63206481933594,41.74864959716797,44.42261505126953
2023-02-09,172.00140380859375,32.66173553466797,658.6239013671875,44.810691833496094,338.0079345703125,129.53843688964844,88.34501647949219,75.88823699951172,41.493408203125,43.79655075073242
2023-02-10,171.88636779785156,32.53372573852539,665.5601196289062,44.92724609375,341.0299072265625,130.11041259765625,88.69639587402344,76.72743225097656,41.43385314941406,43.74129867553711
2023-02-13,173.88088989257812,32.59772491455078,677.8867797851562,45.72518539428711,343.546630859375,131.5218505859375,89.58842468261719,76.68928527832031,41.765663146972656,44.31212615966797
2023-02-14,173.58364868164062,32.57029342651367,670.7482299804688,46.272098541259766,341.4891662597656,132.10301208496094,90.60655975341797,77.02302551269531,41.7996940612793,44.652774810791016
2023-02-15,173.24801635742188,32.515438079833984,666.185546875,46.46038818359375,343.840576171875,132.65655517578125,90.849853515625,76.74649047851562,41.75715255737305,44.16482162475586
2023-02-16,170.63015747070312,32.2593994140625,655.8919677734375,46.13760757446289,340.0378723144531,130.82997131347656,89.71456909179688,76.61299896240234,41.30623245239258,43.47431182861328
2023-02-17,170.0164794921875,32.32341384887695,658.7987060546875,46.101741790771484,338.4764099121094,131.21742248535156,89.6604995727539,76.59391021728516,41.34877014160156,43.722900390625
2023-02-21,166.3533935546875,31.564472198486328,640.0234375,44.68516159057617,331.69769287109375,128.80967712402344,87.95757293701172,76.19338989257812,40.57454299926758,42.57205581665039
2023-02-22,167.52322387695312,31.35416603088379,632.3514404296875,44.86448287963867,331.48638916015625,127.82259368896484,87.64221954345703,76.28876495361328,40.446922302246094,42.360294342041016
2023-02-23,167.94520568847656,31.32672882080078,636.4266967773438,45.169315338134766,333.9205322265625,128.84654235839844,88.24590301513672,75.30655670166016,40.60007858276367,42.58125686645508
2023-02-24,167.09176635742188,31.28101348876953,628.690185546875,44.99000549316406,334.20526123046875,130.00892639160156,88.02964782714844,76.86092376708984,40.53200912475586,42.921905517578125
2023-02-27,166.1807861328125,31.28101348876953,628.3499145507812,45.249996185302734,335.7483215332031,131.1436004638672,87.1286392211914,74.2671127319336,40.48096466064453,43.069210052490234
2023-02-28,166.8424530029297,31.363306045532227,634.2095336914062,45.44724655151367,322.999267578125,132.2414093017578,86.94842529296875,74.30525207519531,40.608577728271484,43.060001373291016
2023-03-01,168.68356323242188,31.217004776000977,626.050048828125,46.173484802246094,320.2979736328125,131.50340270996094,86.66911315917969,73.81892395019531,40.25123596191406,42.97715377807617
2023-03-02,168.13699340820312,30.821273803710938,630.9716186523438,46.08381652832031,322.9529724121094,130.1381072998047,86.57000732421875,72.56014251708984,39.40044403076172,42.16695022583008
2023-03-03,171.73292541503906,31.437875747680664,639.5543823242188,46.9355583190918,330.3445739746094,132.52735900878906,88.59729766845703,73.81892395019531,40.081077575683594,43.13365936279297
2023-03-06,171.70411682128906,31.373464584350586,637.8401489257812,46.783138275146484,330.30755615234375,131.75247192382812,88.64234924316406,73.04649353027344,40.0895881652832,42.93111038208008
2023-03-07,168.11782836914062,30.37032127380371,625.118408203125,45.796905517578125,320.1591491699219,127.87794494628906,86.55198669433594,71.47303771972656,38.7963752746582,40.924041748046875
2023-03-08,167.64791870117188,29.965381622314453,624.840576171875,45.43828582763672,323.1287536621094,127.12149810791016,86.40782928466797,72.66504669189453,38.702789306640625,40.362430572509766
2023-03-09,165.04925537109375,28.106355667114258,603.4552612304688,43.57341766357422,316.468017578125,120.23957061767578,83.07405090332031,63.38642501831055,35.988746643066406,37.867401123046875
2023-03-10,158.8929901123047,27.857866287231445,588.3984375,43.340309143066406,303.1280517578125,123.2930679321289,81.1368408203125,55.97688674926758,34.55940628051758,38.07915496826172
2023-03-13,151.1544952392578,26.238117218017578,579.8184204101562,40.112640380859375,291.87884521484375,121.07905578613281,79.28074645996094,49.50186538696289,31.088150024414062,35.3631591796875
2023-03-14,157.176513671875,26.468196868896484,590.992919921875,42.49752426147461,298.0215148925781,124.18791961669922,81.06475830078125,54.05059051513672,31.913427352905273,36.98354721069336
2023-03-15,153.24496459960938,26.219711303710938,585.35009765625,40.18437194824219,288.8074645996094,118.32077026367188,76.93809509277344,56.787445068359375,30.152271270751953,35.76824951171875
2023-03-16,154.12716674804688,26.661462783813477,590.2052612304688,40.90162658691406,291.49029541015625,120.61782836914062,78.39774322509766,55.19491958618164,30.93500518798828,36.18256378173828
2023-03-17,150.09011840820312,25.603099822998047,589.9552612304688,39.67332458496094,280.80535888671875,116.06062316894531,75.84786224365234,53.793121337890625,28.03378677368164,34.76471710205078
2023-03-20,152.2189178466797,25.538679122924805,596.3021240234375,39.529869079589844,286.34674072265625,117.28755950927734,77.163330078125,53.50703811645508,29.30998420715332,34.506927490234375
2023-03-21,157.79981994628906,26.31174087524414,613.5271606445312,40.40851593017578,293.5162658691406,120.4333267211914,79.97453308105469,56.711158752441406,31.92193603515625,35.42760467529297
2023-03-22,156.06419372558594,25.43744659423828,600.7125244140625,39.18917465209961,290.1766052246094,117.32447052001953,78.8843002319336,53.65007019042969,29.599252700805664,34.2491340637207
2023-03-23,156.07374572753906,24.820837020874023,603.9186401367188,38.9560661315918,291.2683410644531,117.01081085205078,77.34355926513672,50.4364128112793,29.82897186279297,33.7059440612793
2023-03-24,153.21617126464844,24.9772891998291,597.525146484375,38.6512336730957,289.1590270996094,115.23037719726562,75.64063262939453,50.78924560546875,29.69284439086914,33.356082916259766
2023-03-27,156.4189910888672,26.219711303710938,600.7125244140625,40.14850616455078,294.67266845703125,118.532958984375,76.2623291015625,52.31501770019531,29.667314529418945,34.49771499633789
2023-03-28,152.66958618164062,25.879194259643555,598.7853393554688,40.542999267578125,294.5893249511719,118.89273834228516,76.47858428955078,51.35187530517578,30.254369735717773,34.2307243347168
2023-03-29,156.86965942382812,26.38536262512207,608.9591064453125,41.1974983215332,296.69866943359375,119.13256072998047,77.70397186279297,52.64878463745117,30.81589698791504,34.958065032958984
2023-03-30,155.73814392089844,26.044851303100586,612.49853515625,41.305084228515625,297.0871276855469,118.77279663085938,77.58682250976562,50.035888671875,30.565847396850586,34.41486740112305
2023-03-31,158.17379760742188,26.32094383239746,619.9852294921875,42.0402717590332,302.6100158691406,120.2119140625,79.10955810546875,49.95006561279297,31.083181381225586,34.41486740112305
2023-04-03,157.05189514160156,26.31174087524414,617.4741821289062,41.87889099121094,302.06414794921875,120.07355499267578,78.53292083740234,49.17763900756836,30.72966766357422,34.72789001464844
2023-04-04,155.88194274902344,25.750350952148438,610.7102661132812,41.323020935058594,298.4840393066406,118.46837615966797,76.42450714111328,47.68047332763672,30.22957992553711,33.89008331298828
2023-04-05,155.03501892089844,25.43744659423828,607.8656616210938,41.03612518310547,297.4479064941406,118.64501953125,75.52349853515625,46.60289764404297,30.272687911987305,33.96372604370117
2023-04-06,152.86944580078125,25.621505737304688,608.1993408203125,41.11680221557617,298.2527770996094,118.5148696899414,75.85687255859375,47.06062698364258,30.82451629638672,34.89361572265625
2023-04-10,155.09275817871094,25.71354103088379,611.3681640625,41.70854568481445,300.62103271484375,118.90534973144531,75.68568420410156,49.3206901550293,30.703807830810547,35.56570816040039
2023-04-11,155.75686645507812,26.422178268432617,620.5040893554688,42.318214416503906,302.8505554199219,119.49109649658203,76.66778564453125,49.31114959716797,30.634824752807617,36.247005462646484
2023-04-12,153.31216430664062,26.210506439208984,617.06640625,42.067176818847656,305.50555419921875,119.47248840332031,77.01016235351562,49.51140594482422,30.522733688354492,36.08129119873047
2023-04-13,156.20925903320312,26.284133911132812,621.4769287109375,42.40787124633789,307.2539978027344,119.92807006835938,77.2083969116211,49.10136032104492,30.505495071411133,36.513999938964844
2023-04-14,157.0946807861328,27.16762924194336,640.564208984375,44.43413162231445,311.6852722167969,128.9838409423828,78.12744140625,48.41476058959961,30.151987075805664,36.49559020996094
2023-04-17,157.5663299560547,27.949901580810547,647.0780639648438,44.55067443847656,314.2385559082031,130.0065460205078,80.45207214355469,50.32197952270508,30.68655776977539,38.02391052246094
2023-04-18,158.2303924560547,28.124759674072266,643.0660400390625,44.900352478027344,308.9007263183594,131.4662322998047,80.9566421508789,51.49492263793945,30.341665267944336,38.54868698120117
2023-04-19,158.75975036621094,27.664602279663086,644.1871337890625,45.187252044677734,311.65753173828125,131.29885864257812,81.49726104736328,52.97301483154297,31.048690795898438,38.889347076416016
2023-04-20,157.15245056152344,27.517351150512695,645.243408203125,44.290672302246094,313.3412170410156,130.91770935058594,81.47924041748047,51.49492263793945,29.97091293334961,38.364566802978516
2023-04-21,157.6336669921875,27.489742279052734,630.9373168945312,43.95893478393555,316.07025146484375,130.66665649414062,82.10093688964844,51.304195404052734,28.901752471923828,37.96867370605469
2023-04-24,154.56338500976562,27.388505935668945,624.6829833984375,43.95893478393555,318.1979675292969,130.8433074951172,81.27201080322266,50.655738830566406,28.272329330444336,38.16201400756836
2023-04-25,150.26113891601562,26.54182243347168,611.2662963867188,42.94581604003906,314.0535583496094,127.99829864501953,79.34381103515625,48.66269302368164,27.39286231994629,37.33340072631836
2023-04-26,149.8761749267578,26.173696517944336,602.8899536132812,42.01338195800781,311.3521728515625,125.72970581054688,79.68621826171875,48.25264358520508,27.17730712890625,36.329872131347656
2023-04-27,152.5037078857422,26.587833404541016,614.0181274414062,42.16579818725586,316.0147399902344,127.42182922363281,81.32608032226562,49.33021545410156,28.082637786865234,36.513999938964844
2023-04-28,155.28524780273438,26.946758270263672,621.9125366210938,42.6643180847168,317.7169189453125,128.5282440185547,81.76683807373047,49.81656265258789,29.557043075561523,36.59686279296875
2023-05-01,153.34104919433594,26.72588348388672,614.2868041992188,42.82746887207031,315.0618896484375,131.28030395507812,79.91283416748047,49.4065055847168,28.40166473388672,37.18609619140625
2023-05-02,147.4988555908203,25.916006088256836,603.6220703125,41.69447326660156,308.40118408203125,129.1604461669922,78.42237854003906,47.77583312988281,26.409927368164062,35.75904846191406
2023-05-03,146.49789428710938,25.639915466308594,595.2365112304688,41.395362854003906,304.03466796875,126.42700958251953,77.02277374267578,45.8018684387207,25.69428062438965,35.58412170410156
2023-05-04,143.22549438476562,24.8392391204834,585.2760009765625,40.69742965698242,297.1981201171875,124.69769287109375,75.07789611816406,45.1724853515625,24.98725700378418,34.07168197631836
2023-05-05,146.92137145996094,25.50186538696289,597.1546020507812,41.984519958496094,302.5267028808594,127.13362884521484,77.14093017578125,46.95573043823242,26.504772186279297,35.20368957519531
2023-05-08,147.29672241210938,25.483457565307617,595.9130249023438,42.02076721191406,302.0549621582031,127.4404296875,76.73194885253906,45.4204216003418,25.642545700073242,35.61195755004883
2023-05-09,147.62396240234375,25.455852508544922,588.89892578125,42.16579818725586,300.44525146484375,126.82681274414062,76.67742919921875,45.716041564941406,25.789127349853516,35.760414123535156
2023-05-10,143.10037231445312,25.1429443359375,582.9780883789062,42.02983856201172,298.3914794921875,126.8918685913086,76.0866928100586,45.34413146972656,25.39250373840332,35.519168853759766
2023-05-11,142.4362335205078,25.207366943359375,594.8751220703125,41.721656799316406,296.69866943359375,126.4920883178711,75.09607696533203,45.756351470947266,24.935527801513672,35.5655632019043
2023-05-12,142.37847900390625,24.931272506713867,597.7290649414062,41.19594955444336,295.57000732421875,124.67908477783203,74.87794494628906,46.916324615478516,25.11659049987793,34.78614807128906
2023-05-15,144.37081909179688,25.44664764404297,597.4047241210938,41.73978805541992,297.947509765625,125.72970581054688,75.38690185546875,48.8336181640625,25.564950942993164,35.97383117675781
2023-05-16,142.8404998779297,25.179759979248047,587.28662109375,41.04185485839844,296.78179931640625,124.8836441040039,74.39628601074219,48.018768310546875,24.72859001159668,35.62123489379883
2023-05-17,146.3823699951172,26.2933349609375,602.8623046875,42.67338562011719,305.4500732421875,128.72348022460938,76.2593765258789,49.67723083496094,26.254728317260742,37.54193878173828
2023-05-18,147.72019958496094,26.201305389404297,620.1798706054688,42.047969818115234,304.8949890136719,129.69970703125,76.78648376464844,49.61012268066406,26.289216995239258,37.30997085571289
2023-05-19,147.21009826660156,25.869991302490234,617.7428588867188,41.43160629272461,301.72186279296875,129.40220642089844,74.74163055419922,49.53343200683594,25.961570739746094,37.142948150634766
2023-05-22,149.6740264892578,26.081666946411133,622.0885620117188,41.50413131713867,300.58404541015625,128.3329620361328,74.76889038085938,49.82102584838867,26.651350021362305,38.02443313598633
2023-05-23,146.83477783203125,26.302541732788086,612.9525756835938,41.612892150878906,299.3351135253906,126.99413299560547,75.10516357421875,50.607120513916016,26.849660873413086,38.237850189208984
2023-05-24,145.0637969970703,25.86079216003418,606.9020385742188,40.32579803466797,295.8567810058594,125.83195495605469,73.81463623046875,49.926483154296875,26.565126419067383,37.9223747253418
2023-05-25,145.41029357910156,25.925207138061523,612.0167236328125,40.09014129638672,299.6219787597656,126.13878631591797,75.43234252929688,51.99716567993164,26.306459426879883,37.95020294189453
2023-05-26,151.33912658691406,26.054054260253906,622.931640625,40.425506591796875,307.14300537109375,127.31957244873047,76.25028228759766,51.45072937011719,26.44441795349121,38.25640869140625
2023-05-30,152.08023071289062,26.008037567138672,624.1178588867188,40.51614761352539,306.05133056640625,127.80303955078125,75.81404113769531,51.61370086669922,26.435792922973633,38.02443313598633
2023-05-31,152.6095733642578,25.57549476623535,609.2648315429688,40.17171096801758,301.92193603515625,126.1760025024414,74.30541229248047,50.51125717163086,25.78050422668457,36.93882369995117
2023-06-01,156.6134490966797,25.770299911499023,619.725830078125,40.64304733276367,294.930908203125,127.91461181640625,74.58714294433594,50.52083969116211,26.315086364746094,37.17079544067383
2023-06-02,162.23431396484375,26.633018493652344,631.7896728515625,41.984519958496094,301.6889343261719,130.60159301757812,76.65924835205078,52.121788024902344,27.36699867248535,38.265689849853516
2023-06-05,161.146728515625,26.47532081604004,626.8140258789062,41.91200637817383,299.9737854003906,129.31851196289062,76.1048812866211,52.160125732421875,26.91864013671875,37.53266525268555
2023-06-06,165.3719482421875,27.115400314331055,634.625,42.80027770996094,304.6251525878906,129.5509490966797,78.03157806396484,52.35186004638672,28.134374618530273,38.28424835205078
2023-06-07,165.1121063232422,27.347312927246094,633.0475463867188,43.516326904296875,312.96795654296875,130.80613708496094,78.61322784423828,53.329681396484375,28.677574157714844,39.03582763671875
2023-06-08,164.7174835205078,27.115400314331055,635.2410278320312,43.597904205322266,312.7069091796875,130.8433074951172,78.44053649902344,52.75449752807617,28.505136489868164,39.31418991088867
2023-06-09,165.27572631835938,27.152511596679688,638.8064575195312,43.77919387817383,313.21954345703125,131.10362243652344,78.34966278076172,52.725738525390625,28.33268928527832,39.09149932861328
2023-06-12,167.12364196777344,27.022634506225586,636.9210815429688,43.91515350341797,316.4541931152344,131.09434509277344,79.46753692626953,51.73833465576172,27.729129791259766,38.813140869140625
2023-06-13,168.56736755371094,27.27310562133789,643.1842041015625,44.132686614990234,319.2598876953125,132.0426788330078,80.23091125488281,52.4860725402832,28.19472885131836,39.573997497558594
2023-06-14,167.92251586914062,27.01336097717285,646.3201904296875,43.724815368652344,315.4567565917969,131.5499267578125,79.95829010009766,52.10261917114258,27.67739486694336,39.04510498046875
2023-06-15,167.2872772216797,27.24527359008789,663.8119506835938,44.014862060546875,316.68707275390625,133.0375213623047,80.93072509765625,53.21464920043945,28.703447341918945,39.30491256713867
2023-06-16,165.74732971191406,27.078298568725586,655.962158203125,43.67948913574219,315.3541564941406,133.195556640625,80.05824279785156,52.150550842285156,28.841400146484375,39.13788986206055
2023-06-20,163.0524139404297,26.78144645690918,644.9202270507812,43.153778076171875,308.2792053222656,132.51686096191406,78.82225799560547,51.699974060058594,28.953489303588867,38.86880874633789
2023-06-21,161.6182861328125,26.503149032592773,643.137451171875,42.97249984741211,303.01263427734375,132.3216094970703,78.46780395507812,51.73833465576172,28.824153900146484,38.646121978759766
2023-06-22,161.945556640625,25.937274932861328,634.1210327148438,42.265506744384766,297.8951110839844,129.77406311035156,76.79558563232422,51.00974655151367,27.789485931396484,38.098670959472656
2023-06-23,161.7626953125,25.742469787597656,635.1196899414062,41.71259307861328,293.35552978515625,129.0954132080078,75.95944213867188,50.97140884399414,27.487707138061523,37.68111801147461
2023-06-26,160.83872985839844,26.05787467956543,634.8583374023438,41.91200637817383,291.1650085449219,129.41151428222656,75.96853637695312,51.201480865478516,27.867084503173828,37.662567138671875
2023-06-27,161.87820434570312,26.197019577026367,639.0307006835938,42.057029724121094,292.1810607910156,129.42080688476562,76.73194885253906,52.93663787841797,28.065397262573242,37.95948791503906
2023-06-28,163.40853881835938,26.03931999206543,639.5719604492188,41.90293884277344,292.3768615722656,128.8536376953125,76.33207702636719,53.47347640991211,27.867084503173828,37.690399169921875
2023-06-29,165.62220764160156,26.586637496948242,642.36279296875,41.95732879638672,301.1669616699219,133.35360717773438,77.46810150146484,54.77724838256836,28.672292709350586,39.388423919677734
2023-06-30,167.66265869140625,26.614469528198242,645.0975952148438,41.73072814941406,300.654296875,135.22242736816406,77.61351776123047,54.33626937866211,28.917354583740234,39.60182189941406
2023-07-03,168.85609436035156,27.08757209777832,647.375,42.36520767211914,304.4480895996094,136.3102264404297,78.53144836425781,55.33325958251953,29.38997459411621,40.26990509033203
2023-07-05,168.98123168945312,26.976253509521484,646.6749267578125,42.41958999633789,298.33319091796875,135.40216064453125,78.08610534667969,54.34585189819336,29.346210479736328,40.34413146972656
2023-07-06,165.0891571044922,26.234128952026367,635.2877197265625,41.13250732421875,291.7616271972656,134.06353759765625,75.73224639892578,53.64603805541992,28.873592376708984,39.79667663574219
2023-07-07,163.98818969726562,26.466041564941406,638.5264892578125,41.45880126953125,293.7843933105469,135.12132263183594,75.759521484375,54.44171905517578,29.354965209960938,39.685340881347656
2023-07-10,165.83279418945312,26.586637496948242,649.7924194335938,41.395362854003906,294.9961853027344,135.8795928955078,75.79586791992188,55.438716888427734,29.530010223388672,39.26779556274414
2023-07-11,168.6625213623047,26.920597076416016,662.8878173828125,42.174861907958984,299.1069030761719,138.00462341308594,77.21363067626953,55.199058532714844,30.56277084350586,39.657508850097656
2023-07-12,168.3631591796875,27.235998153686523,677.6353149414062,42.9453010559082,304.25238037109375,138.68798828125,77.94978332519531,55.994728088378906,30.729061126708984,40.13999557495117
2023-07-13,168.27622985839844,27.523571014404297,690.5159301757812,43.217220306396484,306.3775939941406,139.36199951171875,78.34966278076172,57.45188522338867,31.34172248840332,40.55754852294922
2023-07-14,167.45530700683594,27.00408363342285,679.5300903320312,41.467864990234375,304.056640625,140.2045440673828,77.95887756347656,56.100181579589844,30.921611785888672,40.418357849121094
2023-07-17,169.3868865966797,27.27310562133789,679.3806762695312,41.93013381958008,304.9980773925781,143.583984375,78.49508666992188,56.2152214050293,30.860340118408203,41.513267517089844
2023-07-18,171.94615173339844,28.47905731201172,689.703857421875,42.61900329589844,314.3846435546875,143.84609985351562,83.5572280883789,63.28046417236328,31.989381790161133,42.31122970581055
2023-07-19,171.05764770507812,29.249011993408203,697.5162963867188,43.07219696044922,317.442138671875,144.39842224121094,84.66598510742188,63.30922317504883,34.054908752441406,42.92363357543945
2023-07-20,171.0479736328125,29.39743423461914,700.8577880859375,42.97249984741211,327.0526123046875,146.17706298828125,85.24763488769531,65.13067626953125,34.2562141418457,43.73088836669922
2023-07-21,164.39381408691406,29.666458129882812,701.1657104492188,42.64618682861328,328.0780029296875,145.05368041992188,85.43849182128906,63.73102951049805,33.62604904174805,42.6452751159668
2023-07-24,162.04696655273438,30.287988662719727,706.1780395507812,43.1990966796875,334.57501220703125,147.9088592529297,86.03829956054688,63.80772399902344,34.361244201660156,43.07209777832031
2023-07-25,160.80113220214844,29.824161529541016,696.321533203125,42.68244934082031,330.6321105957031,146.8042755126953,85.81109619140625,62.73404312133789,33.13593292236328,42.19989013671875
2023-07-26,162.00831604003906,30.06534767150879,693.6519775390625,43.04499816894531,333.2980041503906,147.68423461914062,85.01136016845703,63.86525344848633,34.03740310668945,43.09065628051758
2023-07-27,158.00038146972656,29.63863182067871,680.5007934570312,43.398502349853516,330.4549865722656,146.05535888671875,84.29337310791016,63.098331451416016,33.97614288330078,42.46896743774414
2023-07-28,159.76776123046875,29.59224510192871,689.1532592773438,42.97249984741211,329.2618408203125,146.8885040283203,83.99066925048828,63.2325325012207,34.60630416870117,42.81229019165039
2023-07-31,163.09967041015625,29.685012817382812,689.6290283203125,43.1990966796875,331.7226867675781,147.8714599609375,83.98152160644531,63.366756439208984,34.72883605957031,42.83084487915039
2023-08-01,163.8433380126953,29.332504272460938,683.4782104492188,42.6643180847168,333.4471130371094,147.1412811279297,83.41283416748047,63.00245666503906,33.87986373901367,42.41330337524414
2023-08-02,161.0425567626953,28.933609008789062,669.6456298828125,41.97545623779297,327.2762756347656,145.47496032714844,81.92691802978516,62.638179779052734,33.634803771972656,41.84729766845703
2023-08-03,160.7142333984375,29.137693405151367,662.8597412109375,41.88481521606445,329.1965637207031,146.36428833007812,81.76181030273438,63.14625930786133,34.527530670166016,42.221343994140625
2023-08-04,159.74844360351562,29.035648345947266,662.9625244140625,41.91231918334961,329.25250244140625,146.05535888671875,81.44078063964844,62.235538482666016,34.886375427246094,41.9408073425293
2023-08-07,161.24539184570312,29.57369041442871,665.0811157226562,42.02235412597656,331.4337158203125,146.7480926513672,81.706787109375,63.24211883544922,35.113922119140625,42.13719177246094
2023-08-08,160.19268798828125,29.007823944091797,650.548583984375,41.408016204833984,324.6290283203125,145.92428588867188,81.14727783203125,62.810726165771484,35.210205078125,41.59481430053711
2023-08-09,158.21287536621094,28.62748146057129,645.9843139648438,40.74782943725586,319.43701171875,143.96780395507812,80.31259155273438,62.590240478515625,34.702571868896484,40.88410568237305
2023-08-10,157.94244384765625,28.701696395874023,650.5765991210938,40.6561393737793,317.3023376464844,143.7524871826172,80.38597106933594,62.109073638916016,34.562538146972656,40.83734893798828
2023-08-11,159.6132354736328,29.026376724243164,649.269775390625,40.86703872680664,317.6100158691406,144.58563232421875,80.44099426269531,61.66639709472656,34.53628921508789,40.893455505371094
2023-08-14,160.39552307128906,28.69241714477539,646.7682495117188,40.43608474731445,314.8229064941406,144.88522338867188,80.10164642333984,59.453025817871094,33.888614654541016,40.90281295776367
2023-08-15,156.3682403564453,27.77403450012207,627.998046875,39.620025634765625,309.6680603027344,141.19683837890625,79.0284652709961,58.67354965209961,32.94337844848633,39.95832061767578
2023-08-16,155.25758361816406,27.171064376831055,627.45654296875,39.097381591796875,306.7784423828125,140.5977020263672,78.8725357055664,58.173126220703125,32.426998138427734,39.48140335083008
2023-08-17,155.08377075195312,27.161787033081055,629.0994262695312,38.932334899902344,305.2963562011719,139.13734436035156,78.68910217285156,57.51874542236328,32.21694564819336,39.715187072753906
2023-08-18,154.74574279785156,27.00408363342285,625.5993041992188,38.739784240722656,302.88201904296875,139.45562744140625,77.86357879638672,57.27816390991211,32.243202209472656,39.74324035644531
2023-08-21,155.37351989746094,27.041189193725586,626.8499755859375,38.574737548828125,300.206787109375,139.9330291748047,77.27655792236328,57.162681579589844,32.17317199707031,39.73389434814453
2023-08-22,153.63511657714844,26.382553100585938,621.48291015625,37.61197280883789,297.1587219238281,137.03106689453125,76.11167907714844,54.33341598510742,31.367977142333984,38.808109283447266
2023-08-23,153.9827880859375,26.391830444335938,633.5516967773438,37.6669921875,300.4584655761719,137.9578094482422,76.48774719238281,55.83465576171875,31.72681999206543,38.910972595214844
2023-08-24,152.38925170898438,26.549531936645508,628.3153686523438,37.6669921875,298.2493591308594,137.82675170898438,76.53360748291016,55.66143035888672,31.621789932250977,38.74264907836914
2023-08-25,152.90113830566406,26.43821144104004,630.9288330078125,37.81369400024414,298.4263610839844,137.6582489013672,76.33182525634766,55.959754943847656,31.07914924621582,38.55562210083008
2023-08-28,153.7413330078125,26.679399490356445,633.7661743164062,37.887054443359375,303.85150146484375,138.1356658935547,77.39580535888672,56.825862884521484,31.525522232055664,39.1634635925293
2023-08-29,154.75538635253906,27.059738159179688,644.994873046875,38.253822326660156,309.9850158691406,139.259033203125,78.46895599365234,57.210792541503906,31.928117752075195,39.275672912597656
2023-08-30,154.6878204345703,26.939146041870117,649.4564819335938,37.93288803100586,308.8382873535156,138.6973419189453,78.20297241210938,57.528358459472656,31.840593338012695,38.84551239013672
2023-08-31,152.58241271972656,26.81754493713379,653.8712158203125,37.85954284667969,308.0205993652344,136.98422241210938,78.10206604003906,56.92209243774414,31.971878051757812,38.611724853515625
2023-09-01,154.1566162109375,27.107515335083008,659.1449584960938,38.13461685180664,307.72918701171875,137.4429473876953,78.65241241455078,58.221248626708984,32.44450378417969,38.94837951660156
2023-09-05,154.5236053466797,26.798839569091797,649.5684814453125,37.923728942871094,304.298583984375,135.92642211914062,77.81771087646484,57.43212890625,31.96312713623047,38.84551239013672
2023-09-06,152.59207153320312,26.555639266967773,647.9349975585938,37.93288803100586,301.8359375,135.7017364501953,77.19401550292969,56.07523727416992,31.613039016723633,38.35923767089844
2023-09-07,151.41383361816406,26.31243896484375,649.7025756835938,37.3460693359375,302.6160583496094,134.54092407226562,76.90049743652344,55.642189025878906,31.18418312072754,37.807518005371094
2023-09-08,152.0415802001953,26.527576446533203,649.288818359375,37.21770095825195,305.9621887207031,134.6439208984375,77.89112091064453,57.09531021118164,31.604286193847656,38.34053421020508
2023-09-11,152.4279022216797,26.639827728271484,654.2810668945312,37.21770095825195,305.1444396972656,135.23365783691406,76.59781646728516,57.56685256958008,31.683059692382812,38.64913558959961
2023-09-12,153.074951171875,27.098163604736328,655.6067504882812,38.21714782714844,311.0189208984375,136.99359130859375,78.46895599365234,58.2404899597168,32.38323211669922,39.780643463134766
2023-09-13,153.69305419921875,27.013978958129883,655.5032348632812,38.84981918334961,314.85382080078125,137.05914306640625,80.02824401855469,56.51791000366211,30.76407241821289,39.509456634521484
2023-09-14,156.24273681640625,27.313302993774414,664.5098876953125,39.55583953857422,323.8676452636719,139.71774291992188,81.6976089477539,57.509117126464844,31.26295280456543,40.257564544677734
2023-09-15,158.14527893066406,26.9765625,655.6724853515625,39.16156768798828,321.9595642089844,139.30581665039062,81.09223937988281,56.02712631225586,30.76407241821289,40.1640510559082
2023-09-18,154.1663055419922,26.901729583740234,653.3032836914062,39.097381591796875,322.6927490234375,139.5960235595703,81.36740112304688,55.68067932128906,30.413986206054688,40.6129150390625
2023-09-19,153.89584350585938,26.798839569091797,647.7283325195312,39.13405990600586,321.3486633300781,139.4181671142578,81.18396759033203,55.55556869506836,30.27395248413086,40.416542053222656
2023-09-20,151.84841918945312,26.70530128479004,642.576171875,38.78562545776367,316.47052001953125,138.8284149169922,79.9273681640625,54.53550338745117,30.116411209106445,40.0892448425293
2023-09-21,149.41468811035156,26.23760414123535,628.8028564453125,38.24464416503906,310.3985900878906,137.74252319335938,77.85442352294922,53.900367736816406,29.27619743347168,39.57491683959961
2023-09-22,147.8404998779297,25.854095458984375,620.5953369140625,37.52028274536133,308.18975830078125,136.42254638671875,76.39602661132812,53.07275390625,29.21493148803711,38.55562210083008
2023-09-25,147.98533630371094,25.81668472290039,618.1979370117188,37.61197280883789,309.0826721191406,137.09654235839844,76.15755462646484,53.265220642089844,29.398731231689453,38.86421203613281
2023-09-26,145.94757080078125,25.414466857910156,608.0160522460938,36.878440856933594,304.36431884765625,135.67361450195312,75.36872863769531,52.158538818359375,28.89984893798828,38.01324462890625
2023-09-27,144.76931762695312,25.50800323486328,604.8854370117188,37.09850311279297,302.606689453125,136.46934509277344,74.89177703857422,52.331756591796875,28.462242126464844,38.20961380004883
2023-09-28,145.0880126953125,25.779266357421875,606.6246948242188,37.77702331542969,305.6614074707031,138.16375732421875,75.38707733154297,52.4953498840332,28.844221115112305,38.25637435913086
2023-09-29,144.08363342285156,25.610897064208984,607.7998046875,37.71283721923828,304.12939453125,135.75794982910156,74.91010284423828,52.83218002319336,29.368343353271484,38.20961380004883
2023-10-02,144.36366271972656,24.974834442138672,604.556396484375,37.13517761230469,299.36395263671875,134.5877227783203,73.75440979003906,51.53302001953125,28.551069259643555,37.04070281982422
2023-10-03,140.0853271484375,24.23587989807129,588.0377197265625,36.5483512878418,287.72772216796875,133.59542846679688,71.56221771240234,49.36776351928711,27.840402603149414,36.16167068481445
2023-10-04,141.6112518310547,24.263940811157227,598.4359741210938,36.50250244140625,290.05877685546875,134.19456481933594,72.54365539550781,49.4736213684082,27.751569747924805,36.44220733642578
2023-10-05,142.63914489746094,24.37618064880371,601.9802856445312,36.56668472290039,291.8445739746094,134.7603759765625,72.59869384765625,49.136802673339844,28.31121826171875,36.75081253051758
2023-10-06,144.8017120361328,24.385540008544922,609.4639892578125,37.19935989379883,293.7056579589844,136.83509826660156,73.68101501464844,49.5794792175293,28.302337646484375,37.11550521850586
2023-10-09,144.3168182373047,24.610031127929688,605.1016235351562,37.35524368286133,293.82781982421875,136.52386474609375,73.29579162597656,49.800811767578125,28.43558692932129,37.12485885620117
2023-10-10,146.36297607421875,25.26480484008789,603.5315551757812,37.99707794189453,295.8580627441406,137.35372924804688,73.4975814819336,49.82968521118164,28.950822830200195,37.23708724975586
2023-10-11,146.92539978027344,25.27415657043457,604.2084350585938,38.07960891723633,294.2131652832031,137.8252716064453,72.36939239501953,49.95478439331055,28.87975311279297,37.11550521850586
2023-10-12,146.70233154296875,25.16191291809082,598.0974731445312,38.07960891723633,291.233642578125,137.50460815429688,71.36959075927734,49.569854736328125,28.657670974731445,37.162269592285156
2023-10-13,146.52781677246094,25.030960083007812,590.0967407226562,37.987911224365234,290.7167053222656,139.5698699951172,71.35127258300781,49.396636962890625,28.57771873474121,38.30313491821289
2023-10-16,148.16668701171875,25.246097564697266,597.420654296875,37.54779052734375,295.5008850097656,139.42843627929688,72.21346282958984,51.696617126464844,28.977468490600586,38.94837951660156
2023-10-17,149.71826171875,25.835390090942383,598.0316772460938,37.77702331542969,290.7731018066406,139.12667846679688,73.68101501464844,51.667747497558594,30.993988037109375,39.2569694519043
2023-10-18,146.94480895996094,25.54541778564453,579.7832641601562,37.107669830322266,283.8177185058594,137.5989532470703,68.68212127685547,49.887420654296875,29.64372444152832,38.83616256713867
2023-10-19,145.0925750732422,25.218034744262695,585.2550048828125,36.73173522949219,281.2141418457031,137.0142059326172,66.88436126708984,49.94517135620117,29.092958450317383,38.50885772705078
2023-10-20,137.2861785888672,24.610031127929688,578.03466796875,36.383304595947266,282.0224609375,134.80752563476562,67.07697296142578,48.9539680480957,27.476186752319336,37.65789031982422
2023-10-23,140.21481323242188,23.917848587036133,577.9404907226562,35.658939361572266,281.2423400878906,132.96859741210938,65.76532745361328,47.47196960449219,27.769336700439453,36.919132232666016
2023-10-24,140.04994201660156,23.82430648803711,575.7406616210938,35.69561767578125,281.2047424316406,133.12893676757812,65.63692474365234,47.95313262939453,27.884822845458984,36.73210906982422
2023-10-25,139.17718505859375,23.899139404296875,572.2526245117188,35.40220642089844,278.9301452636719,132.40277099609375,65.49018096923828,47.510467529296875,27.795989990234375,36.498321533203125
2023-10-26,139.0026397705078,24.432313919067383,570.739013671875,36.07154846191406,279.1463317871094,132.74227905273438,66.10472106933594,49.49286651611328,28.22238540649414,37.07810974121094
2023-10-27,137.03404235839844,23.543691635131836,562.2870483398438,35.062950134277344,272.49169921875,127.96106719970703,64.57294464111328,48.23221206665039,27.218570709228516,36.24583053588867
2023-10-30,138.9347381591797,24.030094146728516,570.7860107421875,35.69561767578125,282.755615234375,129.592529296875,65.53850555419922,48.83848190307617,27.813753128051758,36.87237548828125
2023-10-31,141.61123657226562,24.638093948364258,575.6373291015625,36.2090950012207,285.36859130859375,131.1390838623047,65.75204467773438,50.07989501953125,28.320104598999023,37.19032287597656
2023-11-01,142.01852416992188,24.6942195892334,579.33203125,36.309959411621094,288.705322265625,131.02597045898438,65.87276458740234,50.83051300048828,28.302337646484375,37.04070281982422
2023-11-02,146.285400390625,25.835390090942383,605.9195556640625,37.91455078125,294.90875244140625,133.3647003173828,68.20313262939453,52.86103820800781,30.505403518676758,38.22003936767578
2023-11-03,148.1375732421875,26.583698272705078,618.5927124023438,39.25205612182617,307.9360046386719,134.8546905517578,70.80276489257812,53.72713851928711,31.52698516845703,39.26728820800781
2023-11-06,148.36062622070312,26.499515533447266,614.1271362304688,39.04772186279297,304.44891357421875,135.87318420410156,70.48709869384766,53.52505111694336,31.331554412841797,39.00312042236328
2023-11-07,148.35093688964844,26.340499877929688,609.774169921875,38.973419189453125,304.4865417480469,135.80715942382812,70.10643768310547,53.149742126464844,30.922929763793945,38.72007751464844
2023-11-08,148.38002014160156,26.087940216064453,615.7535400390625,38.84337615966797,305.0598449707031,136.47669982910156,70.53351593017578,52.83218002319336,30.656421661376953,38.66346740722656
2023-11-09,147.75938415527344,25.751209259033203,612.8109130859375,38.54615783691406,301.5069885253906,136.07119750976562,68.88089752197266,52.35847473144531,30.123424530029297,38.11625289916992
2023-11-10,149.70855712890625,25.891511917114258,625.2021484375,39.084877014160156,305.9528503417969,138.08929443359375,69.93933868408203,52.60015106201172,30.38104248046875,38.57855987548828
2023-11-13,149.66976928710938,25.91022300720215,621.8646240234375,39.660743713378906,307.2686767578125,137.476318359375,69.6700668334961,52.16511535644531,30.20337677001953,38.4653434753418
2023-11-14,152.16201782226562,27.332008361816406,655.6160888671875,41.20259475708008,318.36907958984375,139.98484802246094,72.70606994628906,52.96751022338867,32.1132926940918,39.701290130615234
2023-11-15,154.60574340820312,27.70616340637207,666.41845703125,41.685577392578125,317.31634521484375,141.21078491210938,73.97801208496094,54.214603424072266,33.02827835083008,40.41832733154297
2023-11-16,154.2372589111328,27.63133430480957,672.11572265625,41.49052429199219,316.4422607421875,142.82337951660156,73.95947265625,53.8182373046875,33.15263748168945,40.125850677490234
2023-11-17,157.64102172851562,28.04290008544922,673.9583129882812,42.13142013549805,318.81085205078125,144.11532592773438,74.53508758544922,54.89131546020508,33.43691635131836,40.53154373168945
2023-11-20,158.8920135498047,28.070966720581055,677.7754516601562,42.03852844238281,319.05523681640625,144.55856323242188,73.9966049194336,54.67863464355469,33.42803192138672,40.37115478515625
2023-11-21,157.37921142578125,27.743579864501953,681.2728881835938,41.88063430786133,314.8443603515625,144.2567901611328,72.8546142578125,54.127593994140625,32.87725830078125,40.19189453125
2023-11-22,158.83383178710938,27.715517044067383,683.6232299804688,41.815608978271484,318.2939147949219,144.59629821777344,72.8731918334961,54.06959533691406,32.71735763549805,40.36172103881836
2023-11-24,159.44476318359375,27.80905532836914,686.4060668945312,42.010658264160156,318.7732849121094,144.79432678222656,73.02173614501953,54.55296325683594,33.04604721069336,40.49380874633789
2023-11-27,159.0762481689453,27.650043487548828,686.9514770507812,41.871341705322266,317.4197998046875,144.46426391601562,72.371826171875,54.137264251708984,32.681827545166016,40.58816146850586
2023-11-28,160.64723205566406,27.62198257446289,692.6675415039062,41.66700744628906,317.3633728027344,144.79432678222656,71.37840270996094,53.95358657836914,32.90391540527344,40.91836929321289
2023-11-29,162.36367797851562,28.351579666137695,702.5767822265625,42.493648529052734,322.44268798828125,145.5299072265625,72.92889404296875,57.62717819213867,33.57016372680664,41.30519485473633
2023-11-30,165.6026153564453,28.747577667236328,706.2716674804688,42.81874084472656,323.65570068359375,147.1896514892578,73.66234588623047,59.280303955078125,33.86330795288086,42.06940841674805
2023-12-01,168.50213623046875,29.190719604492188,711.0851440429688,43.86831283569336,330.1849365234375,147.90635681152344,75.10144805908203,61.05909729003906,34.98262023925781,42.475101470947266
2023-12-04,168.00759887695312,29.0587215423584,711.1602783203125,43.99834442138672,331.09466552734375,148.99087524414062,75.39852142333984,60.556400299072266,35.08032989501953,42.56944274902344
2023-12-05,165.5153350830078,28.83243751525879,709.1578369140625,43.37603759765625,323.8546447753906,148.97198486328125,74.43295288085938,60.160030364990234,35.00038146972656,41.975067138671875
2023-12-06,162.44125366210938,28.785295486450195,703.2615356445312,44.45347213745117,324.06317138671875,147.4065399169922,73.72735595703125,60.092369079589844,34.71611022949219,41.9844970703125
2023-12-07,163.51768493652344,28.90786361694336,705.5045776367188,45.04792022705078,326.5743713378906,147.85919189453125,74.60008239746094,60.86574935913086,35.29352569580078,42.8336181640625
2023-12-08,163.3334197998047,29.190719604492188,704.8325805664062,45.41015625,332.459228515625,149.4906768798828,76.39196014404297,61.93883514404297,35.91535949707031,43.494041442871094
2023-12-11,163.2946319580078,29.087003707885742,712.1011962890625,44.72283172607422,333.3405456542969,150.0376434326172,76.8933334350586,61.8904914855957,36.00419616699219,43.39970016479492
2023-12-12,165.86444091796875,28.983291625976562,718.6126098632812,44.63923645019531,334.14605712890625,151.37673950195312,77.61751556396484,62.422203063964844,35.93313217163086,43.84313201904297
2023-12-13,169.27792358398438,30.209003448486328,731.9951171875,45.828128814697266,343.73614501953125,151.885986328125,79.50224304199219,64.09466552734375,37.74533462524414,45.06021499633789
2023-12-14,173.44781494140625,32.00041961669922,763.8897094726562,46.66408157348633,363.3901062011719,154.64907836914062,84.52508544921875,68.58031463623047,40.26820755004883,47.654754638671875
2023-12-15,175.04788208007812,31.679851531982422,775.1238403320312,46.28325271606445,360.5850524902344,155.81845092773438,85.02645111083984,68.61898803710938,39.98393249511719,47.466064453125
2023-12-18,177.22979736328125,31.519567489624023,753.7723388671875,46.1253547668457,356.6902770996094,156.76148986816406,84.26514434814453,67.00453186035156,39.13113784790039,46.85280990600586
2023-12-19,180.12933349609375,31.594995498657227,758.4476928710938,47.304962158203125,362.4234924316406,158.85504150390625,85.34210968017578,67.42022705078125,39.27326965332031,47.25849914550781
2023-12-20,175.18365478515625,31.095285415649414,746.9486694335938,46.50617218017578,357.75164794921875,157.0632781982422,84.6179428100586,64.88739013671875,37.718685150146484,46.5508918762207
2023-12-21,179.1983642578125,31.302715301513672,756.289794921875,46.998443603515625,360.6419677734375,157.9591827392578,86.00131225585938,65.91211700439453,38.47377014160156,46.65467834472656
2023-12-22,179.9547882080078,31.519567489624023,759.4320678710938,47.23994064331055,360.7177734375,157.86485290527344,85.79706573486328,66.298828125,38.65142822265625,46.39993667602539
2023-12-26,180.33299255371094,31.924999237060547,763.3975219726562,47.685768127441406,361.6274108886719,158.7984619140625,86.19628143310547,66.65650177001953,39.14889907836914,46.83393859863281
2023-12-27,181.39968872070312,31.906131744384766,769.681884765625,47.79723358154297,364.3471984863281,159.7509002685547,86.95761108398438,66.96586608886719,39.033416748046875,46.54146194458008
2023-12-28,182.11729431152344,31.943851470947266,770.7796020507812,47.852970123291016,366.1761169433594,160.5996856689453,86.93904113769531,67.2365493774414,39.19511795043945,46.682979583740234
2023-12-29,181.6712188720703,31.7458553314209,768.3095092773438,47.778656005859375,365.5696716308594,160.41107177734375,86.57695007324219,66.51151275634766,38.88070297241211,46.43768310546875
2024-01-02,182.61187744140625,31.962718963623047,757.4257202148438,49.2647819519043,367.9671630859375,162.27830505371094,87.18045043945312,66.801513671875,39.44666290283203,46.54146194458008
2024-01-03,180.6820831298828,31.613849639892578,742.140869140625,49.82206344604492,361.7980651855469,161.57101440429688,85.33283233642578,64.81971740722656,38.40457534790039,45.92820739746094
2024-01-04,182.06356811523438,31.868425369262695,743.8443603515625,49.94281768798828,362.8973083496094,162.64321899414062,85.55567932128906,64.66503143310547,38.81781005859375,46.494293212890625
2024-01-05,183.93148803710938,32.46241760253906,740.8914794921875,50.46296310424805,366.20458984375,163.459228515625,86.5676498413086,64.99373626708984,39.35682678222656,47.09810256958008
2024-01-08,184.07742309570312,32.20785140991211,754.482177734375,50.16572952270508,368.49786376953125,163.22203063964844,86.81835174560547,65.54476165771484,39.491573333740234,47.09810256958008
2024-01-09,181.70359802246094,31.708139419555664,751.9552612304688,49.67345428466797,363.6459655761719,161.93157958984375,85.47209930419922,64.5296859741211,39.04240036010742,46.50372314453125
2024-01-10,179.95242309570312,31.679851531982422,749.9109497070312,49.24620056152344,361.959228515625,162.2731475830078,84.93360900878906,63.6306266784668,38.988502502441406,46.30559539794922
2024-01-11,180.01077270507812,31.255571365356445,750.1475830078125,48.37310791015625,359.8648681640625,161.58999633789062,84.03302001953125,63.08925247192383,38.46744918823242,46.267852783203125
2024-01-12,177.1018829345703,30.925567626953125,756.7630004882812,48.87466812133789,357.9696350097656,160.40390014648438,83.28099060058594,63.06024932861328,37.865562438964844,44.72056579589844
2024-01-16,176.06094360351562,30.2844295501709,748.9834594726562,48.17805099487305,360.5282897949219,159.39813232421875,79.81791687011719,62.17083740234375,37.173828125,44.17334747314453
2024-01-17,176.09011840820312,29.982715606689453,745.2451171875,47.704349517822266,357.4294128417969,158.54415893554688,78.36956024169922,61.33945846557617,36.67074966430664,44.031822204589844
2024-01-18,174.9129180908203,29.91671371459961,752.6556396484375,47.47214889526367,357.1736755371094,158.85726928710938,77.89603424072266,60.63374328613281,36.068851470947266,43.8148307800293
2024-01-19,178.20126342773438,30.37871742248535,762.290283203125,47.852970123291016,362.1866149902344,161.59945678710938,79.23298645019531,61.658477783203125,37.73978805541992,45.39985656738281
2024-01-22,179.99136352539062,30.689857482910156,751.4819946289062,49.07901382446289,365.74969482421875,161.40969848632812,79.59510040283203,61.51346969604492,37.533164978027344,45.786685943603516
2024-01-23,180.43885803222656,30.897289276123047,750.1002807617188,49.506263732910156,360.83148193359375,160.34701538085938,80.53280639648438,61.793819427490234,37.703853607177734,46.34333038330078
2024-01-24,180.7793731689453,31.095285415649414,743.655029296875,49.4691162109375,359.533203125,161.7797393798828,81.30341339111328,61.36846160888672,38.162017822265625,46.692420959472656
2024-01-25,182.96832275390625,31.48185157775879,748.1127319335938,49.90565872192383,362.6604309082031,164.09500122070312,81.72119903564453,61.59080123901367,38.45846939086914,47.06037139892578
2024-01-26,195.96591186523438,31.519567489624023,745.1220092773438,49.84993362426758,358.007568359375,163.46868896484375,81.45196533203125,61.90983200073242,38.30575180053711,47.475502014160156
2024-01-29,195.41140747070312,31.689281463623047,746.447021484375,50.25862121582031,360.63250732421875,163.89572143554688,81.34984588623047,61.81315231323242,38.58424377441406,47.50380325317383
2024-01-30,198.61212158203125,32.80185317993164,739.8504638671875,53.02650451660156,366.6120910644531,167.25465393066406,82.14674377441406,62.23851776123047,38.934593200683594,48.29631423950195
2024-01-31,195.2946319580078,32.06642150878906,732.8280029296875,52.171993255615234,363.9018249511719,165.4423370361328,81.79048156738281,60.827083587646484,37.31756591796875,47.343414306640625
2024-02-01,197.70736694335938,31.632709503173828,742.8790283203125,52.069820404052734,363.75018310546875,164.84454345703125,81.3967056274414,60.19870376586914,36.73363494873047,46.298301696777344
2024-02-02,200.8108673095703,31.557283401489258,745.784423828125,52.07919692993164,367.55023193359375,165.79339599609375,81.81859588623047,60.84641647338867,36.688716888427734,46.706844329833984
2024-02-05,200.35360717773438,31.104713439941406,741.2133178710938,51.104000091552734,362.96368408203125,165.5751953125,80.52479553222656,60.295379638671875,36.02393341064453,46.26980209350586
2024-02-06,200.07144165039062,31.15184783935547,745.7655639648438,50.963348388671875,364.83050537109375,166.14450073242188,80.72168731689453,59.83134460449219,36.02393341064453,45.88026428222656
2024-02-07,203.40838623046875,31.28385353088379,752.1256713867188,51.14150619506836,366.41302490234375,166.4575958251953,80.6279296875,60.3533821105957,35.853248596191406,46.0607795715332
2024-02-08,205.48065185546875,31.227277755737305,750.7059326171875,50.90708923339844,364.8778991699219,165.85984802246094,80.29979705810547,60.634864807128906,36.26649475097656,45.9372673034668
2024-02-09,206.7064666748047,31.180139541625977,754.5011596679688,50.62578201293945,364.1387023925781,166.05909729003906,80.52479553222656,61.508426666259766,36.095802307128906,45.66173553466797
2024-02-12,206.50213623046875,31.69870948791504,758.807373046875,50.56013870239258,372.07989501953125,166.7991943359375,81.44358825683594,62.60523223876953,36.89533615112305,46.47882080078125
2024-02-13,203.982421875,30.87842559814453,736.3865356445312,49.47241973876953,358.9172668457031,165.3474578857422,78.72473907470703,60.8678092956543,35.871219635009766,45.832763671875
2024-02-14,205.17904663085938,31.236711502075195,743.3237915039062,50.616397857666016,358.24444580078125,167.0269317626953,78.75287628173828,61.17841339111328,36.383277893066406,46.108280181884766
2024-02-15,206.76483154296875,32.12298583984375,755.296142578125,51.76975631713867,365.23797607421875,170.67050170898438,80.31854248046875,62.73140335083008,37.32654571533203,49.44313049316406
2024-02-16,206.7940216064453,32.141849517822266,751.463134765625,51.43218994140625,364.3093566894531,169.8734893798828,81.09671020507812,62.50817108154297,37.27265167236328,49.319618225097656
2024-02-20,206.72592163085938,32.0192756652832,755.3529052734375,51.966670989990234,364.3851013183594,170.5376739501953,80.01852416992188,61.71226119995117,36.95821762084961,49.18660354614258
2024-02-21,205.16932678222656,31.774137496948242,762.2996826171875,51.882286071777344,367.9387512207031,171.64785766601562,80.12165832519531,62.246097564697266,36.67074966430664,50.03219223022461
2024-02-22,208.1852569580078,31.689281463623047,769.8616943359375,52.41676330566406,370.0235595703125,173.70689392089844,80.4873046875,62.73140335083008,37.14686965942383,50.706764221191406
2024-02-23,208.73974609375,31.981563568115234,770.0037231445312,52.44490051269531,370.5731506347656,174.57981872558594,81.1435775756836,62.546993255615234,37.15585708618164,51.172306060791016
2024-02-26,211.07464599609375,31.689281463623047,762.8486938476562,51.91041564941406,369.78662109375,173.98202514648438,80.31854248046875,62.50817108154297,36.688716888427734,51.42884063720703
2024-02-27,212.06700134277344,32.32099533081055,757.6527709960938,52.23860549926758,370.34576416015625,174.0674285888672,80.14978790283203,63.43027114868164,37.16484451293945,52.07489776611328
2024-02-28,212.1156463623047,32.349281311035156,766.2839965820312,51.619728088378906,375.2319641113281,174.9498748779297,80.67481994628906,63.72145080566406,37.03009796142578,51.989402770996094
2024-02-29,213.46792602539062,32.776546478271484,767.8741455078125,52.032318115234375,371.2905578613281,176.54396057128906,80.66543579101562,64.8182373046875,37.69487380981445,52.81597900390625
2024-03-01,213.701416015625,32.61513137817383,771.17724609375,52.13545227050781,370.3839416503906,175.8133087158203,81.07795715332031,64.5173568725586,37.20976257324219,52.31242752075195
2024-03-04,212.97178649902344,33.37473678588867,789.7649536132812,52.641807556152344,374.344482421875,177.13223266601562,84.4155502319336,65.65299224853516,38.35965347290039,53.025001525878906
2024-03-05,211.30813598632812,33.60260772705078,782.6383666992188,52.754329681396484,373.065673828125,178.90658569335938,83.56240844726562,66.09947967529297,38.85374450683594,53.77558135986328
2024-03-06,212.5242462158203,33.63109588623047,790.7900390625,53.72015380859375,371.78680419921875,179.83645629882812,80.30917358398438,66.09947967529297,38.71001052856445,54.260128021240234
2024-03-07,217.35943603515625,33.83049011230469,792.0281372070312,54.12335968017578,370.6988525390625,178.26138305664062,80.7591781616211,66.18683624267578,38.934593200683594,54.15562057495117
2024-03-08,217.31077575683594,33.802005767822266,796.2371826171875,53.92644119262695,369.3245544433594,178.59347534179688,81.60297393798828,65.19678497314453,38.862728118896484,54.22212600708008
2024-03-11,214.217041015625,34.077354431152344,785.7999877929688,53.832672119140625,368.53253173828125,178.6598663330078,81.50921630859375,64.98326873779297,39.0963020324707,54.241127014160156
2024-03-12,216.6103057861328,34.143821716308594,790.018798828125,53.870182037353516,370.46026611328125,180.13058471679688,81.61233520507812,64.54647064208984,38.81781005859375,54.73517990112305
2024-03-13,216.76597595214844,34.25776290893555,786.5905151367188,54.160865783691406,374.40179443359375,181.59185791015625,83.76866912841797,65.15796661376953,39.0513916015625,54.934696197509766
2024-03-14,214.48944091796875,33.887454986572266,770.220458984375,53.53260803222656,370.87060546875,178.35626220703125,83.53428649902344,64.6435317993164,38.04522705078125,54.50715637207031
2024-03-15,212.53399658203125,33.62160110473633,764.239990234375,54.02021026611328,369.5345458984375,180.56707763671875,82.85926055908203,65.07061767578125,37.802677154541016,54.64017105102539
2024-03-18,214.97589111328125,34.1912956237793,762.0782470703125,54.976654052734375,366.8241882324219,182.80638122558594,82.46548461914062,65.42003631591797,38.153038024902344,54.8871955871582
2024-03-19,215.67636108398438,34.21028518676758,764.0303955078125,55.19231414794922,370.9183654785156,183.87857055664062,82.89674377441406,66.34212493896484,37.92845153808594,54.165122985839844
2024-03-20,221.72763061523438,34.8939208984375,778.8768310546875,56.3831901550293,378.3718566894531,186.28866577148438,85.64373016357422,67.62335968017578,39.04240036010742,54.440650939941406
2024-03-21,222.90478515625,35.61553192138672,801.8938598632812,57.50841522216797,394.8248596191406,188.87904357910156,87.56568145751953,69.73930358886719,39.9317741394043,54.96320343017578
2024-03-22,219.8305206298828,35.17876434326172,785.4857788085938,57.030189514160156,388.2494201660156,186.5638427734375,86.20624542236328,69.49665832519531,39.159183502197266,54.27912902832031
2024-03-25,219.8986053466797,34.99836349487305,777.2769775390625,57.1520881652832,386.4552001953125,184.85594177246094,85.44685363769531,69.23460388183594,39.123252868652344,53.89908981323242
2024-03-26,218.3712158203125,35.21674346923828,781.0765991210938,57.817848205566406,387.6385803222656,185.7193603515625,85.57811737060547,68.91429901123047,39.105281829833984,53.85158920288086
2024-03-27,221.57192993164062,35.900390625,795.2849731445312,58.839927673339844,396.2945556640625,189.31553649902344,87.65943145751953,70.25373840332031,39.97751998901367,54.73517990112305
2024-03-28,221.51361083984375,36.00482177734375,793.9327392578125,59.29939651489258,398.62322998046875,190.0556182861328,88.27820587158203,70.21492004394531,40.613529205322266,55.067718505859375
2024-04-01,221.43577575683594,35.62503433227539,787.333251953125,59.50568389892578,394.6340026855469,188.7651824951172,87.68755340576172,70.2440414428711,39.932090759277344,54.73517990112305
2024-04-02,219.4121856689453,35.4161491394043,777.6387939453125,58.92431640625,391.4273376464844,188.68927001953125,86.91878509521484,69.36077117919922,39.27791213989258,54.48815155029297
2024-04-03,220.4823455810547,35.549072265625,775.9342651367188,57.84597396850586,395.10162353515625,188.15792846679688,87.19066619873047,69.32194519042969,39.16889190673828,54.27912902832031
2024-04-04,214.29519653320312,35.05533218383789,754.3074951171875,57.11457824707031,387.7054138183594,186.72630310058594,86.5156478881836,69.2540054321289,38.996253967285156,53.85158920288086
2024-04-05,217.09603881835938,35.23574447631836,759.5166015625,57.7615852355957,389.44232177734375,188.4442596435547,86.69377899169922,69.77814483642578,39.096195220947266,54.53565979003906
2024-04-08,218.70623779296875,35.60604476928711,765.0018310546875,57.883480072021484,391.799560546875,189.42727661132812,87.3875503540039,70.2440414428711,39.72312545776367,54.90619659423828
2024-04-09,214.53916931152344,35.824424743652344,765.5541381835938,57.817848205566406,391.9618225097656,188.1579132080078,88.20321655273438,70.15668487548828,39.92300796508789,54.70668029785156
2024-04-10,212.40199279785156,34.798973083496094,746.27001953125,56.43006896972656,382.4660339355469,186.55455017089844,85.92499542236328,69.01133728027344,38.18761444091797,54.09861373901367
2024-04-11,212.938720703125,34.514122009277344,748.4698486328125,56.927040100097656,379.3357849121094,186.516357421875,81.41545867919922,68.54545593261719,38.087669372558594,53.861087799072266
2024-04-12,212.938720703125,33.9824104309082,726.986083984375,55.96122741699219,371.71044921875,174.452880859375,80.80607604980469,67.9727783203125,37.77875900268555,53.652069091796875
2024-04-15,213.13388061523438,34.13432693481445,726.595458984375,54.91101837158203,382.58050537109375,174.54832458496094,81.55609130859375,69.13752746582031,37.65155792236328,54.127113342285156
2024-04-16,213.0753631591797,32.928470611572266,713.910888671875,53.466976165771484,378.7440185546875,172.5536346435547,83.57179260253906,70.92347717285156,37.25177764892578,53.595062255859375
2024-04-17,212.42147827148438,33.45069122314453,717.8344116210938,54.545310974121094,385.47222900390625,171.86648559570312,84.45306396484375,70.3702163696289,35.907081604003906,54.32663345336914
2024-04-18,212.25559997558594,33.96342086791992,711.6539306640625,54.68596649169922,384.708740234375,172.98312377929688,84.62181854248047,70.78759765625,35.83440017700195,55.80879211425781
2024-04-19,225.4691162109375,35.102806091308594,714.2061767578125,55.45486831665039,385.5581359863281,177.32562255859375,84.9968490600586,71.26319122314453,36.75206756591797,57.338443756103516
2024-04-22,227.38186645507812,35.824424743652344,723.8528442382812,57.1520881652832,398.2987365722656,180.7709503173828,86.33750915527344,72.07852172851562,37.297210693359375,58.051021575927734
2024-04-23,233.19818115234375,36.432098388671875,730.0523681640625,58.76491165161133,404.6451721191406,183.37643432617188,87.9031982421875,73.02001953125,37.22452163696289,57.89900588989258
2024-04-24,233.35430908203125,36.38462829589844,726.4146118164062,58.57737350463867,403.72894287109375,184.27354431152344,87.98756408691406,72.98121643066406,37.8060188293457,57.57596969604492
2024-04-25,231.38299560546875,35.99533462524414,721.51025390625,57.93975067138672,400.87542724609375,184.55029296875,86.77814483642578,72.69001770019531,37.242698669433594,56.93941116333008
2024-04-26,229.95822143554688,35.91938400268555,726.4907836914062,58.75553894042969,408.0522155761719,184.66485595703125,87.03129577636719,72.78705596923828,37.36080551147461,56.92040252685547
2024-04-29,233.15911865234375,35.65351104736328,724.967041015625,58.380462646484375,411.1442565917969,184.46441650390625,87.154296875,72.36969757080078,37.5152702331543,56.815895080566406
2024-04-30,228.3870391845703,35.14079284667969,718.643798828125,57.50841522216797,407.2314453125,182.99468994140625,85.95262145996094,71.77763366699219,36.91560363769531,56.3598518371582
2024-05-01,225.8789825439453,35.08382797241211,715.7297973632812,57.527156829833984,407.4605407714844,183.1092071533203,86.6149673461914,72.37940979003906,37.297210693359375,56.549861907958984
2024-05-02,226.89390563964844,35.017356872558594,720.8912353515625,57.705326080322266,412.823974609375,182.91830444335938,87.66524505615234,73.1170883178711,37.22452163696289,56.84440231323242
2024-05-03,225.2056427001953,35.36867141723633,727.4716796875,58.18769836425781,418.1778869628906,181.82077026367188,88.60198211669922,73.80622100830078,37.62430191040039,56.94890594482422
2024-05-06,228.67982482910156,35.78644561767578,737.6898193359375,59.40782928466797,423.4172668457031,183.2427978515625,89.69011688232422,74.60214233398438,37.9968147277832,57.18642807006836
2024-05-07,229.00186157226562,35.92886734008789,743.6702880859375,58.64170455932617,423.541259765625,183.00421142578125,90.63629913330078,73.32091522216797,37.77875900268555,57.2529411315918
2024-05-08,230.54373168945312,35.80543518066406,741.2037963867188,59.35107421875,426.54754638671875,186.72630310058594,90.49437713623047,74.15564727783203,37.878700256347656,58.17453384399414
2024-05-09,233.3738250732422,36.34664535522461,751.4887084960938,59.890201568603516,434.76446533203125,188.491943359375,92.83148956298828,73.46424865722656,37.74241638183594,58.556758880615234
2024-05-10,236.45761108398438,36.50806427001953,758.6690063476562,60.08882522583008,433.972412109375,189.7040557861328,92.99231719970703,74.11669921875,38.02407455444336,59.1396484375
2024-05-13,232.8956298828125,36.28018569946289,752.63134765625,59.965858459472656,432.85577392578125,189.66583251953125,93.25726318359375,72.74362182617188,37.696990966796875,58.53764724731445
2024-05-14,235.70619201660156,36.546043395996094,764.658935546875,60.14557647705078,437.5416564941406,192.31906127929688,94.03314971923828,75.05157470703125,38.114933013916016,59.1396484375
2024-05-15,235.8720703125,36.9448356628418,776.7913208007812,60.7603645324707,444.81378173828125,192.89170837402344,95.11181640625,76.619384765625,38.36025619506836,59.56965255737305
2024-05-16,235.50125122070312,37.239173889160156,769.182373046875,60.66577911376953,443.31549072265625,193.23526000976562,94.2223892211914,75.99614715576172,37.84236145019531,58.34654235839844
2024-05-17,236.96510314941406,37.30563735961914,773.4772338867188,60.59957504272461,446.369384765625,195.44944763183594,94.82797241210938,76.71676635742188,37.64247512817383,58.36564636230469
2024-05-20,236.45761108398438,36.859375,766.7826538085938,59.73886489868164,441.8075866699219,186.65953063964844,94.93203735351562,76.59991455078125,37.15183639526367,58.002532958984375
2024-05-21,237.2187957763672,37.647457122802734,766.5349731445312,61.233280181884766,448.9366149902344,190.4198455810547,96.06747436523438,76.83363342285156,37.41532516479492,58.72876739501953
2024-05-22,234.3009033203125,37.75189971923828,761.46875,60.363121032714844,441.273193359375,189.26499938964844,95.31998443603516,73.29869079589844,37.04281234741211,58.222312927246094
2024-05-23,229.78256225585938,37.19169616699219,747.1271362304688,59.606449127197266,437.2362976074219,187.93841552734375,93.597900390625,70.4454345703125,36.36137008666992,57.027862548828125
2024-05-24,232.43695068359375,37.69493103027344,744.603515625,60.13612365722656,440.1279296875,191.55555725097656,93.64521026611328,70.37726593017578,36.82474899291992,57.53430938720703
2024-05-28,231.52940368652344,37.334129333496094,734.6138916015625,59.067325592041016,438.82049560546875,190.40074157714844,93.36134338378906,68.93602752685547,36.13422393798828,56.83674240112305
2024-05-29,230.25099182128906,36.76442337036133,720.4913330078125,58.651153564453125,436.3009948730469,189.0741424560547,92.03668212890625,68.68284606933594,35.47096633911133,56.13919448852539
2024-05-30,231.50013732910156,36.6789665222168,725.5194702148438,58.57549285888672,432.2781066894531,190.23846435546875,91.99883270263672,69.99747467041016,35.77988052368164,56.57875061035156
2024-05-31,234.21307373046875,37.97028732299805,735.204345703125,58.934906005859375,438.3172607421875,193.38796997070312,92.57601165771484,71.36080932617188,36.842918395996094,57.25719451904297
2024-06-03,231.16831970214844,37.865840911865234,740.2896118164062,58.56603240966797,436.8386535644531,192.6149139404297,92.16915893554688,70.47464752197266,36.09788513183594,56.702972412109375
2024-06-04,231.52940368652344,37.675941467285156,747.831787109375,57.7242431640625,437.1458435058594,190.0762481689453,91.38380432128906,70.1045913696289,35.39827346801758,56.09141540527344
2024-06-05,229.03111267089844,37.94179916381836,751.2506103515625,58.42416000366211,443.271484375,188.26290893554688,91.45951080322266,72.4417495727539,35.50730895996094,56.07229995727539
2024-06-06,227.7234344482422,37.69493103027344,741.3943481445312,58.58494567871094,439.83428955078125,187.92884826660156,91.63927459716797,72.30541229248047,35.452796936035156,55.16451644897461
2024-06-07,227.05982971191406,38.000614166259766,736.8506469726562,58.43360900878906,436.77142333984375,190.83021545410156,91.91366577148438,71.9937973022461,35.452796936035156,55.76652145385742
2024-06-10,226.83538818359375,37.89553451538086,734.4349975585938,58.102569580078125,435.4656982421875,190.5057373046875,91.20401763916016,72.16908264160156,35.20747756958008,55.35563278198242
2024-06-11,219.11607360839844,37.12177276611328,726.2486572265625,55.93661880493164,426.5556945800781,185.49517822265625,90.29566955566406,71.52635955810547,34.934906005859375,54.591182708740234
2024-06-12,218.63787841796875,37.64716339111328,738.2118530273438,56.759490966796875,430.8090515136719,182.7942657470703,90.50382995605469,71.63346862792969,35.68902587890625,54.75362777709961
2024-06-13,216.83253479003906,37.50387954711914,737.8283081054688,56.96757125854492,428.5527648925781,184.82711791992188,90.08751678466797,71.46792602539062,35.67085647583008,54.72496032714844
2024-06-14,219.39910888671875,37.484771728515625,737.4641723632812,56.11632537841797,428.6583557128906,184.94163513183594,90.36190032958984,71.33160400390625,35.2801628112793,54.849185943603516
2024-06-17,222.76593017578125,37.74269485473633,748.7273559570312,56.80678176879883,432.2300720214844,186.08689880371094,91.81905364990234,70.90312194824219,35.516387939453125,55.65186309814453
2024-06-18,223.7808380126953,38.20122528076172,751.1909790039062,57.4877815246582,439.19097900390625,188.0147705078125,92.32054138183594,70.93233489990234,35.69810485839844,56.42585754394531
2024-06-20,224.6591339111328,38.20122528076172,750.4049682617188,57.336448669433594,439.7862548828125,189.6085968017578,92.19754791259766,70.7959976196289,35.68902587890625,56.3398551940918
2024-06-21,224.82504272460938,37.723594665527344,754.977294921875,56.74057388305664,432.2300720214844,187.34669494628906,90.98639678955078,71.41923522949219,36.07062530517578,55.5180778503418
2024-06-24,225.88877868652344,38.22988510131836,765.857177734375,58.01744842529297,443.6651306152344,189.80902099609375,91.87582397460938,72.57807922363281,36.842918395996094,56.387630462646484
2024-06-25,225.02996826171875,37.61851501464844,761.4860229492188,58.24445343017578,439.1429443359375,189.0359649658203,92.53816223144531,71.96456909179688,36.36137008666992,54.6580696105957
2024-06-26,225.11781311035156,37.25550842285156,754.83349609375,57.93232345581055,437.68359375,188.42515563964844,91.67710876464844,71.34133911132812,36.0797119140625,54.47651290893555
2024-06-27,222.89279174804688,37.49432373046875,748.775390625,58.216068267822266,428.1783142089844,190.08578491210938,90.61737823486328,71.63346862792969,36.05245590209961,54.868289947509766
2024-06-28,225.96681213378906,37.991065979003906,754.7089233398438,60.022613525390625,434.2847595214844,193.03485107421875,91.96097564697266,71.76007080078125,36.52162551879883,56.7507438659668
2024-07-01,228.1723175048828,38.22032928466797,749.8681030273438,59.994239807128906,445.1725769042969,196.07937622070312,93.82499694824219,71.49714660644531,36.09844970703125,57.897422790527344
2024-07-02,230.2802276611328,39.099178314208984,756.4439697265625,61.17653274536133,447.0448303222656,199.30519104003906,94.28862762451172,72.2080307006836,36.77001190185547,58.260536193847656
2024-07-03,230.02655029296875,39.070518493652344,756.434326171875,60.96845626831055,449.2627258300781,199.1715850830078,94.80903625488281,72.18855285644531,36.346832275390625,57.96430969238281
2024-07-05,230.63336181640625,38.602439880371094,757.85302734375,60.56174087524414,446.2191162109375,196.53245544433594,94.23184204101562,71.28289794921875,35.914466857910156,56.970523834228516
2024-07-08,229.53712463378906,38.803035736083984,757.4600219726562,61.233280181884766,446.2863464355469,196.89715576171875,95.17804718017578,71.32186889648438,36.30084228515625,56.387630462646484
2024-07-09,232.7084197998047,39.567256927490234,769.04931640625,62.945255279541016,453.9769592285156,199.25794982910156,97.08936309814453,72.57807922363281,36.67801284790039,57.21897888183594
2024-07-10,233.86338806152344,39.872947692871094,778.36669921875,63.351959228515625,459.7953186035156,199.42111206054688,97.89363861083984,72.67545318603516,37.53355407714844,57.06608963012695
2024-07-11,233.68719482421875,39.939815521240234,790.7035522460938,62.15074157714844,460.12176513671875,199.085205078125,99.01016235351562,74.08747863769531,38.573089599609375,57.48653030395508
2024-07-12,233.5697784423828,39.72965621948242,793.6751708984375,61.02519989013672,460.7458801269531,196.67642211914062,98.48974609375,73.40581512451172,38.7294807434082,54.02740478515625
2024-07-15,238.8258819580078,40.0162353515625,788.8726806640625,61.61161422729492,472.60345458984375,201.58038330078125,99.5968017578125,73.10393524169922,38.9594612121582,55.16451644897461
2024-07-16,244.33648681640625,42.15604019165039,808.9837036132812,63.62623977661133,482.9631652832031,205.0063934326172,100.5051498413086,65.66402435302734,39.8242073059082,57.56298065185547
2024-07-17,244.65951538085938,42.01274871826172,806.2518310546875,63.947818756103516,482.1566162109375,208.1253662109375,101.20532989501953,62.129093170166016,41.63648986816406,58.20320129394531
2024-07-18,243.91561889648438,41.08613967895508,794.6625366210938,61.375160217285156,466.82342529296875,201.51318359375,99.17100524902344,60.639163970947266,40.85454559326172,56.607418060302734
2024-07-19,237.24024963378906,40.98106002807617,796.2921142578125,61.61161422729492,465.5944519042969,201.32125854492188,96.59735107421875,60.45414352416992,41.17652130126953,56.597862243652344
2024-07-22,239.5599822998047,40.40789794921875,808.3126220703125,61.00628662109375,467.620361328125,201.8011016845703,96.92852020263672,63.05421447753906,41.43410873413086,56.51185989379883
2024-07-23,241.6643829345703,40.51297378540039,809.7025756835938,61.157615661621094,472.5265808105469,201.84910583496094,97.93148803710938,63.43399429321289,41.90327453613281,57.01830291748047
2024-07-24,235.8797149658203,40.30281066894531,793.3684692382812,60.2117805480957,467.2939453125,200.17922973632812,96.48380279541016,62.401763916015625,41.18572235107422,56.79852294921875
2024-07-25,235.08685302734375,39.81562805175781,801.8903198242188,60.883331298828125,472.1041259765625,200.25601196289062,97.98826599121094,64.50520324707031,41.480098724365234,57.04698181152344
2024-07-26,240.67581176757812,39.80607604980469,820.73583984375,61.649452209472656,479.1322937011719,203.6820526123047,98.58436584472656,64.85575866699219,41.82047653198242,57.7063102722168
2024-07-29,242.63340759277344,39.25201416015625,826.439453125,60.81712341308594,473.0738830566406,202.34812927246094,96.96637725830078,63.589813232421875,41.73768615722656,56.94186019897461
2024-07-30,247.1260528564453,39.43352127075195,836.447021484375,62.30207443237305,485.5074768066406,206.51312255859375,98.17750549316406,63.210025787353516,41.829681396484375,57.34319305419922
2024-07-31,247.6741943359375,38.50690841674805,840.1950073242188,61.36569595336914,488.7335205078125,204.21949768066406,98.5355224609375,63.48268508911133,41.28691864013672,56.702972412109375
2024-08-01,243.4066619873047,37.7331428527832,829.5069580078125,59.85236740112305,480.17877197265625,199.5746612548828,97.15119171142578,62.04145050048828,39.998992919921875,54.352291107177734
2024-08-02,227.3544158935547,35.899024963378906,810.9775390625,55.57719802856445,451.874267578125,191.1103057861328,91.50885009765625,61.729827880859375,38.9594612121582,50.89316177368164
2024-08-05,221.12928771972656,35.010623931884766,796.3496704101562,53.676883697509766,440.7175598144531,187.041259765625,87.90007019042969,60.65864181518555,37.53355407714844,49.8038215637207
2024-08-06,226.218994140625,35.2685432434082,806.1271362304688,54.0111083984375,451.4710388183594,192.26190185546875,88.75929260253906,61.15528106689453,38.33390426635742,50.03316116333008
2024-08-07,223.9481964111328,35.631553649902344,805.0535888671875,53.58138656616211,454.1497802734375,192.31947326660156,87.93824768066406,60.590476989746094,38.07632064819336,49.966270446777344
2024-08-08,228.58767700195312,36.50084686279297,819.4225463867188,55.38620376586914,466.4009704589844,195.83187866210938,90.3441162109375,61.135807037353516,38.41670227050781,50.415382385253906
2024-08-09,232.80630493164062,36.567710876464844,820.7454833984375,55.233421325683594,470.7119445800781,197.50173950195312,90.43003845214844,61.01848220825195,38.701881408691406,50.8005256652832
2024-08-12,232.0232696533203,36.4626350402832,803.5486450195312,55.233421325683594,466.14178466796875,197.87600708007812,90.54460144042969,60.39275360107422,38.14991760253906,50.126522064208984
2024-08-13,233.92213439941406,36.739654541015625,819.1925659179688,55.529449462890625,472.324951171875,199.5554656982422,92.32990264892578,61.096702575683594,39.005462646484375,50.90644073486328
2024-08-14,238.59097290039062,37.07400894165039,822.0012817382812,56.60852813720703,478.8154296875,201.76272583007812,94.93626403808594,63.90270233154297,38.95026779174805,51.66709899902344
2024-08-15,244.20925903320312,37.2841682434082,835.93896484375,57.79264831542969,479.1225891113281,203.01991271972656,96.08192443847656,63.775611877441406,39.38263702392578,52.54330062866211
2024-08-16,246.37240600585938,37.58030319213867,836.3511352539062,58.632991790771484,484.1537170410156,205.3423309326172,96.84568786621094,64.0884780883789,39.732215881347656,53.27507781982422
2024-08-19,248.66278076171875,37.89553451538086,834.1656494140625,59.234596252441406,484.55694580078125,206.76263427734375,97.14163970947266,64.11780548095703,40.164588928222656,54.353485107421875
2024-08-20,247.7133331298828,36.95936584472656,825.3082885742188,58.54704666137695,477.5096435546875,205.8701171875,96.21556091308594,63.39429473876953,40.238182067871094,54.06462097167969
2024-08-21,241.0771026611328,37.01668167114258,827.340576171875,57.80220031738281,476.66473388671875,205.9468994140625,96.129638671875,63.13032150268555,40.201385498046875,53.400245666503906
2024-08-22,242.5061492919922,37.484771728515625,829.4014282226562,57.697147369384766,477.9033203125,207.89505004882812,96.00553894042969,62.83700942993164,40.65215301513672,53.88167953491211
2024-08-23,245.97108459472656,37.991065979003906,846.2724609375,59.33964157104492,489.1080322265625,209.50730895996094,97.27530670166016,62.95433044433594,41.756080627441406,54.59419631958008
2024-08-26,248.49636840820312,38.13434982299805,846.5599975585938,59.00542068481445,487.6197814941406,210.3326416015625,97.69538116455078,63.042335510253906,41.9676628112793,54.61345672607422
2024-08-27,249.6219940185547,37.89553451538086,849.4261474609375,58.90037536621094,487.0340881347656,211.30189514160156,97.45670318603516,62.48503875732422,42.06886672973633,54.17053985595703
2024-08-28,251.6383056640625,38.16301345825195,851.8513793945312,58.80488204956055,483.2608337402344,212.36715698242188,97.57125854492188,62.5534782409668,42.43684387207031,54.95045852661133
2024-08-29,254.33001708984375,38.373172760009766,857.8041381835938,59.09135437011719,489.7608642578125,213.25009155273438,97.9531478881836,63.482295989990234,42.8048095703125,55.22005844116211
2024-08-30,253.16519165039062,38.92723083496094,864.4567260742188,59.81710433959961,492.8031311035156,215.73561096191406,98.91740417480469,63.648494720458984,43.44877243041992,56.298458099365234
2024-09-03,248.91725158691406,38.87947082519531,849.7137451171875,58.690284729003906,470.79241943359375,211.4170684814453,94.77395629882812,63.34542465209961,42.676025390625,56.20216751098633
2024-09-04,246.40176391601562,38.688411712646484,849.7713623046875,58.21281051635742,473.8636779785156,210.48619079589844,95.61410522460938,62.47526550292969,42.3724479675293,55.961463928222656
2024-09-05,246.4996337890625,38.344512939453125,840.3292236328125,57.89768981933594,471.1980895996094,208.85476684570312,95.05083465576172,62.26994323730469,41.894073486328125,54.748252868652344
2024-09-06,238.8845977783203,37.26763916015625,831.0119018554688,56.427085876464844,463.2108154296875,203.89320373535156,92.21533966064453,61.49756622314453,40.928138732910156,51.994468688964844
2024-09-09,245.59913635253906,37.95029830932617,846.5556640625,56.8568115234375,471.8644714355469,208.06777954101562,93.73333740234375,61.6051025390625,41.63648986816406,52.56256103515625
2024-09-10,240.2157745361328,37.767616271972656,852.2351684570312,55.33846664428711,451.15753173828125,197.27142333984375,92.2439956665039,61.65399932861328,41.42490768432617,51.94633483886719
2024-09-11,248.7899932861328,37.49839782714844,845.7649536132812,54.71775817871094,455.0594177246094,198.8740692138672,92.63540649414062,61.99618911743164,41.16732406616211,51.734500885009766
2024-09-12,249.73944091796875,37.286865234375,853.4790649414062,54.74641036987305,457.8505859375,198.2694854736328,92.26307678222656,60.36342239379883,40.33937454223633,49.654720306396484
2024-09-13,253.5078125,37.16187286376953,854.067138671875,55.07107925415039,462.6120300292969,196.0814208984375,93.80016326904297,60.73495101928711,41.0477294921875,50.81978225708008
2024-09-16,255.55349731445312,37.594547271728516,863.1793212890625,55.75864028930664,468.571044921875,199.47869873046875,95.55682373046875,62.26994323730469,41.112125396728516,51.79227066040039
2024-09-17,259.7720947265625,38.0272216796875,872.1854248046875,56.618080139160156,468.7931823730469,200.81263732910156,95.31814575195312,62.416603088378906,41.10292434692383,52.48552703857422
2024-09-18,256.6203918457031,38.09452438354492,889.7251586914062,57.20058822631836,468.0108947753906,199.1619873046875,94.8026123046875,62.142845153808594,41.562896728515625,52.24481201171875
2024-09-19,263.051025390625,39.2963981628418,901.4506225585938,60.17998123168945,486.6026611328125,201.9930419921875,96.1678466796875,63.31609344482422,42.7496223449707,53.72761917114258
2024-09-20,263.2859802246094,38.71950149536133,895.587890625,59.33964157104492,481.3873291015625,202.57843017578125,97.82903289794922,63.93204116821289,42.32645034790039,54.19942092895508
2024-09-23,261.63177490234375,38.33489990234375,904.0925903320312,59.75981140136719,480.4021911621094,202.91433715820312,97.82903289794922,63.482295989990234,42.18845748901367,53.06324768066406
2024-09-24,260.56488037109375,37.931068420410156,907.5831298828125,58.60433578491211,480.9913330078125,203.0582733154297,97.93405151367188,63.140106201171875,41.98606491088867,52.148529052734375
2024-09-25,260.5257873535156,37.73876953125,903.3115234375,57.65895080566406,474.34661865234375,201.71475219726562,97.70492553710938,62.61214065551758,41.16732406616211,51.618961334228516
2024-09-26,262.4637756347656,37.998374938964844,911.2377319335938,58.92901611328125,479.9289855957031,201.32125854492188,99.86255645751953,62.416603088378906,41.67328643798828,54.295711517333984
2024-09-27,265.3120422363281,37.882999420166016,911.4209594726562,59.08180618286133,481.464599609375,202.01223754882812,99.3947525024414,62.983665466308594,41.8388786315918,53.82391357421875
2024-09-30,265.4490966796875,38.152217864990234,915.567138671875,59.778907775878906,478.1808166503906,202.35769653320312,99.51886749267578,63.36497116088867,42.53650665283203,54.39200210571289
2024-10-01,262.90423583984375,37.70992660522461,900.6309814453125,59.02451705932617,473.4097900390625,198.69174194335938,99.69071197509766,62.48503875732422,41.35519790649414,53.33285140991211
2024-10-02,265.1750183105469,37.719539642333984,923.0304565429688,59.234596252441406,475.16754150390625,198.93165588378906,99.78617858886719,61.93752670288086,41.15985870361328,53.246192932128906
2024-10-03,262.8944396972656,37.73876953125,917.476318359375,58.54704666137695,469.47894287109375,196.9547119140625,99.83391571044922,61.986412048339844,40.90871810913086,52.93807601928711
2024-10-04,270.82379150390625,38.56565856933594,915.2586059570312,59.81710433959961,478.2291564941406,203.94537353515625,102.99400329589844,63.30630874633789,41.578433990478516,54.84453582763672
2024-10-07,268.6844787597656,38.42143249511719,907.0431518554688,59.778907775878906,477.70758056640625,203.66534423828125,102.76487731933594,62.856571197509766,41.36449432373047,55.037113189697266
2024-10-08,264.0916748046875,38.3925895690918,915.1428833007812,60.39007568359375,479.59088134765625,203.49154663085938,102.6216812133789,63.452964782714844,41.169158935546875,55.17190933227539
2024-10-09,266.358642578125,38.642578125,921.7479858398438,61.23041534423828,487.906494140625,206.06959533691406,104.10147094726562,65.21283721923828,41.950496673583984,55.40299606323242
2024-10-10,265.4263610839844,38.43104934692383,921.4298706054688,60.61925506591797,486.4964599609375,205.50958251953125,103.18495178222656,65.16395568847656,41.80167007446289,55.60519790649414
2024-10-11,271.0102233886719,40.334815979003906,954.8605346679688,62.77739715576172,498.6463317871094,214.63409423828125,105.4571533203125,66.17098236083984,43.02949523925781,58.72487258911133
2024-10-14,271.36346435546875,40.29635238647461,956.2682495117188,63.03524398803711,504.87579345703125,213.8520050048828,107.19474029541016,66.307861328125,43.829437255859375,59.85141372680664
2024-10-15,272.1388244628906,40.51749801635742,971.0020141601562,59.81710433959961,504.5184326171875,214.7306671142578,107.13744354248047,70.35555267333984,43.71781539916992,60.68910217285156
2024-10-16,276.42730712890625,41.15208435058594,979.4393310546875,61.35455322265625,511.74267578125,215.9376220703125,114.09728240966797,70.4728775024414,45.77348327636719,61.51716613769531
2024-10-17,280.4508361816406,40.95978546142578,966.6629028320312,61.08717727661133,510.9120178222656,216.6907501220703,114.03044891357422,70.30667114257812,46.48040771484375,61.98896026611328
2024-10-18,271.6284484863281,40.69056701660156,971.0213623046875,60.017642974853516,510.4291687011719,217.6080322265625,115.57707214355469,69.76892852783203,45.72697067260742,61.96970748901367
2024-10-21,265.6913146972656,40.152130126953125,964.763427734375,59.043617248535156,500.09503173828125,215.31964111328125,112.92298889160156,69.28985595703125,44.57356643676758,61.642333984375
2024-10-22,267.3203125,40.67134094238281,965.0333251953125,60.695648193359375,500.577880859375,216.40106201171875,112.96117401123047,69.32896423339844,44.67588424682617,62.40299606323242
2024-10-23,266.17218017578125,40.709800720214844,952.83544921875,60.25637435913086,499.51556396484375,215.7155303955078,112.92298889160156,70.11112976074219,45.140968322753906,62.16228103637695
2024-10-24,264.9454650878906,41.00786590576172,948.82421875,60.160884857177734,506.5658874511719,217.2314453125,113.77268981933594,70.97150421142578,45.06655502319336,62.99997329711914
2024-10-25,262.364501953125,40.27712631225586,939.2492065429688,58.97676086425781,495.0727844238281,214.65341186523438,111.58638763427734,70.21868133544922,44.40614318847656,62.13339614868164
2024-10-28,266.4076843261719,40.9790153503418,950.96484375,61.26860809326172,505.67742919921875,217.73355102539062,113.73448944091797,70.43377685546875,45.196781158447266,63.173282623291016
2024-10-29,265.3870544433594,40.89248275756836,948.02392578125,61.774723052978516,506.3534851074219,215.2230987548828,113.89678955078125,70.287109375,44.85261917114258,62.874794006347656
2024-10-30,268.96905517578125,40.68095397949219,944.8418579101562,61.59328842163086,506.4693298339844,216.68109130859375,112.57928466796875,69.51472473144531,45.28049850463867,62.98072052001953
2024-10-31,265.04364013671875,40.20981979370117,945.96044921875,61.27815628051758,500.0853271484375,214.27684020996094,111.86241912841797,69.2507553100586,44.936336517333984,62.50891876220703
2024-11-01,267.60491943359375,40.152130126953125,949.8656005859375,60.83888626098633,501.5920104980469,215.26170349121094,112.43976593017578,69.3582992553711,44.49915313720703,62.27781677246094
2024-11-04,265.1515808105469,39.73868942260742,956.0560913085938,60.06816864013672,493.9814758300781,212.2105255126953,111.75656127929688,69.37785339355469,43.8945426940918,61.334224700927734
2024-11-05,270.7943420410156,40.267513275146484,978.0892944335938,61.33986282348633,508.9417724609375,213.86167907714844,113.36351776123047,69.72004699707031,44.28521728515625,61.69047927856445
2024-11-06,289.65594482421875,43.66159439086914,993.0061645507812,66.50369262695312,575.6017456054688,238.55101013183594,126.5272216796875,74.0610580444336,47.68031692504883,69.77850341796875
2024-11-07,281.471435546875,43.04623794555664,999.0233154296875,65.61737060546875,562.2639770507812,228.2388458251953,123.59233093261719,71.53857421875,46.09904098510742,67.22692108154297
2024-11-08,282.23687744140625,43.39237976074219,1002.1280517578125,66.11833953857422,569.1116333007812,228.8181610107422,124.64118194580078,72.50001525878906,46.703643798828125,67.82733917236328
2024-11-11,287.50677490234375,44.30579376220703,1016.167724609375,67.24552154541016,581.7443237304688,231.04859924316406,128.48057556152344,76.37517547607422,47.47568893432617,70.26773071289062
2024-11-12,283.1299133300781,44.09427261352539,999.3028564453125,66.49405670166016,572.3277587890625,231.309326171875,127.3162841796875,76.70873260498047,47.21523666381836,70.30646514892578
2024-11-13,282.276123046875,44.1038818359375,994.1248168945312,66.36882019042969,573.9019775390625,232.8542022705078,127.74925231933594,76.76759338378906,47.59660720825195,70.47109985351562
2024-11-14,282.923828125,44.132728576660156,1009.6492919921875,65.6559066772461,568.4838256835938,233.5397491455078,127.43172454833984,78.67084503173828,46.796661376953125,70.50015258789062
2024-11-15,281.5205078125,44.950008392333984,1009.9288940429688,66.24357604980469,573.2452392578125,236.86126708984375,129.0001983642578,79.1123275756836,46.41529846191406,71.99150085449219
2024-11-18,280.21533203125,44.92115783691406,1012.4358520507812,66.47479248046875,567.885009765625,236.5908966064453,128.7307891845703,79.84811401367188,47.075714111328125,71.7493896484375
2024-11-19,280.22509765625,44.62309265136719,991.3573608398438,66.08943176269531,561.5010986328125,234.71771240234375,127.24890899658203,78.67084503173828,46.8803825378418,71.1102523803711
2024-11-20,282.34478759765625,44.28657150268555,988.040283203125,65.78114318847656,562.0322265625,232.4873046875,126.71966552734375,78.93572998046875,47.19663619995117,71.25550842285156
2024-11-21,287.53619384765625,44.671165466308594,991.2513427734375,66.4266128540039,575.7273559570312,236.3302001953125,129.89512634277344,79.26929473876953,47.80123519897461,72.46601867675781
2024-11-22,295.68145751953125,45.190372467041016,999.4088745117188,67.28404998779297,582.1693725585938,239.9897003173828,129.60643005371094,79.72058868408203,48.824424743652344,73.56031799316406
2024-11-25,299.51849365234375,45.67112731933594,994.6166381835938,68.1607437133789,582.4107666015625,241.6697540283203,128.61529541015625,80.22091674804688,49.884822845458984,74.47062683105469
2024-11-26,299.8718566894531,45.9114990234375,989.7855834960938,67.19735717773438,584.7963256835938,241.3607940673828,126.32514190673828,80.69182586669922,49.9127197265625,74.90641021728516
2024-11-27,298.576416015625,45.93072509765625,983.007080078125,67.59233856201172,584.7286987304688,241.1869659423828,126.25779724121094,81.03519439697266,49.74529266357422,74.77083587646484
2024-11-29,298.99835205078125,45.68074417114258,986.2372436523438,68.27635955810547,587.7612915039062,241.119384765625,126.64268493652344,81.1921615600586,49.56855773925781,73.76367950439453
2024-12-02,296.62353515625,45.228843688964844,983.6433715820312,68.77733612060547,584.0148315429688,237.7688751220703,126.08456420898438,79.84811401367188,49.084877014160156,72.90180206298828
2024-12-03,296.4762878417969,45.01730728149414,1001.858154296875,68.80623626708984,584.3739624023438,236.38816833496094,125.51683044433594,79.58323669433594,48.46166229248047,71.79781341552734
2024-12-04,296.9571838378906,44.58462905883789,998.0011596679688,68.88330841064453,581.10302734375,235.01705932617188,125.0838394165039,79.96583557128906,48.37794494628906,70.7519302368164
2024-12-05,294.9258117675781,45.190372467041016,1012.4202270507812,69.58658599853516,579.2492065429688,237.0254364013672,125.40138244628906,80.2601547241211,48.48027038574219,71.33297729492188
2024-12-06,298.32122802734375,45.20004653930664,1010.5693359375,69.50950622558594,582.0445556640625,238.84066772460938,125.05496215820312,79.92660522460938,48.53607177734375,71.9818115234375
2024-12-09,291.18682861328125,44.38789367675781,1013.9706420898438,69.2301254272461,576.6480712890625,235.41293334960938,123.72705841064453,79.96583557128906,47.726829528808594,70.32583618164062
2024-12-10,296.4762878417969,44.23320007324219,1024.329345703125,69.84671020507812,567.8253784179688,234.49566650390625,122.00460052490234,80.760498046875,47.96867752075195,69.77383422851562
2024-12-11,296.7020568847656,44.5522575378418,1032.2659912109375,69.32646942138672,575.1339111328125,235.14256286621094,122.7744140625,80.84879302978516,47.73612976074219,69.33805847167969
2024-12-12,294.7000427246094,44.5522575378418,1026.0252685546875,68.81586456298828,574.2119140625,233.21145629882812,123.08233642578125,81.28045654296875,47.531494140625,68.5633316040039
2024-12-13,296.5057678222656,44.155853271484375,1023.8159790039062,68.41123962402344,568.26220703125,231.6762237548828,122.59158325195312,78.03315734863281,47.46638488769531,68.21470642089844
2024-12-16,297.90911865234375,43.96248245239258,1031.6748046875,68.87366485595703,569.0872192382812,231.32864379882812,124.16006469726562,76.46348571777344,47.773338317871094,69.7060546875
2024-12-17,295.7206726074219,43.55640411376953,1016.72265625,68.51721954345703,557.77978515625,230.15065002441406,122.91874694824219,75.30583953857422,46.489715576171875,68.57300567626953
2024-12-18,282.4135437011719,42.05779266357422,988.6984252929688,65.62700653076172,534.0681762695312,222.43580627441406,116.47161865234375,72.56868743896484,44.28521728515625,66.58778381347656
2024-12-19,287.61468505859375,41.941768646240234,984.8514404296875,65.91602325439453,537.6982421875,224.93661499023438,115.95201110839844,72.22532653808594,44.099185943603516,66.6749267578125
2024-12-20,293.0808410644531,42.7055778503418,996.8284912109375,66.6578369140625,549.4520874023438,229.41680908203125,118.78103637695312,72.90223693847656,44.57356643676758,68.11785888671875
2024-12-23,293.2280578613281,42.43486022949219,1007.4974975585938,67.21660614013672,553.9945068359375,230.1796112060547,119.75292205810547,73.29466247558594,44.94563293457031,68.31155395507812
2024-12-24,297.8011474609375,42.90861892700195,1022.1588745117188,68.4015884399414,565.6512451171875,233.96461486816406,122.26441192626953,73.42219543457031,45.420021057128906,69.32836151123047
2024-12-26,298.32122802734375,43.07298278808594,1021.6259765625,68.73878479003906,564.1370239257812,234.76602172851562,123.19780731201172,73.62821960449219,45.58744812011719,69.49300384521484
2024-12-27,295.4360656738281,42.86994171142578,1011.8388061523438,68.4015884399414,559.2356567382812,232.86387634277344,121.97573852539062,73.3240966796875,45.103763580322266,68.8635482788086
2024-12-30,291.7854309082031,42.454200744628906,995.607666015625,67.81392669677734,556.6829833984375,231.0775909423828,121.00386047363281,72.5294418334961,44.88052749633789,68.1856460571289
2024-12-31,291.2555236816406,42.49287796020508,993.3594360351562,67.81392669677734,555.7803344726562,231.4541473388672,120.9749984741211,72.60792541503906,44.95571517944336,68.02102661132812
2025-01-02,292.8649597167969,42.82160568237305,985.8883056640625,67.38040161132812,558.0612182617188,231.73414611816406,120.0704574584961,72.4411392211914,44.98391342163086,67.97260284423828
2025-01-03,298.1275329589844,43.324363708496094,989.2120361328125,68.4015884399414,563.0694580078125,234.90118408203125,121.18669128417969,73.03959655761719,45.92381286621094,69.05722045898438
2025-01-06,296.9471435546875,43.89480209350586,981.37255859375,70.07791900634766,566.2337036132812,233.7559356689453,123.78478240966797,73.06903076171875,45.801631927490234,69.75447082519531
2025-01-07,297.0848388671875,44.5522575378418,950.3831176757812,70.98352813720703,563.059814453125,236.00759887695312,122.09120178222656,70.89108276367188,45.77342987060547,69.32836151123047
2025-01-08,297.90130615234375,44.67794418334961,955.5576782226562,70.57889556884766,562.9627685546875,235.9687957763672,123.03421783447266,71.6170654296875,45.60425567626953,69.30901336669922
2025-01-10,288.50732421875,43.614418029785156,926.0411376953125,68.78695678710938,543.531494140625,232.8048095703125,118.79065704345703,71.39141845703125,44.53275680541992,67.74987030029297
2025-01-13,292.1665344238281,43.56607437133789,925.4306640625,70.10682678222656,546.3947143554688,237.0169677734375,119.3102798461914,71.28350067138672,45.482059478759766,68.30184936523438
2025-01-14,295.45196533203125,44.26220703125,933.3378295898438,70.81010437011719,554.722412109375,240.1809539794922,119.91650390625,70.96955108642578,46.11179733276367,68.94100952148438
2025-01-15,307.216552734375,45.5384407043457,981.7988891601562,75.40553283691406,588.10107421875,244.91720581054688,125.62269592285156,72.26455688476562,47.84122848510742,73.55062866210938
2025-01-16,306.39031982421875,45.09368896484375,964.8796997070312,75.63675689697266,594.963134765625,246.78067016601562,130.6841583251953,74.07952117919922,45.14369583129883,73.55062866210938
2025-01-17,307.4526062011719,44.987335205078125,973.83349609375,77.0625991821289,607.5322875976562,251.52664184570312,132.66639709472656,74.96245574951172,45.45386505126953,74.64494323730469
2025-01-21,312.7545166015625,45.1130256652832,980.74267578125,78.68110656738281,616.0734252929688,255.28262329101562,132.117919921875,79.39683532714844,46.35617446899414,75.3906021118164
2025-01-22,316.9842834472656,44.271873474121094,975.1707763671875,78.70037078857422,614.1226196289062,255.09823608398438,130.8669891357422,79.07308959960938,45.7076416015625,75.09040832519531
2025-01-23,320.54510498046875,44.85198211669922,986.2079467773438,78.97977447509766,620.6935424804688,258.1166687011719,132.5990753173828,80.52503967285156,45.519657135009766,74.98388671875
2025-01-24,316.0892028808594,44.97766876220703,988.8438110351562,78.4980697631836,618.1700439453125,257.0393371582031,132.6182861328125,80.27979278564453,46.12120056152344,74.87735748291016
2025-01-27,311.2495422363281,45.52877426147461,998.039794921875,78.10306549072266,614.656494140625,258.0196228027344,131.49246215820312,80.96652221679688,46.562957763671875,75.47776794433594
2025-01-28,311.85943603515625,45.28705978393555,1018.6411743164062,77.01441955566406,619.0435180664062,259.2716064453125,133.31112670898438,80.1522445678711,45.529048919677734,75.41966247558594
2025-01-29,310.0986633300781,45.20004653930664,1020.007568359375,77.67916870117188,618.6358032226562,258.7280578613281,133.47471618652344,80.50542449951172,44.79593276977539,75.89418029785156
2025-01-30,313.7381896972656,45.17103958129883,1038.33203125,78.86415100097656,626.711181640625,260.3294982910156,134.65829467773438,82.01624298095703,45.11549758911133,76.3299789428711
2025-01-31,312.2626953125,44.76496124267578,1042.188720703125,78.44989776611328,621.5670166015625,259.4268798828125,134.09161376953125,81.1529312133789,44.90871810913086,76.31059265136719
2025-02-03,311.35772705078125,44.67794418334961,982.3512573242188,77.22760009765625,613.773193359375,258.9513244628906,132.86141967773438,81.18235778808594,44.053401947021484,75.67145538330078
2025-02-04,310.669189453125,45.16136932373047,984.2020874023438,76.13143157958984,615.530029296875,260.0480041503906,132.48365783691406,80.25035095214844,44.59855270385742,76.95943450927734
2025-02-05,315.2923889160156,45.54810333251953,983.0780639648438,77.08209228515625,626.4685668945312,262.4646911621094,134.575927734375,80.31902313232422,44.53275680541992,77.5211181640625
2025-02-06,314.9186096191406,46.1572265625,975.442138671875,79.86620330810547,638.863037109375,268.74407958984375,136.6585693359375,82.05549621582031,44.87112808227539,78.84782409667969
2025-02-07,311.5938415527344,45.828495025634766,961.3136596679688,79.27445983886719,636.6112670898438,267.676513671875,135.59304809570312,81.60420989990234,44.39176940917969,78.50721740722656
2025-02-10,305.190185546875,45.12269592285156,955.0247192382812,78.3140869140625,631.399169921875,263.0566711425781,133.00669860839844,79.63227844238281,44.062808990478516,76.97930145263672
2025-02-11,304.511474609375,45.23871994018555,957.5926513671875,78.6827163696289,628.2058715820312,266.8903503417969,133.47166442871094,81.62382507324219,44.730133056640625,77.50482940673828
2025-02-12,301.393310546875,44.67794418334961,943.5514526367188,78.83792114257812,629.9141845703125,267.33685302734375,132.81298828125,80.72125244140625,44.63614273071289,77.12528991699219
2025-02-13,302.475341796875,44.793975830078125,949.9373168945312,79.64308166503906,629.8656616210938,268.1811828613281,132.55145263671875,80.02470397949219,44.54215621948242,76.73600769042969
2025-02-14,305.9574890136719,45.403076171875,943.7549438476562,82.07797241210938,641.12451171875,268.4432373046875,134.59532165527344,79.07975769042969,44.880523681640625,77.8357162475586
2025-02-18,307.7378845214844,44.987335205078125,947.5728759765625,82.09736633300781,652.422119140625,271.70428466796875,136.3001708984375,80.2018814086914,45.059104919433594,78.61427307128906
2025-02-19,304.85577392578125,44.48457717895508,955.7903442382812,81.42802429199219,648.5009765625,271.02490234375,136.28077697753906,80.72357177734375,44.28838348388672,78.19579315185547
2025-02-20,298.8948059082031,43.798118591308594,958.736083984375,78.90582275390625,623.372314453125,258.9415588378906,130.12979125976562,80.54639434814453,43.950016021728516,76.52191925048828
2025-02-21,290.572998046875,43.324363708496094,944.0455932617188,77.26640319824219,607.2022705078125,256.45703125,127.56285858154297,79.17819213867188,43.11349868774414,75.42220306396484
2025-02-24,290.70086669921875,42.985965728759766,923.2890014648438,76.18962097167969,607.7263793945312,253.64239501953125,125.8967514038086,78.86322021484375,42.86912536621094,75.14970397949219
2025-02-25,288.5467224121094,42.48320007324219,928.3377075195312,75.80158233642578,596.8267211914062,249.81846618652344,125.53834533691406,77.76078033447266,43.151092529296875,73.96241760253906
2025-02-26,291.2615966796875,42.48320007324219,924.22900390625,76.7037582397461,599.6026000976562,251.1675567626953,126.94290924072266,77.46548461914062,43.00070571899414,74.40035247802734
2025-02-27,289.3926086425781,42.65724182128906,915.6240844726562,76.50975036621094,590.1198120117188,251.4198455810547,125.18963623046875,77.19972229003906,43.49885559082031,74.5657958984375
2025-02-28,296.04217529296875,44.57159423828125,947.495361328125,77.55741882324219,606.9846801757812,256.85491943359375,128.9383544921875,78.282470703125,44.08160400390625,76.22022247314453
2025-03-03,290.66156005859375,44.04949951171875,936.5355834960938,74.86062622070312,590.3734741210938,252.943603515625,125.08309936523438,76.89459228515625,43.46126174926758,74.96480560302734
2025-03-04,278.8380126953125,41.25531005859375,922.3104248046875,70.18485260009766,566.8467407226562,242.8790740966797,117.90531158447266,73.97118377685547,41.92921447753906,71.33480072021484
2025-03-05,279.5363464355469,40.887916564941406,938.1539306640625,70.77660369873047,578.4832763671875,244.12136840820312,119.87168884277344,75.53624725341797,41.98561096191406,72.1717529296875
2025-03-06,271.1358947753906,40.08543014526367,929.9171752929688,68.46783447265625,553.7079467773438,239.27835083007812,115.62895965576172,74.37474822998047,41.71303939819336,70.70222473144531
2025-03-07,268.74560546875,40.28002166748047,922.60009765625,68.3514175415039,545.9047241210938,235.14382934570312,115.55146789550781,73.45932006835938,42.03260803222656,69.14513397216797
2025-03-10,257.0499267578125,38.75249099731445,891.753173828125,65.3927001953125,518.5836791992188,225.38014221191406,108.18965148925781,70.12250518798828,39.82382583618164,64.98960876464844
2025-03-11,251.216796875,38.53844451904297,886.9888305664062,65.4800033569336,518.359375,222.39085388183594,108.5286865234375,71.33322143554688,39.06250762939453,65.47621154785156
2025-03-12,256.48919677734375,38.8303337097168,886.6868896484375,65.91653442382812,522.5341186523438,221.18739318847656,110.42724609375,73.05577087402344,39.175289154052734,67.08197021484375
2025-03-13,252.23980712890625,38.59682083129883,877.3334350585938,65.21808624267578,511.9021911621094,218.5572052001953,108.17996215820312,72.35690307617188,38.460960388183594,66.62456512451172
2025-03-14,261.2895202636719,39.783817291259766,904.8480224609375,66.72169494628906,528.0938110351562,225.59365844726562,111.72525024414062,75.90042877197266,39.49485778808594,68.95049285888672
2025-03-17,260.0599060058594,40.318939208984375,933.3955078125,67.84698486328125,537.7796630859375,227.0397491455078,114.26314544677734,76.55007934570312,39.64524841308594,68.94075775146484
2025-03-18,258.4270324707031,40.52325439453125,933.9996948242188,68.11859893798828,538.2088623046875,228.04913330078125,114.408447265625,76.34336853027344,39.73923110961914,69.20352935791016
2025-03-19,266.2274475097656,41.06810760498047,932.6453247070312,69.3021011352539,543.632080078125,232.0671844482422,116.09391021728516,77.4950180053711,40.115196228027344,70.80928802490234
2025-03-20,266.40447998046875,41.33080291748047,929.6639404296875,69.67071533203125,548.8406982421875,231.97010803222656,116.6944808959961,77.3375244140625,40.049407958984375,70.5757064819336
2025-03-21,266.0897521972656,41.32107162475586,927.2865600585938,69.82594299316406,551.240234375,234.51296997070312,116.37482452392578,77.16035461425781,40.26557922363281,70.5757064819336
2025-03-24,273.3196105957031,41.90484619140625,938.7542724609375,71.82428741455078,565.8322143554688,240.7535858154297,120.3753890991211,78.70572662353516,41.13029479980469,72.28852844238281
2025-03-25,274.7164306640625,42.109161376953125,948.4779663085938,72.24142456054688,571.528564453125,243.733154296875,121.27623748779297,79.48332214355469,41.07390213012695,72.24960327148438
2025-03-26,271.4900207519531,41.66160583496094,943.3724975585938,71.0482177734375,559.8042602539062,243.63609313964844,118.37025451660156,78.8829116821289,41.13969421386719,71.50025177001953
2025-03-27,267.5750427246094,41.40863800048828,943.080322265625,69.6998291015625,545.1732177734375,240.81178283691406,115.27054595947266,78.35137176513672,40.632144927978516,70.34215545654297
2025-03-28,261.1419372558594,40.13408279418945,922.3858032226562,68.22530364990234,529.76171875,235.69703674316406,111.715576171875,76.58944702148438,39.720436096191406,68.79479217529297
2025-03-31,264.6535949707031,40.601097106933594,922.1714477539062,68.86555480957031,532.8538818359375,238.0748748779297,113.01358032226562,77.05208587646484,40.15797424316406,69.86528778076172
2025-04-01,266.06024169921875,40.36758804321289,919.8330688476562,68.42902374267578,534.9607543945312,236.48316955566406,112.11271667480469,76.45165252685547,39.72994613647461,69.39815521240234
2025-04-02,270.7522888183594,40.71784591674805,937.136962890625,69.61251831054688,549.2503051757812,238.57955932617188,115.53209686279297,77.35721588134766,40.90938186645508,70.32268524169922
2025-04-03,243.77049255371094,36.213096618652344,864.8524169921875,61.163169860839844,498.6561584472656,221.95411682128906,104.5474853515625,73.69557189941406,36.89549255371094,63.909358978271484
2025-04-04,230.6246337890625,33.459659576416016,801.4925537109375,56.39040756225586,459.2303161621094,205.34344482421875,96.70133972167969,67.97669982910156,35.031219482421875,59.34510803222656
2025-04-07,231.21681213378906,34.61746597290039,796.5040893554688,57.08885955810547,454.0606689453125,209.40577697753906,97.75717163085938,68.94133758544922,35.002681732177734,60.503204345703125
2025-04-08,228.36460876464844,34.082340240478516,794.7697143554688,57.01125717163086,450.8515930175781,211.77871704101562,97.16629028320312,68.83305358886719,34.62221908569336,60.415618896484375
2025-04-09,258.9296875,36.144996643066406,874.0402221679688,62.230255126953125,504.1574401855469,228.83859252929688,108.1993408203125,74.06961059570312,37.380584716796875,64.55167388916016
2025-04-10,243.66192626953125,34.88016128540039,836.723876953125,59.746864318847656,477.75323486328125,221.77833557128906,103.23979187011719,72.69157409667969,35.430702209472656,61.41800308227539
2025-04-11,247.84649658203125,34.97745895385742,856.2101440429688,59.795372009277344,482.27911376953125,230.65492248535156,104.73153686523438,75.7527847290039,36.01091384887695,60.83408737182617
2025-04-14,252.0409393310547,35.67797088623047,867.0933227539062,61.328086853027344,491.58447265625,229.20965576171875,105.69050598144531,75.71340942382812,36.33430862426758,61.408267974853516
2025-04-15,254.488525390625,36.9622688293457,865.6220703125,62.404869079589844,495.3983154296875,227.65701293945312,106.97882843017578,75.97917175292969,36.74330520629883,62.809661865234375
2025-04-16,249.6130828857422,36.32012939453125,843.5440673828125,60.24159622192383,486.7757263183594,224.2196502685547,104.47967529296875,74.5125503540039,35.972862243652344,62.264678955078125
2025-04-17,248.02413940429688,36.39795684814453,853.2872924804688,61.3571891784668,496.958984375,226.5144805908203,105.75830841064453,74.95549011230469,36.33430862426758,62.9751091003418
2025-04-21,239.33920288085938,35.92121505737305,832.0665893554688,60.813941955566406,489.0289001464844,223.6141815185547,102.96858215332031,73.77430725097656,35.963356018066406,62.29387664794922
2025-04-22,249.11961364746094,37.28334045410156,864.4334106445312,62.6182861328125,507.20068359375,230.05926513671875,106.92070007324219,75.3787612915039,37.09523391723633,64.45436096191406
2025-04-23,256.7386779785156,37.70170593261719,869.61669921875,64.31591796875,516.2914428710938,235.22506713867188,108.79020690917969,76.62882232666016,37.580326080322266,66.11851501464844
2025-04-24,263.8247985839844,38.50925827026367,892.7276000976562,66.12025451660156,531.9564208984375,238.89678955078125,111.97710418701172,78.13481140136719,38.09395217895508,67.69507598876953
2025-04-25,261.3476257324219,38.616275787353516,884.377685546875,66.38217163085938,531.4590454101562,237.8323974609375,112.374267578125,78.68604278564453,37.970298767089844,67.86051940917969
2025-04-28,261.4858093261719,38.70384216308594,890.2723388671875,66.23665618896484,532.9612426757812,237.5101318359375,112.19989776611328,78.92227172851562,38.21760559082031,67.56856536865234
2025-04-29,263.5287170410156,38.908164978027344,896.878173828125,66.8187026977539,535.419189453125,238.87725830078125,112.56798553466797,79.98533630371094,38.521976470947266,69.19378662109375
2025-04-30,262.9267272949219,38.801143646240234,890.7789916992188,66.33366394042969,534.0828247070312,238.87725830078125,112.6998062133789,80.12313079833984,38.369789123535156,69.106201171875
2025-05-01,265.02886962890625,39.08329391479492,892.6107177734375,66.1008529663086,540.20849609375,241.09396362304688,114.00823211669922,80.23141479492188,38.521976470947266,69.88475036621094
2025-05-02,273.2301940917969,39.95894241333008,905.3353271484375,68.47752380371094,552.1765747070312,246.58203125,117.38668823242188,81.80632019042969,39.444602966308594,71.8214111328125
2025-05-05,274.394775390625,40.007591247558594,896.8880004882812,68.68286895751953,545.7974853515625,246.63087463378906,116.78129577636719,82.06224060058594,39.435089111328125,71.87005615234375
2025-05-06,271.76953125,39.73516845703125,891.4706420898438,67.92993927001953,535.848388671875,243.3985595703125,115.54122161865234,81.53070068359375,38.97853469848633,71.50997924804688
2025-05-07,272.6281433105469,39.82273483276367,896.7222900390625,68.69265747070312,538.3453979492188,243.5352783203125,116.29307556152344,82.69219970703125,39.282901763916016,71.21802520751953
2025-05-08,279.951171875,40.474605560302734,904.7896728515625,70.05184173583984,551.7864379882812,247.51950073242188,119.007568359375,83.04654693603516,40.081878662109375,71.34453582763672
2025-05-09,280.7900695800781,40.65946960449219,899.72314453125,69.86604309082031,553.1520385742188,247.13865661621094,118.8318099975586,83.41191864013672,39.967735290527344,70.89441680908203
2025-05-12,295.01165771484375,42.18699264526367,933.4248046875,73.24935150146484,576.7958984375,253.9450225830078,124.06549072265625,84.30064392089844,41.86054611206055,73.2722396850586
2025-05-13,298.3474426269531,43.08210754394531,934.5452880859375,73.89471435546875,588.9591064453125,256.8355407714844,126.30152130126953,85.13999938964844,42.20296096801758,74.35840606689453
2025-05-14,296.17620849609375,43.529666900634766,942.2228393554688,73.62091827392578,596.5576171875,259.4038391113281,127.9516830444336,86.06822204589844,42.069801330566406,74.64218139648438
2025-05-15,295.6333923339844,43.17940139770508,957.8314208984375,74.27606964111328,600.7517700195312,261.2103576660156,129.3870391845703,87.0063247680664,42.4027099609375,73.96698760986328
2025-05-16,295.8011779785156,43.48101806640625,964.2911376953125,74.04138946533203,603.8048095703125,261.2787170410156,129.06480407714844,87.57906341552734,42.72610092163086,74.54432678222656
2025-05-19,295.3866882324219,43.55885314941406,968.1397094726562,74.44229888916016,597.2403564453125,258.6616516113281,127.75639343261719,88.11228942871094,42.602455139160156,74.42689514160156
2025-05-20,292.2976379394531,43.48101806640625,972.085693359375,74.21739959716797,591.6024780273438,259.4428405761719,126.08670806884766,88.06291198730469,42.24100875854492,73.89849853515625
2025-05-21,282.2605285644531,42.07997512817383,947.8446655273438,71.79237365722656,578.8637084960938,254.91175842285156,122.34696197509766,86.48295593261719,40.79524230957031,71.6185302734375
2025-05-22,283.4251708984375,42.13835144042969,944.989990234375,71.79237365722656,583.5162963867188,254.55047607421875,123.28433227539062,86.21634674072266,41.01401138305664,71.81422424316406
2025-05-23,281.4907531738281,42.03132629394531,938.4425659179688,71.46968841552734,583.8186645507812,254.5895233154297,123.09880828857422,86.30520629882812,40.842803955078125,71.26625061035156
2025-05-27,289.91912841796875,43.02373123168945,956.1166381835938,73.79692840576172,600.5859985351562,259.06201171875,126.16482543945312,87.5197982788086,41.60373306274414,72.4013442993164
2025-05-28,289.5243225097656,42.86805725097656,946.33447265625,73.36669158935547,593.475341796875,257.3042297363281,124.50487518310547,86.94708251953125,41.1186408996582,72.14694213867188
2025-05-29,291.5179443359375,43.04319381713867,951.2449951171875,73.85560607910156,589.9832763671875,258.16363525390625,125.13955688476562,86.66071319580078,41.62275695800781,72.91018676757812
2025-05-30,290.205322265625,42.9361686706543,954.723388671875,73.65026092529297,588.6011352539062,257.8022766113281,125.01261901855469,87.23343658447266,41.461055755615234,73.17438507080078
2025-06-02,291.46856689453125,42.88751983642578,952.9501342773438,74.11962127685547,586.9052734375,258.4468078613281,125.37389373779297,87.0063247680664,41.489593505859375,73.11566925048828
2025-06-03,293.5016784667969,43.442100524902344,956.9058837890625,74.83343505859375,591.9144287109375,260.01898193359375,125.64730072021484,86.89769744873047,42.21247863769531,74.02570343017578
2025-06-04,292.0607604980469,43.159942626953125,963.5701293945312,74.7063217163086,587.3856201171875,258.0171203613281,125.13955688476562,86.38421630859375,41.755924224853516,73.7614974975586
2025-06-05,292.0903015136719,43.17940139770508,965.2352294921875,74.97032928466797,593.9240112304688,255.8004608154297,127.54159545898438,86.14720916748047,41.54666519165039,73.29180908203125
2025-06-06,298.5152282714844,44.01128387451172,968.7515869140625,76.52508544921875,601.8837890625,259.49169921875,128.7133026123047,87.14456939697266,42.58342361450195,74.69110870361328
2025-06-09,297.61712646484375,43.91341018676758,968.5458984375,76.43708038330078,601.4132080078125,260.47796630859375,128.84024047851562,87.10507202148438,42.67854309082031,74.81831359863281
2025-06-10,295.60382080078125,44.12872314453125,971.5430908203125,76.30017852783203,602.736572265625,262.2943420410156,128.7133026123047,87.16432189941406,43.03047180175781,73.82999420166016
2025-06-11,295.1893005371094,43.776397705078125,972.9143676757812,76.64242553710938,611.85302734375,261.8548889160156,128.70352172851562,87.29269409179688,42.04126739501953,73.32115936279297
2025-06-12,294.09381103515625,43.66874313354492,967.968017578125,76.4957504272461,612.7745361328125,261.9427490234375,128.81092834472656,87.39144134521484,42.00321960449219,72.4209213256836
2025-06-13,284.0271911621094,43.15004348754883,951.875244140625,74.66720581054688,601.432861328125,258.72998046875,126.43821716308594,86.26570892333984,40.89036560058594,70.80634307861328
2025-06-16,290.37310791015625,43.463218688964844,961.9442138671875,76.33929443359375,615.4603881835938,264.012939453125,127.81497192382812,87.85555267333984,41.04254913330078,71.57938385009766
2025-06-17,288.98150634765625,43.28705596923828,949.2894287109375,75.64503479003906,612.3138427734375,263.1926574707031,127.02406311035156,87.84566497802734,40.605010986328125,70.94334411621094
2025-06-18,292.54437255859375,44.099361419677734,959.4171752929688,76.61309051513672,622.7045288085938,267.5284729003906,129.3968048095703,88.78377532958984,41.15668869018555,73.13523864746094
2025-06-20,294.6859436035156,44.52998352050781,954.44140625,76.71086883544922,628.1548461914062,268.5440368652344,129.5823516845703,88.09253692626953,41.17570877075195,73.78107452392578
2025-06-23,295.7123718261719,45.312931060791016,966.0580444335938,77.60070037841797,634.1149291992188,271.7373046875,130.84193420410156,87.27293395996094,41.93663787841797,75.35650634765625
2025-06-24,304.34796142578125,45.665252685546875,984.3447875976562,79.34123229980469,649.0443115234375,274.6571044921875,132.6971435546875,88.20116424560547,42.364662170410156,76.4328842163086
2025-06-25,304.5552062988281,45.8511962890625,997.1858520507812,80.79820251464844,656.6511840820312,277.391357421875,134.47425842285156,88.67515563964844,42.630985260009766,77.37227630615234
2025-06-26,307.3482360839844,46.44819641113281,1009.635009765625,82.4996337890625,673.6000366210938,281.9712219238281,136.45640563964844,88.31965637207031,43.391910552978516,78.2431640625
2025-06-27,313.0427551269531,46.11544418334961,1026.3153076171875,82.50940704345703,677.177978515625,280.3697509765625,137.374267578125,88.8529052734375,43.52507400512695,77.79303741455078
2025-06-30,314.8093566894531,46.311180114746094,1027.716064453125,83.2330093383789,693.7837524414062,283.10400390625,137.54025268554688,90.09710693359375,43.51545715332031,78.39974212646484
2025-07-01,318.31292724609375,47.12348937988281,1032.6331787109375,84.35751342773438,692.519287109375,283.5922546386719,137.7453155517578,90.02798461914062,44.70793151855469,79.74031066894531
2025-07-02,321.3526611328125,47.671546936035156,1048.5985107421875,84.83665466308594,701.7631225585938,285.1449890136719,139.49310302734375,90.19585418701172,45.669593811035156,80.59163665771484
2025-07-03,324.6573486328125,47.88685989379883,1059.94091796875,86.7531967163086,709.3994140625,290.443603515625,140.74295043945312,90.33411407470703,46.09272766113281,81.80500793457031
2025-07-07,319.31451416015625,47.62261199951172,1053.8876953125,85.65802764892578,696.9010009765625,286.4892272949219,140.35238647460938,91.44007873535156,45.94847869873047,80.57206726074219
2025-07-08,313.6253356933594,46.144805908203125,1052.9571533203125,83.67303466796875,683.5203857421875,277.47174072265625,137.8038787841797,90.7982177734375,45.83308029174805,79.8381576538086
2025-07-09,313.991455078125,45.8414192199707,1066.4052734375,83.8881607055664,682.8145751953125,277.8446044921875,138.2139892578125,91.16358184814453,45.486873626708984,80.03386688232422
2025-07-10,321.79791259765625,45.96864318847656,1081.3916015625,85.14955139160156,695.126708984375,282.7802429199219,139.71768188476562,91.87455749511719,45.74652862548828,80.59163665771484
2025-07-11,316.0889892578125,45.73375701904297,1079.0308837890625,84.80731964111328,691.0390625,281.4751281738281,138.9267578125,90.8179702758789,45.333011627197266,80.77755737304688
2025-07-14,317.523681640625,46.06650924682617,1088.6492919921875,85.56024169921875,699.2242431640625,283.2806701660156,140.5769500732422,91.538818359375,45.256080627441406,81.63866424560547
2025-07-15,307.3623046875,45.16613006591797,1024.6895751953125,88.7088623046875,688.6471557617188,281.1709899902344,138.25303649902344,90.46247100830078,43.93859100341797,77.16677856445312
2025-07-16,308.59912109375,45.048683166503906,1060.029052734375,88.02437591552734,694.8326416015625,280.4547119140625,136.4954376220703,90.11685943603516,43.92897415161133,78.19424438476562
2025-07-17,312.0125732421875,46.017578125,1082.694091796875,91.02632904052734,691.9114990234375,284.4580993652344,137.57931518554688,91.93380737304688,43.47698974609375,77.99852752685547
2025-07-18,304.6908874511719,46.311180114746094,1080.9407958984375,91.37834167480469,694.28369140625,285.8023986816406,137.51095581054688,94.59999084472656,43.93859100341797,78.90856170654297
2025-07-21,299.7635803222656,46.467769622802734,1070.587890625,90.59607696533203,692.068359375,285.5080261230469,137.15943908691406,95.04435729980469,44.025142669677734,78.5562973022461
2025-07-22,300.9212341308594,46.751590728759766,1077.8065185546875,91.91614532470703,686.5885620117188,285.9593811035156,136.73956298828125,94.19513702392578,44.39057159423828,80.61119842529297
2025-07-23,305.3934020996094,47.11369705200195,1097.3765869140625,93.86203002929688,703.3609619140625,291.1893310546875,138.85845947265625,93.9581298828125,44.515594482421875,81.9028549194336
2025-07-24,304.98773193359375,47.35837173461914,1095.4173583984375,93.27533721923828,704.9882202148438,290.9832458496094,139.1416015625,95.29121398925781,44.29441452026367,82.0692138671875
2025-07-25,308.3121337890625,47.417091369628906,1100.226806640625,93.94026184082031,714.5947875976562,293.014404296875,139.6395721435547,95.84420776367188,44.544437408447266,82.5095443725586
2025-07-28,307.45135498046875,47.201778411865234,1094.8787841796875,93.43179321289062,709.3699951171875,292.6807861328125,139.20016479492188,96.6835708618164,44.32325744628906,81.28638458251953
2025-07-29,305.2746887207031,46.92774963378906,1098.5126953125,92.38551330566406,717.5355834960938,291.464111328125,140.17662048339844,96.6835708618164,44.32325744628906,80.87541198730469
2025-07-30,300.1989440917969,46.93753433227539,1091.7738037109375,93.68602752685547,716.3298950195312,294.0054626464844,141.5240936279297,97.33529663085938,44.121307373046875,80.02408599853516
2025-07-31,296.142333984375,46.262245178222656,1083.311279296875,91.62279510498047,709.3112182617188,290.6790771484375,140.06893920898438,96.50581359863281,43.236576080322266,78.89877319335938
2025-08-01,291.1556701660156,44.68657302856445,1069.3929443359375,89.79426574707031,695.5678100585938,283.9380798339844,136.75550842285156,94.3333740234375,42.255672454833984,76.10997009277344
2025-08-04,295.429931640625,44.872520446777344,1093.1551513671875,90.63087463378906,711.703125,288.73626708984375,138.9873809814453,95.88370513916016,42.71726989746094,75.91426849365234
2025-08-05,293.5006408691406,44.58870315551758,1086.86669921875,90.0796890258789,706.6840209960938,285.9004821777344,138.10250854492188,95.23197937011719,42.85190963745117,76.28610229492188
2025-08-06,292.4122619628906,44.451683044433594,1097.5430908203125,90.77851867675781,710.4384765625,285.8808898925781,138.92840576171875,95.49859619140625,42.73650360107422,75.94361877441406
2025-08-07,291.6108093261719,43.96234130859375,1089.9912109375,89.79425811767578,705.537109375,281.5536804199219,138.55479431152344,94.78760528564453,42.399925231933594,75.3956527709961
2025-08-08,294.2821960449219,45.02910614013672,1101.8819580078125,91.27064514160156,707.0369873046875,283.3395080566406,140.77684020996094,96.13436889648438,43.140411376953125,76.62599182128906
2025-08-11,293.0949401855469,45.17591094970703,1104.7813720703125,90.85726165771484,705.0469970703125,284.12445068359375,141.46511840820312,96.67900848388672,42.85190963745117,76.37007904052734
2025-08-12,300.0010681152344,46.48735046386719,1135.81103515625,94.23326873779297,728.710693359375,287.3527526855469,144.81785583496094,97.72869110107422,44.015525817871094,78.23036193847656
2025-08-13,303.6223449707031,46.23289108276367,1136.2225341796875,93.16043853759766,729.9948120117188,285.0762939453125,145.27996826171875,94.65887451171875,44.823326110839844,76.66536712646484
2025-08-14,304.4732360839844,46.692867279052734,1136.349853515625,93.95768737792969,732.4552612304688,288.63812255859375,146.0173797607422,96.82754516601562,45.03489303588867,78.16146850585938
2025-08-15,302.2371520996094,45.93927764892578,1111.716064453125,92.21553802490234,716.3004150390625,285.03704833984375,142.20252990722656,95.17382049560547,44.16939163208008,75.88778686523438
2025-08-18,303.8004150390625,46.89838409423828,1112.80322265625,92.73719787597656,716.5357666015625,286.0575256347656,142.34999084472656,95.23323059082031,44.342491149902344,76.22244262695312
2025-08-19,302.8604736328125,47.05498123168945,1105.310302734375,92.26475524902344,707.1448364257812,285.203857421875,141.65191650390625,94.82722473144531,44.438655853271484,76.31101989746094
2025-08-20,305.1361389160156,47.31922149658203,1105.30029296875,91.70372772216797,706.4585571289062,286.7541809082031,141.70108032226562,94.57965850830078,44.6309928894043,76.9311294555664
2025-08-21,304.9085693359375,47.23114013671875,1101.666748046875,91.13285064697266,701.822021484375,285.9986572265625,141.62242126464844,94.88664245605469,44.40019226074219,76.60630798339844
2025-08-22,315.7822570800781,48.425132751464844,1124.6060791015625,93.76083374023438,727.2500610351562,290.6790771484375,145.53561401367188,94.89654541015625,46.42930603027344,77.85633087158203
2025-08-25,312.45782470703125,48.425132751464844,1113.7630615234375,93.50492095947266,724.2112426757812,289.3642578125,145.17181396484375,95.2530288696289,46.313907623291016,78.92920684814453
2025-08-26,317.20703125,49.178714752197266,1116.40771484375,94.2136001586914,734.1707153320312,292.9653625488281,146.4696807861328,96.29280090332031,46.70819091796875,80.22844696044922
2025-08-27,319.04730224609375,49.305946350097656,1108.4053955078125,95.34549713134766,734.8765258789062,293.6620178222656,146.87278747558594,95.9264144897461,46.89091110229492,81.202880859375
2025-08-28,323.5293884277344,49.41360092163086,1107.2791748046875,95.29627990722656,736.3959350585938,295.41845703125,147.6593475341797,96.1442642211914,46.80436325073242,80.69107055664062
2025-08-29,327.7740173339844,49.658267974853516,1104.0074462890625,95.05021667480469,734.4544677734375,295.7618408203125,147.95433044433594,94.90644073486328,46.95823287963867,80.8879165649414
2025-09-02,327.675048828125,49.3450927734375,1091.8916015625,93.28838348388672,720.2630004882812,294.07415771484375,146.35169982910156,95.1837158203125,46.66011047363281,80.49420166015625
2025-09-03,320.2840881347656,48.99277114868164,1076.9249267578125,93.53445434570312,719.977294921875,293.8877258300781,146.0370635986328,95.2827377319336,46.679344177246094,79.24417877197266
2025-09-04,327.150634765625,49.54082489013672,1086.0047607421875,95.55219268798828,738.0516357421875,298.1168212890625,148.00347900390625,96.67900848388672,47.28519058227539,80.54341125488281
2025-09-05,322.7675476074219,48.979881286621094,1081.6748046875,93.89862823486328,727.5164184570312,288.85400390625,145.60443115234375,91.15337371826172,46.929378509521484,77.71854400634766
2025-09-08,321.96612548828125,48.674800872802734,1087.35302734375,94.36123657226562,731.1036987304688,287.4115905761719,146.29269409179688,92.53972625732422,46.78512954711914,77.89571380615234
2025-09-09,320.9074401855469,49.49162292480469,1088.091064453125,95.80809020996094,752.85400390625,292.2588806152344,149.6651153564453,92.75757598876953,47.47753143310547,79.49024200439453
2025-09-10,319.92791748046875,49.334163665771484,1085.355224609375,95.6407699584961,758.4320068359375,294.89837646484375,151.53321838378906,91.34150695800781,47.31404495239258,79.0374755859375
2025-09-11,325.83477783203125,49.9443244934082,1116.14794921875,97.26480102539062,773.3626098632812,299.82415771484375,153.85362243652344,93.02495574951172,47.429447174072266,79.9725341796875
2025-09-12,321.8671875,49.77701950073242,1105.549072265625,97.87505340576172,768.76025390625,301.1488037109375,153.76512145996094,92.62885284423828,47.246734619140625,80.17922973632812
2025-09-15,323.79656982421875,49.786861419677734,1097.380859375,98.21954345703125,775.3631591796875,303.1014404296875,154.0109405517578,91.20287322998047,47.40060043334961,80.13002014160156
2025-09-16,323.5788879394531,49.855751037597656,1101.1009521484375,99.05615997314453,774.1510009765625,303.3860168457031,153.19485473632812,90.14330291748047,46.53509521484375,80.11033630371094
2025-09-17,332.4440612792969,50.58400344848633,1113.785888671875,100.15853881835938,782.7151489257812,305.89794921875,154.76800537109375,91.1929702758789,47.70832824707031,81.18319702148438
2025-09-18,338.0540771484375,51.30241394042969,1119.05078125,100.79830932617188,792.658935546875,307.3501892089844,156.56729125976562,92.37138366699219,48.28532791137695,82.18716430664062
2025-09-19,337.5098571777344,51.42050552368164,1124.679931640625,101.06405639648438,793.3389282226562,308.8710632324219,157.22604370117188,93.4111557006836,48.477664947509766,83.30923461914062
2025-09-22,337.371337890625,51.095741271972656,1118.1455078125,101.8613052368164,793.8908081054688,306.5749816894531,158.01263427734375,93.51017761230469,47.59292984008789,83.8210678100586
2025-09-23,337.8561096191406,50.87923812866211,1113.7564697265625,101.37902069091797,794.6398315429688,306.8693542480469,158.061767578125,92.99524688720703,47.45829391479492,83.0434799194336
2025-09-24,336.87664794921875,50.87923812866211,1110.0462646484375,100.0502700805664,780.9510498046875,307.53662109375,155.23011779785156,91.47025299072266,47.2948112487793,82.7875747680664
2025-09-25,336.5798034667969,51.02685546875,1129.04931640625,100.5030288696289,783.247314453125,307.5660705566406,156.2821502685547,93.85676574707031,47.15055847167969,82.9942626953125
2025-09-26,338.0639343261719,51.38113784790039,1138.0635986328125,101.79241943359375,790.8850708007812,310.1270446777344,157.4226837158203,94.53013610839844,47.54484176635742,83.67341613769531
2025-09-29,338.687255859375,51.587806701660156,1156.869873046875,101.53650665283203,792.4716186523438,309.7640075683594,158.45506286621094,95.94621276855469,47.112098693847656,83.31908416748047
2025-09-30,328.6446838378906,50.7709846496582,1147.3338623046875,99.90262603759766,784.814208984375,309.50885009765625,156.2919921875,94.54005432128906,46.976016998291016,82.50212860107422
2025-10-01,325.0827941894531,49.87543487548828,1122.9281005859375,97.15653991699219,774.13134765625,304.87744140625,154.25672912597656,91.35140991210938,46.53862380981445,79.5985107421875
2025-10-02,326.9824523925781,49.67860794067383,1142.088623046875,95.80809020996094,768.090087890625,301.77679443359375,152.69342041015625,91.79702758789062,46.56778335571289,79.23432159423828
2025-10-03,326.7449951171875,49.83606719970703,1142.236328125,96.20179748535156,778.5364990234375,304.210205078125,154.9449920654297,93.16358947753906,46.723304748535156,79.40165710449219
2025-10-06,328.4764404296875,49.59003829956055,1160.5208740234375,96.50692749023438,785.2380981445312,304.85113525390625,155.43658447265625,93.08436584472656,46.38310623168945,79.42134857177734
2025-10-07,324.4989929199219,49.49162292480469,1147.6881103515625,96.2608642578125,778.2113647460938,303.3819885253906,153.3521728515625,93.09427642822266,46.16926956176758,79.8642578125
2025-10-08,320.3929443359375,49.04876708984375,1146.477783203125,95.17816925048828,765.2616577148438,299.7732238769531,153.03753662109375,92.87641143798828,45.67355728149414,78.4764404296875
2025-10-09,321.0063781738281,48.99956512451172,1148.869140625,94.41044616699219,768.6616821289062,301.2522277832031,153.6471405029297,93.10417175292969,45.78047180175781,78.63391876220703
2025-10-10,313.7058410644531,47.87765884399414,1114.3565673828125,92.4517593383789,753.2876586914062,296.6772155761719,149.3111572265625,91.0642318725586,44.0114631652832,76.39961242675781
2025-10-13,320.51043701171875,48.084327697753906,1136.7547607421875,94.58760833740234,775.3829345703125,303.6580810546875,152.5262908935547,92.57933044433594,44.86680603027344,77.67916870117188
2025-10-14,330.161865234375,49.294795989990234,1175.2725830078125,98.26874542236328,759.594970703125,297.85052490234375,152.7327423095703,92.48030853271484,45.77075958251953,83.2304916381836
2025-10-15,327.989501953125,51.45003128051758,1183.469970703125,98.2096939086914,756.805908203125,301.4100036621094,159.92005920410156,93.4111557006836,45.148685455322266,85.10062408447266
2025-10-16,320.51043701171875,49.639244079589844,1152.7366943359375,94.7450942993164,747.1085205078125,294.3600769042969,157.33421325683594,92.5001220703125,44.37110137939453,82.67929077148438
2025-10-17,343.82061767578125,50.46590805053711,1142.6988525390625,95.54235076904297,739.89453125,293.3938293457031,156.00686645507812,93.22300720214844,44.409976959228516,81.97061920166016
2025-10-20,346.65753173828125,51.21384048461914,1141.5572509765625,97.73725128173828,752.2626953125,298.1265869140625,159.25148010253906,94.02510833740234,45.78047180175781,84.66753387451172
2025-10-21,352.35113525390625,50.70209503173828,1112.0343017578125,96.70378112792969,747.985595703125,292.9303894042969,156.5574493408203,94.16374969482422,46.276187896728516,83.42735290527344
2025-10-22,349.15716552734375,50.28876495361328,1111.71923828125,94.78446960449219,733.8138427734375,289.9920959472656,155.46609497070312,93.39134979248047,46.00403594970703,82.56118774414062
2025-10-23,352.0635070800781,50.93828582763672,1107.11376953125,95.1683349609375,739.9044189453125,290.4161376953125,156.6361083984375,93.67852020263672,46.480308532714844,83.13206481933594
2025-10-24,354.6722717285156,51.73542785644531,1118.558837890625,97.22542572021484,772.5248413085938,296.2335205078125,161.1097412109375,93.50027465820312,46.90797805786133,85.0514144897461
2025-10-27,358.7490539550781,52.17828369140625,1113.3233642578125,99.40065002441406,778.5463256835938,299.89154052734375,163.23350524902344,93.91618347167969,46.46086502075195,85.64198303222656
2025-10-28,358.1142578125,52.030662536621094,1107.064453125,99.79435729980469,780.6160278320312,301.0845947265625,162.43710327148438,92.93582916259766,45.94571304321289,85.53370666503906
2025-10-29,355.3269348144531,51.745269775390625,1080.54296875,97.56008911132812,771.716796875,301.2325134277344,161.2769012451172,93.68842315673828,45.3333625793457,84.6478500366211
2025-10-30,355.9815979003906,52.1881217956543,1080.5921630859375,98.64277648925781,778.7139282226562,305.1075134277344,162.4862518310547,93.4903793334961,45.52775955200195,84.63801574707031
2025-10-31,357.8166809082031,52.60145568847656,1065.5946044921875,99.63687896728516,777.9354248046875,306.7639465332031,162.2290496826172,93.59929656982422,45.37224578857422,85.60260772705078
2025-11-03,358.6994934082031,52.70970916748047,1051.836669921875,100.6072006225586,774.1411743164062,305.0187683105469,161.88282775878906,92.24264526367188,45.31391906738281,85.92742156982422
2025-11-04,357.57861328125,52.69002914428711,1043.05859375,100.01313018798828,779.374267578125,304.920166015625,162.23895263671875,92.9259262084961,45.12924575805664,85.76007843017578
2025-11-05,362.845703125,51.617332458496094,1056.5013427734375,100.68641662597656,781.6015625,307.3161315917969,163.3963165283203,92.76748657226562,45.430564880371094,85.5829086303711
2025-11-06,362.7762756347656,52.44399642944336,1052.43701171875,99.85470581054688,776.1713256835938,309.03179931640625,161.65533447265625,93.28240966796875,45.5374755859375,84.68722534179688
2025-11-07,365.5636291503906,52.35542297363281,1064.994140625,99.79529571533203,774.94921875,309.8106994628906,160.6067657470703,94.31229400634766,45.99431228637695,85.13247680664062
2025-11-10,364.908935546875,52.57193374633789,1065.4173583984375,100.48838806152344,785.6519775390625,312.45318603515625,163.26773071289062,94.64897918701172,46.247032165527344,85.19184875488281
2025-11-11,367.1705017089844,52.77859878540039,1068.49755859375,99.76559448242188,798.572021484375,311.200927734375,164.7020721435547,95.1837158203125,46.28590774536133,85.28089904785156
2025-11-12,369.7594299316406,53.2509765625,1076.5377197265625,101.85477447509766,826.8168334960938,315.92388916015625,168.08514404296875,96.75822448730469,46.548343658447266,85.35016632080078
2025-11-13,361.7843933105469,52.030662536621094,1052.643798828125,99.67648315429688,793.8317260742188,305.1469421386719,163.82167053222656,94.43112182617188,45.98459243774414,83.80661010742188
2025-11-14,354.29534912109375,51.7747917175293,1041.1197509765625,99.31013488769531,779.4530029296875,299.35906982421875,162.09056091308594,93.73596954345703,45.78047180175781,84.15292358398438
2025-11-17,338.4939880371094,50.6627311706543,1007.5226440429688,97.22096252441406,764.325439453125,296.1644592285156,157.72817993164062,91.27315521240234,44.19614028930664,82.54011535644531
2025-11-18,337.90875244140625,50.820194244384766,1002.936767578125,97.34967041015625,765.0546875,295.2179260253906,158.10409545898438,91.64058685302734,44.6335334777832,82.97547149658203
2025-11-19,341.85662841796875,51.194156646728516,998.5476684570312,98.84477233886719,774.6043090820312,299.02386474609375,160.53750610351562,91.99809265136719,45.4888801574707,83.27230834960938
2025-11-20,341.0234069824219,50.19035339355469,976.7400512695312,96.6664810180664,762.4923706054688,294.2023620605469,156.9862823486328,89.86299133300781,45.18756866455078,81.53087615966797
2025-11-21,350.0400085449219,50.741458892822266,998.5870361328125,97.72592163085938,762.8175659179688,293.8473815917969,156.46202087402344,89.88285827636719,46.44142532348633,82.23338317871094
2025-11-24,353.055419921875,51.1055908203125,1003.2811889648438,98.7061538696289,779.2559814453125,293.8276672363281,161.07168579101562,89.89278411865234,46.41226577758789,83.76703643798828
2025-11-25,359.7112731933594,51.646854400634766,1013.3977661132812,100.17154693603516,790.69775390625,298.75762939453125,163.6436004638672,90.11126708984375,47.53976821899414,84.202392578125
2025-11-26,361.030517578125,52.148765563964844,1023.5241088867188,101.48841857910156,804.189453125,303.33270263671875,166.1265106201172,91.16392517089844,47.57864761352539,84.65753936767578
2025-11-28,362.32000732421875,52.798282623291016,1030.649169921875,102.57756805419922,814.0741577148438,308.6965026855469,167.8279571533203,92.08747863769531,47.675846099853516,84.9444808959961
2025-12-01,357.4000549316406,52.39479064941406,1023.406005859375,101.6666488647461,799.1140747070312,304.59478759765625,166.6508026123047,92.0477523803711,48.025760650634766,84.49922943115234
2025-12-02,357.78692626953125,52.345584869384766,1022.1069946289062,102.1716079711914,807.3839111328125,303.5693359375,167.2640838623047,91.43204498291016,48.2881965637207,85.4095230102539
2025-12-03,365.15692138671875,53.231292724609375,1062.7012939453125,105.6667709350586,828.538818359375,307.75982666015625,171.84410095214844,93.3387451171875,49.503177642822266,88.40756225585938
2025-12-04,368.1524963378906,53.3001823425293,1058.4794921875,106.7262191772461,829.7868041992188,311.6742858886719,173.00146484375,94.37153625488281,49.93084716796875,89.25849151611328
2025-12-05,367.3590087890625,53.36943435668945,1060.2496337890625,107.80545043945312,846.3561401367188,310.6291198730469,174.60397338867188,93.169921875,49.82393264770508,88.88250732421875
2025-12-08,359.3541564941406,53.319969177246094,1050.22216796875,107.84506225585938,858.3696899414062,310.79669189453125,174.92051696777344,93.6267318725586,49.969730377197266,89.11007690429688
2025-12-09,360.9709777832031,52.963844299316406,1059.4090576171875,108.35002899169922,868.164794921875,296.30255126953125,176.89891052246094,93.507568359375,50.125247955322266,87.9524154663086
2025-12-10,372.53680419921875,53.4980354309082,1071.3251953125,109.99364471435547,880.7032470703125,305.76806640625,177.76942443847656,95.14613342285156,52.05949783325195,89.73343658447266
2025-12-11,381.7815246582031,53.97286605834961,1089.5997314453125,110.6372299194336,902.2840576171875,312.9363098144531,178.34315490722656,96.3775405883789,52.07893753051758,91.61338806152344
2025-12-12,379.4703674316406,54.54662322998047,1076.991455078125,110.69664001464844,879.435546875,314.06036376953125,176.4834442138672,95.98031616210938,51.92341995239258,91.78160095214844
2025-12-15,379.48028564453125,54.73458480834961,1070.1385498046875,111.68677520751953,881.0499267578125,315.5393371582031,175.87014770507812,94.61980438232422,52.205291748046875,91.92012023925781
2025-12-16,377.67498779296875,54.220176696777344,1056.274169921875,110.18177032470703,870.7100830078125,311.1319580078125,174.60397338867188,95.3348159790039,51.972015380859375,91.21761322021484
2025-12-17,372.5765075683594,53.962974548339844,1053.1690673828125,110.36000061035156,863.9556274414062,310.5699462890625,172.91244506835938,95.94058990478516,52.23445510864258,91.61338806152344
2025-12-18,372.4872131347656,53.67609405517578,1053.1591796875,111.71646881103516,867.887451171875,308.6176452636719,171.09231567382812,96.5562973022461,52.360809326171875,90.51509857177734
2025-12-19,373.46923828125,54.675228118896484,1048.392822265625,113.7264404296875,884.9024658203125,312.7686767578125,175.0688934326172,98.1352767944336,52.6426887512207,92.02896118164062
2025-12-22,377.7742004394531,55.278663635253906,1076.1212158203125,116.92455291748047,890.3695068359375,318.5663757324219,177.81887817382812,100.70733642578125,53.332794189453125,93.28556823730469
2025-12-23,379.1033630371094,55.36769485473633,1074.479736328125,118.22163391113281,893.0535888671875,321.3666076660156,177.5616912841797,100.47892761230469,52.963443756103516,93.47356414794922
2025-12-24,380.0158996582031,55.64468002319336,1076.8629150390625,120.36031341552734,902.0364379882812,324.5612487792969,179.68846130371094,101.144287109375,53.40083694458008,94.29481506347656
2025-12-26,377.9725646972656,55.5655403137207,1076.0223388671875,119.2315673828125,898.332275390625,323.31890869140625,179.9060821533203,101.18400573730469,53.449432373046875,94.25523376464844
2025-12-29,372.2888488769531,54.754364013671875,1076.30908203125,116.96416473388672,883.614990234375,319.2171325683594,177.99693298339844,100.60802459716797,52.97315979003906,93.52303314208984
2025-12-30,370.3744201660156,54.68511962890625,1071.2757568359375,116.0532455444336,875.929443359375,318.89178466796875,177.14622497558594,99.8532943725586,52.78848648071289,93.31524658203125
2025-12-31,366.9622497558594,54.40813064575195,1058.44970703125,115.53838348388672,870.5615234375,317.70855712890625,175.6129608154297,99.21772766113281,52.36648941040039,92.21695709228516
2026-01-02,370.54107666015625,55.3479118347168,1073.00634765625,117.5285415649414,905.5623168945312,320.92291259765625,179.93576049804688,100.86621856689453,52.92587661743164,94.19585418701172
2026-01-05,377.5695495605469,56.277793884277344,1107.32080078125,122.08314514160156,939.3348999023438,329.3630676269531,184.52565002441406,103.02118682861328,54.45683288574219,95.36341094970703
2026-01-06,381.3074645996094,56.63391876220703,1099.923828125,121.2910385131836,946.2974243164062,331.41326904296875,185.7226104736328,102.85236358642578,55.035850524902344,95.3733139038086
2026-01-07,375.9988098144531,55.04124450683594,1063.14697265625,120.17219543457031,931.9861450195312,323.8660888671875,182.79454040527344,101.22372436523438,53.84837341308594,93.29545593261719
2026-01-08,380.7308654785156,55.575435638427734,1075.83447265625,119.40978240966797,925.8555297851562,326.63934326171875,182.6857452392578,100.6378173828125,54.49608612060547,94.59163665771484
2026-01-09,373.4041442871094,55.24898147583008,1073.0457763671875,120.1226806640625,929.9656982421875,326.0450744628906,184.3080596923828,99.47592163085938,54.182044982910156,94.93795013427734
2026-01-12,357.4782409667969,54.59608840942383,1077.15966796875,116.53840637207031,940.4342041015625,321.38995361328125,184.5553436279297,101.19393920898438,53.37731170654297,93.95838928222656
2026-01-13,355.8975830078125,53.95308303833008,1077.4365234375,115.15222930908203,929.1437377929688,307.9297790527344,180.78648376464844,100.47892761230469,53.04364013671875,92.57315826416016
2026-01-14,356.15606689453125,51.915252685546875,1079.7208251953125,111.30062103271484,923.71630859375,304.9287414550781,178.82786560058594,101.21379852294922,52.503883361816406,88.30862426757812
2026-01-15,355.2712707519531,52.02406692504883,1143.8009033203125,116.30078125,966.4916381835938,306.30548095703125,189.16500854492188,102.04798126220703,52.94550704956055,88.02168273925781
2026-01-16,362.647705078125,52.39997863769531,1150.24853515625,116.87505340576172,952.7647094726562,309.48480224609375,187.04812622070312,103.10063171386719,53.38712692260742,87.44779205322266
2026-01-20,350.1217041015625,51.53934097290039,1097.7186279296875,111.68677520751953,934.3135986328125,299.8477478027344,180.1336212158203,100.29023742675781,53.36750030517578,85.74594116210938
2026-01-21,357.49810791015625,51.50966262817383,1115.32080078125,112.7363052368164,943.861083984375,299.15447998046875,181.34043884277344,101.08470153808594,54.43720626831055,85.21163940429688
2026-01-22,365.85870361328125,51.88557434082031,1127.0589599609375,114.51854705810547,945.4853515625,300.729248046875,181.07334899902344,103.32904052734375,55.13398361206055,87.11138153076172
2026-01-23,359.56591796875,51.163429260253906,1117.3580322265625,112.4689712524414,910.0586547851562,294.8757019042969,177.0670928955078,101.47199249267578,54.43720626831055,86.04277038574219
2026-01-26,361.1167297363281,51.460201263427734,1109.0810546875,113.68683624267578,922.9140625,298.16400146484375,179.91598510742188,102.22673034667969,54.790504455566406,87.12128448486328
2026-01-27,357.3390808105469,51.608585357666016,1094.39599609375,113.6571273803711,920.7946166992188,297.44097900390625,180.6875762939453,103.00132751464844,55.47746658325195,87.7743148803711
2026-01-28,354.89349365234375,51.25246047973633,1109.2095947265625,113.07294464111328,927.8165283203125,297.89654541015625,180.3710174560547,102.75305938720703,54.702178955078125,87.10148620605469
2026-01-29,356.3946228027344,52.50879669189453,1115.251708984375,114.0630874633789,931.0947875976562,303.49261474609375,180.4303741455078,102.75305938720703,55.28119659423828,89.6839599609375
2026-01-30,350.101806640625,52.62750244140625,1106.509765625,114.56804656982422,926.4299926757812,302.9676818847656,181.82289123535156,103.19993591308594,55.06528854370117,89.53553771972656
2026-02-02,350.7579040527344,53.44856643676758,1107.221923828125,115.68277740478516,937.2451782226562,305.1961975097656,184.110595703125,104.44127655029297,56.292015075683594,91.29676055908203
2026-02-03,347.5767517089844,53.864051818847656,1058.192626953125,117.15580749511719,929.9755859375,311.8420715332031,181.9322967529297,103.01126098632812,57.597251892089844,91.33634185791016
2026-02-04,351.593017578125,54.78404235839844,1064.205078125,116.87712860107422,904.5322265625,314.2389221191406,179.11741638183594,103.16020965576172,58.313655853271484,92.15758514404297
2026-02-05,352.53741455078125,54.34877395629883,1043.08251953125,115.19508361816406,881.8619995117188,307.1968688964844,174.90008544921875,101.29324340820312,58.00943374633789,91.03951263427734
2026-02-06,357.0408020019531,55.92166519165039,1044.644775390625,122.11236572265625,919.8339233398438,319.3199462890625,178.99806213378906,104.3519058227539,59.56001281738281,93.4358139038086
2026-02-09,357.5478210449219,55.802955627441406,1067.903564453125,123.18727111816406,934.5612182617188,319.0228271484375,181.3752899169922,106.4671401977539,59.226341247558594,94.07217407226562
2026-02-10,361.0670471191406,54.79393768310547,1075.696044921875,121.57490539550781,939.879638671875,315.2392883300781,176.9391326904297,98.56230163574219,59.4226188659668,91.38752746582031
2026-02-11,351.9310302734375,53.270503997802734,1070.8504638671875,116.83731079101562,935.5219116210938,307.8505859375,175.73558044433594,94.78862762451172,57.862220764160156,88.44434356689453
2026-02-12,340.8663635253906,51.95481872558594,1043.9031982421875,110.62669372558594,895.8662109375,299.74871826171875,167.1616668701172,94.42119598388672,56.753265380859375,85.79946899414062
2026-02-13,335.5179748535156,51.9844970703125,1059.6068115234375,110.33805847167969,896.4506225585938,299.6595458984375,170.2351531982422,93.3849105834961,56.615867614746094,86.48554992675781
2026-02-17,342.5066833496094,52.172454833984375,1060.75390625,113.24430847167969,907.2459106445312,304.19580078125,170.62306213378906,92.74720001220703,57.08693313598633,86.90316009521484
2026-02-18,344.2066345214844,52.78578186035156,1080.126220703125,115.72258758544922,924.76611328125,305.8300476074219,175.6460723876953,95.03897094726562,57.66594696044922,88.05656433105469
2026-02-19,340.6377258300781,52.20213317871094,1069.2681884765625,115.0059814453125,907.85009765625,305.1070251464844,173.4379425048828,93.53437805175781,56.8121452331543,87.07218933105469
2026-02-20,344.14697265625,52.489009857177734,1081.490966796875,115.453857421875,913.3864135742188,307.82086181640625,174.47238159179688,93.69380187988281,57.56781005859375,88.19576263427734
2026-02-23,319.35345458984375,50.520423889160156,1059.1124267578125,110.22857666015625,883.7437133789062,294.82623291015625,165.90841674804688,92.41838073730469,54.7708740234375,84.66595458984375
2026-02-24,318.5979309082031,49.867523193359375,1069.0408935546875,109.04417419433594,893.608154296875,294.459716796875,167.88775634765625,92.78705596923828,54.005393981933594,84.08924865722656
2026-02-25,325.1690979003906,51.133750915527344,1081.62939453125,113.80167388916016,912.53466796875,300.4023742675781,172.80136108398438,95.00907897949219,55.00640106201172,86.26679992675781
2026-02-26,333.35076904296875,51.73719024658203,1078.1583251953125,115.6429672241211,920.08154296875,303.20538330078125,176.54127502441406,97.17131805419922,56.19387435913086,85.80941772460938
2026-02-27,307.0859069824219,49.29376983642578,1051.4188232421875,109.67121887207031,851.3180541992188,297.4310607910156,165.6199493408203,94.85961151123047,53.64228439331055,80.98697662353516
2026-03-02,305.6245422363281,49.273983001708984,1056.4422607421875,110.92527770996094,857.9190063476562,294.7172546386719,166.10733032226562,95.1485824584961,53.61284637451172,82.11056518554688
2026-03-03,306.0122985839844,49.4322624206543,1040.8968505859375,110.23853302001953,858.795166015625,297.3914489746094,165.0629425048828,94.89947509765625,52.984764099121094,82.06084442138672
2026-03-04,309.38232421875,49.75871276855469,1037.57421875,110.79589080810547,863.4446411132812,296.52978515625,166.68423461914062,95.69661712646484,53.328243255615234,83.45288848876953
2026-03-05,305.40582275390625,49.273983001708984,1023.5023803710938,108.43704986572266,831.7941284179688,290.74554443359375,161.68112182617188,95.0688705444336,52.90625,81.64323425292969
2026-03-06,299.2323303222656,48.38858413696289,950.0960693359375,106.0284423828125,817.8157348632812,286.7144470214844,159.41331481933594,94.88951110839844,51.394920349121094,79.96283721923828
2026-03-09,303.58660888671875,47.652408599853516,952.3035888671875,106.0881576538086,828.3792114257812,287.1502685546875,159.59234619140625,94.04254913330078,51.159393310546875,78.38188171386719
2026-03-10,301.3696594238281,48.308998107910156,961.9392700195312,108.45695495605469,830.1513671875,285.97161865234375,159.8907470703125,92.83687591552734,50.98274612426758,77.85489654541016
2026-03-11,304.1929931640625,48.269203186035156,945.8399658203125,108.6759262084961,820.1454467773438,284.7731628417969,160.02999877929688,92.33866119384766,51.257530212402344,76.44296264648438
2026-03-12,300.1170959472656,46.886390686035156,917.7284545898438,105.0032958984375,784.0645141601562,280.18743896484375,153.5448455810547,90.91377258300781,50.52149200439453,74.82222747802734
2026-03-13,298.19842529296875,46.47850799560547,918.931640625,105.1924057006836,778.7777709960938,280.7321472167969,154.04217529296875,92.72726440429688,50.05043029785156,73.67876434326172
2026-03-16,296.4487609863281,46.81675338745117,937.974365234375,106.8445816040039,791.2826538085938,283.4261474609375,154.86773681640625,93.29522705078125,50.20745086669922,75.31938934326172
2026-03-17,298.506591796875,47.035614013671875,965.56884765625,107.20288848876953,803.498779296875,284.1492004394531,156.98635864257812,93.59416198730469,50.61963653564453,75.79666137695312
2026-03-18,292.6611633300781,46.58794021606445,962.8839721679688,108.15837097167969,801.9456787109375,284.99102783203125,158.08045959472656,92.94647979736328,50.364471435546875,75.75688934326172
2026-03-19,293.1979675292969,46.767005920410156,964.1666870117188,109.33280944824219,805.9480590820312,285.2188720703125,157.7025146484375,93.65393829345703,50.344844818115234,75.95574951171875
2026-03-20,293.7646179199219,46.91623306274414,952.542236328125,109.00436401367188,809.9603881835938,283.82232666015625,160.60690307617188,94.32154846191406,50.2957763671875,77.15886688232422
2026-03-23,300.136962890625,47.27437210083008,969.1188354492188,111.11438751220703,827.6224975585938,287.14031982421875,163.44166564941406,94.95926666259766,50.56074905395508,77.83499908447266
2026-03-24,300.2264404296875,47.89116668701172,970.5905151367188,113.20449829101562,832.052978515625,289.6065368652344,164.98336791992188,95.33789825439453,51.16920471191406,79.15744018554688
2026-03-25,298.4767761230469,48.498016357421875,975.8508911132812,113.9410171508789,838.1461791992188,292.59771728515625,164.76454162597656,94.6503677368164,50.923858642578125,79.80374908447266
2026-03-26,297.6318054199219,47.99065399169922,963.0331420898438,111.88076782226562,819.0303955078125,288.87359619140625,162.35748291015625,94.13223266601562,50.62944412231445,78.57079315185547
2026-03-27,290.5535888671875,46.72721862792969,928.6170654296875,106.87444305419922,799.3670654296875,280.13787841796875,157.54336547851562,92.02976989746094,49.90322494506836,76.75120544433594
2026-03-30,295.742919921875,46.985870361328125,928.8258666992188,106.76496124267578,804.0563354492188,281.0589904785156,157.52346801757812,92.72726440429688,49.93266677856445,76.36341857910156
2026-03-31,300.70361328125,48.498016357421875,956.3209838867188,112.87606048583984,842.2778930664062,291.3497314453125,163.69033813476562,93.64398193359375,51.568660736083984,79.15744018554688
2026-04-01,299.6796875,49.01532745361328,952.03515625,114.75715637207031,856.435546875,292.5580749511719,165.28176879882812,92.02976989746094,52.30238342285156,80.11198425292969
2026-04-02,299.36053466796875,49.124759674072266,961.143798828125,114.70738983154297,859.2531127929688,291.7855224609375,164.92369079589844,93.43473052978516,52.50068664550781,80.14181518554688
2026-04-06,304.8953857421875,49.801246643066406,954.0338134765625,116.80745697021484,862.2498779296875,294.125,165.6597442626953,92.65751647949219,52.98652648925781,81.38470458984375
2026-04-07,306.19183349609375,50.02010726928711,953.0891723632812,116.57853698730469,860.3582763671875,296.0662536621094,167.52969360351562,93.00626373291016,53.24432373046875,81.2852783203125
2026-04-08,315.4764099121094,51.611839294433594,995.927734375,122.9085922241211,901.7756958007812,306.5888366699219,175.07913208007812,96.354248046875,54.890235900878906,84.17874145507812
2026-04-09,316.9024963378906,52.43754577636719,996.00732421875,124.33186340332031,899.7545776367188,308.938232421875,177.2076873779297,96.92221069335938,55.85200881958008,85.53099822998047
2026-04-10,312.6441650390625,52.26842498779297,993.7102661132812,123.80435943603516,903.8167114257812,308.4803161621094,176.69046020507812,94.46105194091797,55.18769073486328,84.9145278930664
2026-04-13,322.9360046386719,53.07423782348633,1017.9138793945312,125.68545532226562,886.88134765625,312.2732238769531,180.1717529296875,96.44393157958984,56.03047561645508,86.14747619628906
2026-04-14,326.0674133300781,53.07423782348633,1048.6507568359375,128.9699249267578,905.638671875,309.7247009277344,182.3599853515625,98.02824401855469,55.61404037475586,81.23555755615234
2026-04-15,328.1617126464844,54.039222717285156,1042.7239990234375,131.0699920654297,895.5431518554688,304.5579833984375,190.59573364257812,99.91148376464844,55.891666412353516,79.83358001708984
2026-04-16,324.8707275390625,53.2334098815918,1019.20654296875,128.73104858398438,896.0509033203125,308.5599670410156,186.3187255859375,92.28884887695312,55.00921630859375,80.78811645507812
2026-04-17,330.7845153808594,53.631343841552734,1046.2442626953125,131.55767822265625,921.8870849609375,308.8984375,187.8107147216797,91.95005798339844,56.44691467285156,80.94721221923828
2026-04-20,328.969482421875,53.671138763427734,1042.545166015625,132.423583984375,937.6077880859375,315.5683898925781,189.68064880371094,92.81694793701172,56.516319274902344,81.5040283203125
2026-04-21,328.88970947265625,53.20356750488281,1037.0062255859375,131.06002807617188,922.4844360351562,311.5962829589844,188.29808044433594,91.64116668701172,56.3576774597168,81.08641815185547
2026-04-22,331.9912109375,52.84542465209961,1056.516357421875,129.1192169189453,930.7380981445312,311.6161804199219,190.02879333496094,91.38209533691406,56.119712829589844,80.12193298339844
2026-04-23,317.6803894042969,52.198787689208984,1047.5667724609375,127.90495300292969,927.2135620117188,310.29217529296875,187.6416015625,88.60206604003906,56.14945983886719,80.05233001708984
2026-04-24,313.22259521484375,51.78095626831055,1039.1143798828125,127.37745666503906,922.8428344726562,306.8974609375,187.06471252441406,88.1835708618164,55.10837173461914,78.96852111816406
2026-04-27,317.9696044921875,52.35795974731445,1050.937744140625,128.53199768066406,933.6950073242188,310.232421875,189.16342163085938,90.43549346923828,55.495059967041016,80.10204315185547
2026-04-28,315.0376281738281,52.3878059387207,1043.8775634765625,127.92486572265625,922.4844360351562,310.0532531738281,189.34246826171875,90.50524139404297,55.7330207824707,81.03669738769531
2026-04-29,314.7882995605469,52.60667037963867,1033.5556640625,127.00920104980469,901.6263427734375,307.86309814453125,186.0800018310547,90.83406829833984,55.693359375,81.04664611816406
2026-04-30,322.1680908203125,53.18367004394531,1059.6287841796875,127.37745666503906,919.7166748046875,311.82525634765625,190.58999633789062,91.31234741210938,56.179203033447266,81.7625503540039
2026-05-01,318.80731201171875,52.96480941772461,1055.7308349609375,126.84000396728516,919.6569213867188,311.06866455078125,190.1699981689453,91.21270751953125,55.82225799560547,80.35061645507812
2026-05-04,318.3385925292969,51.92023468017578,1046.3536376953125,125.62999725341797,899.3065795898438,306.270263671875,188.00999450683594,91.15292358398438,54.77125549316406,78.72988891601562
2026-05-05,315.0874938964844,52.84542465209961,1043.0323486328125,128.00999450683594,914.8580322265625,308.0124206542969,189.25,92.06963348388672,55.128196716308594,79.43585205078125
2026-05-06,321.021240234375,53.32294464111328,1067.5540771484375,127.5999984741211,933.2369995117188,313.4877624511719,193.35000610351562,91.82052612304688,55.683448791503906,79.96283721923828
2026-05-07,317.82000732421875,52.47734069824219,1061.7568359375,129.08999633789062,921.8074340820312,304.8964538574219,190.1699981689453,89.18000030517578,54.840660095214844,78.71000671386719
2026-05-08,315.1672668457031,51.04478454589844,1078.7509765625,125.55000305175781,932.370849609375,300.74517822265625,193.08999633789062,88.61000061035156,55.05879211425781,75.63999938964844
2026-05-11,311.4674072265625,50.28871154785156,1075.2606201171875,125.8499984741211,940.7140502929688,298.6545715332031,191.10000610351562,87.83000183105469,54.02762222290039,73.58000183105469
2026-05-12,313.45196533203125,50.517520904541016,1086.3780517578125,126.44000244140625,941.7495727539062,303.5126953125,191.8800048828125,90.18000030517578,54.017704010009766,75.18000030517578
2026-05-13,308.7647705078125,49.58238220214844,1087.9691162109375,124.0999984741211,951.2277221679688,298.9034729003906,193.8300018310547,91.16999816894531,52.2924690246582,73.52999877929688
2026-05-14,311.9161682128906,49.59232711791992,1097.843505859375,124.81999969482422,964.7083740234375,298.56500244140625,194.52999877929688,89.44000244140625,52.966697692871094,73.79000091552734
2026-05-15,312.6242370605469,49.51274490356445,1075.8375244140625,123.41999816894531,944.3082275390625,296.4743957519531,192.50999450683594,90.87999725341797,52.66924285888672,73.41999816894531
2026-05-18,311.3876037597656,50.42798614501953,1079.795166015625,122.41000366210938,942.20751953125,299.3813171386719,192.69000244140625,92.38999938964844,52.99644470214844,74.37000274658203
2026-05-19,308.4656066894531,50.43793487548828,1030.4930419921875,119.97000122070312,924.664794921875,294.3738708496094,189.5800018310547,91.80999755859375,52.84771728515625,74.55000305175781
2026-05-20,308.9742431640625,50.96519470214844,1045.6773681640625,124.81999969482422,977.8106079101562,300.625732421875,197.77000427246094,90.11000061035156,54.037532806396484,75.80999755859375
2026-05-21,308.85455322265625,51.223854064941406,1057.7891845703125,125.22000122070312,983.8340454101562,301.6411437988281,200.50999450683594,90.41000366210938,54.09702682495117,75.91999816894531
2026-05-22,310.9288635253906,51.532249450683594,1066.9873046875,125.08999633789062,992.3564453125,305.0059814453125,201.02999877929688,90.1500015258789,54.3647346496582,76.4000015258789
2026-05-26,309.87176513671875,51.93018341064453,1071.3626708984375,126.86000061035156,990.1561889648438,305.3643493652344,201.75999450683594,89.4000015258789,54.751426696777344,77.5199966430664
2026-05-27,311.6867980957031,50.83586883544922,1064.3421630859375,125.38999938964844,992.0975952148438,297.93780517578125,201.61000061035156,85.61000061035156,54.225921630859375,76.11000061035156
2026-05-28,314.259765625,50.50757598876953,1040.6258544921875,124.68000030517578,1003.9454345703125,295.3992614746094,203.7899932861328,85.3499984741211,53.98796081542969,76.6500015258789
2026-05-29,315.6060791015625,51.333282470703125,1041.013671875,125.9000015258789,1021.06005859375,297.9676818847656,208.0,87.3499984741211,54.38456344604492,77.54000091552734
2026-06-01,312.68408203125,51.24374771118164,1015.0101928710938,129.08999633789062,1048.5799560546875,295.2499084472656,211.00999450683594,88.73999786376953,53.09559631347656,77.16999816894531
2026-06-02,310.12109375,52.208736419677734,1013.2501831054688,131.25999450683594,1064.5799560546875,299.6102600097656,214.97999572753906,87.61000061035156,54.13668441772461,79.44000244140625
2026-06-03,299.7494812011719,52.129150390625,985.3175659179688,129.92999267578125,1041.02001953125,299.50079345703125,210.13999938964844,86.58999633789062,52.6890754699707,78.68000030517578
2026-06-04,311.67681884765625,53.88999938964844,1016.8299560546875,135.14999389648438,1092.6099853515625,309.4957580566406,218.27000427246094,88.0,54.98938751220703,81.62000274658203
2026-06-05,309.8119201660156,53.83000183105469,995.5999755859375,132.47000122070312,1038.6800537109375,310.9691162109375,211.92999267578125,88.83999633789062,55.21743392944336,81.94000244140625
2026-06-08,311.44744873046875,53.630001068115234,994.77001953125,133.27999877929688,1045.0,309.7147521972656,212.24000549316406,88.08000183105469,54.88032150268555,80.95999908447266
2026-06-09,317.5108642578125,54.41999816894531,1011.9600219726562,134.72999572753906,1032.010009765625,311.2976379394531,210.25,88.7699966430664,55.54463577270508,82.0
2026-06-10,312.484619140625,54.540000915527344,1010.6799926757812,133.3800048828125,1001.2899780273438,307.75360107421875,206.66000366210938,89.2699966430664,56.32793426513672,81.97000122070312
2026-06-11,317.62054443359375,55.15999984741211,1016.5800170898438,138.07000732421875,1035.6400146484375,312.0840759277344,212.66000366210938,88.69999694824219,57.14097595214844,82.4000015258789
2026-06-12,324.55157470703125,56.02000045776367,1032.0,139.8300018310547,1062.75,319.28167724609375,214.0399932861328,91.0999984741211,58.439857482910156,83.7300033569336
2026-06-15,334.4644470214844,55.869998931884766,1042.8699951171875,141.2100067138672,1076.1700439453125,317.96759033203125,217.97999572753906,90.94999694824219,57.299617767333984,83.13999938964844
2026-06-16,339.809814453125,56.84000015258789,1052.22998046875,142.99000549316406,1090.6700439453125,329.6549377441406,220.8300018310547,93.66999816894531,58.390281677246094,85.05000305175781
2026-06-17,339.6103820800781,56.529998779296875,1057.3800048828125,143.77999877929688,1099.1400146484375,331.9645080566406,224.9600067138672,94.51000213623047,57.41859817504883,83.80999755859375
2026-06-18,337.0773010253906,56.20000076293945,1050.0899658203125,143.05999755859375,1096.56005859375,323.761474609375,223.1699981689453,91.69999694824219,57.646644592285156,82.19999694824219
2026-06-22,337.1471252441406,57.369998931884766,1051.739990234375,145.6699981689453,1106.3699951171875,329.993408203125,227.08999633789062,92.02999877929688,58.182064056396484,83.83999633789062
2026-06-23,336.85791015625,57.90999984741211,1015.3300170898438,144.97000122070312,1094.43994140625,332.6414794921875,226.02999877929688,93.16999816894531,59.54043960571289,84.12999725341797
2026-06-24,341.6248474121094,57.72999954223633,982.5999755859375,143.58999633789062,1076.9100341796875,331.95458984375,219.86000061035156,91.38999938964844,59.59992980957031,84.30000305175781
2026-06-25,341.5251159667969,58.189998626708984,971.9199829101562,144.97999572753906,1065.0899658203125,333.6170654296875,221.0399932861328,89.44000244140625,60.69059371948242,84.73999786376953
2026-06-26,339.43084716796875,57.880001068115234,964.7100219726562,141.75999450683594,1019.6099853515625,327.57427978515625,212.02999877929688,90.66999816894531,60.39314270019531,83.86000061035156
2026-06-29,339.9494323730469,57.880001068115234,950.1699829101562,142.49000549316406,1020.2100219726562,327.91278076171875,211.72000122070312,90.55000305175781,60.76000213623047,83.51000213623047
2026-06-30,337.32659912109375,56.97999954223633,961.5599975585938,139.9600067138672,1011.3699951171875,325.86199951171875,209.0399932861328,92.2699966430664,60.400001525878906,82.63999938964844
2026-07-01,347.04998779296875,58.36000061035156,980.3800048828125,140.1300048828125,1019.6099853515625,332.5718078613281,211.86000061035156,95.77999877929688,61.959999084472656,85.94000244140625
2026-07-02,351.9599914550781,58.72999954223633,995.72998046875,139.97000122070312,1021.0,332.9700012207031,213.92999267578125,97.0,61.72999954223633,85.51000213623047
2026-07-06,356.0299987792969,59.900001525878906,1011.2100219726562,143.86000061035156,1055.2900390625,337.7200012207031,222.10000610351562,100.62000274658203,62.83000183105469,87.44999694824219
2026-07-07,349.5799865722656,59.86000061035156,1009.4299926757812,140.77000427246094,1042.97998046875,339.2200012207031,222.0399932861328,101.93000030517578,62.88999938964844,87.18000030517578
2026-07-08,336.3900146484375,58.29999923706055,990.3400268554688,137.38999938964844,1029.6400146484375,330.6199951171875,218.07000732421875,101.69999694824219,61.0,85.55999755859375
2026-07-09,346.7200012207031,59.25,1019.6799926757812,139.57000732421875,1055.969970703125,335.4700012207031,222.1300048828125,101.91000366210938,61.900001525878906,86.91000366210938
2026-07-10,350.5799865722656,59.66999816894531,1036.1099853515625,140.7899932861328,1055.1800537109375,336.4700012207031,222.27999877929688,103.12000274658203,62.40999984741211,87.16000366210938
2026-07-13,354.42999267578125,59.5,1031.56005859375,140.7100067138672,1045.9100341796875,334.5299987792969,221.08999633789062,102.37999725341797,62.34000015258789,87.66999816894531
2026-07-14,355.05999755859375,60.619998931884766,1025.43994140625,133.27000427246094,1140.0,342.8900146484375,227.6699981689453,101.0999984741211,62.13999938964844,85.29000091552734
2026-07-15,358.44000244140625,61.59000015258789,1093.4000244140625,134.88999938964844,1152.0699462890625,346.9100036621094,228.5500030517578,102.79000091552734,63.0099983215332,87.51000213623047
2026-07-16,361.57000732421875,61.4900016784668,1087.050048828125,131.7100067138672,1095.4599609375,343.1499938964844,218.3699951171875,102.80000305175781,64.01000213623047,88.06999969482422
2026-07-17,355.3500061035156,61.27000045776367,1072.199951171875,129.36000061035156,1065.219970703125,341.1000061035156,215.5,101.55999755859375,63.13999938964844,87.51000213623047
2026-07-20,351.92999267578125,60.41999816894531,1054.1099853515625,128.72000122070312,1055.030029296875,338.8699951171875,210.94000244140625,102.54000091552734,63.13999938964844,86.33000183105469
2026-07-21,350.7900085449219,61.220001220703125,1038.239990234375,132.83999633789062,1085.56005859375,345.2300109863281,216.39999389648438,99.95999908447266,63.709999084472656,87.73999786376953
2026-07-22,348.739990234375,61.619998931884766,1056.6300048828125,132.25,1098.199951171875,348.2099914550781,218.5,100.80000305175781,64.47000122070312,86.41999816894531
2026-07-23,340.8399963378906,61.279998779296875,1037.1600341796875,131.8800048828125,1074.719970703125,349.8999938964844,215.17999267578125,101.61000061035156,63.33000183105469,86.19000244140625
2026-07-24,326.1700134277344,62.04999923706055,1055.6700439453125,132.19000244140625,1061.22998046875,353.2099914550781,214.47999572753906,101.97000122070312,63.970001220703125,86.30999755859375
